epoch,share_data,share_ic,share_phy1,share_phy2
1,0.44164898673423025,0.5023858812862746,0.040773071506855184,0.015192060472639926
2,0.4428955277165659,0.5009513970916882,0.040909508277163664,0.01524356691458224
3,0.44414145544048866,0.49950802142741646,0.04105439341455671,0.015296129717538215
4,0.4453866319387805,0.49807031674901187,0.04119414942941191,0.015348901882795704
5,0.446634624608084,0.4966327866771021,0.04133132122189329,0.015401267492920598
6,0.447877982614861,0.4951919124464415,0.04147641771536019,0.015453687223337417
7,0.44911898885594814,0.4937534870387109,0.04162098282524132,0.015506541280099628
8,0.4503644564300727,0.4923113137047488,0.04176473227143741,0.015559497593741079
9,0.451606953135935,0.49086856213959046,0.041910758018594,0.015613726705880482
10,0.45284864588566476,0.4894260350015173,0.04205941825506461,0.015665900857753285
11,0.45409280473192515,0.48798612476621095,0.04220211007762038,0.015718960424243512
12,0.45533452151151865,0.4865427380145587,0.04235063921209445,0.015772101261828316
13,0.45657536714878955,0.4851042100246562,0.04249448552613171,0.01582593730042265
14,0.45781712962625926,0.48366696245199403,0.04263683874378302,0.01587906917796382
15,0.45906042395267627,0.48223058933273383,0.04277699503128759,0.0159319916833023
16,0.4602998970335369,0.48079576543186614,0.04291831105076113,0.01598602648383592
17,0.46153941984484925,0.47935751314173436,0.04306319974601234,0.016039867267404084
18,0.4627763683028435,0.47792378575599725,0.043206186484616466,0.016093659456542658
19,0.46401658856261585,0.4764873440442356,0.04334937172850751,0.016146695664641008
20,0.4652580693929971,0.47505045622805203,0.04349105499564635,0.01620041938330453
21,0.4664976734979248,0.473610735214877,0.04363786480601179,0.01625372648118639
22,0.4677338138633442,0.47217697375297263,0.04378246619249806,0.016306746191185037
23,0.46897353022165406,0.47074288672739656,0.04392296758660526,0.016360615464344107
24,0.47020820959509224,0.46930800419304736,0.04406854218883757,0.01641524402302285
25,0.47144211090829435,0.4678726922967468,0.04421822599300538,0.016466970801953563
26,0.47268000643937363,0.4664388070327286,0.04435948843198304,0.016521698095914722
27,0.4739151789191768,0.46500301547530043,0.04450540361681084,0.016576401988711915
28,0.4751505569159697,0.4635668767132886,0.044652715754745796,0.016629850615995926
29,0.47637963053776017,0.46213395404160257,0.044801623262525826,0.01668479215811148
30,0.4776169289005214,0.4607015251444551,0.044942706930260735,0.016738839024762742
31,0.4788442037022607,0.4592672368378182,0.04509613350812972,0.016792425951791246
32,0.48007348863827415,0.4578347903367609,0.04524414918404343,0.01684757184092151
33,0.4812989618197074,0.4564081459322358,0.04539127601413209,0.01690161623392476
34,0.4825248122639764,0.4549770037877865,0.04554256575250425,0.016955618195732877
35,0.48375795201276633,0.45354927799784167,0.045685518674933055,0.0170072513144589
36,0.48498443207523473,0.45211628477680926,0.045838286609979774,0.017060996537976193
37,0.4862144802412229,0.45068996934747396,0.045980803340373896,0.017114747070929255
38,0.48743690041788434,0.44926938921248516,0.04612406829366469,0.017169642075965812
39,0.48866338085958694,0.44784824899254183,0.04626599911982798,0.017222371028043307
40,0.4898836699360919,0.44642343598909157,0.046415674257206954,0.017277219817609595
41,0.49110394192521245,0.44500285873879236,0.0465631029539314,0.017330096382063825
42,0.4923255955357303,0.4435809834783456,0.04670944580747967,0.01738397517844442
43,0.493542308426654,0.4421575020436935,0.04686006298954703,0.017440126540105624
44,0.4947648592968169,0.4407382577071,0.04700408252017685,0.017492800475906317
45,0.4959798174356062,0.43931759047393193,0.04715399171838422,0.01754860037207773
46,0.49719941173294585,0.43789756730825413,0.04729785305410186,0.01760516790469819
47,0.49842106983145235,0.4364839966552254,0.04743571376062619,0.01765921975269606
48,0.4996398622005288,0.43506238216846693,0.04758360090269047,0.017714154728313898
49,0.5008552826110673,0.43364698975718774,0.04772999846111507,0.0177677291706299
50,0.5020718764592054,0.4322301189248132,0.04787531777580262,0.017822686840178802
51,0.5032844610282626,0.43081263001523035,0.0480264236937708,0.017876485262736143
52,0.5044921016452066,0.42939944109814887,0.04817554184924665,0.017932915407397804
53,0.505703758093057,0.4279866269185518,0.048323329795640295,0.01798628519275077
54,0.5069117428146758,0.42657971578095777,0.048468036444970705,0.01804050495939582
55,0.5081147961754329,0.4251707169154638,0.048618971459807994,0.01809551544929533
56,0.5093265451777894,0.42376413685369607,0.04875986532549655,0.018149452643018003
57,0.5105268660409303,0.42235331549521754,0.0489170460026062,0.018202772461245947
58,0.5117389128419892,0.4209450846886525,0.049058983091037456,0.018257019378320912
59,0.5129413783615336,0.41954184937206074,0.04920547496111705,0.01831129730528848
60,0.5141456282025709,0.41813785739575077,0.049352330816599586,0.018364183585078783
61,0.5153472157530123,0.41673549092209655,0.04949764146272748,0.018419651862163662
62,0.5165407088027971,0.415336137412827,0.04964700017476951,0.018476153609606454
63,0.5177375167587129,0.4139313634589793,0.04980238929014562,0.018528730492162172
64,0.5189320230201324,0.41253182688762147,0.04995163815818206,0.018584511934064057
65,0.520123169001943,0.41113547804478207,0.050102440732062936,0.018638912221211952
66,0.5213226137357021,0.4097401241318928,0.05024648777855397,0.018690774353851147
67,0.522512508335792,0.4083419372182619,0.050402290471554353,0.018743263974391806
68,0.5236956148695949,0.4069489101601853,0.050557920195040004,0.01879755477517967
69,0.5248872040237993,0.40556067235744714,0.05069975451626254,0.018852369102491055
70,0.5260721933093133,0.40417589100980134,0.0508449859679642,0.01890692971292109
71,0.5272530803429089,0.40278805892448155,0.05099693174209437,0.018961928990515346
72,0.5284388419413071,0.40140072928518267,0.05114462147147373,0.019015807302036475
73,0.5296203711125873,0.4000150281305192,0.05129417451768048,0.01907042623921304
74,0.5307997681686449,0.39863089096807564,0.05144471890605211,0.019124621957227465
75,0.5319729576770924,0.39725044737809706,0.051596371807740515,0.019180223137069973
76,0.5331550714324069,0.39586806992302265,0.051742064258670305,0.01923479438590011
77,0.5343316487125475,0.39449444174077625,0.05188546209925542,0.019288447447420858
78,0.5355078733170927,0.3931189503589037,0.05202982896094632,0.019343347363057203
79,0.5366780799149377,0.3917500936434245,0.052174998168810674,0.019396828272827214
80,0.5378500666767512,0.3903773040276576,0.052321033297728026,0.019451595997863228
81,0.5390204848187877,0.3890025627184322,0.05247034723000281,0.01950660523277733
82,0.5401953833181066,0.38763748190190767,0.05260796138834001,0.019559173391645684
83,0.5413609227905605,0.38626689998960567,0.05275813162120988,0.019614045598624022
84,0.5425168285751151,0.384902218287612,0.052911651315719156,0.019669301821553686
85,0.5436783190566905,0.38353730572290656,0.0530610906972245,0.019723284523178404
86,0.5448271506223062,0.3821725640180933,0.05322161374856692,0.019778671611033475
87,0.5459794563130047,0.380809583344569,0.05337595681737487,0.01983500352505133
88,0.5471353066468764,0.3794538847118428,0.053523659299465544,0.019887149341815305
89,0.5482906941540137,0.3780972650524105,0.053670508957974594,0.019941531835601357
90,0.5494443466527474,0.3767436228221297,0.05381692652377963,0.019995104001343255
91,0.5505874409370219,0.37539266869203536,0.05396879841837399,0.02005109195256871
92,0.5517267489794775,0.37404293935251465,0.05412306503613158,0.02010724663187624
93,0.552870196131579,0.3726919941867088,0.05427663773020817,0.02016117195150409
94,0.5540186673113769,0.3713415096152082,0.0544217758766941,0.02021804719672078
95,0.5551637059025236,0.36999602983779034,0.05456629429538602,0.020273969964300104
96,0.5562966493016114,0.3686487441069831,0.054724027018213064,0.020330579573192488
97,0.5574284790387755,0.3673085020833283,0.05487854343566525,0.02038447544223095
98,0.5585641164934461,0.36597409547594295,0.055021136718963956,0.02044065131164709
99,0.5596997969175803,0.3646393182842629,0.05516466055370125,0.020496224244455637
100,0.5608288920319212,0.3633004235398084,0.05531744120393882,0.02055324322433169
101,0.5619605397272944,0.3619730311828805,0.055457744868206885,0.02060868422161835
102,0.5630845011259071,0.36064755997834685,0.05560418108825249,0.02066375780749353
103,0.5642083430583771,0.35932084959150745,0.05575402855274168,0.020716778797373707
104,0.5653286443396953,0.3579950952774704,0.055902592683601905,0.020773667699232334
105,0.5664405008822186,0.35667719231951955,0.0560541963330826,0.02082811046517909
106,0.5675602367950642,0.3553529492464626,0.056203513093591576,0.020883300864881577
107,0.5686820272743124,0.3540304973965481,0.056349083232456645,0.020938392096682783
108,0.5697965460386278,0.35271232407887915,0.056498832853796574,0.02099229702869636
109,0.5709052438670233,0.3513948535498903,0.056655566889344325,0.021044335693742023
110,0.5720153806968132,0.3500788309679688,0.056808572627183064,0.021097215708034956
111,0.5731198568712604,0.3487718402593428,0.05695725566124739,0.021151047208149407
112,0.5742281961276781,0.3474661155156075,0.05709987775534109,0.021205810601373366
113,0.5753381454514978,0.3461590415798076,0.05724477409258418,0.021258038876110504
114,0.5764369650638173,0.3448594783320954,0.057387882951224246,0.021315673652863094
115,0.5775411020239464,0.34355860775192,0.05752781818320144,0.02137247204093215
116,0.5786389256895696,0.34226323039324147,0.05766919206155291,0.021428651855635895
117,0.5797323031305924,0.34097254442824637,0.05781247576751529,0.021482676673645864
118,0.5808284119516072,0.33967783521087036,0.05795692294427644,0.021536829893245932
119,0.5819231854386573,0.3383863315091573,0.05810199416158203,0.021588488890603313
120,0.5830073310240829,0.3370941000947472,0.05825402179730592,0.02164454708386394
121,0.584089991571822,0.3358026149027643,0.05841049631224493,0.021696897213168864
122,0.5851718015346627,0.33452186127069433,0.05855688033226951,0.021749456862373333
123,0.5862580293210496,0.33323997711282416,0.058699040530492186,0.021802953035634058
124,0.5873408434415797,0.33195829155833223,0.05884484101198932,0.021856023988098855
125,0.5884314836442429,0.3306802253012754,0.058978456269741485,0.021909834784740373
126,0.5894902910897019,0.32940188614813437,0.05914132170819009,0.021966501053973724
127,0.5905563031982444,0.32812625065669543,0.059298410882514065,0.02201903526254611
128,0.5916268425392327,0.3268558557168724,0.05944335481594613,0.02207394692794869
129,0.5926862558630376,0.32559417282621106,0.059593222333944186,0.02212634897680732
130,0.5937528048001374,0.32434464092061893,0.05971981877464946,0.022182735504594202
131,0.5948160284535289,0.3230804627117959,0.059866622658669134,0.02223688617600607
132,0.5958711178748157,0.32182460128027224,0.060013858876889904,0.02229042196802226
133,0.5969258356359572,0.3205715988779544,0.06015849927717952,0.02234406620890871
134,0.5979795025291927,0.31931696924767355,0.06030460123932059,0.022398926983813176
135,0.5990201783902895,0.3180686359339272,0.060458756245425224,0.02245242943035795
136,0.6000597251639345,0.3168147058186957,0.060619408877457794,0.022506160139912117
137,0.6011103572866152,0.3155692302501011,0.06076138456096377,0.022559027902319895
138,0.6021539954698519,0.3143291424290297,0.06090302469318849,0.022613837407930028
139,0.6031959655782508,0.3130834304777479,0.06105328813816213,0.02266731580583916
140,0.6042229581610778,0.3118481623234117,0.06120576666082622,0.022723112854684206
141,0.605252690957118,0.310616435603588,0.061353032062624754,0.022777841376669262
142,0.6062898153854004,0.3093797730950487,0.06149928919945069,0.02283112232010028
143,0.6073279639981696,0.30813830909145656,0.06165052144123133,0.022883205469142548
144,0.6083492324833208,0.3069124456562551,0.061800921579547294,0.02293740028087672
145,0.6093824776160789,0.3056899474542867,0.06193462948457494,0.02299294544505945
146,0.6104081598255882,0.30446827995097003,0.06207913947465554,0.02304442074878625
147,0.6114381285901338,0.3032408415220801,0.06222589539289834,0.02309513449488773
148,0.6124532338156085,0.3020261934227461,0.062370765903262994,0.02314980685838244
149,0.6134737079088771,0.3008052780900251,0.062518600882559,0.023202413118538767
150,0.6144907596634034,0.29959801364411887,0.0626556118845015,0.02325561480797624
151,0.6154964672522218,0.2983902452258285,0.06280601766172664,0.023307269860223048
152,0.6165066154487358,0.2971954085027082,0.06293593747190246,0.02336203857665358
153,0.6175089056601848,0.2959955944945706,0.06307963015139559,0.02341586969384899
154,0.6185029016668866,0.2947988647261076,0.063229516967289,0.023468716639716884
155,0.6194895838560209,0.29360272434433077,0.06338496406960352,0.023522727730044768
156,0.6204844517551885,0.2924103304944997,0.06352866938802283,0.02357654836228886
157,0.6214796801600878,0.2912195974328516,0.06367073482165869,0.02362998758540187
158,0.6224694662228074,0.29003016558403455,0.06381863433535245,0.023681733857805625
159,0.62345344698173,0.28884442130207105,0.06396488865161512,0.023737243064583823
160,0.6244461246627826,0.28766856642802047,0.06409822075880892,0.023787088150388096
161,0.6254283271414727,0.28648499160784935,0.06424882382391107,0.023837857426767008
162,0.6264121917078069,0.2853086429860511,0.06439080533906519,0.023888359967076802
163,0.6273943404168139,0.2841301369304757,0.06453424058584131,0.023941282066869123
164,0.6283743072086819,0.28296299532678415,0.06466556428109042,0.023997133183443313
165,0.6293309599386254,0.2817998968188111,0.06482002577793403,0.0240491174646294
166,0.6303009017912974,0.2806304629282085,0.06496973332978302,0.024098901950711092
167,0.6312653353682091,0.27947004725160235,0.06511204595690415,0.02415257142328437
168,0.6322288471620399,0.2783089621063283,0.06525458052997346,0.024207610201658503
169,0.6331927060561036,0.27714904654199657,0.06539929660533185,0.02425895079656806
170,0.6341435782028895,0.2759993528203878,0.06554529129108412,0.02431177768563863
171,0.6351000098474904,0.2748479244544385,0.06569036674477556,0.024361698953295603
172,0.6360473345571218,0.2736992791009004,0.06583631411807181,0.024417072223905815
173,0.6369888501259869,0.27255178090590554,0.06598963783670664,0.024469731131400916
174,0.6379271876839393,0.27141045681583464,0.06613778814292559,0.0245245673573005
175,0.6388688667678273,0.27027082089824483,0.06628363911084313,0.024576673223084638
176,0.6397945779119996,0.26913453378750135,0.06643948069954617,0.02463140760095293
177,0.6407364524181085,0.2679985554221469,0.06658235681585446,0.024682635343890126
178,0.6416685062483201,0.26686992884425387,0.06672792603947716,0.02473363886794888
179,0.6426168504219552,0.2657494955241522,0.06684744934064925,0.02478620471324327
180,0.6435391065094735,0.2646247142979509,0.06699846399976943,0.02483771519280604
181,0.6444557575471981,0.2635038776494404,0.06714746045960714,0.02489290434375429
182,0.6453811759071243,0.2623856457909101,0.06729235566606044,0.02494082263590507
183,0.6463040539811221,0.26127031644171284,0.0674349867799211,0.024990642797244
184,0.647211193566579,0.26016623827401625,0.0675770864017045,0.025045481757700334
185,0.6481244655082181,0.25906593970363356,0.06771154662469521,0.02509804816345319
186,0.6490470047775474,0.2579552685321106,0.06784772283657843,0.025150003853763654
187,0.6499499158638582,0.2568593796479942,0.06799047498858761,0.02520022949956006
188,0.650850293215373,0.25575496068223064,0.0681428282577479,0.025251917844648357
189,0.6517538845608579,0.25465274427636786,0.06828769188549336,0.025305679277280772
190,0.6526491549797506,0.2535633325747054,0.06843095359194054,0.02535655885360341
191,0.6535438462716074,0.25247652691747546,0.06857272803551644,0.025406898775400727
192,0.6544464428017118,0.2513901960188313,0.06870710235382747,0.025456258825629408
193,0.6553319983270351,0.2503020536940349,0.06886085121231951,0.025505096766610464
194,0.6562310105687328,0.24922735674301558,0.06898262671561475,0.025559005972636946
195,0.6571218113498777,0.24815107297358346,0.06911948314679836,0.025607632529740482
196,0.6579905396415823,0.24708348844432945,0.06926598292073248,0.025659988993355774
197,0.6588704319393354,0.24601391947245582,0.06940027424103189,0.02571537434717689
198,0.6597369047937062,0.24495123317205958,0.06954384592755197,0.02576801610668224
199,0.6606126337844511,0.24389101909401503,0.06968195193396749,0.025814395187566314
200,0.6614837777336378,0.24282767430973448,0.06982328016278018,0.025865267793847745
201,0.6623563049754393,0.24177479543787728,0.06995150213666186,0.025917397450021567
202,0.6632028987668127,0.24071843044430255,0.07011030421277493,0.025968366576109802
203,0.66405976262249,0.23966876889609323,0.07025502888700802,0.026016439594408792
204,0.6649188261699931,0.23862547952057725,0.07038343216041827,0.026072262149011538
205,0.6657699377824218,0.23758424598471276,0.07052939610113437,0.02611642013173125
206,0.6666278102668495,0.23654733384912557,0.07065824841794019,0.026166607466084686
207,0.6674723087392161,0.2355081152319035,0.07080414823673724,0.026215427792143246
208,0.6683042371956948,0.23447119206877481,0.07096246917117217,0.026262101564358285
209,0.6691444481701722,0.2334335016803187,0.07111406214054337,0.026307988008965714
210,0.6699830197183385,0.23240919194749704,0.07124901836904378,0.026358769965120578
211,0.6708463894348478,0.23138890350061816,0.07135421067925539,0.026410496385278592
212,0.6716496468655346,0.23036752552787024,0.07152333459571528,0.026459493010879787
213,0.6724761208621127,0.22935042675503206,0.07166037161440422,0.026513080768450888
214,0.6732974972938655,0.22833177569536334,0.07180629505191047,0.026564431958860713
215,0.6741175989391991,0.22732049467625362,0.0719492523479201,0.02661265403662722
216,0.674917453956078,0.22630590772882803,0.07211556718454686,0.026661071130547026
217,0.6757217318174801,0.22529115849570824,0.07226958792160018,0.026717521765211423
218,0.6765615758471475,0.22429225438991401,0.07237814461108584,0.026768025151852858
219,0.6773817827994454,0.22329086281165447,0.07251028996986496,0.026817064419035246
220,0.6782033545373979,0.22229177132059563,0.07262794510513634,0.026876929036870077
221,0.6789882005150293,0.22129190607258548,0.07279326113084339,0.026926632281541858
222,0.6798076311185876,0.2203020236406766,0.07291337725238958,0.026976967988346385
223,0.6806268988623613,0.2193109317304755,0.07303707104001742,0.027025098367145832
224,0.6814254068455252,0.21833247558470212,0.07316682858186857,0.027075288987904074
225,0.6822204388523282,0.21734790191666398,0.07330887881600805,0.02712278041499973
226,0.6830152172292696,0.2163655121005606,0.07344664437574738,0.027172626294422353
227,0.6838084258128562,0.21539284919276303,0.07358284429372536,0.027215880700655358
228,0.6845917201437823,0.21441942017783838,0.07372698936640557,0.027261870311973746
229,0.6853838469504259,0.21345642815956176,0.07385160375476732,0.027308121135245146
230,0.6861568379444648,0.21248727931039046,0.07399390055642681,0.027361982188717947
231,0.6869530231295091,0.21152622129617496,0.07410865849216858,0.02741209708214735
232,0.6877129975890975,0.21057226716563723,0.07424940137830638,0.027465333866958964
233,0.6884989756309507,0.20961530818629512,0.07437782560948183,0.027507890573272298
234,0.6892658393380893,0.2086532232473015,0.07451824178430164,0.0275626956303076
235,0.6900127464718899,0.20770482655818073,0.07466634651850701,0.027616080451422453
236,0.6907938262424252,0.20676067418453292,0.07478095468160431,0.02766454489143753
237,0.6915466272107456,0.2058123966575674,0.07493225020358821,0.027708725928098886
238,0.6923194551220829,0.20487789435990966,0.07504917384006174,0.027753476677945553
239,0.6930811600754828,0.20395059938998586,0.07516824377857118,0.027799996755960073
240,0.693817035396014,0.20301895065219702,0.07531882477590832,0.027845189175880653
241,0.6945799879109336,0.2020966165425575,0.07542758917556408,0.027895806370944888
242,0.6953298768004308,0.20116758606977977,0.07557268793897921,0.027929849190810253
243,0.6960760001470085,0.20024191668738997,0.07570117382885483,0.02798090933674661
244,0.6968144215426744,0.1993177005838841,0.07583865953193107,0.028029218341510585
245,0.6975488632658972,0.19840204530000746,0.075971334819477,0.028077756614618365
246,0.698262200603345,0.19747739619301996,0.07613240576688718,0.02812799743674781
247,0.6989766996520143,0.19657347379354548,0.07627247193886214,0.028177354615578132
248,0.6997190729072619,0.19566481569185631,0.07639013838249012,0.028225973018391786
249,0.700468607621386,0.1947681383373977,0.07648784722622651,0.02827540681498995
250,0.7011887598942712,0.19385684924264956,0.07662867626237065,0.02832571460070854
251,0.70189130312084,0.19297140339531943,0.07676227124608115,0.02837502223775934
252,0.702581102022876,0.19207398635270395,0.07692443419193086,0.028420477432489107
253,0.7032676845745057,0.19116751723425388,0.07709672240494181,0.02846807578629847
254,0.7039887359724931,0.19029070660809644,0.07720930597375882,0.02851125144565162
255,0.7046708584819817,0.18940769547942662,0.07735698102172853,0.028564465016863123
256,0.7053755726039921,0.18853033101050953,0.0774846398949829,0.02860945649051555
257,0.7060658372708898,0.18764483033498933,0.07763476953449376,0.02865456285962712
258,0.7067478566048884,0.18676397114527227,0.07778749048705332,0.02870068176278611
259,0.7074579899143861,0.1858864054130278,0.07790954762947722,0.02874605704310884
260,0.7081518746379352,0.18501472909318878,0.07804157407197418,0.02879182219690195
261,0.708851958779396,0.1841518429697044,0.07815405329685739,0.028842144954042144
262,0.7095301904536715,0.18327440658449562,0.07830152710128539,0.028893875860547417
263,0.7101908899952181,0.18241362718467094,0.07845450237059168,0.02894098044951931
264,0.7108583603496672,0.18155970475095398,0.0785901479672114,0.028991786932167453
265,0.7115255555651135,0.18070757107903476,0.07873475437482125,0.029032118981030426
266,0.7121887334082804,0.17986243174982425,0.07887297866435741,0.029075856177538013
267,0.7128347216111519,0.1790159098735254,0.07903123551396027,0.029118133001362418
268,0.7135341782206188,0.17817181075749827,0.07913206440679312,0.029161946615089772
269,0.7142259979766776,0.17733102247099325,0.07923315588315305,0.029209823669176023
270,0.7149081812488303,0.17649183300946403,0.07934323407570398,0.029256751666001772
271,0.7155499898799036,0.17566070062175232,0.07947611544266728,0.029313194055676735
272,0.7161793435114701,0.1748225731375071,0.07963681652942768,0.029361266821595167
273,0.7168221676181051,0.17400070788790076,0.07976771548957237,0.029409409004421728
274,0.717456668374288,0.17317820367460768,0.07990580696705607,0.029459320984048215
275,0.7180979133555521,0.17235852637255428,0.08002895716121501,0.029514603110678717
276,0.7187524436679136,0.17153780179019393,0.0801529905322244,0.029556764009668123
277,0.7194190620722677,0.17072663041021788,0.08025214588282796,0.029602161634686607
278,0.7200596751046187,0.16992563442166114,0.08037160880596579,0.029643081667754496
279,0.7207197317797019,0.16911436472075517,0.0804768430416816,0.029689060457861217
280,0.721364189671984,0.16830232108952387,0.08060389919431307,0.02972959004417904
281,0.7219819519532431,0.16750499314432055,0.08072913035925666,0.029783924543179685
282,0.7225927013171207,0.16670335409048853,0.08087246970834885,0.029831474884041913
283,0.7232332761078815,0.16591152817528212,0.08098237076178279,0.029872824955053678
284,0.7238416005675192,0.16512713278815858,0.08111302013031886,0.029918246514003342
285,0.7244388575806994,0.16433580532186343,0.08126457279564216,0.02996076430179511
286,0.725069562142816,0.16355205464920655,0.08137188029162412,0.030006502916353223
287,0.7256751415384953,0.1627601030740046,0.08151203835275485,0.030052717034745307
288,0.7262691650817293,0.16197434919049578,0.0816583589607415,0.03009812676703334
289,0.7269130901164825,0.16119562264510315,0.08175054819469492,0.030140739043719545
290,0.7274964220997253,0.16042543082673083,0.08188880064939823,0.03018934642414573
291,0.7281204430643742,0.15963965666132085,0.08201622622189042,0.030223674052414523
292,0.7287273651799391,0.15887122485835514,0.08213787924334125,0.030263530718364563
293,0.7292926616496429,0.1580979490684748,0.08230307451907748,0.03030631476280477
294,0.7298756797119792,0.15733387788394287,0.08243539225888943,0.030355050145188543
295,0.7304430950791043,0.15656937973127444,0.0825800486044367,0.030407476585184584
296,0.7310457861760069,0.15580873446739818,0.08269317140116697,0.03045230795542799
297,0.7316294978506044,0.1550423822233165,0.08283370859514175,0.03049441133093731
298,0.732195117648599,0.15428820175815727,0.08298008607686025,0.03053659451638366
299,0.732763480629831,0.1535436542915982,0.08310980270266419,0.030583062375906585
300,0.7333434841005464,0.15280148995324086,0.08323080046231668,0.03062422548389606
301,0.7339087623842244,0.15205627563209678,0.08336547674310515,0.03066948524057368
302,0.7344637254316244,0.15132069164721584,0.08350229710495498,0.03071328581620475
303,0.7350021924272164,0.15058191853569453,0.0836570622893739,0.030758826747715146
304,0.7355423977283897,0.14985751284881504,0.08378760312694074,0.03081248629585459
305,0.7360926296028759,0.14911142463010268,0.08394453107632413,0.030851414690697222
306,0.7366339826700201,0.14838784122738685,0.08407991844268192,0.030898257659911037
307,0.7372068999342358,0.1476644358090597,0.08419117872170119,0.030937485535003285
308,0.7377225250760512,0.14694439377925722,0.08434967682393159,0.030983404320760105
309,0.738256193676998,0.14622471736421097,0.08448707202325559,0.031032016935535443
310,0.7388047783020351,0.1455098997857707,0.0846026761178599,0.031082645794334274
311,0.7393547752067336,0.14478464108534472,0.0847388034903563,0.031121780217565332
312,0.7398779480131408,0.1440696217297606,0.08488486425860833,0.031167565998490233
313,0.7404158552529713,0.14336105926594012,0.08500913689856861,0.031213948582519985
314,0.7409484940772055,0.1426535746296738,0.08513693434017969,0.031260996952940885
315,0.741466889641037,0.14194298772047256,0.08528887192519505,0.031301250713295356
316,0.7420260079971084,0.14125544001653909,0.08537749044363127,0.031341061542721274
317,0.7425209668768377,0.1405629112515042,0.0855222750978204,0.03139384677383775
318,0.7430494083913107,0.13986692974367726,0.08564033789173757,0.031443323973274526
319,0.7435811372830858,0.1391731356878161,0.0857535621658249,0.03149216486327296
320,0.7440960677284705,0.13847539316848478,0.0858868617785828,0.031541677324461975
321,0.7446350036326853,0.13778674580381964,0.08599466886201265,0.031583581701482295
322,0.7451386872445581,0.1371094536574139,0.0861283407696041,0.03162351832842396
323,0.7456543767230503,0.1364404559011278,0.08623830956438161,0.031666857811440345
324,0.7461626162389378,0.13576329549216642,0.08637061810475284,0.031703470164142905
325,0.7466773388474667,0.13508025404676274,0.08649245575358812,0.03174995135218246
326,0.7471732067346528,0.13441399691434563,0.08661010416781353,0.03180269218318806
327,0.7476661046975444,0.13374046373657295,0.08674366249190336,0.0318497690739793
328,0.7481613530490481,0.13307941405632695,0.08686833375209521,0.031890899142529815
329,0.7486760430410568,0.13242101806270934,0.08696288649263517,0.03194005240359869
330,0.7491800268045943,0.13175515107936758,0.08708554575425932,0.031979276361778865
331,0.7496807458630256,0.1311073957385267,0.0871912721641476,0.03202058623430012
332,0.7501689673206096,0.13045881337588475,0.08731605713984805,0.03205616216365759
333,0.7506595433855562,0.12981985667559484,0.0874247427653942,0.03209585717345473
334,0.7511668063841748,0.12917744611986987,0.08751953034067557,0.032136217155279964
335,0.7516251714336459,0.12853710062406815,0.08765579746573285,0.032181930476552864
336,0.7521193970043806,0.1278836376186847,0.08777463287018814,0.0322223325067465
337,0.7526092511672707,0.1272398240313148,0.08788685519552389,0.032264069605890594
338,0.7530564349385599,0.12658985386964275,0.08804706308364785,0.03230664810814959
339,0.7535155463258472,0.1259606900565237,0.08817660079383201,0.0323471628237972
340,0.7539783697685074,0.12532318027530145,0.08831200598021505,0.03238644397597613
341,0.7544329492952015,0.12468842242831783,0.08844629051741153,0.03243233775906909
342,0.7548690856845514,0.12406157859733127,0.08859007189105281,0.03247926382706467
343,0.7553550747954233,0.12344213505474436,0.08868002148093053,0.03252276866890184
344,0.7558252012512963,0.1228352070971297,0.0887769842878868,0.0325626073636872
345,0.7562966995174211,0.12221061869826122,0.08889664569145861,0.03259603609285897
346,0.7567693385271376,0.12159729614815555,0.08899146208503753,0.03264190323966936
347,0.7571974226989296,0.12097930413767759,0.08913905582218505,0.032684217341207675
348,0.7575987603462927,0.12035568247244018,0.08931780869771093,0.032727748483556175
349,0.7580220241941185,0.1197540538929818,0.08945354171806182,0.03277038019483805
350,0.7584613696670237,0.11915819608160234,0.08957263458568146,0.03280779966569256
351,0.7588866843907617,0.11855852485479752,0.08970695185901542,0.03284783889542532
352,0.7593303745817609,0.11796478324822102,0.08982201395859912,0.03288282821141899
353,0.7597497353271312,0.11737030803304935,0.08995083934564263,0.0329291172941768
354,0.7601688711346962,0.11678176028272558,0.09007610306204179,0.032973265520536504
355,0.76060313984017,0.1161984506594181,0.09016754862948581,0.033030860870926035
356,0.7610946007124075,0.11562203135171856,0.09021688118414803,0.033066486751725785
357,0.7615131395177652,0.11504231544606378,0.09033854488174062,0.033106000154430375
358,0.7619024655408502,0.11445745095954549,0.09048719367477734,0.03315288982482713
359,0.762290920988532,0.11387891129489636,0.09063196555382194,0.03319820216274964
360,0.7627182426862629,0.11330327962373321,0.09073228992957107,0.03324618776043275
361,0.7631326435384019,0.11273038643720432,0.09084277578184195,0.033294194242551756
362,0.7635331513246539,0.1121724692561388,0.09095907506442494,0.0333353043547823
363,0.7639462596861177,0.11160513750433228,0.09106592740454802,0.033382675405001914
364,0.7643199562349932,0.11104279036066504,0.0911958993761989,0.03344135402814282
365,0.7647323817425621,0.11046887104493933,0.09132175127230206,0.03347699594019665
366,0.7651370288491212,0.1099147530199323,0.0914271546026295,0.03352106352831703
367,0.7655295868846175,0.10935737060069524,0.0915501817936719,0.03356286072101541
368,0.7659222316889925,0.10880317924764951,0.09166262421032423,0.03361196485303358
369,0.7663307250802867,0.10825483542030874,0.09176068102950231,0.03365375846990228
370,0.7667731625923585,0.10771768920087207,0.09180798655519821,0.033701161651571214
371,0.7671767600427672,0.10718096482458908,0.09189802332816456,0.033744251804479104
372,0.7675484724795864,0.10663031527093533,0.09204581490774608,0.033775397341732294
373,0.7679461437640663,0.10608152960254162,0.09215507107881525,0.03381725555457686
374,0.7683637750479251,0.10552811501675956,0.09225615330365262,0.03385195663166273
375,0.7687487166393439,0.10497953535448881,0.09237111764785214,0.03390063035831521
376,0.7691297689532341,0.10444536339237147,0.09248880485103998,0.03393606280335442
377,0.7695078885927918,0.10391477707228883,0.09260467957285134,0.03397265476206811
378,0.7699135043985892,0.10337504009175957,0.09270866937726467,0.03400278613238643
379,0.7702679747160099,0.10284297551023111,0.09284983293872089,0.03403921683503806
380,0.7706192131209872,0.10231772888653475,0.09297967105095978,0.03408338694151821
381,0.7709969938024732,0.10180375711210765,0.09308073099227937,0.034118518093139705
382,0.7713599046346216,0.10128027409553744,0.09320382637163993,0.03415599489820091
383,0.7716999044199581,0.10076666215894152,0.09332692947603254,0.03420650394506796
384,0.7720706773320536,0.10025626429135588,0.09342543152616324,0.03424762685042719
385,0.7724951979839482,0.09974071864867615,0.09348547923211334,0.03427860413526233
386,0.7728839990869385,0.09922697126300618,0.09357334384393275,0.034315685806122584
387,0.7732149394249697,0.09872314377216414,0.09369272117779348,0.034369195625072756
388,0.7735699742464208,0.09822467733182767,0.0938011688177388,0.0344041796040127
389,0.7739389471674721,0.09770217914761405,0.09392798028784316,0.03443089339707064
390,0.7742648695207519,0.09719371161583241,0.09407148181953794,0.03446993704387779
391,0.7746128027698178,0.09668744131498352,0.09418887230657544,0.03451088360862314
392,0.7749770431448189,0.09618553642754321,0.09428780761846395,0.034549612809173916
393,0.7753327303382399,0.09568757787332169,0.0943973125443164,0.03458237924412208
394,0.7756739620071788,0.09519625748370726,0.09449880869795277,0.034630971811161246
395,0.7760038248145221,0.09470063269978789,0.09463434268559298,0.034661199800096895
396,0.7763533082854456,0.09421031396649424,0.09473402457906635,0.03470235316899385
397,0.7766949106307539,0.09370335330970532,0.0948624945087603,0.03473924155078053
398,0.7770608055364708,0.09321081761123112,0.09496091140096977,0.034767465451328236
399,0.7773857123402422,0.09272910500588799,0.09508296582409985,0.03480221682976999
400,0.777697614646246,0.09225746989550555,0.09520777720361064,0.03483713825463789
401,0.7779878563654534,0.0917908662187624,0.09533978356098241,0.03488149385480187
402,0.778308051802658,0.09131807472613639,0.09544963868729568,0.03492423478390992
403,0.7785835606654941,0.0908470867940441,0.09560596882933088,0.03496338371113116
404,0.7789206501629811,0.09037899129186758,0.09570061753085264,0.03499974101429874
405,0.7792424845841419,0.08989983409103888,0.09581714724449293,0.03504053408032627
406,0.7795134087863114,0.08943453858093664,0.09596839672065353,0.03508365591209854
407,0.7798648501769354,0.08896489222816867,0.09603983433568039,0.035130423259215504
408,0.7801698396344399,0.08850991320291021,0.09614474686616858,0.03517550029648137
409,0.7805006521206874,0.08805771547911807,0.09622539561073426,0.03521623678946019
410,0.7808296260280965,0.08759405114400046,0.09632373999298778,0.035252582834915364
411,0.7811532515283452,0.0871344680399476,0.09641428626804385,0.03529799416366344
412,0.7814595941713284,0.08669415472180998,0.0965059125420104,0.03534033856485127
413,0.7817777842822069,0.08624836456612354,0.0966008567611821,0.03537299439048733
414,0.7820816855345863,0.08581230884605029,0.09670386016715385,0.035402145452209446
415,0.782346547490032,0.08536856627138435,0.09683580935997069,0.03544907687861289
416,0.7826066351300592,0.0849217648496451,0.09697699443210632,0.03549460558818947
417,0.782849513393854,0.08448848891110233,0.09712955744769497,0.03553244024734867
418,0.7831538873957403,0.08405029158304189,0.09723055633047836,0.03556526469073941
419,0.7834259625889877,0.08361019484590243,0.09736068709894906,0.03560315546616086
420,0.7837267583949498,0.08316670798534949,0.0974652691574554,0.035641264462245394
421,0.7840026276009673,0.08274150776672357,0.09757839697407725,0.035677467658231835
422,0.7842832340545163,0.0823126879843256,0.09768217848989544,0.03572189947126286
423,0.7845228616574002,0.08188823332220822,0.09781857886876115,0.035770326151630435
424,0.7847918029259492,0.08146783662809501,0.09794155043096671,0.03579881001498909
425,0.785055509861406,0.08103711934950059,0.09807334037282264,0.035834030416270736
426,0.7853557011173058,0.08060567759369161,0.09816444228911511,0.03587417899988755
427,0.7855968480239994,0.08018844273574913,0.09830603772460851,0.035908671515643045
428,0.785887072280705,0.07976986115212514,0.09839669979838131,0.03594636676878861
429,0.786189270939257,0.07936479301645519,0.09846744382633231,0.035978492217955634
430,0.786494484519135,0.07894960486167854,0.09854654267429225,0.036009367944894254
431,0.7867576055047938,0.0785387489600466,0.09865580588144604,0.03604783965371362
432,0.7870777558975068,0.0781400855358292,0.09870522811803925,0.03607693044862465
433,0.7873463751781848,0.077728252384519,0.09881530616801,0.036110066269286104
434,0.7876238735065317,0.07731977954399956,0.09891567580929458,0.03614067114017418
435,0.78790671943168,0.0769177925340369,0.09899903458627007,0.03617645344801307
436,0.7881257900962736,0.07651204037925509,0.09914900263669431,0.036213166887777024
437,0.7883822562078958,0.0761124442079389,0.09924943529354659,0.03625586429061873
438,0.7886235589500854,0.07571202015246077,0.09937531232574758,0.03628910857170626
439,0.7888371836687386,0.07531249918023417,0.09952821985766917,0.03632209729335817
440,0.789005314657683,0.07491822814219326,0.09970913828935772,0.03636731891076597
441,0.7892357969478201,0.07453909784760615,0.09981928146031391,0.03640582374425998
442,0.7894658051331777,0.07415430034578684,0.09992539044063951,0.03645450408039601
443,0.7896868528992596,0.07376854069095748,0.10004604175748393,0.03649856465229893
444,0.7899296637405608,0.07337827177544724,0.10016588320997959,0.036526181274012436
445,0.7901699330323705,0.07298373633023576,0.10028676880493434,0.036559561832459425
446,0.7904070742771621,0.07261340976782484,0.1003879047424284,0.03659161121258459
447,0.79066184367384,0.07223588864928392,0.10048127008889625,0.03662099758797981
448,0.7908673237070086,0.07185396397762431,0.10062140835682035,0.036657303958546744
449,0.7911367477235512,0.0714791939237591,0.1007001772022778,0.03668388115041174
450,0.7913425006333281,0.07111225657128886,0.10080969136504403,0.036735551430339
451,0.7915680169269419,0.0707305193078697,0.10093082908900142,0.036770634676187006
452,0.791826981043634,0.07036100073335487,0.10100055831381402,0.03681145990919702
453,0.792050048258804,0.06998616838711881,0.101124781135118,0.03683900221895923
454,0.7922938221395542,0.06961177843349967,0.10121266957197277,0.0368817298549734
455,0.792515645637244,0.06924219161589462,0.10132875243172342,0.03691341031513795
456,0.792770300788131,0.06887269130150189,0.10140747026134127,0.03694953764902583
457,0.7929649668965928,0.06849964690057495,0.10154350736180282,0.03699187884102947
458,0.7932498999833812,0.0681497875686289,0.10156036054333159,0.03703995190465834
459,0.7935079461664177,0.06778761207501902,0.10163733674584512,0.03706710501271805
460,0.7937172804931412,0.06743140063000844,0.10174544726511452,0.037105871611735924
461,0.7939104565252814,0.06707247632367315,0.10186383409605888,0.03715323305498662
462,0.7941090416654463,0.06672447334170864,0.10197531710806436,0.03719116788478074
463,0.794341159524911,0.06637493215004524,0.1020630629210891,0.037220845403954685
464,0.7945828562554025,0.0660362585361515,0.10210721851716038,0.037273666691285685
465,0.7947932430030974,0.06567608888696738,0.10222363276225446,0.03730703534768073
466,0.7950006428751982,0.0653274869012648,0.10232410403842769,0.03734776618510918
467,0.7951564563457992,0.0649808999584551,0.10246145988816124,0.03740118380758444
468,0.7953853520250407,0.06463884204045876,0.10253102924786775,0.03744477668663274
469,0.7955770503305073,0.06429614704759859,0.10263915978189905,0.03748764283999491
470,0.7957849420873335,0.06394888790278802,0.10274129148645952,0.037524878523419035
471,0.7959457801076374,0.0636121701692202,0.10286372158986623,0.03757832813327623
472,0.7961251024599039,0.0632749319957353,0.10298825588737888,0.03761170965698206
473,0.7962859199292829,0.06294241461286514,0.10312802333285924,0.037643642124992674
474,0.7965392653762952,0.06260214239712113,0.10318006689944743,0.037678525327136385
475,0.7967511667900332,0.06227942299399562,0.10326384703239533,0.03770556318357575
476,0.7969197327010481,0.06196102379667763,0.10337428350228231,0.037744959999991966
477,0.7970957069465474,0.06163968387466504,0.10347884140845476,0.037785767770332726
478,0.7972395173762068,0.06131837146058962,0.10360903761384346,0.03783307354936003
479,0.7974178899466446,0.060989684217145734,0.10373314004979764,0.03785928578641209
480,0.7975647654690007,0.060661703970088,0.10387115656889648,0.03790237399201492
481,0.797729329273308,0.06033648026771997,0.10399792338541428,0.03793626707355772
482,0.7979233542622804,0.060007640080833605,0.10410090443877684,0.03796810121810906
483,0.7980343209065965,0.059691333425518786,0.1042588989253874,0.03801544674249745
484,0.7982203468233129,0.059380897908528074,0.10434886734743007,0.03804988792072898
485,0.7983662403391227,0.059084466003843636,0.10446902617771883,0.03808026747931489
486,0.7985513628736711,0.05876364560905585,0.1045615051483493,0.03812348636892378
487,0.7987742438323703,0.058452242451041324,0.10461470810796074,0.03815880560862774
488,0.7989799669437098,0.058147073617951774,0.10468873438475215,0.03818422505358635
489,0.7991324156941632,0.05784340291067318,0.10479027038125548,0.0382339110139082
490,0.7992781847925345,0.05754847226506471,0.1049194970434398,0.038253845898961004
491,0.7993848021423446,0.05725795956749783,0.1050628871241591,0.03829435116599851
492,0.7995466492867221,0.05696286182629703,0.1051575990588562,0.038332889828124786
493,0.7997171830715469,0.056655278020159315,0.10525958437411302,0.03836795453418073
494,0.7998866702127387,0.05635545536175317,0.1053534738624496,0.03840440056305848
495,0.8000719103201093,0.05606440592350644,0.10544297594687188,0.03842070780951253
496,0.8001695979411878,0.05575862615794684,0.10561928196915071,0.03845249393171462
497,0.8003382792547408,0.055475856783743324,0.10570373524443546,0.03848212871708051
498,0.8005238187759538,0.055176058943181006,0.1057721328283205,0.038527989452544785
499,0.8006440992863311,0.05490292522607755,0.10588753633167045,0.038565439155920714
500,0.8007619626300029,0.05462477442804832,0.10601762045433778,0.03859564248761115
501,0.80093076120179,0.05434905052859568,0.10608709711186019,0.03863309115775402
502,0.8010570069987575,0.05405815620494812,0.1062235542756712,0.0386612825206233
503,0.8012035247308755,0.053770644928883525,0.10634016726001583,0.038685663080225176
504,0.8013573128706556,0.053486289642749,0.10642365508201987,0.03873274240457549
505,0.801481938787472,0.05320545502488886,0.10655591755046227,0.038756688637176864
506,0.8016238025272495,0.05291219465635698,0.10666661243079442,0.03879739038559908
507,0.8017438387368797,0.05263683643014568,0.10678243224219383,0.03883689259078087
508,0.8018638892267216,0.052347638446741174,0.10692175700484985,0.03886671532168752
509,0.8020039469098638,0.052068603752855006,0.10702562573346755,0.038901823603813786
510,0.802157960734875,0.051806480910870575,0.10707512838947826,0.03896042996477615
511,0.8022599175599228,0.051532369269042824,0.10721214565525658,0.03899556751577775
512,0.802397163536783,0.051263240711432956,0.10729932071049915,0.03904027504128495
513,0.8024926822924308,0.050987571990195546,0.10743744564035988,0.03908230007701378
514,0.8026372489782385,0.05071984938752089,0.107502522510591,0.03914037912364957
515,0.8028067048333044,0.050455438093571704,0.10757291360476025,0.039164943468363626
516,0.8029200414597678,0.05019330773542398,0.10768725476866166,0.03919939603614657
517,0.8029567214662945,0.049926470479602136,0.10788131044392765,0.0392354976101756
518,0.8030693232684074,0.04965694018281667,0.10800697661734686,0.0392667599314291
519,0.8031619331606088,0.049383969241898897,0.10815613659688683,0.03929796100060565
520,0.8033165445467929,0.04911541382828264,0.10822123780178439,0.03934680382314015
521,0.8034977915778111,0.048854224538355286,0.10827247697136486,0.039375506912468786
522,0.8036304183243559,0.04859189230644663,0.10834698801335903,0.039430701355838524
523,0.8037197107297004,0.04833682652964275,0.10846573585710857,0.03947772688354836
524,0.8037297878641698,0.048077377967414646,0.1086646595792538,0.03952817458916169
525,0.8038505056495945,0.04781034064567525,0.10877203869430145,0.039567115010428824
526,0.8038978491488343,0.04755664570194965,0.10894277458171168,0.03960273056750423
527,0.8040842622550619,0.04728841990747489,0.10900129365076952,0.039626024186693795
528,0.8042541930785386,0.04703360987228411,0.10904759176727703,0.039664605281900224
529,0.8043726470336766,0.04677703442907133,0.10915321692423996,0.0396971016130121
530,0.8044722460124408,0.046535802806409066,0.10925278709213286,0.039739164089017315
531,0.8045248325522438,0.04627335763914961,0.10944154449667576,0.03976026531193093
532,0.8046159562334069,0.04603543308776734,0.10956223006779302,0.03978638061103286
533,0.8047039974117002,0.04579545482892911,0.10968975458548672,0.03981079317388409
534,0.8048323652470293,0.04554153573693322,0.109784587060442,0.03984151195559554
535,0.8049253653145371,0.045300512443589624,0.10990070084352208,0.039873421398351254
536,0.8050523030708148,0.045060146497289344,0.10996516902200253,0.03992238140989333
537,0.8051416886065029,0.04482382273202086,0.11007346427826396,0.039961024383212314
538,0.8052531119594958,0.04458533199599327,0.11016628165937972,0.03999527438513113
539,0.8052941941715905,0.04433760419875121,0.1103317366923244,0.04003646493733382
540,0.805432125157248,0.0440987445885896,0.11038405314722825,0.04008507710693416
541,0.8055456812274674,0.04388034683968375,0.11046619934172767,0.04010777259112118
542,0.8056348611877,0.043657180605165706,0.11057274744627517,0.040135210760859116
543,0.8057346280926705,0.043415983693493365,0.11066988703946508,0.040179501174371066
544,0.8058280763169954,0.04318458521710851,0.11076860336056757,0.040218735105328564
545,0.8059564196173523,0.04293087504953114,0.11086392214949448,0.04024878318362204
546,0.8060372480443221,0.042692731618553297,0.11099845928828947,0.04027156104883521
547,0.806017524648799,0.04247188839975717,0.1112103211824785,0.04030026576896527
548,0.8060837085181587,0.04223225218858128,0.11134463386988738,0.040339405423372644
549,0.8061882225659595,0.04200742957157966,0.11142750683279543,0.04037684102966536
550,0.806271362841818,0.04179095876092271,0.11153307902391962,0.040404599373339664
551,0.8062738116955849,0.041574873346804916,0.11171654248306451,0.04043477247454581
552,0.8064177365620389,0.041355870524646586,0.11175372667348724,0.04047266623982733
553,0.806486406304623,0.041121742612222914,0.1118921010995867,0.040499749983567535
554,0.8065597297785343,0.04092173359939805,0.11198067600086277,0.040537860621204916
555,0.8066753092859671,0.04068289197169232,0.11207940875353331,0.040562389988807075
556,0.8067638612753292,0.0404809882002717,0.11215823187792635,0.04059691864647282
557,0.8068368840820355,0.04025843602644953,0.11226925946146593,0.04063542043004892
558,0.8069548578617158,0.04004023513319971,0.11234555756857352,0.04065934943651069
559,0.8069955651226535,0.03983501006002459,0.11246739202340919,0.04070203279391297
560,0.8070641587762785,0.039619064510967826,0.11259818034817186,0.04071859636458194
561,0.8070556348937309,0.03941148295940916,0.11277419675164582,0.04075868539521414
562,0.8070742965349934,0.03921832640816807,0.11290222866632411,0.04080514839051439
563,0.8071341259402163,0.03899770782535368,0.11303005130193908,0.04083811493249105
564,0.8072011895171791,0.03877199378112854,0.11315833153452606,0.040868485167166305
565,0.8071629345932818,0.03857963195050926,0.1133666088431186,0.04089082461309041
566,0.8072008945541557,0.038375858522463356,0.11348370513266212,0.04093954179071881
567,0.8073367167261342,0.03816813834667019,0.11351969946584792,0.040975445461347675
568,0.8073562911204462,0.03797605542407319,0.1136622986892262,0.041005354766254457
569,0.8073766681715338,0.037792349594398096,0.113795951542084,0.04103503069198418
570,0.8074584473220916,0.03759224427504659,0.11388182198207417,0.04106748642078755
571,0.8075152699798714,0.03738103934318728,0.11400904787317126,0.041094642803770086
572,0.8074900956624029,0.0371886820261093,0.11417716882217217,0.041144053489315636
573,0.8075232136175996,0.03697969451866481,0.11431873041401522,0.04117836144972033
574,0.8075822861824589,0.03676420855343258,0.11443710023319023,0.041216405030918266
575,0.8077229139304345,0.0365739696368577,0.11446676299023102,0.04123635344247676
576,0.8078359992009597,0.03636348226608511,0.11452998248142683,0.041270536051528264
577,0.8079591835922324,0.03616958411258235,0.11456617328373872,0.04130505901144648
578,0.8080144388298848,0.035967979063056675,0.11467703629294661,0.04134054581411188
579,0.8080961803207771,0.0357594866446734,0.11475501269930552,0.04138932033524392
580,0.8080248111816776,0.03556721114784303,0.11497644779782379,0.0414315298726557
581,0.8081105547915162,0.03537202446319565,0.11506726711885278,0.041450153626435345
582,0.8081466901405602,0.035175781199371536,0.11520175187100798,0.0414757767890602
583,0.8082590306491724,0.03497481513737287,0.11522236142984679,0.041543792783607834
584,0.80823267983731,0.03478564618578104,0.11539434693504406,0.04158732704186499
585,0.8082672192219418,0.034593992959526865,0.11553258342569572,0.041606204392835695
586,0.8082854257163692,0.03441889278831821,0.11565703213269869,0.04163864936261383
587,0.8082734085832566,0.03425276947744684,0.11580172143155702,0.04167210050773948
588,0.8082256592307289,0.03406351112023874,0.1159837709592239,0.041727058689808603
589,0.8082193020272348,0.03388115019280587,0.11613284431245278,0.041766703467506536
590,0.8082244784826644,0.03371307638236644,0.11625332514868021,0.0418091199862891
591,0.8082204367804691,0.033513151384908624,0.11641178480099974,0.04185462703362253
592,0.8082860212278806,0.0333256466689567,0.11650120689828017,0.04188712520488245
593,0.8083406878244688,0.03314794293894208,0.1165992617586836,0.04191210747790551
594,0.8084119890781694,0.032967725944037296,0.116668232125493,0.041952052852300456
595,0.8083661558120341,0.032798294521592,0.11687221122907501,0.04196333843729898
596,0.8083513867438794,0.03262382733364594,0.11701676262812746,0.0420080232943471
597,0.8084124697323867,0.03245169964880609,0.11710100128345251,0.042034829335354754
598,0.8083937384023964,0.03227753497210924,0.11728999732920042,0.04203872929629407
599,0.8085027039745512,0.03210054893516,0.11732642273837582,0.04207032435191295
600,0.8085229071648612,0.031907828301043016,0.11744177935270199,0.04212748518139363
601,0.8085644883513463,0.03173890547006549,0.11752104210326282,0.04217556407532528
602,0.808536113177855,0.031572288699367755,0.11768725068914898,0.042204347433628255
603,0.8085414101971526,0.03140270681413558,0.11783874180266929,0.042217141186042535
604,0.808593039656339,0.031236539055679153,0.1179204322925459,0.04224998899543593
605,0.8086366880034781,0.031084786559191557,0.11798354718860622,0.042294978248724066
606,0.8087279661279941,0.030917947782527093,0.11803380780846895,0.04232027828100974
607,0.8087950297510718,0.030755629962216015,0.11810555110838336,0.042343789178329
608,0.8088290435545975,0.03058555183856243,0.11821137277701665,0.042374031829823466
609,0.8088679653555367,0.030408254374006904,0.11829195708896263,0.04243182318149372
610,0.8088895835136771,0.030241174357813212,0.11839360443035367,0.04247563769815604
611,0.8088703318156355,0.03007359574065697,0.11856289814647838,0.0424931742972291
612,0.8088211791393203,0.02990148431501165,0.11875211451076095,0.04252522203490712
613,0.8088131690286835,0.029748535454459386,0.11888272233913225,0.04255557317772494
614,0.8088448401540784,0.029596976914835326,0.11896613684198412,0.04259204608910204
615,0.8088735518133718,0.029442156809853078,0.11906360006270392,0.04262069131407124
616,0.8088673262183018,0.02929271097464941,0.11918058298926111,0.042659379817787765
617,0.8090260063974807,0.029125832001413297,0.11915730858365799,0.04269085301744804
618,0.8091061163621054,0.028977005228716324,0.11918776948802287,0.04272910892115518
619,0.8090837699298629,0.028838338790077918,0.1193184479923441,0.042759443287715075
620,0.8090126803106864,0.028689636481407044,0.11948359470909323,0.04281408849881343
621,0.8090036172595987,0.02852891295563087,0.11964904627651848,0.042818423508252046
622,0.8089760086173632,0.028372172370797172,0.119797216138311,0.04285460287352867
623,0.8089529722572217,0.028219102940169355,0.11992126267074536,0.04290666213186356
624,0.8090141734679908,0.02805565562214591,0.11999105303160609,0.042939117878257146
625,0.8090378570116219,0.027887289559552962,0.12009300999718342,0.04298184343164188
626,0.8090448698753084,0.027741878311538515,0.12020111621455012,0.043012135598602966
627,0.8090682190831219,0.02760784947620078,0.12026831839123542,0.043055613049441874
628,0.8091642693104231,0.027475882390272283,0.12026385224895572,0.0430959960503489
629,0.8091460060624005,0.027321996270554882,0.12040394704178545,0.043128050625259255
630,0.8091189203372892,0.02718714639303769,0.12051964332017873,0.04317428994949431
631,0.8090842638024511,0.027043763325418434,0.12067781763440308,0.04319415523772731
632,0.8089653337375061,0.026893067600947368,0.12091381854891418,0.043227780112632355
633,0.8090554549102127,0.026748302700144576,0.1209458870012428,0.04325035538840004
634,0.809030940459035,0.026597732258881727,0.1210664390788762,0.04330488820320701
635,0.8090876059531338,0.0264708907841888,0.12111733071637934,0.04332417254629829
636,0.8090638451406844,0.026312667565077098,0.12127750628272249,0.043345981011515954
637,0.8091168244955693,0.02618220482806683,0.12131687273644484,0.04338409793991917
638,0.8090927726759688,0.026066060690346844,0.12140460838011709,0.043436558253567445
639,0.8090570676547676,0.02592736741976821,0.12155043661848626,0.0434651283069779
640,0.8090285825580681,0.025772001266214574,0.12171015593566906,0.04348926024004814
641,0.8090565375432023,0.02564787033962255,0.12178122910212855,0.043514363015046714
642,0.8090779372554484,0.02550309299094249,0.12187574536908892,0.043543224384520164
643,0.8091212426379288,0.025364066370610568,0.12193427647841501,0.043580414513045715
644,0.8091524264145817,0.025233899912886625,0.12199526509164657,0.043618408580885094
645,0.8091368262425087,0.025101317712229156,0.12212093719288504,0.043640918852377045
646,0.8090588292022692,0.024986041109212515,0.12228883972518519,0.04366628996333301
647,0.8091281232323476,0.02486510602875939,0.12229596880810674,0.043710801930786164
648,0.8091241402088805,0.02473125647814564,0.12239482752915558,0.04374977578381811
649,0.8091768748520295,0.024593459612346612,0.12246073625827622,0.04376892927734767
650,0.8091302283756665,0.024441879660002927,0.1226193372833676,0.04380855468096294
651,0.8092552162569522,0.024307526812251574,0.12261480411342363,0.04382245281737254
652,0.8091710286310099,0.0241561030471512,0.12280892065841324,0.04386394766342564
653,0.8092646379282871,0.024005113595657084,0.12284185691175456,0.043888391564301396
654,0.8093490802538916,0.023874334836609883,0.1228345815842442,0.04394200332525426
655,0.809263338998907,0.023742983170925786,0.12301354148700316,0.043980136343164125
656,0.8093027207101287,0.023626813580687613,0.1230726133423254,0.043997852366858256
657,0.8092150142509237,0.023513616865983227,0.1232208610704704,0.044050507812622805
658,0.80917187208395,0.02340373090686356,0.12333514873171211,0.04408924827747436
659,0.8090920787373876,0.02326876220512984,0.12351149475903593,0.04412766429844647
660,0.8090496635808977,0.02315007578832442,0.12362758082627985,0.04417267980449794
661,0.8090166170939252,0.023013379694274964,0.12375623003884,0.04421377317296003
662,0.8090147165990966,0.022903451774134588,0.12383805003230741,0.04424378159446123
663,0.8090597017873286,0.022790188583518656,0.12388076142165334,0.04426934820749943
664,0.8090361413305247,0.022666286641247386,0.12400366659164035,0.04429390543658747
665,0.8089567619862411,0.022519514875754668,0.12419117474245867,0.04433254839554547
666,0.8088865481431398,0.02241816364177499,0.12431146212720859,0.04438382608787662
667,0.8088273238632411,0.022298721397346507,0.12442084435639209,0.0444531103830204
668,0.8088134465144068,0.022184548502382682,0.12451551215639031,0.04448649282682031
669,0.8087140357114849,0.022076999383038726,0.12467605640709041,0.04453290849838597
670,0.808731726922954,0.021938902083307548,0.12475104957026975,0.04457832142346864
671,0.8087400846540728,0.02179594576860418,0.12485434024988722,0.04460962932743591
672,0.8087408779700487,0.02167098754985612,0.12496378489514173,0.044624349584953496
673,0.8087686254012674,0.021544533196641756,0.12501609452980011,0.04467074687229076
674,0.8087432234313929,0.0214330096465767,0.12512983502652025,0.04469393189551004
675,0.8086851782791771,0.021338167320343902,0.12523616139858462,0.04474049300189451
676,0.8086113410886522,0.021233469505668272,0.12538979862496255,0.04476539078071683
677,0.8085210698213647,0.021107828189838734,0.12556035650735697,0.0448107454814395
678,0.8083305856631032,0.021020665323701865,0.1257886462489793,0.044860102764215655
679,0.8083249152945111,0.020919505994934647,0.1258614841720783,0.04489409453847596
680,0.8082720246504429,0.020839140715179803,0.12595350066722327,0.04493533396715405
681,0.8083445117552506,0.020718872114788667,0.12595588474433989,0.04498073138562077
682,0.8083616648392317,0.020616432724692636,0.1260399255547946,0.04498197688128118
683,0.8083357734008043,0.02050451254319438,0.12612483811902614,0.04503487593697521
684,0.8081680491664814,0.020402358724493773,0.12634197685538534,0.04508761525363951
685,0.808039367920103,0.02030774435376339,0.12652185926353937,0.045131028462594244
686,0.8080106636207004,0.02019829895575207,0.1266090269197863,0.04518201050376118
687,0.8079798504079149,0.020074803506247862,0.1267048223349983,0.045240523750839055
688,0.8080868463457296,0.01996620558772243,0.12668494606302663,0.04526200200352136
689,0.8081730577163837,0.019847962406662527,0.12669062800109823,0.04528835187585552
690,0.8080965263161026,0.01975051527354393,0.1268270221328299,0.0453259362775236
691,0.8080484117250585,0.019646818708471965,0.12692967376926054,0.04537509579720895
692,0.8080603902946464,0.019549373547157068,0.12697289260970815,0.04541734354848834
693,0.8080293623072045,0.01943795101738379,0.12708221471741057,0.04545047195800126
694,0.8079628950381291,0.01933878214138489,0.12720061361018134,0.04549770921030448
695,0.8079776799713121,0.019248378550445505,0.12726819384238924,0.045505747635853175
696,0.8079849428852219,0.019172532886609372,0.12733563210323381,0.045506892124935014
697,0.8078641302423047,0.01907925739857854,0.12751863947908862,0.04553797288002811
698,0.8078120756247948,0.01899285416688192,0.12762318202634954,0.04557188818197387
699,0.8078345812195451,0.018899270166876266,0.12765498487535926,0.04561116373821934
700,0.8076929127462973,0.0188007874113122,0.12787015533406193,0.045636144508328556
701,0.8076515948156219,0.018692644191853094,0.12799383429461922,0.045661926697905864
702,0.8076637635872537,0.01861762178828683,0.12801192467902037,0.045706689945439104
703,0.8075739835910987,0.018530839557019223,0.1281369804886352,0.04575819636324683
704,0.807521740931423,0.018427413598643395,0.1282750045277438,0.04577584094218971
705,0.8073822831765561,0.018319856144527864,0.1284913576307147,0.045806503048201316
706,0.8074687142062453,0.018236076943664425,0.12845836712295594,0.04583684172713422
707,0.8074389021863523,0.01814237875922866,0.1285560151452711,0.04586270390914802
708,0.8073289258701293,0.018063174440061593,0.12870983879799688,0.04589806089181218
709,0.8072182536450638,0.017986017127821236,0.1288490106113623,0.04594671861575269
710,0.8072154807615913,0.0178831752253864,0.12892865969166162,0.045972684321360605
711,0.807162748064562,0.01777962812223808,0.12904495175698988,0.04601267205620996
712,0.8070560293259929,0.0176912458464586,0.12919378757754757,0.04605893725000087
713,0.8070491447331779,0.017586384891310987,0.12925878171212557,0.04610568866338551
714,0.8069418913520916,0.017466590217480905,0.12947103641458524,0.04612048201584207
715,0.8069614855554782,0.01737051464700608,0.12952886802722624,0.046139131770289485
716,0.806979514296232,0.01726267640553606,0.12956712329408285,0.046190686004149016
717,0.8068412109023597,0.01717376973357442,0.12976090670240875,0.04622411266165692
718,0.8067991943419489,0.017081662994807432,0.12986002949215347,0.04625911317109007
719,0.8068967586766596,0.01702121322947285,0.12980601011459736,0.04627601797927021
720,0.8067809766277183,0.016949630558477653,0.12996693703579415,0.046302455778009954
721,0.8067817218298691,0.016869263892471162,0.13001432139663005,0.046334692881029794
722,0.806657480052797,0.016776810258738693,0.1301947671771895,0.04637094251127471
723,0.8067001482155277,0.016696837793516956,0.1301890127857668,0.04641400120518847
724,0.8065764137149823,0.0166033999517212,0.1303732118472534,0.0464469744860432
725,0.8065703686286344,0.016524133427271916,0.13041168548059173,0.04649381246350191
726,0.806645266158592,0.016421209322115528,0.1304173382156673,0.04651618630362505
727,0.8066292868397795,0.01637051166282162,0.13047433637622233,0.04652586512117647
728,0.8064885030799388,0.016290205855449123,0.13064661474848246,0.04657467631612951
729,0.8065193214201756,0.01619483181868599,0.1306790966328311,0.046606750128307485
730,0.8063364876822767,0.01611161165013076,0.13093648763789265,0.04661541302969979
731,0.8062877591189762,0.016007626950650188,0.131036067836757,0.04666854609361661
732,0.8061407542652237,0.015930305536878873,0.13121056928887026,0.04671837090902711
733,0.8059797210953562,0.015826224218953806,0.1313924325853812,0.046801622100308846
734,0.8058377374090447,0.01573223429696963,0.13158607704236197,0.0468439512516236
735,0.8058663348535233,0.01566225409905865,0.13162745123844216,0.04684395980897576
736,0.8059205123209587,0.01558025717153727,0.13160585892240356,0.04689337158510042
737,0.8058452386020706,0.015504959686677172,0.13171381932980517,0.046935982381446965
738,0.8056944904865617,0.015409717232045516,0.13193165517150365,0.04696413710988917
739,0.8056683425193791,0.015350373498013803,0.13203311015569033,0.046948173826916816
740,0.8057811239292058,0.015252193815792108,0.1319914629149005,0.04697521934010159
741,0.805814599693953,0.015130870900167653,0.1320413922888231,0.047013137117056195
742,0.805789617945786,0.015032827741091295,0.13214579598594622,0.04703175832717656
743,0.8058473255247423,0.014948248136256448,0.1321314377918738,0.04707298854712739
744,0.805626627056607,0.014854176181154649,0.1324120715281732,0.047107125234065204
745,0.8056141672157953,0.014776583537871618,0.13247418888410284,0.047135060362230266
746,0.80562679682644,0.01473691315618259,0.13243778875437345,0.04719850126300387
747,0.8055224037865626,0.014650471261742381,0.13257092833843728,0.04725619661325762
748,0.8055060302958598,0.014559911958884036,0.13264420716525255,0.04728985058000361
749,0.8054844378623862,0.014488096578481015,0.13269634065096453,0.04733112490816806
750,0.805328316898213,0.01441659423853799,0.1328776086462688,0.047377480216980274
751,0.8052273757346823,0.014331342371548183,0.1330266878570425,0.04741459403672691
752,0.8050758360007941,0.01425463658997396,0.13320094276881367,0.047468584640418185
753,0.8049653093361879,0.01419155261925476,0.13330237679186127,0.04754076125269605
754,0.8048541161716093,0.014135582217378451,0.13346556722098243,0.04754473439002978
755,0.8047267285846942,0.014044856995823463,0.1336069773077476,0.04762143711173478
756,0.8046279275606775,0.013956075699640238,0.13380271475632188,0.04761328198336024
757,0.8044957636098916,0.013887143686884398,0.13395252663862278,0.04766456606460132
758,0.8043693817759566,0.013821530225717036,0.13411194438315774,0.04769714361516865
759,0.8043968723157393,0.013744446598364416,0.13415038562694317,0.04770829545895315
760,0.8043804108513732,0.013686090456635375,0.13419522168406456,0.04773827700792679
761,0.804239836871053,0.013637639206883382,0.13434909228439057,0.047773431637672926
762,0.8040307755138851,0.013560011211255408,0.13461795010659244,0.04779126316826695
763,0.803942346683494,0.013485386447259514,0.13474393245101143,0.04782833441823493
764,0.803845823948388,0.01343855527881615,0.13483986339353862,0.047875757379257054
765,0.8037258025977865,0.013372896598193709,0.13501373294276917,0.0478875678612506
766,0.8036596728348193,0.013282412855652539,0.1351038526752469,0.04795406163428117
767,0.8034966351619159,0.013224475966818213,0.135331266394969,0.04794762247629681
768,0.803552377555441,0.013155463225300451,0.1352949376980491,0.047997221521209395
769,0.803421148269938,0.013084217890841594,0.13546648546902668,0.04802814837019377
770,0.80325402975354,0.013037878554408262,0.1356518192818545,0.04805627241019729
771,0.803085562995632,0.012958782803893374,0.13589577434892705,0.04805987985154736
772,0.8029569468911802,0.012894480437981734,0.13604377288129185,0.04810479978954629
773,0.8028375289690011,0.012818962753057269,0.13617295965032858,0.04817054862761293
774,0.8028029352434854,0.01272786170249977,0.13625888286432125,0.04821032018969335
775,0.8025943495153569,0.01266958261055547,0.13647229212721493,0.048263775746872586
776,0.8026626233870235,0.012606269432322006,0.13650350767913305,0.04822759950152149
777,0.8024260781589433,0.012549809358779284,0.13672334142013556,0.04830077106214196
778,0.8023424309603028,0.01251789421752754,0.13679092963959683,0.04834874518257279
779,0.8021583588713538,0.012466439959955347,0.13696103800123363,0.048414163167457246
780,0.8021010718560045,0.012422663957339864,0.1370320153790367,0.04844424880761893
781,0.8020548951136593,0.01238800828911441,0.13708711808878885,0.04846997850843735
782,0.8019518233213965,0.012292199677799208,0.13724279142067292,0.04851318558013137
783,0.8019381853697374,0.012211503800949364,0.13728247846058875,0.04856783236872456
784,0.8018977579804272,0.01213911850214828,0.137375234270464,0.04858788924696063
785,0.8018345167917259,0.012099762019288732,0.13745121769136878,0.04861450349761655
786,0.8015510861610553,0.01208077520453878,0.13768660159396084,0.04868153704044508
787,0.8014511456394248,0.012034479694765522,0.13779358818286058,0.0487207864829491
788,0.8013898865236632,0.011969335152638528,0.13789478811406708,0.048745990209631204
789,0.8012084218223485,0.011917963963372668,0.13806510931935462,0.04880850489492422
790,0.8011428192022884,0.011880919305641002,0.13811257916342354,0.04886368232864717
791,0.8010991899431911,0.011794330085048802,0.1381938967843099,0.04891258318745014
792,0.8010063825082792,0.01172284342802565,0.1383509972659604,0.048919776797734744
793,0.8010158250797772,0.01163800530831603,0.13840333336820182,0.04894283624370481
794,0.800790654074812,0.011573589255301366,0.13865201781740802,0.04898373885247857
795,0.8006560465006214,0.011518474361672073,0.13882892423501486,0.04899655490269169
796,0.8005881286636327,0.011488529906527479,0.13888335030951054,0.04903999112032903
797,0.8004130134246195,0.011407766797624303,0.13912819211132543,0.04905102766643076
798,0.8003584941037752,0.011351086209270531,0.13916431989364839,0.0491260997933058
799,0.8002816447300164,0.011277990925408155,0.13926454057325005,0.04917582377132547
800,0.800150895705808,0.011225156391697941,0.1393899401347537,0.049234007767740375
801,0.800020434634028,0.01115986737844597,0.13952736656593884,0.04929233142158711
802,0.7999081114865595,0.011115106854176795,0.1396227831233148,0.04935399853594889
803,0.7998381464583629,0.011036356697930325,0.13973114188548763,0.04939435495821902
804,0.7998114217870793,0.010982172812977926,0.13977261308515038,0.04943379231479232
805,0.7996180362819549,0.01096498403700679,0.1399149872965565,0.04950199238448173
806,0.7995208156375074,0.010913227047473235,0.14003261599406733,0.049533341320951975
807,0.7993440951966873,0.010860636955463838,0.14021075041836173,0.04958451742948718
808,0.7991833119103754,0.010806078009032577,0.1404024636508395,0.04960814642975257
809,0.7991027476859482,0.010740866115255609,0.1405562613895454,0.04960012480925064
810,0.7989147057911339,0.010675946211782722,0.14077570891609986,0.049633639080983484
811,0.7988901201653655,0.010622371147906786,0.14084612455128154,0.04964138413544611
812,0.7989029254667099,0.01057798982730336,0.140856449270335,0.04966263543565167
813,0.7987725549337382,0.010542238152126022,0.1410147846393952,0.04967042227474079
814,0.7986099649007953,0.01049382323829088,0.14118112215852713,0.049715089702386715
815,0.7983600577402734,0.010505828273922201,0.14133739777216053,0.04979671621364391
816,0.7982311508108675,0.010467540059013649,0.1414461131913138,0.049855195938805094
817,0.7981596505019274,0.01042505996965356,0.1415367333109745,0.04987855621744448
818,0.79806849583892,0.01039158305869188,0.1416033937114789,0.04993652739090926
819,0.7978491843236787,0.010374089363267114,0.1417937230488173,0.049983003264236874
820,0.7977462070004752,0.010332953647631813,0.14190786084673382,0.05001297850515919
821,0.7975884240473168,0.01029074694045488,0.14208131712685557,0.05003951188537272
822,0.7974843144011952,0.010250230599959274,0.14219912644255164,0.05006632855629393
823,0.7973847893361198,0.010212472650371602,0.14230353594679176,0.0500992020667169
824,0.7974319406596713,0.010172306379152524,0.14227995000939692,0.05011580295177924
825,0.7974160686512601,0.010097938246080108,0.1422971816475433,0.050188811455116625
826,0.7974775769776116,0.01007502946182454,0.1422424299965523,0.05020496356401161
827,0.7972951323942931,0.010032323542422162,0.14240709734984272,0.05026544671344198
828,0.7973314000965557,0.009972758219609362,0.14238914288163268,0.05030669880220236
829,0.7971548046728205,0.009927595570318387,0.14257253677189013,0.050345062984970934
830,0.7968445877301219,0.009907313123434298,0.1428439596652587,0.05040413948118505
831,0.7965999341709767,0.009835062874764107,0.14311973194144018,0.05044527101281889
832,0.7964533240406272,0.009806235861135,0.14328372108427584,0.05045671901396202
833,0.7962373306423352,0.009770022651668687,0.14346181919202547,0.05053082751397068
834,0.7961359898449265,0.009721551793904975,0.14356118359815864,0.0505812747630098
835,0.7959937183341063,0.009681288940176665,0.14367852377919318,0.05064646894652379
836,0.7958977113204612,0.009616592855655231,0.14378124098321227,0.05070445484067121
837,0.7957570587181909,0.009587982917927626,0.14385186730361446,0.05080309106026694
838,0.7957221838376525,0.00953212370491464,0.14391119686326898,0.050834495594163774
839,0.7954869468105199,0.009489474194771546,0.1441139591822632,0.05090961981244533
840,0.795457873331707,0.009437777276517333,0.14413511303606302,0.050969236355712655
841,0.7954494004791455,0.00943232305098404,0.14410282812524913,0.05101544834462142
842,0.7952703853200764,0.009386569853344842,0.14427912237648804,0.0510639224500906
843,0.7951559719501604,0.009318742300970004,0.14442021907840924,0.05110506667046033
844,0.795069782470208,0.00927253153630138,0.1445380550806718,0.05111963091281879
845,0.7949131665022994,0.009246313147577744,0.1446656198436003,0.051174900506522555
846,0.7947164303455346,0.009216512837895352,0.14479295795606367,0.05127409886050638
847,0.7945584466830191,0.009179109620412285,0.1449383953378727,0.05132404835869586
848,0.7943751002093952,0.009142672408872395,0.14514681039158603,0.05133541699014641
849,0.7942668318378294,0.009093845817118118,0.1452613746851899,0.05137794765986242
850,0.7940379908760545,0.009093951872300877,0.14542631953207177,0.051441737719572944
851,0.7939866701310689,0.009060723957703028,0.14550773803535816,0.051444867875869806
852,0.793849914952282,0.009033852736950296,0.14562021154787683,0.05149602076289087
853,0.7937079071079658,0.009009300391657418,0.14574371326016447,0.05153907924021234
854,0.793613518259691,0.008967863430865461,0.1458323101328734,0.05158630817657023
855,0.7934992242176794,0.008926731800621741,0.14595077501969164,0.051623268962007196
856,0.7933442187600231,0.00888661637923438,0.14610247232149481,0.051666692539247695
857,0.7930718759491644,0.008838178250839704,0.14637831381992186,0.05171163198007415
858,0.7930077632102868,0.008806116158646906,0.14646081346014633,0.05172530717092003
859,0.7928364474512165,0.008781059349914837,0.14664383699832856,0.05173865620054017
860,0.7925520941292867,0.008754154628498169,0.1469140772411078,0.0517796740011072
861,0.7923708170001417,0.008706848260294513,0.14710529447190684,0.05181704026765697
862,0.7923853652264972,0.00865140069379082,0.14710763853101727,0.05185559554869479
863,0.7920876202015987,0.008614609893286662,0.14741135386588072,0.05188641603923374
864,0.7919397026927528,0.008579007826188142,0.14759379923812516,0.05188749024293403
865,0.791672776980513,0.008581935164350423,0.14781840869408852,0.051926879161048045
866,0.7916623244432575,0.0085760779313989,0.14781237128220961,0.05194922634313402
867,0.7916064292696842,0.008513488750171442,0.14789756736589818,0.051982514614246245
868,0.7915728497646756,0.008494699512895054,0.14794902704239185,0.05198342368003757
869,0.7913311461581879,0.008427509516735168,0.1481960210211577,0.05204532330391927
870,0.7913019080704122,0.008391781258771297,0.14823569394142566,0.05207061672939085
871,0.7911243684624146,0.008321603641818697,0.148441847943279,0.052112179952487646
872,0.7909899046064855,0.008288240073041166,0.14859907397374783,0.05212278134672543
873,0.7909136599776578,0.008264665224090105,0.14866881392727033,0.05215286087098166
874,0.7907842685004742,0.008191673018381931,0.14880918981432123,0.052214868666822664
875,0.7905693795884225,0.008152664175677787,0.14901740224431015,0.052260553991589395
876,0.7903416549332108,0.008108718785718831,0.1492338395772845,0.052315786703785824
877,0.7902401952438166,0.008091012404247722,0.14930022367278062,0.05236856867915499
878,0.7899320127901037,0.008054553309207475,0.1495829257852616,0.05243050811542723
879,0.7899740535211016,0.007959673352329857,0.14963269663722337,0.05243357648934516
880,0.7898440517317267,0.00792857467615515,0.1497317115704809,0.05249566202163734
881,0.7898162357175755,0.007941267387069195,0.14975023207152469,0.05249226482383048
882,0.7897603802247509,0.007865125880037184,0.14982144681890325,0.05255304707630863
883,0.7896548856447334,0.007829861495582884,0.14994104594438762,0.05257420691529617
884,0.7894651827370438,0.007816457256594663,0.15012161100688698,0.05259674899947446
885,0.7893115093294949,0.007785138866021103,0.1502592676281615,0.052644084176322624
886,0.7891532969957098,0.0077813243232947695,0.15036621457177873,0.052699164109216746
887,0.7891618259679067,0.007719375786989448,0.15040520743887292,0.05271359080623089
888,0.7889823704967501,0.007657266633013598,0.15060551421527085,0.052754848654965394
889,0.7887363636223881,0.007643738222188096,0.15081959585992466,0.052800302295499216
890,0.7886131480712194,0.00758784482199248,0.15096445764012775,0.05283454946666037
891,0.788548338934559,0.0075768815478712784,0.15099664608752175,0.052878133430048026
892,0.7883801556815122,0.0075613477579736296,0.1511437170638319,0.05291477949668218
893,0.7880816936469752,0.007560295968283087,0.1514083400864396,0.052949670298302
894,0.7879631623877905,0.007537255948048892,0.15153680072796888,0.05296278093619174
895,0.7877984454037977,0.007530954847858683,0.1516453631576529,0.053025236590690784
896,0.787667514318717,0.007508447101329004,0.15172034272443297,0.053103695855521084
897,0.7876080567514931,0.007484254956503511,0.15176659738374276,0.05314109090826069
898,0.7874292733711329,0.007441473755957701,0.15193864585526645,0.05319060701764307
899,0.7872563156390046,0.007373820619990605,0.15214205635161143,0.05322780738939341
900,0.7870193284061986,0.007354237825488991,0.15240444033507575,0.05322199343323657
901,0.7868924941007726,0.007317247333461135,0.15253297168566884,0.05325728688009732
902,0.7865949325016983,0.00733952029092578,0.15279426738268181,0.05327127982469414
903,0.7865096426071938,0.007299957533973356,0.15288130146794154,0.05330909839089128
904,0.7863335599125069,0.007277716517627195,0.15303816037183252,0.0533505631980334
905,0.7861439226067598,0.007222750367680763,0.153262953780911,0.05337037324464837
906,0.7860990711199112,0.007197168882064567,0.1532597496134356,0.053444010384588694
907,0.7861038619684851,0.0071667557964210605,0.15325888507738492,0.053470497157708796
908,0.7859619353169095,0.007163671827889415,0.1533968705679313,0.053477522287269805
909,0.7858494042872379,0.00714293925413754,0.1535297673342887,0.053477889124335834
910,0.7857741886181526,0.007088938632699375,0.1536271839510636,0.05350968879808451
911,0.7855237176114205,0.0070812579378098485,0.15390238783499038,0.05349263661577934
912,0.7856210506094565,0.007065531270704683,0.15379283654186549,0.05352058157797326
913,0.7853643195374092,0.007067540336295463,0.15401089142575336,0.05355724870054203
914,0.7851351029380249,0.007055861774906054,0.15422384868267644,0.053585186604392765
915,0.7849356592003623,0.00703835729805829,0.15444762662915196,0.05357835687242738
916,0.7847333215826436,0.006988407837499025,0.15467249060410065,0.0536057799757567
917,0.7845077432391048,0.0069648946386924055,0.15492913934541397,0.053598222776788884
918,0.7845493025494562,0.006962045596107175,0.1548746773146766,0.05361397453975999
919,0.7845370138833099,0.006914713829502898,0.15488196253307257,0.05366630975411468
920,0.7843514219095089,0.006889162628800025,0.15504035376775638,0.053719061693934624
921,0.7840558431368853,0.006850133915783397,0.1553872134506549,0.05370680949667657
922,0.7837374482567862,0.006809551779154705,0.15572431218475652,0.05372868777930249
923,0.7836696229322919,0.006760562992629722,0.15582060800006325,0.05374920607501517
924,0.7835546636832602,0.006738089480198345,0.15593157265005733,0.05377567418648421
925,0.7834558102861323,0.006681365821994728,0.1560575214893179,0.05380530240255493
926,0.7835120395002098,0.006682775445443113,0.15597800245352417,0.053827182600823
927,0.7834059208790249,0.006642453961742806,0.1560958171140759,0.05385580804515634
928,0.783163562236165,0.006615594951912794,0.15629486713593294,0.053925975675989155
929,0.7830839716862092,0.0065942705941184915,0.15638310278182743,0.05393865493784478
930,0.7829743523372585,0.0065489130874763655,0.15645357560418158,0.05402315897108352
931,0.7829623501045166,0.006494593295575976,0.15648776784867366,0.05405528875123382
932,0.782779021594514,0.006471729371306351,0.15665889395793187,0.054090355076247786
933,0.7825947046181743,0.006452555996518896,0.15676407566693212,0.05418866371837479
934,0.7824805969876822,0.006446922571637749,0.15681713644667522,0.054255343994004765
935,0.7823499451430355,0.006420659057546181,0.1569151792965483,0.05431421650287016
936,0.7822220820631658,0.006378789005699675,0.1570298425586791,0.054369286372455285
937,0.7822552641554132,0.006326703369788527,0.15701666328753278,0.054401369187265444
938,0.7823337795393249,0.006265448796854023,0.15693664604347363,0.054464125620347435
939,0.7820819004725437,0.0062548875297029445,0.15717157497521578,0.05449163702253755
940,0.7820792238538543,0.006233192038865158,0.15718263094185367,0.05450495316542683
941,0.7819499492603368,0.006208489514361183,0.15737766794941116,0.05446389327589092
942,0.7817947933276705,0.006194404830411561,0.1574797051623858,0.054531096679532085
943,0.7815864849554279,0.006161751455451519,0.15766066288068908,0.0545911007084315
944,0.7815249520115032,0.006147963649617852,0.15770394436704988,0.05462313997182907
945,0.7813698458737717,0.00615908612253356,0.15777627653910836,0.05469479146458632
946,0.7812307041705994,0.006130616431583673,0.15790717122046818,0.05473150817734862
947,0.7808344708939859,0.006156816015507683,0.1582463138774938,0.0547623992130125
948,0.7809557517560288,0.006115112802082187,0.1580990895166618,0.05483004592522711
949,0.7807603219901312,0.0060594911758191615,0.15828115718748695,0.05489902964656272
950,0.7806205705573117,0.006026588264135983,0.15845606967214118,0.054896771506411035
951,0.7805347724845727,0.006013463494725803,0.15850268034860332,0.054949083672098206
952,0.780474869594932,0.00600826908515918,0.15844994102259577,0.05506692029731318
953,0.7802542424799987,0.0059919885297356245,0.15866326928377456,0.05509049970649112
954,0.78003306216885,0.006000673591397792,0.1588553508201762,0.0551109134195759
955,0.7796511732807725,0.005997495489368343,0.1591701992040974,0.05518113202576178
956,0.7794995988730398,0.005981855864569361,0.15925170109229808,0.05526684417009291
957,0.7794342245399479,0.005995361168117938,0.15927278204415765,0.05529763224777654
958,0.7792903895906304,0.005952243352152458,0.159423709955522,0.055333657101695244
959,0.7789116663956912,0.005948384845867567,0.15973402190286867,0.05540592685557264
960,0.7787035808069808,0.005887462158748186,0.15995327050193436,0.05545568653233662
961,0.778694567387469,0.005842347126115066,0.1599509300466156,0.05551215543980018
962,0.7785361651353753,0.00585138939427303,0.16001409885739584,0.05559834661295589
963,0.7785614344098006,0.005826473448586386,0.159973513869545,0.055638578272067994
964,0.7785141673111332,0.005796986030798224,0.16004018419785526,0.05564866246021327
965,0.7783330454198654,0.005791021340554858,0.1602240937959545,0.05565183944362521
966,0.7780124265170089,0.005750806527383152,0.16050143308234546,0.05573533387326246
967,0.7779098184787738,0.0057368138975455755,0.16055929466459262,0.055794072959088024
968,0.777834906262867,0.005691864325376982,0.1606486444791069,0.055824584932649045
969,0.7776039774659713,0.00567842042505263,0.16081987870618733,0.0558977234027888
970,0.7773017800763781,0.0056897427317663994,0.16110578464814376,0.05590269254371175
971,0.7770757390332786,0.005666134100052213,0.16131812162468587,0.05594000524198334
972,0.7770333124057549,0.005656217888857005,0.16130670505737185,0.05600376464801626
973,0.7769546600394887,0.005654597181187877,0.1613237956774408,0.056066947101882605
974,0.7768106872097298,0.005605943435263041,0.1614792042252095,0.05610416512979771
975,0.7768132464829106,0.005596703648230515,0.161446740528931,0.05614330933992776
976,0.7765047867462872,0.005554536915519608,0.16175015035961937,0.05619052597857377
977,0.77640427073917,0.00549661724582807,0.16187476406041773,0.056224347954584294
978,0.776229030282786,0.005473641604666048,0.16206450218949403,0.0562328259230539
979,0.7759775168009565,0.005439465489496765,0.16224271194649836,0.05634030576304845
980,0.7759467883925988,0.0053725697842976605,0.16236547952656594,0.05631516229653766
981,0.7758269309712555,0.00536928227630597,0.1624880655715351,0.056315721180903375
982,0.7757362200701553,0.005380643705464827,0.16248851988052546,0.056394616343854474
983,0.7757389849303806,0.005385508678352904,0.1624599389323041,0.05641556745896239
984,0.7754249217022192,0.005365106031041099,0.16282257018684929,0.05638740207989037
985,0.7754538501483564,0.005368338654368633,0.1627454004667815,0.056432410730493446
986,0.7751133532622617,0.005337341227958739,0.16302323965773288,0.05652606585204669
987,0.7749511677708097,0.005285727112243187,0.16319650776924952,0.05656659734769757
988,0.7747074522077355,0.005316463136678557,0.16340985584368786,0.05656622881189801
989,0.7746456266788581,0.005325057809171744,0.16345220292521834,0.05657711258675184
990,0.7748225860180984,0.005344340766068607,0.1631955560633454,0.056637517152487646
991,0.7744574040124682,0.005327534354267221,0.16353346304011354,0.05668159859315095
992,0.7743761990584394,0.005323997941867633,0.16359912217032763,0.056700680829365344
993,0.7741037175254338,0.005321253412554406,0.1638126708640872,0.05676235819792451
994,0.7740449252628858,0.005297201969637261,0.16377531389767466,0.05688255886980233
995,0.7739317853676423,0.005270211550148852,0.16388157324690225,0.05691642983530663
996,0.7737308890026775,0.005300360056197289,0.16393171296437342,0.057037037976751734
997,0.7736133017841096,0.005303609691589407,0.16399659479183076,0.05708649373247038
998,0.7733181481427623,0.005307364527423805,0.16429403123442332,0.057080456095390475
999,0.7732645550811091,0.005299348096124724,0.16429941869907982,0.057136678123686314
1000,0.7730267682501551,0.0052810038139562655,0.1645485423792462,0.0571436855566424
1001,0.7727688903336618,0.005236528042873955,0.16481208925792823,0.05718249236553604
1002,0.7725328174243804,0.005198321460972542,0.1650763989281998,0.057192462186447246
1003,0.7724109715086079,0.005189585518431811,0.1651677623744669,0.05723168059849333
1004,0.7722632148476027,0.005214562145280552,0.16521275196788554,0.05730947103923105
1005,0.771990975177151,0.005164955741878168,0.16545917655019762,0.057384892530773224
1006,0.7719405922238386,0.005154082397199704,0.16557532801788452,0.05732999736107717
1007,0.7716593625177068,0.0051917520560794145,0.16578504670218208,0.0573638387240316
1008,0.7713208545712598,0.005128393917840642,0.16610475287164564,0.057445998639253995
1009,0.7712071218243051,0.005146455984814775,0.16617407706819848,0.05747234512268168
1010,0.7711233561481723,0.005111898010126362,0.16628103763277255,0.05748370820892873
1011,0.7709487245491905,0.005096783210366198,0.16642769310213823,0.057526799138305086
1012,0.770925506060889,0.005110537527962414,0.16637770658102674,0.05758624983012175
1013,0.7707405918039317,0.005113914402742949,0.16651816741037628,0.05762732638294904
1014,0.7707129337071641,0.005117055873385891,0.16652686425822458,0.057643146161225366
1015,0.7704920715823681,0.005082530681571905,0.166684554670963,0.05774084306509695
1016,0.770188985194862,0.005072891783073703,0.16693286728512002,0.05780525573694426
1017,0.7700770626966563,0.005069333344988621,0.1670080130931309,0.05784559086522406
1018,0.7696896004563083,0.005054581179663207,0.16739191375445225,0.0578639046095762
1019,0.7692686087784583,0.005026534212638678,0.16781595745918,0.05788889954972316
1020,0.7688575349642139,0.005015272456365639,0.16818643550585471,0.057940757073565684
1021,0.7687927943676558,0.005018558880975642,0.1682951720485558,0.05789347470281283
1022,0.7685357142837083,0.004989712386303679,0.1685382069132614,0.05793636641672667
1023,0.7684847377091827,0.004981751788237556,0.1685415958191628,0.05799191468341698
1024,0.7684161658324316,0.004966639093628747,0.16865845424335185,0.057958740830587954
1025,0.7681738526715234,0.004954368788133661,0.16888101876944775,0.057990759770895274
1026,0.7679841277801803,0.0049284314467478805,0.16907401869892943,0.05801342207414219
1027,0.7678225128174472,0.004912709408799873,0.16918635391025588,0.058078423863497
1028,0.7675310443520273,0.004856496231821622,0.16948068676888822,0.05813177264726286
1029,0.7672405182301031,0.004862052317403249,0.16974066669388302,0.05815676275861077
1030,0.767008408943086,0.004848528553253902,0.16989640999463942,0.05824665250902078
1031,0.7667445476128223,0.004800867755179598,0.1701981801580317,0.05825640447396642
1032,0.7666315367136908,0.004789651346968148,0.17026019818668775,0.05831861375265337
1033,0.7666101212274847,0.004743469035677967,0.17025974860663876,0.058386661130198546
1034,0.7662506188295687,0.004735026338489977,0.17054610374525522,0.05846825108668611
1035,0.7660086302254524,0.0047319089495271045,0.17071804922863404,0.05854141159638646
1036,0.7655880633360763,0.00468944852661466,0.1711103179975683,0.05861217013974083
1037,0.7654967696735099,0.0046464827457746724,0.17123714715452468,0.05861960042619072
1038,0.7651405347102037,0.004614519627606549,0.1715727887237936,0.058672156938396024
1039,0.7649576992280254,0.0046252547961550166,0.1716833352375658,0.05873371073825386
1040,0.7645359797578133,0.004621705755788809,0.1720810589465832,0.05876125553981465
1041,0.7645353678006371,0.0046200607163278335,0.17208218237893752,0.058762389104097576
1042,0.7642800637206338,0.004635722462940199,0.17228056530673877,0.05880364850968719
1043,0.7642053574556782,0.004630932185206884,0.17234694197209738,0.058816768387017694
1044,0.7637900611075491,0.004661577734580062,0.17269024699177385,0.05885811416609706
1045,0.763453451812784,0.004661784831385549,0.17301262435341172,0.05887213900241878
1046,0.7633250474472799,0.004654585186761181,0.17311011444544136,0.05891025292051767
1047,0.7631082463541394,0.004636198224120887,0.17330006499084588,0.05895549043089375
1048,0.7628327623472548,0.004604963788001055,0.1735705829643681,0.058991690900375995
1049,0.76246097028475,0.004582814605472325,0.1739286587899639,0.05902755631981367
1050,0.7622479900380581,0.004595345440480837,0.17413827879435645,0.059018385727104605
1051,0.76198687788561,0.0045653623987129705,0.1743753003108116,0.059072459404865385
1052,0.7616724139227478,0.004557762026230319,0.17461325207631373,0.059156571974708264
1053,0.7616397659056888,0.0045302427222119294,0.1746433641620706,0.05918662721002862
1054,0.7615547731281168,0.004478850190844458,0.1747204315937044,0.05924594508733434
1055,0.7612000894943425,0.00453339951127148,0.1749874479771088,0.0592790630172772
1056,0.7611932327701717,0.004453352769479375,0.17501403282039846,0.059339381639950485
1057,0.761028970706567,0.0044351276719052455,0.17516276332127184,0.0593731383002559
1058,0.7609726952095812,0.004404981512968736,0.1752497462922348,0.05937257698521516
1059,0.7608925977792887,0.004367465135448411,0.1753128580639501,0.05942707902131271
1060,0.7609314193461629,0.004349167293946717,0.1752265919590572,0.0594928214008331
1061,0.7608057912939938,0.004353887901549204,0.17537175279124648,0.05946856801321047
1062,0.7605328890080851,0.004325171523165418,0.17561708499001677,0.05952485447873259
1063,0.7605213876072778,0.004305310558071221,0.17569889216582885,0.0594744096688221
1064,0.7602286340544617,0.004293951829875705,0.1759391548760238,0.059538259239638694
1065,0.7601166334665115,0.004266916870486605,0.17602795026391038,0.05958849939909139
1066,0.7601872256356808,0.004286747338994038,0.17590815636587007,0.059617870659455154
1067,0.7601219311993879,0.004251988787444079,0.17600220407174655,0.05962387594142156
1068,0.7601603116341616,0.004206696880454845,0.17601646204269944,0.05961652944268403
1069,0.760034722648049,0.004207375614642602,0.17606324095572337,0.059694660781585064
1070,0.7597802568319437,0.004213516102631955,0.17622889491208624,0.059777332153338095
1071,0.7596629301131965,0.0041658771547311065,0.17645332150747023,0.05971787122460202
1072,0.7594856350853059,0.004131982683151907,0.17660469561769473,0.05977768661384748
1073,0.759327184137104,0.004106919365067299,0.17675365156129938,0.05981224493652931
1074,0.7590511982677333,0.0040928950764716416,0.17697923282643452,0.05987667382936057
1075,0.7589632575567997,0.004071124928441897,0.17703405947982,0.059931558034938506
1076,0.7589327805716819,0.004014784198004944,0.17713404580096168,0.05991838942935144
1077,0.759026808441881,0.004016490145773514,0.17700071681472823,0.059955984597617154
1078,0.7588251627613114,0.0039894513076888915,0.17709175585171136,0.06009363007928829
1079,0.7589247810658648,0.0039827778250782755,0.17697579478460573,0.06011664632445113
1080,0.7587580285355395,0.003940442272209896,0.17716500291641374,0.060136526275836724
1081,0.7583034645631589,0.003970512894311955,0.17753547812963527,0.06019054441289386
1082,0.7579091233284905,0.003929336163374548,0.1779590909254464,0.06020244958268857
1083,0.7574396263004204,0.003939086826771549,0.17834568639402776,0.060275600478780146
1084,0.7572854169665199,0.003994913472531602,0.17842058559235494,0.06029908396859359
1085,0.7572326580482953,0.004016313159688491,0.17846684474728997,0.06028418404472624
1086,0.7570109435009584,0.00398531380438784,0.17863703815110324,0.06036670454355035
1087,0.7565394592263266,0.003963114040434481,0.17912875508165615,0.06036867165158268
1088,0.7560301386539261,0.003930311546252844,0.17963673433535865,0.060402815464462356
1089,0.7557718490465264,0.003878622036797634,0.17990883104966984,0.060440697867006045
1090,0.7555447920676619,0.003857729918708373,0.1800643655378368,0.060533112475792974
1091,0.7551226632708352,0.0038331293726880447,0.1804916670228477,0.06055254033362906
1092,0.7550542016643575,0.003859644304958934,0.18053164960893292,0.06055450442175071
1093,0.754949897181424,0.003838821263962637,0.18057494486687883,0.06063633668773453
1094,0.754830163490861,0.003831958371752428,0.1807239758600961,0.06061390227729059
1095,0.7548501861776022,0.003810992489947835,0.1807252844415807,0.06061353689086928
1096,0.7546598704415495,0.003786288483837189,0.18089203859634853,0.060661802478264734
1097,0.7544770674997301,0.003783553948249016,0.18104085443349918,0.06069852411852161
1098,0.7544308686242451,0.0038056162166288853,0.1810706365321901,0.06069287862693575
1099,0.75434416131042,0.0037650438822186922,0.1811500955178873,0.06074069928947397
1100,0.7541012104755997,0.0037534611875355084,0.1813196948589228,0.06082563347794183
1101,0.7540538114707321,0.0036919609756540287,0.18132478413862937,0.06092944341498445
1102,0.7537236678289398,0.003679871832233641,0.1815669765509486,0.06102948378787779
1103,0.7533821571602054,0.003662068965724588,0.18188606162836818,0.06106971224570172
1104,0.7530835766516982,0.0036616766957800187,0.18216309160163288,0.06109165505088887
1105,0.7530028488963826,0.003670161693273666,0.18222442330729277,0.06110256610305096
1106,0.753124237776327,0.0036377066407692767,0.18209022902628122,0.06114782655662262
1107,0.75266545832934,0.003646091560253682,0.182484836215067,0.06120361389533929
1108,0.7525641587310186,0.0036391795892195275,0.1825197504939004,0.061276911185861406
1109,0.7523681378350103,0.0035686356967548913,0.18275562847550325,0.061307597992731576
1110,0.7521855157199862,0.0035694973431770484,0.18285718057994377,0.06138780635689302
1111,0.7519557637531884,0.003552855259496802,0.18305027127494194,0.061441109712372696
1112,0.7516363802568644,0.0035622049338873566,0.18329463656075157,0.06150677824849669
1113,0.7515744328376256,0.0035630922962056367,0.18332420649328013,0.0615382683728888
1114,0.7513244573193373,0.0035417483862218713,0.183500285108095,0.06163350918634575
1115,0.7513269928327977,0.003578283140522917,0.1833923254567936,0.06170239856988571
1116,0.7510475933484224,0.0035912086657178275,0.18364429467661653,0.061716903309243155
1117,0.7507735110206852,0.0036139608010676573,0.18386607452036324,0.061746453657883796
1118,0.7504411400565341,0.0036105860531196765,0.18411046596368177,0.06183780792666467
1119,0.7503855087301706,0.003592328564312363,0.18419478842047038,0.061827374285046664
1120,0.749776296128094,0.003638567272130016,0.18471095509461546,0.06187418150516048
1121,0.7493963891365775,0.003615727371758602,0.18506032948091572,0.06192755401074823
1122,0.7489236142197346,0.0035895495308512653,0.18552360651990352,0.061963229729510606
1123,0.7488828044970391,0.003606813504418218,0.18551518735710887,0.061995194641433674
1124,0.7485538477844935,0.003606351323364727,0.18577184812782005,0.062067952764321775
1125,0.7483548392143731,0.003581528369739237,0.18601712099310388,0.062046511422783765
1126,0.7480066462437371,0.003584601760200954,0.1862777691550764,0.06213098284098564
1127,0.7477548044615433,0.0035392939527395806,0.18652855790384662,0.062177343681870445
1128,0.7474554301443874,0.0035594035409059325,0.1867120950351999,0.062273071279506695
1129,0.7474363508052314,0.0035637655840844704,0.18666402303111732,0.06233586057956678
1130,0.7469737211792312,0.003542434469903928,0.1870613611907212,0.06242248316014365
1131,0.7467595743684491,0.003553669975498512,0.18715538814779042,0.06253136750826187
1132,0.7464859133462312,0.003543490591021395,0.18739400930368233,0.06257658675906522
1133,0.7460744952553746,0.0035544347973272003,0.18773836262774551,0.06263270731955259
1134,0.7459728818076898,0.0035660812126539184,0.18780418127769222,0.06265685570196412
1135,0.7457567430867158,0.003595960351101552,0.18791780469884606,0.06272949186333655
1136,0.7453445092634272,0.003579395266635154,0.1882577115860004,0.06281838388393725
1137,0.7450599470673622,0.00352503709078083,0.1885529049977098,0.06286211084414717
1138,0.7446349260092567,0.003501037979629743,0.1889864781037306,0.06287755790738293
1139,0.7445927939249077,0.0035090820576396597,0.1890027648112655,0.06289535920618712
1140,0.7442122630899614,0.0035099130489559885,0.18933901312327647,0.06293881073780624
1141,0.7438722511052822,0.0035219389364899616,0.1896154886169013,0.06299032134132651
1142,0.7435500180398184,0.003511680869427569,0.18984409798917112,0.0630942031015829
1143,0.7433612096422128,0.003472851629105616,0.19000345048669282,0.06316248824198888
1144,0.7430271360997642,0.003503398698115599,0.19022011390153487,0.06324935130058539
1145,0.7430507165925935,0.0034848077493805224,0.19014915356703624,0.06331532209098976
1146,0.7428943248833413,0.0034938978140662256,0.1903119835826394,0.06329979371995312
1147,0.7424596714383256,0.0035355016822903916,0.1907324287761114,0.06327239810327266
1148,0.7423441303920675,0.003513118144628169,0.19084101607733622,0.06330173538596814
1149,0.742344690673532,0.0034904242748113683,0.1908108778346131,0.06335400721704353
1150,0.7423618882631274,0.003448247980460366,0.1908301207663811,0.06335974299003115
1151,0.7419926515517993,0.0034698793755580173,0.19108081505617036,0.06345665401647224
1152,0.7419066385079305,0.003471877758694234,0.19115809077809715,0.06346339295527822
1153,0.7417482272942856,0.0035097303114343765,0.1913140371518615,0.06342800524241848
1154,0.7414469147175389,0.003462044112881972,0.19169942584742145,0.06339161532215784
1155,0.7412156943221138,0.00349418642690921,0.19180017951086464,0.06348993974011238
1156,0.7411835372922718,0.0034795302243666457,0.19184371717017412,0.06349321531318733
1157,0.7410061362914536,0.003499564241958104,0.19196955766575333,0.063524741800835
1158,0.7405490396362826,0.003493805032037305,0.19240617801056514,0.06355097732111478
1159,0.7405928844498659,0.0034838965597186306,0.19235410553404972,0.06356911345636555
1160,0.7400569746038766,0.003450721829420041,0.19286503528676857,0.06362726827993476
1161,0.7397275968556636,0.0034467565845028433,0.19316301633146318,0.06366263022837029
1162,0.7395978948940717,0.003422890986924361,0.1932604784996384,0.06371873561936561
1163,0.7393124129515579,0.0034182111814602943,0.19342609880463194,0.06384327706234968
1164,0.7392692108987342,0.003441208368741186,0.19338661732445717,0.06390296340806755
1165,0.7389512432954637,0.0034232730148459844,0.19369464119297058,0.06393084249671963
1166,0.7390938060070309,0.003400584774608717,0.19350245237666122,0.06400315684169913
1167,0.7387859828240728,0.0033967530646907356,0.19384129303119474,0.06397597108004169
1168,0.7387223679018018,0.003428436164062903,0.1938534811536045,0.06399571478053094
1169,0.738219031357735,0.003456231234172735,0.19425564314553295,0.0640690942625592
1170,0.7380397056028334,0.003413073858472028,0.19445491856764302,0.06409230197105166
1171,0.7377475595496182,0.0034584978942837734,0.19463370307419245,0.0641602394819054
1172,0.7379136084903016,0.0034950469962586003,0.19441917375258583,0.06417217076085394
1173,0.7375239744942768,0.003453725476241714,0.19479799861866356,0.06422430141081802
1174,0.7374088118475848,0.003420025767928421,0.1949355339642147,0.06423562842027204
1175,0.7370799742329335,0.0034121967154463243,0.19530568973737417,0.06420213931424612
1176,0.7368595566471245,0.003426760336072742,0.19548675230732346,0.06422693070947916
1177,0.7365608645586107,0.003440889601585534,0.1956600606894939,0.06433818515030987
1178,0.7363647694084791,0.0034224815855502452,0.1958466741728076,0.064366074833163
1179,0.7363118531674602,0.0034630356644124822,0.19580783985698477,0.0644172713111426
1180,0.7361716710068263,0.003412364825870092,0.19590621479650525,0.06450974937079822
1181,0.7360309527702451,0.0034094456695783863,0.19596191833390922,0.06459768322626727
1182,0.7355243893528591,0.0033925077594642973,0.19641501269985412,0.06466809018782241
1183,0.7352278805775626,0.00339334728536533,0.19666940738970246,0.06470936474736959
1184,0.7349181958892459,0.0033845048374041746,0.19693783379102608,0.06475946548232372
1185,0.734672242104274,0.0033708949162336134,0.19715245536765824,0.06480440761183416
1186,0.7340969741048793,0.0033521581092813718,0.197616700230691,0.06493416755514843
1187,0.7340321213971643,0.0033420477048531315,0.1976639974936774,0.0649618334043051
1188,0.7336776921511963,0.0033251140251834136,0.19795896754979142,0.06503822627382885
1189,0.7334247807913354,0.003302948735450455,0.19819274802064304,0.06507952245257112
1190,0.7332156346364769,0.0033439785092274467,0.19829818116608217,0.06514220568821358
1191,0.7328971447247108,0.003312490998786389,0.1986012966897966,0.06518906758670624
1192,0.732837107651118,0.003330871541429705,0.1985426350732981,0.06528938573415417
1193,0.7326685681279301,0.003372635300340452,0.19865101628425103,0.06530778028747845
1194,0.7321730376475064,0.0033775885446999756,0.1990975017035995,0.06535187210419421
1195,0.7320378507790606,0.003375733235033656,0.1991635133207496,0.06542290266515607
1196,0.7321176397255865,0.0033866673490747174,0.19905298203006377,0.06544271089527513
1197,0.7317812851674049,0.0034193645873430655,0.1993064865544244,0.06549286369082755
1198,0.7319495981988001,0.0033830217798194876,0.19914008140614164,0.06552729861523865
1199,0.7317843200984414,0.0034050319397343916,0.19924985437069975,0.06556079359112449
1200,0.7317188073708198,0.0033747752532325864,0.1992317021872893,0.06567471518865822
1201,0.7316027821056758,0.0033694788303267457,0.19936957718730625,0.06565816187669114
1202,0.7314894870013597,0.0033364194912721993,0.19951985299527844,0.06565424051208968
1203,0.7315878719954807,0.0033418774771105083,0.1993897399829267,0.06568051054448215
1204,0.7315512422354449,0.003388453823109888,0.19935396033652317,0.06570634360492206
1205,0.7311093567726789,0.003383965961397499,0.19971505021669503,0.06579162704922856
1206,0.7310347085593822,0.00339134943451644,0.19977103439085647,0.06580290761524493
1207,0.730538508712012,0.003384546843192534,0.20027860541978967,0.06579833902500584
1208,0.7304162709796123,0.0033805537174203142,0.20037271996562028,0.0658304553373473
1209,0.7300942230452048,0.0033570103995773128,0.20062097876971202,0.06592778778550597
1210,0.7299064660322581,0.003321710364706133,0.20067436664257943,0.06609745696045646
1211,0.7296361986725108,0.0033068788905896867,0.20094998900864006,0.06610693342825939
1212,0.729298647488518,0.0033074128948992567,0.2012131205718039,0.06618081904477882
1213,0.7290962526810951,0.0032929759053644514,0.2014063885950283,0.06620438281851206
1214,0.728666398632456,0.0032994032796066428,0.20179673650055205,0.06623746158738532
1215,0.7282632484624285,0.0033791765130939963,0.2020452549889716,0.066312320035506
1216,0.7279606716585006,0.003360060050013538,0.20234753929173008,0.06633172899975584
1217,0.7274766266235945,0.003352052459638495,0.20278319810026005,0.06638812281650704
1218,0.7271502495976869,0.003377323003247516,0.20309114084528876,0.06638128655377676
1219,0.7266780689398896,0.0033420830047659563,0.20356183289269641,0.06641801516264792
1220,0.7264096142500681,0.0033742663912836464,0.20376008173905774,0.06645603761959049
1221,0.7262172274927343,0.003408395708925005,0.2039153324039436,0.06645904439439716
1222,0.7259006135843148,0.00339230343040873,0.20415125204432055,0.06655583094095596
1223,0.7252744870956622,0.003413930630555328,0.20467452037440642,0.06663706189937597
1224,0.724974036404914,0.0034041959207449742,0.20497421720220835,0.06664755047213268
1225,0.7249535716682893,0.003370096174073399,0.20497220114035883,0.06670413101727836
1226,0.7246184513888019,0.0033365507223750155,0.20537472807386128,0.06667026981496185
1227,0.7241998873596007,0.003335661695345506,0.20572267559857135,0.06674177534648229
1228,0.7239881897822804,0.0033545174029118775,0.2058793355769076,0.06677795723790007
1229,0.7236625528439297,0.0033245677775889963,0.2062165768936266,0.06679630248485471
1230,0.7234197865162197,0.0033022865426765974,0.20648362342638746,0.06679430351471613
1231,0.723224493736072,0.0032879109653710936,0.20656485399366825,0.06692274130488868
1232,0.7233258410599246,0.0032556510415610827,0.20643429123357326,0.06698421666494096
1233,0.7232492751946922,0.00325184744434754,0.2064421930432986,0.0670566843176616
1234,0.723064847428561,0.0032496305352714893,0.2065923065836875,0.06709321545248004
1235,0.7227126922172704,0.0032555087842803835,0.2068165774277575,0.06721522157069167
1236,0.7227382980182762,0.0032920434146436117,0.2067627326522709,0.06720692591480926
1237,0.7226046258524395,0.0032540096346960826,0.2069059659110036,0.06723539860186094
1238,0.7223204141727173,0.003272395072194499,0.207186341120073,0.06722084963501516
1239,0.7218453542092526,0.003255620944821164,0.20762700064299358,0.06727202420293259
1240,0.721824401961425,0.0032278597590400526,0.20754249102769373,0.06740524725184131
1241,0.7215665244137892,0.0032058183715230814,0.20779975319241353,0.06742790402227428
1242,0.7212553488264966,0.0032166603441614117,0.20810396707012851,0.06742402375921341
1243,0.7212517805958223,0.00319622030303401,0.20811137564731425,0.06744062345382942
1244,0.7210883418983061,0.003197370361899572,0.20826966032392638,0.06744462741586796
1245,0.7208461847524955,0.0032043786371709917,0.20843842326826217,0.0675110133420713
1246,0.7207255162237423,0.0031948233674671802,0.2085471846867625,0.06753247572202806
1247,0.720611547347192,0.003198120428093485,0.20873178883168725,0.0674585433930273
1248,0.720647860085853,0.0031479566989948493,0.20873390053063182,0.06747028268452011
1249,0.7204250086819763,0.0031596530119539423,0.20879731525911066,0.06761802304695906
1250,0.7200418443141071,0.0031149521480216226,0.209223832338495,0.06761937119937625
1251,0.7197535429154513,0.003131918535177608,0.20947042746997563,0.06764411107939541
1252,0.7194194036127641,0.00310648436493322,0.2097001030835735,0.06777400893872923
1253,0.7189990537727491,0.003072274615527002,0.21012689066765633,0.06780178094406755
1254,0.7186626226394063,0.00300988256715645,0.21051357195562798,0.06781392283780932
1255,0.7184026101222407,0.00301151089928507,0.21078490942604264,0.0678009695524315
1256,0.7180581477933301,0.003059638218804968,0.21109490810049705,0.06778730588736788
1257,0.7179021766144997,0.003080699965499289,0.2111893231709557,0.0678278002490453
1258,0.7178814505393611,0.0030337553498701346,0.21130152319625473,0.06778327091451408
1259,0.7176321044233047,0.002983138972466092,0.21148906848239596,0.06789568812183325
1260,0.717377399380511,0.0029235459774911397,0.21165475254586402,0.06804430209613371
1261,0.7173709874918321,0.0029192284315679258,0.21165927349512254,0.06805051058147729
1262,0.717311696022678,0.0029008601405346424,0.2116877421068704,0.06809970172991703
1263,0.7165577646148407,0.0028943567470540578,0.21237172177269747,0.0681761568654077
1264,0.7165652047887825,0.0029100601943719425,0.21229631378174138,0.06822842123510417
1265,0.7162526754109393,0.0029252774900985897,0.21248227773011408,0.06833976936884806
1266,0.7161134835016281,0.0029015399816013374,0.21265776974039827,0.06832720677637227
1267,0.7154704738067614,0.0028878746407795964,0.21327430032504807,0.06836735122741083
1268,0.714985785868951,0.002874802956294761,0.21372938632387015,0.06841002485088409
1269,0.7143470064645456,0.0029015160342864433,0.2142735696370705,0.06847790786409737
1270,0.7142065960167954,0.002868245876531175,0.21436437674711964,0.06856078135955376
1271,0.7140514825881474,0.0028592596919885006,0.2145377496717053,0.0685515080481587
1272,0.7139149268221125,0.002816267709787397,0.21468418346740217,0.06858462200069788
1273,0.7135445401366534,0.002838724956620078,0.2148754055812287,0.06874132932549779
1274,0.7132489134146113,0.00286727218627539,0.2150497263670789,0.06883408803203442
1275,0.7130218593199985,0.0028650274973390294,0.21512430920450853,0.068988803978154
1276,0.7127257876222759,0.002870523729182581,0.21535182597244576,0.06905186267609575
1277,0.7124882849132865,0.002880775858398945,0.2155230961944826,0.069107843033832
1278,0.7121076172292243,0.002891803527361265,0.2158582076358031,0.06914237160761147
1279,0.7118466460386841,0.0029301847335783085,0.21600292907104174,0.06922024015669571
1280,0.7114602647363374,0.0029034588966854943,0.21633198344809035,0.06930429291888676
1281,0.7113404202593132,0.0029146979569935217,0.21645407697845415,0.06929080480523926
1282,0.7111920747231424,0.00287215948800998,0.21651695238342902,0.06941881340541863
1283,0.7108005292686138,0.002861763786315707,0.21689039664437565,0.06944731030069488
1284,0.7104913065622537,0.0028688828645439227,0.2170160267221751,0.06962378385102733
1285,0.7103858129498928,0.002800862041828612,0.21704277063502478,0.0697705543732539
1286,0.7098846806257333,0.0028061820635570897,0.2175053139031083,0.06980382340760131
1287,0.7097607951389263,0.002782499808911946,0.21747508024235537,0.06998162480980627
1288,0.709505815729359,0.002802523409104637,0.2176617951653373,0.07002986569619918
1289,0.7092663685626346,0.0027964382780705363,0.2178099273778066,0.07012726578148819
1290,0.7090762379446429,0.0027677240060335357,0.21798384279123106,0.07017219525809239
1291,0.7087468016025735,0.0027359028527394686,0.21833348189893592,0.07018381364575098
1292,0.7083835879036589,0.002764877081287801,0.21855023424496273,0.07030130077009066
1293,0.7082324738799737,0.002772306382216216,0.21856786057103209,0.07042735916677809
1294,0.7080028363779945,0.0028016276238035627,0.21865951779369047,0.07053601820451148
1295,0.7077829677619522,0.002821796923723318,0.21868572904849448,0.07070950626583009
1296,0.7076164836818073,0.0027718210130954235,0.21885559074158598,0.07075610456351118
1297,0.7074923463654664,0.0027637591973399996,0.2190650998739223,0.0706787945632714
1298,0.7075568498690729,0.0027558470340108936,0.2189362610559799,0.0707510420409363
1299,0.7073422958671529,0.0027950679213393976,0.21908848781018392,0.07077414840132379
1300,0.7073535197367239,0.0027578449992980637,0.21912266388855928,0.07076597137541878
1301,0.7070650342174221,0.0027626561370767814,0.21926696718124467,0.07090534246425649
1302,0.7067127073243552,0.0027945942902106104,0.21941017377072067,0.07108252461471355
1303,0.7068766005842156,0.0028122029588480025,0.21913513091133305,0.07117606554560327
1304,0.7064841636730799,0.0028130215116167066,0.21941416902527572,0.07128864579002761
1305,0.7062750110652513,0.002823366829921345,0.21953444935204103,0.07136717275278644
1306,0.7061335114945575,0.0028540234377886216,0.21951970195580744,0.07149276311184645
1307,0.7059358624968939,0.002867351776006025,0.21966498256891565,0.07153180315818453
1308,0.7053351550733309,0.0028809668818856027,0.2202214061983899,0.0715624718463935
1309,0.7051862301933983,0.0028549997101731724,0.22026854571018895,0.07169022438623958
1310,0.7049394143431137,0.002851280412363678,0.22041615621142924,0.07179314903309342
1311,0.7045960588222853,0.002869897126461009,0.2205847087151537,0.07194933533610012
1312,0.7045182065476536,0.002869701957261198,0.220573244360039,0.07203884713504624
1313,0.7041088979561341,0.002870808425476867,0.22098916544308897,0.0720311281753
1314,0.7037375946773141,0.0028925752577397684,0.2212755924969989,0.07209423756794713
1315,0.7035879685645162,0.0028429218983917134,0.22135059715030952,0.07221851238678251
1316,0.7032624210196736,0.002812891979113487,0.2216700303541419,0.07225465664707105
1317,0.7027392771536027,0.002826282969765096,0.2221557690607551,0.07227867081587717
1318,0.7026439906933651,0.0028392864519212056,0.22212714879328707,0.07238957406142661
1319,0.7024595097912858,0.0028099797470271305,0.22223264329429226,0.0724978671673947
1320,0.7020675504988256,0.0028058130091482398,0.22254802292450507,0.07257861356752111
1321,0.7020643291877995,0.0028568746786101933,0.22238022115580175,0.07269857497778869
1322,0.7019300125377539,0.0028182322967800957,0.22235713021068473,0.0728946249547814
1323,0.701730342225888,0.0028558056948859347,0.22244630973512586,0.07296754234410016
1324,0.7013510371363966,0.002835117230239416,0.22272690291079655,0.07308694272256758
1325,0.7012366645534733,0.0027866372177393793,0.22286198685858832,0.07311471137019891
1326,0.7014615912076245,0.0027310996224534597,0.22268876967954804,0.07311853949037392
1327,0.7008071304873003,0.0027769375670649464,0.22334839022519218,0.07306754172044266
1328,0.7004987348908841,0.002707103853042301,0.2235814716335321,0.0732126896225415
1329,0.7003931330785027,0.002708195123404522,0.2235951387210286,0.07330353307706419
1330,0.7000309630522026,0.0027205476538625676,0.22384081237934916,0.07340767691458572
1331,0.6995198731338416,0.0027350531295326852,0.22425287616424078,0.07349219757238495
1332,0.698883460429729,0.002730679433480065,0.22480493515123917,0.07358092498555177
1333,0.6984067139589015,0.002679431211631867,0.225119071868268,0.07379478296119861
1334,0.698330528983315,0.0026628320483095707,0.22521683860128014,0.07378980036709507
1335,0.6981121246776565,0.002684688718378539,0.2253390836288441,0.07386410297512083
1336,0.6979328437346767,0.002678525289658563,0.22550057040639565,0.07388806056926915
1337,0.6976654800041142,0.0027032415351394513,0.2256383139826485,0.07399296447809782
1338,0.696998566211605,0.0026861538826314,0.22639870165683407,0.07391657824892953
1339,0.6967555355169603,0.002667453617911359,0.2266942501442398,0.07388276072088851
1340,0.6963643712416095,0.0026571870622067355,0.22706707453301286,0.0739113671631709
1341,0.6961731446333246,0.002614653316743776,0.22721644173682193,0.07399576031310977
1342,0.6958901863590393,0.002656334413358631,0.2273815285927049,0.07407195063489729
1343,0.69551840042383,0.0026975343325107578,0.2276624306181314,0.07412163462552791
1344,0.6954310793462517,0.002703775318888401,0.22772538827220873,0.07413975706265112
1345,0.6951144970184964,0.002689010293330157,0.22805928530822123,0.07413720737995222
1346,0.6948038886758118,0.0026398233413043913,0.22838142012151774,0.07417486786136616
1347,0.6945114472865368,0.002632028026361601,0.22857003585301477,0.07428648883408676
1348,0.694469791813203,0.0025848394604490914,0.22848202312078963,0.07446334560555834
1349,0.6942518774525854,0.0025767852222777013,0.22864513811904152,0.07452619920609531
1350,0.6941127296663923,0.0025701276899231895,0.2286741705220884,0.07464297212159607
1351,0.6939089984505953,0.002575064048626684,0.22879212217977396,0.07472381532100393
1352,0.693820932771177,0.0025836669675681715,0.2288190238772097,0.07477637638404529
1353,0.6933742796264679,0.0026111928257144664,0.22932931364230882,0.07468521390550889
1354,0.6930195699272558,0.0025848680356437633,0.22968605027153327,0.07470951176556727
1355,0.6930886854894449,0.0025475414671767157,0.22959811379618972,0.0747656592471887
1356,0.6929960917151243,0.002611855809486226,0.22956015102074961,0.07483190145463979
1357,0.6928513708892843,0.002596103257089159,0.22972333042638593,0.07482919542724062
1358,0.6926049773171105,0.0025719587736265787,0.2299036415808427,0.07491942232842025
1359,0.6923485526175404,0.0025838682502516983,0.2300724059396952,0.07499517319251278
1360,0.6924224729468396,0.0026087901531932113,0.22998557336461434,0.07498316353535282
1361,0.6924803659168446,0.002607550080673845,0.2298881371131425,0.07502394688933896
1362,0.6918219908454126,0.0026218447000071745,0.23028380170030566,0.07527236275427458
1363,0.6917125432398836,0.0025987471926033575,0.23036070188203497,0.0753280076854781
1364,0.6912866930713036,0.002590957690087796,0.23070934493013268,0.07541300430847586
1365,0.6909771287774823,0.0025748221608722574,0.23080045778580977,0.07564759127583563
1366,0.690937879219722,0.00257519736355936,0.23071516218282911,0.07577176123388948
1367,0.6909331890634992,0.0026059571184952244,0.23061588875437047,0.07584496506363508
1368,0.6904809450618703,0.002592479502495783,0.23106374305176422,0.07586283238386952
1369,0.6900080052245678,0.002542879591811151,0.23147572332253322,0.07597339186108779
1370,0.6899441740212057,0.002526930436181662,0.2315209966294809,0.07600789891313173
1371,0.690150155521137,0.0025331375026271205,0.231173353338685,0.07614335363755079
1372,0.6901027804684087,0.0025260327030984095,0.2312343547901831,0.07613683203830987
1373,0.6897388634922685,0.0025177349818115797,0.2315066550189183,0.07623674650700159
1374,0.6900067827244041,0.0025419748723843325,0.23127898881152129,0.07617225359169023
1375,0.6898708123940579,0.0025401343237812534,0.23127643099402606,0.07631262228813475
1376,0.6896406046771715,0.002537176956584959,0.2313626796651223,0.07645953870112113
1377,0.6895114048331253,0.0025227485510547674,0.23137589433428865,0.07658995228153123
1378,0.6889544395011858,0.0025886153312547804,0.23181055759372726,0.07664638757383206
1379,0.6886862620320113,0.002590345168949882,0.23195591726313633,0.07676747553590246
1380,0.6883839309187105,0.0025815891033955443,0.23230438351490584,0.07673009646298816
1381,0.6882284347313449,0.002621153303359328,0.2323456487601505,0.0768047632051452
1382,0.6880608155876585,0.0025768736038329567,0.23236541716084447,0.07699689364766402
1383,0.6874483079018444,0.002610689165168229,0.23289014745503578,0.0770508554779516
1384,0.6872525262620413,0.002630757482320221,0.23292336018753526,0.07719335606810337
1385,0.68687910675526,0.002599738124735269,0.2331803854618289,0.07734076965817593
1386,0.6864258055714263,0.0025674404421961524,0.23370339150810615,0.0773033624782714
1387,0.6865161480968219,0.0026122278831587713,0.23355758622398057,0.07731403779603865
1388,0.6862421540278595,0.0025760673084660223,0.2337789978248745,0.0774027808388
1389,0.6860800216784627,0.002574871556036071,0.23376549235093433,0.07757961441456684
1390,0.6858982222188182,0.0026045162782677104,0.23386752677879175,0.07762973472412235
1391,0.6850832149501641,0.002653118209469414,0.23461935833740183,0.07764430850296458
1392,0.6849864163242424,0.0026458490240559704,0.2346856186328013,0.07768211601890045
1393,0.6848083419743062,0.0026323884128045764,0.23480105919020272,0.07775821042268652
1394,0.6846767481209811,0.0026252911109821138,0.2348697958752573,0.0778281648927796
1395,0.6839160921444698,0.0026578278864296838,0.2356859731239341,0.07774010684516633
1396,0.6837768545666967,0.0025988613774123636,0.2357640317016557,0.07786025235423522
1397,0.6836361818895834,0.00258370551306671,0.23594716196279847,0.07783295063455142
1398,0.6830912100399644,0.00263704746620847,0.23632759557642752,0.07794414691739951
1399,0.6834051503309584,0.002646903542817873,0.2358837017136096,0.07806424441261423
1400,0.6831622317727748,0.0026728371176027044,0.23603407706925683,0.07813085404036577
1401,0.6832048221304607,0.00270192998965394,0.2359624290632582,0.07813081881662705
1402,0.6832100257483043,0.0026573472629725665,0.23590272054960254,0.07822990643912071
1403,0.683146466960256,0.00263442014824728,0.23587038899680995,0.07834872389468667
1404,0.6827242062260644,0.002683643660292262,0.23614263474024236,0.07844951537340092
1405,0.6822346333160514,0.00267141407336852,0.2365881710340317,0.0785057815765485
1406,0.681760628422811,0.0026430356569268074,0.23717103849399615,0.07842529742626599
1407,0.6812518262460215,0.0026622264175018427,0.23762303498842732,0.07846291234804939
1408,0.6813504154304109,0.0026382465307605686,0.2374967593313111,0.0785145787075175
1409,0.6811673293709548,0.0026175004681439824,0.23761999523274505,0.07859517492815626
1410,0.6809931942779126,0.0025825695809846855,0.23771550150480492,0.0787087346362977
1411,0.6806902693315354,0.0026555850212098752,0.23790212941477065,0.07875201623248394
1412,0.680524065396526,0.0026367229813239355,0.23813017894681723,0.0787090326753328
1413,0.6801679769145802,0.0025686998655579146,0.23847761063918566,0.07878571258067621
1414,0.6799633715557561,0.002608089011345993,0.2385736631143776,0.07885487631852031
1415,0.6796375941758681,0.002668101325324234,0.2387387249030577,0.07895557959574992
1416,0.6794332240325953,0.0026803939399568546,0.2389238703470799,0.07896251168036797
1417,0.6792062192806563,0.0026724281118655946,0.2390616692902893,0.07905968331718868
1418,0.6787075452215688,0.0026588697120689046,0.23938374379660465,0.07924984126975758
1419,0.6786492465382414,0.0026790434784059397,0.23921535136090427,0.07945635862244824
1420,0.6787468113070785,0.0026739780305151057,0.23913567146576406,0.07944353919664245
1421,0.6785681043435027,0.002645624463393803,0.23921295859455785,0.07957331259854564
1422,0.678323857893055,0.0026361156780155617,0.2393253145981764,0.07971471183075296
1423,0.6783892508683281,0.0026448742347614943,0.23898126464071495,0.07998461025619545
1424,0.6783732404778477,0.0026641192765370367,0.23889383329309447,0.08006880695252065
1425,0.6776285274991719,0.0026591071438952256,0.239485226632885,0.08022713872404794
1426,0.6772082924102241,0.002686038182849247,0.23973327005185427,0.08037239935507251
1427,0.6772318299194883,0.0026598989584685957,0.23971602120558888,0.08039224991645419
1428,0.677321353641395,0.0026933863702783252,0.23954679764633222,0.08043846234199452
1429,0.6771532234852918,0.0026582794777792462,0.23960012724898777,0.08058836978794111
1430,0.6765349444001594,0.002657380688824888,0.24017726235196296,0.0806304125590528
1431,0.6764189387892523,0.0026526383070094466,0.24016089210210181,0.08076753080163634
1432,0.6760918134403345,0.0027258037414937615,0.24033068409413652,0.0808516987240351
1433,0.6759638147434728,0.0027271790629425376,0.2404945011476732,0.0808145050459115
1434,0.6758102549903807,0.0026868416534701193,0.2405526642701171,0.08095023908603206
1435,0.6755586140087629,0.002683558331971314,0.24083944022418385,0.08091838743508198
1436,0.6752647305978239,0.0026593521524059856,0.24109799179969524,0.08097792545007484
1437,0.6752368766263649,0.002619456742689953,0.24108360449075467,0.0810600621401906
1438,0.6752822112538789,0.0025843594778512274,0.24100099645134893,0.08113243281692092
1439,0.674943515842133,0.0026307448610829523,0.24124186807141115,0.08118387122537288
1440,0.674156453846898,0.002629132941373496,0.24197725363122577,0.08123715958050284
1441,0.6741666742879151,0.0026105381309727066,0.24169368722465429,0.08152910035645794
1442,0.6741517992824047,0.002626799188938339,0.24157743589161926,0.08164396563703787
1443,0.6742967360576473,0.00261926930998353,0.24145722403622155,0.08162677059614766
1444,0.6738574887056693,0.0025697995575035284,0.24196162819260686,0.08161108354422032
1445,0.6735786015376173,0.00256792146524105,0.2420999864465702,0.08175349055057153
1446,0.6735581762057239,0.002565525475865123,0.2419624009214699,0.0819138973969411
1447,0.6731087662191936,0.002551508564008473,0.2423727451252212,0.08196698009157684
1448,0.6726178503146653,0.0026039618337178752,0.24277703733640985,0.08200115051520704
1449,0.6723467303901577,0.00259508365417839,0.24292444692740825,0.08213373902825567
1450,0.6723182364382738,0.0026044215929265126,0.24288409977507253,0.08219324219372702
1451,0.6720394784075752,0.0026366016826106474,0.24294722727716667,0.08237669263264752
1452,0.6717664427384543,0.002656371773570269,0.24308268923608453,0.0824944962518909
1453,0.671697425862746,0.002622822455272868,0.2432681569775499,0.08241159470443134
1454,0.6715281591912718,0.0026078875533986625,0.2432891917842613,0.08257476147106818
1455,0.6711475622998582,0.0026282321331066115,0.24371574320379788,0.0825084623632373
1456,0.671077365127047,0.0025593706707751946,0.24376399718857789,0.08259926701360001
1457,0.6705660612930394,0.00258395546572559,0.24421134368861983,0.08263863955261523
1458,0.6702289519259226,0.0025932173127627364,0.24448539986454704,0.0826924308967676
1459,0.6700321989247667,0.002613642295462587,0.24457636725643345,0.08277779152333728
1460,0.669518239455293,0.0026298107049869,0.24495378546428048,0.08289816437543958
1461,0.6693303448802917,0.0026294374673589997,0.2451839446739909,0.0828562729783584
1462,0.6690261277151976,0.002609772162391259,0.24534839715129167,0.0830157029711194
1463,0.6692615611366771,0.0026036383988606794,0.24515642952228353,0.08297837094217866
1464,0.6688465365851395,0.0025733904370912114,0.245468227932212,0.08311184504555738
1465,0.6683241761155422,0.0025907782161489978,0.24592531358203623,0.0831597320862725
1466,0.6682658585524096,0.002577992249407299,0.24589137489531426,0.08326477430286887
1467,0.6680873758408085,0.002567932943706787,0.24599172672497072,0.08335296449051396
1468,0.6679489117879169,0.0025742533818524033,0.2460745113734204,0.08340232345681008
1469,0.6674928674612575,0.002512124789634226,0.2465268039869291,0.08346820376217931
1470,0.6672848421482975,0.002497034897900958,0.2467491424196063,0.08346898053419519
1471,0.6673192828629932,0.00250184743788158,0.24686795885441737,0.0833109108447077
1472,0.6668961492439708,0.0025046976035892027,0.24698486354650484,0.0836142896059353
1473,0.6666059068406976,0.002570874791968056,0.24717485599865024,0.08364836236868403
1474,0.666335814021118,0.0025438611379869857,0.24738548029123653,0.08373484454965861
1475,0.6664978843374574,0.002511999523747808,0.24732619197356218,0.08366392416523274
1476,0.6661229301716617,0.0025034725557302436,0.2474891012329074,0.0838844960397007
1477,0.6660140810143418,0.002462175971162463,0.24747920306646862,0.08404453994802716
1478,0.6653894114384248,0.002436996658347737,0.2480864617606863,0.08408713014254107
1479,0.6654790675205089,0.0023819784588148254,0.24812684131760654,0.08401211270306984
1480,0.6650013984325411,0.002355694485418,0.24862658655962777,0.08401632052241302
1481,0.6647543987318902,0.0023421176724870503,0.2487760633041038,0.08412742029151885
1482,0.6643555913812091,0.002335156287433504,0.24909835753120527,0.08421089480015201
1483,0.6641768558504703,0.002335434040028779,0.24922469097653402,0.08426301913296685
1484,0.6636828406877594,0.0023708952328661817,0.24951615325210405,0.08443011082727045
1485,0.6631821249995901,0.0023757150554622685,0.2499598441522008,0.08448231579274679
1486,0.6628180079197545,0.002333112641161976,0.2501127225053956,0.0847361569336878
1487,0.6624670048761285,0.0023277190162022143,0.2504075246331327,0.0847977514745365
1488,0.662211049107904,0.002336753925678471,0.250528132496513,0.08492406446990453
1489,0.6622525931135268,0.002295257804740031,0.25048657305626504,0.0849655760254683
1490,0.6620886096024676,0.002317858591008964,0.2505873998869022,0.08500613191962125
1491,0.6619023565560551,0.002307070454690506,0.25082628073895563,0.08496429225029876
1492,0.6619258625174895,0.0023187938808596526,0.25068320932208116,0.08507213427956963
1493,0.661660963960076,0.0023507131168499875,0.2508566860476823,0.08513163687539171
1494,0.6612088642395721,0.002355140351929638,0.2513420434812404,0.08509395192725784
1495,0.6609956955637555,0.002394512835435353,0.2512283623533976,0.08538142924741167
1496,0.6608871931674213,0.0023783459462518057,0.2513291400846929,0.08540532080163395
1497,0.6602786366624421,0.0023789665398043993,0.2516253082993627,0.08571708849839078
1498,0.6597115990973285,0.0023762845395404455,0.25206951696084323,0.08584259940228776
1499,0.6593650504474685,0.0024465528581478443,0.25224598238332235,0.08594241431106131
1500,0.6590665747999328,0.0024885384142278475,0.25249341066156983,0.08595147612426948
1501,0.6589558879732832,0.0025102678805420608,0.2526000911078835,0.08593375303829123
1502,0.6589142514526591,0.0025391423287573316,0.2525714501466615,0.0859751560719221
1503,0.6584901945972741,0.0025800051987156804,0.2528231004925935,0.08610669971141685
1504,0.6583509750823846,0.0026202733985084188,0.2528834860162708,0.08614526550283616
1505,0.6582581280878337,0.0025993730754461466,0.2528755817648326,0.08626691707188756
1506,0.6577823596206878,0.002633742361348779,0.25308015068436235,0.08650374733360103
1507,0.6573630358480993,0.0026764537325150656,0.253330487878369,0.08663002254101668
1508,0.6574985014501104,0.0027135496243850046,0.2531084753599243,0.08667947356558044
1509,0.6567141620360638,0.002710012917935651,0.2538609538681359,0.08671487117786471
1510,0.656280903955831,0.0027147043937515427,0.25415535302799025,0.08684903862242724
1511,0.6560812246451927,0.0027826222668176728,0.25425939764098754,0.0868767554470021
1512,0.6557875857876633,0.00282425569273808,0.25433351856064335,0.08705463995895531
1513,0.6554701349202968,0.0028334775732942606,0.2544940669866854,0.08720232051972347
1514,0.6550158210691164,0.002793618163428689,0.2546869144316693,0.08750364633578556
1515,0.6545501219426088,0.002798446822954857,0.2551324885872545,0.08751894264718181
1516,0.6542896232049568,0.00283118999483191,0.2553108713990152,0.08756831540119617
1517,0.6538350886928347,0.002803412942836282,0.2556553445068102,0.08770615385751881
1518,0.6535786865485596,0.0028056617628037803,0.2559283564698282,0.08768729521880841
1519,0.6534060553665023,0.002771212319552043,0.2559928814835791,0.08782985083036654
1520,0.6531587587388972,0.0028128744477761347,0.2559545745663142,0.08807379224701255
1521,0.6528663931322694,0.002868587181481349,0.2561112010964635,0.08815381858978574
1522,0.6527939786325926,0.002871154207491934,0.2561550032904831,0.08817986386943237
1523,0.6524802461126304,0.0029038041773329615,0.25620391613338217,0.08841203357665435
1524,0.6522941298661341,0.002903696073642881,0.2562294597798431,0.08857271428037983
1525,0.6521342303812674,0.0029104529365509184,0.2563979269453703,0.08855738973681135
1526,0.6517191668969341,0.0029760240509685114,0.2565668529144211,0.08873795613767625
1527,0.6518228802909232,0.002985874014475417,0.25649991596510635,0.0886913297294952
1528,0.6515329912135028,0.0029973463931374936,0.25675978055571713,0.08870988183764264
1529,0.6515693172761238,0.0029393880300854066,0.2565304242790928,0.088960870414698
1530,0.6513730154965621,0.0029451650654696727,0.2564755520457088,0.08920626739225941
1531,0.6517134875669907,0.0029258230828108317,0.2560544207516831,0.0893062685985154
1532,0.6515375814810023,0.0029499474396963337,0.2561305520855342,0.08938191899376721
1533,0.6511415936522966,0.0029395184706252956,0.25661724021116333,0.08930164766591475
1534,0.6513018998774326,0.0029415512609232675,0.2562020881605734,0.08955446070107084
1535,0.650873811765924,0.0029363555135225386,0.25660809718775085,0.08958173553280273
1536,0.6504102667833344,0.002899905885892811,0.2570479620529996,0.08964186527777314
1537,0.6501179109335071,0.002860627572455173,0.2574933258833725,0.08952813561066526
1538,0.6498389260379408,0.0028945453522514824,0.2578051301297145,0.08946139848009314
1539,0.6495115861450652,0.002900355111029376,0.2579181689754061,0.08966988976849925
1540,0.6493020228429294,0.0029199878970905483,0.25803576927725874,0.08974221998272128
1541,0.6491571507197458,0.003006479361698578,0.2577583606326889,0.0900780092858667
1542,0.6487817832748475,0.0029773544650894524,0.2581621382233127,0.09007872403675046
1543,0.6488037548363812,0.0028876801398535846,0.25826204267487446,0.09004652234889071
1544,0.6484359604223391,0.0028902360171266807,0.25849040606415763,0.09018339749637652
1545,0.6481193865752288,0.0028703380959978044,0.2587719012613687,0.09023837406740479
1546,0.6477168799725883,0.0028600643499106905,0.25897147727743963,0.09045157840006149
1547,0.6470998703341416,0.002849070449189719,0.25935543611023293,0.09069562310643572
1548,0.6466596016046268,0.002832904019519855,0.2594541179981484,0.09105337637770501
1549,0.6463227673625879,0.0028323995703323857,0.2597166214410208,0.09112821162605891
1550,0.6460172966558494,0.0028065339553922926,0.2601104201953861,0.09106574919337222
1551,0.6455000961547354,0.0028108518035845852,0.2605229893077069,0.0911660627339732
1552,0.6453829962635056,0.002797454353428502,0.26074897029012767,0.09107057909293834
1553,0.6453416522725226,0.002777336660083265,0.26080332452927885,0.09107768653811522
1554,0.6449963651405055,0.002816694242744748,0.2609109314800059,0.09127600913674375
1555,0.6447333257837202,0.0028049400644195098,0.2610526663826394,0.09140906776922086
1556,0.6442158381113189,0.0028645935541223503,0.261328483649934,0.09159108468462471
1557,0.6436678771934953,0.0029331471222564204,0.2619145291555577,0.09148444652869056
1558,0.6433804184898744,0.002915800830992529,0.26202051404829374,0.09168326663083934
1559,0.6435422980951823,0.0028921943923072386,0.2619405648184987,0.0916249426940117
1560,0.6431902733471304,0.0029015962510509537,0.26214076575393663,0.0917673646478821
1561,0.6428166023185532,0.002938241913164937,0.2622437448196445,0.09200141094863735
1562,0.6424884615715931,0.002897687021249832,0.26236698403441094,0.0922468673727461
1563,0.6417101928958362,0.0029424799871018456,0.26301487608274454,0.09233245103431734
1564,0.6418927519047896,0.0028998289375449606,0.26296316481891135,0.0922442543387542
1565,0.6416588083612762,0.002884541028748922,0.26306236601605293,0.09239428459392197
1566,0.6416053328545103,0.0028970488858757687,0.2629855735878069,0.09251204467180693
1567,0.6412639808964666,0.002926253931767059,0.26336930415479604,0.09244046101697032
1568,0.6412664107421191,0.0029328773685163975,0.2632309254198252,0.09256978646953924
1569,0.6407452152546274,0.0030315859281859567,0.2633446858470424,0.09287851297014432
1570,0.6405329693481177,0.0030647546589269753,0.2636362823811774,0.09276599361177802
1571,0.6396341104848119,0.0030258108638028065,0.26445395541409555,0.09288612323728965
1572,0.6394781476306677,0.0030076035364984812,0.2644754078944621,0.09303884093837181
1573,0.6386837616971291,0.0030287197187656026,0.26511965700112944,0.09316786158297574
1574,0.6385610732618661,0.003048786794323458,0.26510482484352166,0.09328531510028877
1575,0.6384220529461524,0.003054823923153832,0.2652052150133183,0.09331790811737542
1576,0.6385172555270369,0.0030041806795966463,0.26490831274408694,0.09357025104927955
1577,0.6382197377702756,0.002987322316588727,0.2651137158647928,0.09367922404834288
1578,0.6382616925614192,0.002981467621562661,0.26498469573138844,0.09377214408562964
1579,0.6377651157189687,0.0030351188719523066,0.2652883406863849,0.09391142472269408
1580,0.636864094655422,0.0030516816671031003,0.26614096201582116,0.09394326166165365
1581,0.6363272592286112,0.0031008600460254105,0.2666986647172346,0.09387321600812876
1582,0.6359533269552609,0.0031466052808831408,0.26705793244549114,0.09384213531836481
1583,0.6357284374902278,0.00311008995871545,0.2672165357351964,0.09394493681586033
1584,0.635462192364874,0.0030704569544758777,0.26743597403899216,0.09403137664165781
1585,0.635368735742645,0.0030617895181840986,0.2675006244348722,0.09406885030429869
1586,0.635022837206378,0.0030778335038045084,0.26776762978331503,0.09413169950650238
1587,0.6348226482432996,0.003121350255217289,0.26799420001218116,0.09406180148930185
1588,0.6344815456167671,0.0030816477408868123,0.26824175339128054,0.09419505325106561
1589,0.6343267015919027,0.003123074968710131,0.2683815574623265,0.09416866597706071
1590,0.6337855263738377,0.0031750024333860928,0.2688051275883728,0.09423434360440328
1591,0.633476862105919,0.0031738611356401324,0.2692935931239709,0.09405568363446995
1592,0.6332370402357484,0.0031362910194509047,0.2694639157612991,0.09416275298350153
1593,0.6332235188681292,0.0031402138435674817,0.2694966894521381,0.094139577836165
1594,0.6332573818531662,0.003151074430881514,0.26928617961001095,0.09430536410594138
1595,0.6333291599112221,0.0031807916061476886,0.2691986729278707,0.09429137555475936
1596,0.6331424787052387,0.003238778673888237,0.2691971727088933,0.09442156991197981
1597,0.6326286649382034,0.003148924934666715,0.2696730693864185,0.09454934074071134
1598,0.6325224865648741,0.003107089680062022,0.2698236903695344,0.09454673338552963
1599,0.6321852565519183,0.0030942182452642518,0.2700680441193364,0.0946524810834813
1600,0.6317031871817728,0.0030944177512331325,0.2705489574382109,0.09465343762878328
1601,0.631489285578897,0.0030661370616785083,0.2709738447934573,0.09447073256596711
1602,0.6314331389056776,0.0030866482798715066,0.2708441913533856,0.09463602146106512
1603,0.6310555347544808,0.003083001797445327,0.27104748877035395,0.0948139746777199
1604,0.6304203412998408,0.003100197214815819,0.2716131046315741,0.09486635685376923
1605,0.6300145724941186,0.003074250225360032,0.27205653131479424,0.09485464596572704
1606,0.6298922967244296,0.0030887926082082172,0.2720043758960865,0.0950145347712758
1607,0.6297921650671318,0.0030987556810133494,0.27204047371144996,0.09506860554040492
1608,0.6299016609420841,0.0030606106332362317,0.27167190942533265,0.09536581899934705
1609,0.6292269385649527,0.0030969868483646567,0.27221004462951404,0.09546602995716859
1610,0.6289645583716732,0.0031095944425909143,0.27238777991774743,0.09553806726798852
1611,0.6290574865584617,0.003131376093244595,0.27228974411060886,0.09552139323768477
1612,0.629032099114125,0.0031322391802629476,0.2719914856544133,0.09584417605119877
1613,0.6284946917042469,0.003140459618055465,0.27241091840117415,0.09595393027652348
1614,0.628399323459367,0.0031207440608107557,0.27251110474665846,0.09596882773316383
1615,0.6280478838410934,0.003079421995858269,0.2726877411587851,0.09618495300426318
1616,0.628202039781846,0.0031026962040506213,0.2722941841004209,0.09640107991368244
1617,0.6278850345093987,0.0030958426541639523,0.2725630806013575,0.09645604223507986
1618,0.6276858610195231,0.003062929328489714,0.272610001420107,0.09664120823188019
1619,0.6274939359766495,0.003009391429635767,0.27267826097216175,0.0968184116215531
1620,0.6273704904149716,0.002984752402455775,0.27265362186296616,0.09699113531960639
1621,0.6274415312542307,0.0029418255432492333,0.2725701428292243,0.09704650037329553
1622,0.6265682028235245,0.0029371147049026963,0.2732819689845943,0.09721271348697855
1623,0.6267265728760508,0.0029342592413523923,0.2730308244427656,0.09730834343983111
1624,0.6270312770423784,0.002917857565241649,0.27278503815615485,0.09726582723622501
1625,0.6268124967041129,0.00290951046314017,0.2728336123685471,0.09744438046419998
1626,0.6259776122306528,0.002945323171040998,0.273601433579661,0.0974756310186452
1627,0.6254910753861735,0.002959684718150446,0.27379324328382665,0.0977559966118494
1628,0.6250517670799892,0.0029451308448219813,0.27394484796571994,0.09805825410946897
1629,0.6246848108237779,0.0029516548174265216,0.27415749777844434,0.09820603658035121
1630,0.6241990302180922,0.002972838774888744,0.2745323515560375,0.09829577945098164
1631,0.6241640082442235,0.0029173608781201854,0.2744392915833296,0.0984793392943267
1632,0.6238996176612487,0.002889916343645885,0.27478744983372616,0.09842301616137925
1633,0.6234365816659014,0.002860168860244639,0.27516855025273534,0.09853469922111856
1634,0.6227702977086131,0.0028290683360414773,0.2758256596598193,0.09857497429552606
1635,0.6219021009654988,0.002808352696790609,0.2765625444144734,0.09872700192323718
1636,0.6217559872271841,0.002785789982753351,0.27696424994708035,0.09849397284298227
1637,0.6209494745128665,0.0028250729177175284,0.27768886478639987,0.09853658778301616
1638,0.620312065340074,0.0028875768439652954,0.27828132768814784,0.09851903012781281
1639,0.620016165775763,0.00284654394338255,0.2784644125242818,0.09867287775657271
1640,0.6199728816440739,0.002840890973680963,0.2783709075794464,0.09881531980279872
1641,0.6194429818924152,0.0027940048859849266,0.2790177563081859,0.09874525691341385
1642,0.6193440740619209,0.002835461172011252,0.27895113544459116,0.09886932932147671
1643,0.6192772173301535,0.0028501418742098036,0.27884039953215883,0.09903224126347773
1644,0.6185065575590574,0.002899057215422775,0.27947188981718246,0.09912249540833747
1645,0.618326033714414,0.002842389688551891,0.2795961194834861,0.09923545711354793
1646,0.6180970040101423,0.0028537101749886553,0.27955230891491756,0.09949697689995154
1647,0.6180882743078351,0.002892551695733717,0.2795299444582022,0.09948922953822897
1648,0.6176272862147008,0.002924484729897357,0.27972370120009554,0.09972452785530647
1649,0.617232070961672,0.0029181204153460316,0.28015388573863087,0.09969592288435108
1650,0.6167763741470381,0.0029133365141419468,0.28068178134850985,0.09962850799031009
1651,0.6166852356659619,0.0029237821552521846,0.2805407140993298,0.09985026807945618
1652,0.6163670089962571,0.0028923832725285055,0.28077230403412246,0.09996830369709189
1653,0.6158935827158023,0.002850284391988633,0.2813706053973669,0.0998855274948421
1654,0.6160166319122417,0.0028475632328330844,0.28124732619281084,0.09988847866211434
1655,0.6158534670354145,0.002880200556812997,0.281237464127229,0.10002886828054333
1656,0.6154745879690788,0.0028655508287980594,0.28135762616292803,0.10030223503919514
1657,0.6152834798861964,0.0028414564364605747,0.2815171103230477,0.10035795335429536
1658,0.6148785787328761,0.002827291260977326,0.28181876224039365,0.10047536776575305
1659,0.614177383327408,0.0028265542481689145,0.28222388475748705,0.10077217766693605
1660,0.6138566708075414,0.0028635801820984436,0.28259051949178093,0.10068922951857921
1661,0.6131634347725636,0.002822591976122419,0.2833772315567831,0.10063674169453089
1662,0.6128682064702378,0.0028975631797620314,0.2834865056024782,0.10074772474752207
1663,0.6126347920621755,0.0029198989293643686,0.2837096959697091,0.10073561303875098
1664,0.6127674225027369,0.0029442676537619486,0.28344352266996997,0.10084478717353114
1665,0.6124628505440303,0.0028799403460486013,0.2837561640619196,0.10090104504800165
1666,0.6122617799946768,0.002863769523915262,0.28386796792866725,0.10100648255274078
1667,0.6119843504221508,0.0028334445849755737,0.28414560462081195,0.10103660037206177
1668,0.6122724553257034,0.002862136349324305,0.2836750549031059,0.10119035342186633
1669,0.6125591196052126,0.0027942076351311846,0.2834283051299047,0.10121836762975153
1670,0.612540881378655,0.002764566957481745,0.2833193635382658,0.10137518812559743
1671,0.6123830320889831,0.002795284874451337,0.2833930682131583,0.10142861482340719
1672,0.6122964951055968,0.002746873277174332,0.2833675211567166,0.10158911046051218
1673,0.6115682297828078,0.0026937309746501797,0.2840912712972539,0.10164676794528804
1674,0.6113029162037074,0.0026984173110168154,0.2844472936696608,0.101551372815615
1675,0.6110312961664891,0.002688681369421949,0.2845717161477188,0.1017083063163701
1676,0.6108845886301483,0.0026864273068916158,0.28492593400069743,0.10150305006226265
1677,0.6106565664124748,0.002693462328070836,0.28497247971373485,0.10167749154571956
1678,0.6104819998598076,0.002706688247358619,0.2849983238419,0.10181298805093379
1679,0.6102673627405739,0.002718112104772374,0.2851584392903391,0.10185608586431456
1680,0.6100928594338704,0.002700084777515719,0.2854046543382373,0.10180240145037647
1681,0.609851921357579,0.0026513788725227526,0.2856222970143481,0.10187440275555007
1682,0.6095826019059862,0.0026720371609243653,0.2857652272049516,0.10198013372813775
1683,0.6092266917856194,0.002608272566692444,0.28608354445490136,0.10208149119278684
1684,0.6091872171064774,0.002628836529608969,0.2860763621074492,0.10210758425646445
1685,0.6090453347338383,0.0026058191453094846,0.2862889949358037,0.10205985118504861
1686,0.6091166782460287,0.0025694217431798594,0.28623110779188926,0.10208279221890224
1687,0.6089064348287592,0.0025572886147321615,0.28627401240411376,0.102262264152395
1688,0.6079931861979089,0.002558754136867307,0.28719353324748587,0.10225452641773795
1689,0.6076762399689438,0.0025112224493105038,0.28746580845060377,0.10234672913114176
1690,0.6078955309079783,0.002479037137649215,0.28730266902882085,0.10232276292555179
1691,0.6075331398979186,0.002516073062893541,0.28742668464839277,0.10252410239079493
1692,0.6069557228609771,0.0025598931544169286,0.2877474871476931,0.102736896836913
1693,0.6068611977835828,0.002555327608318361,0.28765531599416916,0.10292815861392968
1694,0.6062930920185245,0.0025778877640704793,0.2880120145173781,0.10311700570002683
1695,0.6060008020598685,0.0026149489612096503,0.2882532896214417,0.1031309593574802
1696,0.6058747994803331,0.0025716407977296584,0.28840037984487565,0.1031531798770616
1697,0.6053652668780115,0.002630214634174908,0.2887150445450283,0.10328947394278518
1698,0.6051608711525215,0.0026936343193709545,0.288628246531581,0.10351724799652658
1699,0.6049883230814068,0.002714179053288667,0.288851796594361,0.10344570127094357
1700,0.6048381841956225,0.0026643740239307807,0.2892070997709584,0.1032903420094883
1701,0.6046045781041561,0.002667069636267948,0.2891303689010073,0.10359798335856851
1702,0.6044523882698342,0.0026935977661015327,0.2890697969134731,0.10378421705059124
1703,0.604041058595822,0.0027239336293449637,0.28935432985546067,0.1038806779193722
1704,0.6034481424907385,0.0027208273658616655,0.29005235938433377,0.10377867075906602
1705,0.6032167654649301,0.002742226957830387,0.2901685983454681,0.10387240923177143
1706,0.6026852754871402,0.002748251352048347,0.29068952929002534,0.1038769438707861
1707,0.6025602610646974,0.0027413182733286028,0.2910131103451951,0.10368531031677886
1708,0.6017010087636361,0.0027432362465290194,0.29174938945381673,0.10380636553601807
1709,0.60142506988137,0.0027493826080687645,0.29187308998715505,0.10395245752340618
1710,0.6011728477583513,0.0027893695256054596,0.2921113384470601,0.10392644426898301
1711,0.6008271420303296,0.0027902905062804997,0.29210410540896226,0.10427846205442774
1712,0.6004928852734942,0.0028055996330378454,0.2924081192309633,0.1042933958625047
1713,0.6003873897722165,0.002822163519271048,0.29242855761756487,0.10436188909094757
1714,0.6001570298151135,0.0027969045006096373,0.2924513500906746,0.10459471559360241
1715,0.5997662579310806,0.00276823407436897,0.292626018469495,0.10483948952505533
1716,0.5997220736971712,0.0027990662001137457,0.2926274734542598,0.1048513866484551
1717,0.5995595808686647,0.0027732412432301254,0.2927580685022402,0.10490910938586509
1718,0.5991930309804967,0.0027791571843386806,0.2928655948834159,0.10516221695174865
1719,0.5987153609431457,0.0028052970949706303,0.2933355000043093,0.10514384195757431
1720,0.5984498180527114,0.002802282056016161,0.293602358368859,0.10514554152241348
1721,0.5980748840562229,0.002772846453490098,0.2938308143534572,0.10532145513682974
1722,0.5974691926743269,0.002767379396289284,0.29442130600826444,0.1053421219211194
1723,0.5973308736535902,0.0028039204968525883,0.29459584705847036,0.10526935879108693
1724,0.5970218139546242,0.0027876893530951042,0.29477198513341435,0.10541851155886647
1725,0.5965685168387856,0.002752983363199733,0.29515235548089835,0.10552614431711627
1726,0.5962832559841146,0.0027409312334898475,0.29528422508774527,0.10569158769465037
1727,0.595906029957788,0.002729193425221805,0.29529646232539913,0.10606831429159107
1728,0.5959176548719747,0.002800788298497556,0.2949995814025571,0.10628197542697074
1729,0.5955940020306146,0.0028075707578407378,0.29524310950406163,0.10635531770748304
1730,0.5953598574558743,0.0028721582887152987,0.29550557390579385,0.10626241034961666
1731,0.5955351338083809,0.0028619067120484493,0.29531339077209984,0.10628956870747083
1732,0.5951749133351723,0.002883957607917863,0.29585201706393766,0.1060891119929723
1733,0.5952582834196212,0.002921518180981185,0.29569413075519785,0.10612606764419967
1734,0.5950016804530505,0.0029149478643692396,0.296061510198793,0.10602186148378731
1735,0.5947389017395894,0.0029578834697195655,0.2963139900771351,0.10598922471355601
1736,0.5944900844025315,0.002929687187557926,0.29652060828017746,0.10605962012973313
1737,0.5941624189896937,0.0029004967940107567,0.2968273878872861,0.10610969632900949
1738,0.5936025831709573,0.002891554187568249,0.2972159533192117,0.10628990932226287
1739,0.5931955294847862,0.002870129566571992,0.29743078788385957,0.10650355306478229
1740,0.5927313327097409,0.0028187412856923257,0.2977913204895321,0.10665860551503481
1741,0.59271014481301,0.00284031858745315,0.29763913662204927,0.1068103999774876
1742,0.5922734239504052,0.002819313837024545,0.2981588812044281,0.10674838100814228
1743,0.5921572627634106,0.002768232220569396,0.2981138371961487,0.10696066781987135
1744,0.5918939143442483,0.0026982839988633277,0.29835953566841794,0.10704826598847035
1745,0.5912624889233623,0.0026639970099225654,0.29882729973684696,0.10724621432986825
1746,0.591077488946887,0.0026554216202880573,0.2989019629086017,0.10736512652422317
1747,0.5909939377032088,0.0026025005652756256,0.29891721228827295,0.10748634944324258
1748,0.5903681076117692,0.0026129507179348463,0.2994694339581517,0.1075495077121444
1749,0.5898147026499413,0.0026013119699901306,0.2999823572468096,0.10760162813325894
1750,0.5892622811636137,0.0025833435927114312,0.30020925101801216,0.10794512422566278
1751,0.5889173350851447,0.0025868110974491647,0.3004493775336777,0.10804647628372868
1752,0.5884093684184565,0.0025331803298833016,0.30092788395729714,0.10812956729436314
1753,0.5880393036527044,0.002540367482210021,0.3013460764501148,0.1080742524149707
1754,0.5877949140979118,0.0025285974349272262,0.3015374625271868,0.1081390259399742
1755,0.5879531845017617,0.002576286195061775,0.3012168237673726,0.10825370553580387
1756,0.5872297722048716,0.002556546850876306,0.3019639269559734,0.1082497539882786
1757,0.5869250613330532,0.002533435507015509,0.30212839668959474,0.10841310647033656
1758,0.5864639347270449,0.0025453356822438744,0.30243850229097063,0.10855222729974054
1759,0.586235892860353,0.002536958555871149,0.30287447997817835,0.10835266860559747
1760,0.5859017394945477,0.0025567427755525075,0.3032158594207014,0.10832565830919834
1761,0.5854540349604613,0.0025602859815805823,0.3034096812142165,0.10857599784374158
1762,0.584864233201787,0.002517717136994289,0.30394153911267185,0.10867651054854677
1763,0.5848976635048866,0.0024696063285772315,0.3043492007693936,0.10828352939714263
1764,0.5843165501738307,0.002451857956770374,0.30471929400021264,0.1085122978691864
1765,0.5844036201112764,0.002410963596764974,0.30475156341051085,0.10843385288144776
1766,0.5839588222739258,0.0023621855540469135,0.30518036203196197,0.10849863014006526
1767,0.5837493063336308,0.0023245818093800283,0.3052451811928836,0.10868093066410567
1768,0.5835764827237936,0.0023169658600214567,0.3052106803141391,0.10889587110204584
1769,0.5833490537765333,0.0023240406908005425,0.3053445485116165,0.1089823570210497
1770,0.5835412611491929,0.00236971029144186,0.3052292746394611,0.10885975391990418
1771,0.5830483043831516,0.0023955442004785364,0.30558157567585,0.10897457574051991
1772,0.5826347526424465,0.002399371924484209,0.30601289754345806,0.10895297788961142
1773,0.5824173160260607,0.002369463811966915,0.305957204783069,0.10925601537890332
1774,0.5823123682009335,0.002404604887583665,0.3060146898687391,0.10926833704274379
1775,0.5818386368216288,0.002358523337085353,0.30637032874541487,0.10943251109587096
1776,0.5813146088157304,0.0023432226598230185,0.3069830717103882,0.10935909681405835
1777,0.580874578778999,0.0024116469083492473,0.3074089161696502,0.10930485814300162
1778,0.5805389432888143,0.0024447702474263973,0.3077125551464689,0.10930373131729039
1779,0.580520409699648,0.002464943858822088,0.30750133739342866,0.10951330904810135
1780,0.5795569511663684,0.002438461808963759,0.3084719039778754,0.10953268304679253
1781,0.5793019024421223,0.002437046612864861,0.30845432257508915,0.10980672836992367
1782,0.5792129936464387,0.0023762811211876455,0.3087042097505773,0.10970651548179615
1783,0.5786890033507089,0.0023781470707767904,0.30918958793811263,0.10974326164040167
1784,0.5786028906475309,0.002390128462072085,0.3090418775076159,0.10996510338278107
1785,0.5780215211617203,0.0023856660397605393,0.3095654167359986,0.1100273960625205
1786,0.5778971680312178,0.0024160285355913844,0.30973106021322017,0.10995574321997062
1787,0.5776988749449509,0.0023784980611804307,0.3096947327831959,0.11022789421067278
1788,0.5770829423443845,0.0023922649075757414,0.3100628287872789,0.11046196396076084
1789,0.5767031626212,0.0023783475065801292,0.31019877323467215,0.11071971663754765
1790,0.5766141378565062,0.0024255464959222375,0.3101571746592952,0.11080314098827657
1791,0.5766206767641519,0.002414754408432041,0.31002528853653327,0.1109392802908828
1792,0.5764537115550902,0.002334564356854916,0.3100204732929517,0.11119125079510328
1793,0.5761478634913226,0.002328496054399678,0.3101733827460652,0.11135025770821264
1794,0.5758131995144294,0.002308416322220174,0.31035492076736365,0.11152346339598673
1795,0.5752748377760095,0.0023224223810212755,0.31082039150005514,0.11158234834291417
1796,0.5752094026089332,0.0022980497526194623,0.3106617946052664,0.11183075303318098
1797,0.5746059009323354,0.0022837821001246905,0.31128563379280955,0.11182468317473024
1798,0.574482285903529,0.0022530678571738966,0.3113890777772466,0.11187556846205056
1799,0.5743419063496897,0.0022860220582257354,0.3116213717682191,0.11175069982386554
1800,0.5738723928153162,0.0022882254506597067,0.31212303814549525,0.11171634358852882
1801,0.5734108440165795,0.002317294538692416,0.3123957812135615,0.1118760802311666
1802,0.5729435035082349,0.0022450572124014063,0.31274399514544027,0.11206744413392353
1803,0.5730418350849718,0.0022131433227910143,0.31274978236582857,0.11199523922640871
1804,0.5725135342590489,0.002162312333409858,0.31316222860366105,0.11216192480388013
1805,0.5723027152034366,0.0021545388281625933,0.3133034921819208,0.11223925378648006
1806,0.5722113737393296,0.002128019699995205,0.3132232512404307,0.1124373553202445
1807,0.572616542574854,0.0021601626144019796,0.3126323083251109,0.11259098648563326
1808,0.5727876768012888,0.002168111688977587,0.31219810754990285,0.11284610395983082
1809,0.5722791170689231,0.0020815527996989524,0.3128235375865629,0.11281579254481515
1810,0.5720966967369311,0.0020196190121089712,0.3127725088145013,0.11311117543645854
1811,0.5722388619892712,0.002005180394080674,0.3126894038244205,0.11306655379222763
1812,0.5717345248413226,0.0020664635630030627,0.31296121826710827,0.11323779332856602
1813,0.5716812037272182,0.002045891254900188,0.3127830949088647,0.11348981010901689
1814,0.5713708027217815,0.001955339422539009,0.3129797859149649,0.11369407194071461
1815,0.5712559237721596,0.0019490308171618976,0.31292340437388777,0.11387164103679068
1816,0.5712526126619759,0.001962351083320566,0.3126244203875306,0.11416061586717301
1817,0.5709389614465357,0.001993932469388306,0.3130248989632105,0.11404220712086546
1818,0.5706682228158952,0.0019904742169822185,0.3131555296351737,0.11418577333194882
1819,0.5706586060568407,0.0019868368940505784,0.31333379374498094,0.11402076330412783
1820,0.5704657639647109,0.0019326777439954295,0.3137048570023183,0.11389670128897515
1821,0.5700817864274438,0.001913411530652865,0.31386345875618354,0.11414134328571983
1822,0.5698756115742174,0.001917504811980511,0.31385384879093453,0.11435303482286766
1823,0.5697258435373892,0.0019243324037145032,0.313798615876992,0.11455120818190426
1824,0.569257167593384,0.0019657970814736542,0.3143604247125416,0.11441661061260074
1825,0.5688059149995609,0.0019906970723621814,0.31456653480930524,0.11463685311877173
1826,0.5691478390757447,0.0020259445060293855,0.3140944781999043,0.11473173821832143
1827,0.568975480489778,0.0019817600450554662,0.3142523976624738,0.11479036180269268
1828,0.5684138644507523,0.0019686074968407073,0.3145503601640052,0.11506716788840166
1829,0.5681953057955677,0.0020073857988863234,0.3144544885194977,0.11534281988604819
1830,0.568114778885626,0.0019973312052162474,0.3144718499751935,0.11541603993396428
1831,0.5680739904044807,0.002009493421386176,0.3142937241373047,0.11562279203682843
1832,0.5678355492830197,0.002075300087008287,0.3145074837506977,0.11558166687927433
1833,0.5674412093575529,0.0021391295525458763,0.3146641914692299,0.11575546962067136
1834,0.5674187877727344,0.002121159351075626,0.3145994133809021,0.11586063949528795
1835,0.5671146479142168,0.0020712783915406503,0.3150714254253762,0.11574264826886624
1836,0.5672540110322581,0.0020512829041341605,0.3148574643133637,0.11583724175024405
1837,0.5669859934913573,0.0020556763473618517,0.3151942996130861,0.11576403054819488
1838,0.56690190588082,0.0020818931682590977,0.31546036255596777,0.11555583839495312
1839,0.5666858869024791,0.0021066205741178093,0.3154162090873637,0.11579128343603937
1840,0.5663367605509027,0.002104064581817532,0.3155237187775276,0.11603545608975205
1841,0.5666126262976595,0.002140819964935381,0.31511674158222286,0.11612981215518221
1842,0.5665594255193852,0.0020996860597375664,0.3152104853508493,0.11613040307002791
1843,0.5659997763923601,0.0020916218270199656,0.3157721304213383,0.1161364713592817
1844,0.5654538603319224,0.0021340534924934157,0.31598864088570006,0.1164234452898842
1845,0.5651555326436541,0.0020535585857486987,0.31621863821009255,0.11657227056050472
1846,0.5651926460375833,0.002097626395289422,0.3160366130863118,0.11667311448081548
1847,0.564188470823402,0.002128958739784073,0.31701337397849266,0.11666919645832115
1848,0.5638258718489044,0.002102604097316745,0.31739445084867873,0.11667707320510015
1849,0.5637073629733748,0.002165900350311209,0.31730423636918953,0.11682250030712446
1850,0.5636529700018654,0.0021306575613245365,0.31722945272244807,0.11698691971436197
1851,0.5634671983824122,0.002120015346397777,0.31712246608472944,0.11729032018646068
1852,0.5628292598685848,0.0020849431349619575,0.3177445891825983,0.11734120781385511
1853,0.5626415449019875,0.0020704644477716654,0.31796923132882665,0.11731875932141407
1854,0.562252944969521,0.0020776739609923546,0.3178918146622044,0.11777756640728221
1855,0.5617270657147075,0.002156059500166423,0.3184604346720613,0.11765644011306473
1856,0.561383812508662,0.002159988847165824,0.31825190943739307,0.11820428920677906
1857,0.5611001447380952,0.002070089143447058,0.3184212691218243,0.11840849699663354
1858,0.5614587350440997,0.0020591078393101822,0.31779769139192277,0.11868446572466737
1859,0.5615889022242234,0.0020803031084818523,0.3173161782098532,0.11901461645744163
1860,0.5610080914668152,0.0021207760511573414,0.31771806213984977,0.11915307034217759
1861,0.5609218588660547,0.002167447176042297,0.3177281085270861,0.11918258543081683
1862,0.5605904429173617,0.002175553995357624,0.31775176423865636,0.11948223884862419
1863,0.5607811382268418,0.002161167539851619,0.3174121669348423,0.11964552729846423
1864,0.5606003638133282,0.0021384743439741096,0.3172407317888678,0.12002043005382976
1865,0.5601926636922407,0.002169738533983282,0.31764135680999983,0.11999624096377612
1866,0.5603847777188726,0.0021655934679067007,0.31754677148256466,0.11990285733065605
1867,0.5598865593005096,0.0021240613353697793,0.31792856414877235,0.12006081521534853
1868,0.5597332745254769,0.002137119260236025,0.3178783388798138,0.1202512673344732
1869,0.5590705315802132,0.0021219663836648836,0.3181459730314716,0.12066152900465028
1870,0.5588274801875664,0.002155230744874951,0.31812802409077834,0.12088926497678017
1871,0.558497872066064,0.002127769702837171,0.3181181987050584,0.12125615952604044
1872,0.5579820906449714,0.002140027798881593,0.31846622588773077,0.12141165566841616
1873,0.5578583861503958,0.00217749782788277,0.3187081607206847,0.12125595530103686
1874,0.5573049550431113,0.0022070505162650935,0.3191968821356161,0.12129111230500758
1875,0.5573843804377814,0.002242929523338657,0.3187368372227001,0.12163585281617995
1876,0.5568538413261991,0.002248651437719246,0.3187892629494201,0.12210824428666163
1877,0.5563996020639653,0.002250512740106377,0.31943912865506857,0.12191075654085967
1878,0.5559037053720893,0.002237403816080296,0.31979177061669234,0.12206712019513803
1879,0.5557595833511135,0.0021911921141273367,0.31981826901118693,0.12223095552357222
1880,0.5551258565015187,0.0021801720496327573,0.32035065225836895,0.12234331919047955
1881,0.5547906116090224,0.0021770589095468215,0.32043332873449787,0.12259900074693283
1882,0.5543227381098106,0.002185230939926292,0.3209325989947288,0.12255943195553429
1883,0.5543117940467741,0.0021392365078505803,0.32097483795659804,0.1225741314887772
1884,0.5538937979856631,0.0021752751889256676,0.32115658554492366,0.12277434128048759
1885,0.5537488052146297,0.0021996912221954206,0.3212897544267365,0.12276174913643834
1886,0.5535029147868229,0.0021984192789333027,0.32119880503180764,0.12309986090243596
1887,0.5531014907719646,0.002214671712505631,0.3216438674966389,0.12303997001889075
1888,0.5530931948665689,0.0022414868628588156,0.3216360162580121,0.12302930201256004
1889,0.5532365283401262,0.002244391767049297,0.32113326146251353,0.12338581843031096
1890,0.5529616272074832,0.002229194606107497,0.32110095058715693,0.12370822759925244
1891,0.5528033501128219,0.00222799280613935,0.3208814337674615,0.12408722331357731
1892,0.5523905270683055,0.0022289820242093845,0.3210124891275354,0.1243680017799497
1893,0.5519176108645841,0.002209987832132248,0.3215315217015663,0.12434087960171743
1894,0.5512285715873364,0.002211897294325591,0.3220040077610716,0.1245555233572662
1895,0.550820685764312,0.0022383687249455165,0.32243929047388187,0.12450165503686059
1896,0.5510125020175116,0.002178960452179002,0.3223751123452748,0.12443342518503456
1897,0.5506314230482692,0.0021700975021533182,0.32248183911178696,0.12471664033779054
1898,0.5502917625295809,0.0022153144881062515,0.3227863663889604,0.12470655659335243
1899,0.5501028921996016,0.002200034986174441,0.3228714653496906,0.12482560746453344
1900,0.5494272491358069,0.002184295188010538,0.3231547973852505,0.12523365829093214
1901,0.5490835146470865,0.002159665507482502,0.3234732407673011,0.12528357907812987
1902,0.54859890470178,0.002196350958514485,0.3239969871460821,0.12520775719362343
1903,0.5477294592882382,0.002198428916651482,0.3246994514672624,0.12537266032784777
1904,0.5474814762227808,0.0022045391923936138,0.3248622347983337,0.12545174978649196
1905,0.5469151584903333,0.002164990193151318,0.32501685723303647,0.12590299408347885
1906,0.5463192258687163,0.0022277661535226472,0.3255582666344871,0.12589474134327397
1907,0.5461024155717167,0.002245804991268838,0.325583260261922,0.12606851917509249
1908,0.5455956989457913,0.0022368522917700995,0.32625721140629327,0.1259102373561453
1909,0.5450952685584383,0.0021951107416830077,0.32659494882024936,0.12611467187962933
1910,0.5452700960531843,0.0022245273871918532,0.32619450490250884,0.12631087165711494
1911,0.545465643718996,0.0022870687841869087,0.32577276703223995,0.12647452046457727
1912,0.545333900197436,0.002275977815200946,0.3255653943450778,0.12682472764228528
1913,0.5451234447581881,0.002340566822255404,0.325788269225077,0.1267477191944796
1914,0.5448790296384529,0.002345877417467444,0.3259990800748972,0.12677601286918252
1915,0.5444909974418588,0.0023477085943323997,0.32651823682495484,0.126643057138854
1916,0.5444597444432123,0.002378679286214939,0.326543220518031,0.12661835575254163
1917,0.5440234612912695,0.00236067668943108,0.3267772836741844,0.12683857834511503
1918,0.5445017760815036,0.002355391248042622,0.3262555130694683,0.12688731960098543
1919,0.5439025171478978,0.002350387595013621,0.3266807055652966,0.12706638969179196
1920,0.5439528883085047,0.0023346315632588022,0.3266049865249255,0.12710749360331092
1921,0.5439658825309731,0.002314468186712095,0.3266408014202302,0.12707884786208454
1922,0.5441801675725934,0.0023769459410563076,0.3261660661851289,0.12727682030122142
1923,0.5440690282333351,0.0023498003014692224,0.3259811105860698,0.12760006087912576
1924,0.5435074446313835,0.0024468108757603546,0.32636526303457425,0.12768048145828198
1925,0.5434467879164877,0.002454705806245549,0.32641456723220336,0.12768393904506334
1926,0.5431701118785486,0.002520871785214286,0.32661280857715375,0.12769620775908336
1927,0.5432504470174133,0.0025332101359469205,0.3265846905409696,0.12763165230567017
1928,0.5431342238244218,0.0025209512080101642,0.32671267459481335,0.12763215037275472
1929,0.5430665418825555,0.002556257348693816,0.32663092045341163,0.12774628031533888
1930,0.5427329101633787,0.0025582785622379023,0.32728288916613246,0.1274259221082509
1931,0.54210805234115,0.00260283127517978,0.3281828884260373,0.12710622795763285
1932,0.5413358709050767,0.002584848155070892,0.32887594080303145,0.1272033401368209
1933,0.5411436765625735,0.0025492186648416746,0.3289828570714245,0.1273242477011604
1934,0.5410392720766762,0.002554835011916487,0.3287836957842541,0.1276221971271532
1935,0.5407224553741237,0.0025856294714244475,0.32917949695569315,0.12751241819875883
1936,0.5406314887925272,0.002518832596902322,0.32912761765706694,0.1277220609535035
1937,0.5404999761132279,0.0025175622728941067,0.3291356031529979,0.12784685846088023
1938,0.5406367130935171,0.002502417703371671,0.32853634765387485,0.12832452154923638
1939,0.5406128338073863,0.002418931943115002,0.32835851755130807,0.12860971669819046
1940,0.5402744671162522,0.00240932150608901,0.3284892630215758,0.12882694835608305
1941,0.5399870328454435,0.0024223256310453734,0.32862196230832763,0.12896867921518348
1942,0.5397717939667152,0.0024319979434493473,0.3286177089780952,0.12917849911174034
1943,0.5393796174101151,0.0024193184566269296,0.32858281232115805,0.12961825181209988
1944,0.5386759775490323,0.002388180355334747,0.32915320604261894,0.12978263605301404
1945,0.5386531280484139,0.0023846189748824584,0.32931367790680777,0.12964857506989588
1946,0.5381046949906989,0.002359710402490412,0.33001514868864634,0.12952044591816445
1947,0.5380705336891928,0.0023226814716687553,0.32998281838900273,0.12962396645013557
1948,0.53796758361334,0.0023864264581521235,0.32990245144929853,0.12974353847920933
1949,0.5377427270306531,0.002443602412158432,0.3298721457815434,0.12994152477564497
1950,0.5374080125699203,0.002457485618726659,0.3301413339334305,0.12999316787792245
1951,0.5371235999321681,0.0024458738528545455,0.33029097573361876,0.13013955048135864
1952,0.5369864721828079,0.002456715069736747,0.33005695060833995,0.13049986213911532
1953,0.5365094137078789,0.0024710921839809974,0.33021638390544283,0.1308031102026973
1954,0.5357847154086182,0.002423876150982061,0.3308441787909392,0.13094722964946054
1955,0.5355168614640672,0.002445150054316626,0.3311925634922489,0.13084542498936724
1956,0.5355243323902845,0.002475220849057268,0.3308042670059065,0.1311961797547517
1957,0.5350799546854996,0.002402649698729235,0.3312300963656624,0.1312872992501087
1958,0.5346855465033628,0.0024037886777499486,0.33127833075878776,0.13163233406009955
1959,0.5343703069099732,0.0023454287923999374,0.33149938112704624,0.13178488317058062
1960,0.5346897047908143,0.0022912122476055805,0.3307450739285929,0.13227400903298708
1961,0.5344891495635924,0.0023299852606073206,0.3308995238686883,0.132281341307112
1962,0.5343112330508802,0.0024010740596954916,0.330929241682653,0.1323584512067713
1963,0.5340734526252426,0.0024372514811062482,0.33121454130819183,0.13227475458545931
1964,0.5341397465861574,0.0024065197957211766,0.33116848525459236,0.1322852483635291
1965,0.5337421056105662,0.002452531347777406,0.3313195170513371,0.13248584599031935
1966,0.5331096927169127,0.0024713801016123436,0.3318343541509071,0.13258457303056795
1967,0.5322599907893547,0.002470200911182832,0.3325442502017079,0.1327255580977545
1968,0.5317161108009341,0.002497078089533149,0.3328252057308619,0.1329616053786709
1969,0.531163087068961,0.00246580017702728,0.3331425020075223,0.1332286107464893
1970,0.5310707328519056,0.0024325817273531188,0.33366655672906925,0.13283012869167182
1971,0.5309361429996355,0.0023805266395609437,0.3335563877239628,0.13312694263684072
1972,0.5310818838565915,0.0024048813730324103,0.33284157328077973,0.1336716614895965
1973,0.5306633585349817,0.002417428068848127,0.3330913481508167,0.13382786524535345
1974,0.5308027888377698,0.0023343140789352608,0.33268795227372544,0.13417494480956957
1975,0.5309025344654735,0.00228364013693579,0.3326565918381206,0.13415723355947015
1976,0.5305876139439883,0.002226774167032171,0.33297403543677195,0.13421157645220755
1977,0.5299145638286976,0.002284246189727616,0.33353528505191105,0.13426590492966378
1978,0.5293749405540276,0.002294189670517528,0.33385136263815857,0.13447950713729626
1979,0.5289268899084325,0.002283374833689778,0.33409305298901437,0.1346966822688633
1980,0.528816385442118,0.002279491458689246,0.33414446099278605,0.1347596621064069
1981,0.5285656961815631,0.002233795180905167,0.3340818354505663,0.1351186731869654
1982,0.528426517909675,0.002192298627472517,0.3338388511656395,0.13554233229721294
1983,0.5281396133293087,0.0022267057984989434,0.33386705746517814,0.13576662340701423
1984,0.5279054917866027,0.002256907457014909,0.33403125441127357,0.13580634634510877
1985,0.5282321741530173,0.002322314476043648,0.33352489422445314,0.1359206171464859
1986,0.527692787117818,0.002322800579726602,0.33392984706874845,0.13605456523370701
1987,0.527821521106619,0.0023716837359895023,0.3335415606688323,0.13626523448855915
1988,0.5277210294922565,0.002354585917167469,0.3333602098990752,0.1365641746915008
1989,0.5274912838756973,0.0022969492493439035,0.33377270990799107,0.1364390569669677
1990,0.5274620644049135,0.002279229219102948,0.33400170715434474,0.13625699922163875
1991,0.5271128413471666,0.002291305926698117,0.33384852170787244,0.13674733101826295
1992,0.5264649458652821,0.002277662075160241,0.3339588558372072,0.1372985362223504
1993,0.5268811784499505,0.0022833029579950094,0.3338956023330965,0.13693991625895788
1994,0.5261298341020083,0.0023044357932041565,0.3342501625964619,0.1373155675083257
1995,0.5261092324424315,0.002381396251653205,0.3342536971118934,0.1372556741940221
1996,0.5257700079401696,0.0023894805807872124,0.33432044130279315,0.13752007017624995
1997,0.5257479973370554,0.0024256934120008263,0.33419345151757074,0.13763285773337308
1998,0.5253921371545421,0.002412274916277805,0.3342894800882871,0.13790610784089294
1999,0.5247729553465535,0.002404488835524808,0.33457067999901524,0.1382518758189065
2000,0.5245067325042373,0.002396541095677322,0.33464202917022245,0.13845469722986298
2001,0.5243396150934845,0.0024001342849058176,0.33463205100752547,0.13862819961408424
2002,0.5244344384781552,0.0023393292206377375,0.3345246586884461,0.13870157361276078
2003,0.5237002155554759,0.0022951424605384416,0.33517568820493837,0.13882895377904728
2004,0.5237260989915103,0.0023535885711545163,0.3351149906018434,0.13880532183549174
2005,0.5235148985117278,0.0023049413016371805,0.33526069950295456,0.1389194606836805
2006,0.5232852407445284,0.0023367480170594424,0.33551050436410523,0.13886750687430696
2007,0.5234720574663886,0.0023202211250763116,0.335320424460029,0.1388872969485061
2008,0.5229210533012963,0.0023257408794554986,0.33585441905262736,0.13889878676662076
2009,0.5225680963653071,0.0023190119811013006,0.33633044694923764,0.13878244470435402
2010,0.5224366685202784,0.002271152144570323,0.33602857321340707,0.13926360612174402
2011,0.5223450587841433,0.002250803132477808,0.3361582129890155,0.13924592509436345
2012,0.5217068789673376,0.0022312806294846723,0.33710052161505283,0.13896131878812493
2013,0.5210366244335866,0.0022663431834627898,0.337935913586583,0.1387611187963676
2014,0.5210128779578259,0.00224570649976943,0.3376574529438215,0.13908396259858316
2015,0.5207959311239733,0.0021974487292795745,0.3378832035620737,0.1391234165846736
2016,0.5206656574772391,0.0022202808145800647,0.337985686297493,0.13912837541068782
2017,0.5204740376087791,0.002275573378208484,0.33809386056664187,0.13915652844637055
2018,0.5202514363634718,0.002253912728337035,0.338031306165626,0.13946334474256517
2019,0.5197019843905777,0.002233578711121135,0.3386130418536725,0.13945139504462872
2020,0.5199997239502181,0.002220690628456039,0.33818283943660904,0.13959674598471683
2021,0.5200455253500478,0.0022559157178865413,0.338025747776311,0.13967281115575475
2022,0.5198955231886787,0.0022189809992401374,0.33785254237496554,0.14003295343711558
2023,0.5201253721432033,0.0022501615446414965,0.337563252891811,0.14006121342034422
2024,0.5198018926127784,0.0022560198247970125,0.3376583177374074,0.1402837698250171
2025,0.5190538650170982,0.0022722695236459802,0.3382393784502134,0.14043448700904249
2026,0.5185651283707214,0.002282410509051344,0.3388969273187588,0.1402555338014684
2027,0.5186499514516241,0.0022345752662537672,0.3386822678704362,0.140433205411686
2028,0.5187472935982489,0.002259372722991689,0.3387089420579419,0.14028439162081763
2029,0.5184094814644334,0.0022583028275004894,0.3392742290806274,0.14005798662743874
2030,0.5186378255659985,0.0022676081990920566,0.33904167690183995,0.1400528893330696
2031,0.5184441862634507,0.002262658168203626,0.3391159413680787,0.140177214200267
2032,0.5181635265615521,0.002282155477225427,0.3394796779767157,0.14007463998450678
2033,0.5180051147889527,0.002378414430914906,0.339411935837837,0.14020453494229546
2034,0.517571196709039,0.002362459939798706,0.3395853100809478,0.14048103327021452
2035,0.5173305843669344,0.002445067625232071,0.33965945365477845,0.14056489435305508
2036,0.5171500722369828,0.0024086971623827843,0.3396220017697855,0.1408192288308488
2037,0.5163993876094294,0.0024510274759135934,0.33977754950648664,0.14137203540817045
2038,0.5163997318843909,0.002470072265607652,0.339341244104734,0.14178895174526746
2039,0.5164104012707147,0.0025227382966472216,0.3390958485762844,0.1419710118563538
2040,0.5163166826050005,0.0025455971801252725,0.3391316222949495,0.14200609791992472
2041,0.5157418260440847,0.0025365946093140975,0.33944993045895605,0.14227164888764515
2042,0.5157129857865999,0.0025519986096690602,0.3391202739457659,0.14261474165796525
2043,0.5151727429388724,0.002555360981248448,0.33960351408421086,0.14266838199566828
2044,0.515248701698569,0.0025633800184810636,0.33957991583120073,0.1426080024517492
2045,0.5150625791917591,0.0025505759236338203,0.3398309392400836,0.14255590564452333
2046,0.5148006628931748,0.0026124948086180566,0.33985906650837333,0.1427277757898337
2047,0.5146880368704069,0.002663617123857622,0.3400612586322579,0.14258708737347775
2048,0.5142990325113332,0.002644339491554825,0.34010032423735437,0.1429563037597575
2049,0.5146047853665994,0.0027101827504986908,0.33975273881725876,0.1429322930656431
2050,0.514381144578253,0.0027031036956251643,0.33978359326801133,0.1431321584581104
2051,0.5141096144988833,0.002700624083355329,0.33986116617895334,0.14332859523880798
2052,0.5139458971744512,0.002701588843776958,0.3399618471795328,0.14339066680223916
2053,0.5136615701843896,0.0026935782975242477,0.3400836373278365,0.14356121419024975
2054,0.5136224127719677,0.0027170300082105018,0.3401620036283315,0.14349855359149039
2055,0.5136405361731464,0.0027537644067665503,0.33955335059690744,0.14405234882317958
2056,0.513770591508855,0.0027490345510397104,0.33942897509411263,0.14405139884599275
2057,0.5136658712346897,0.0027447709962968776,0.33955864632377025,0.1440307114452432
2058,0.5135220868996411,0.0026947023468720708,0.3396913387285951,0.1440918720248917
2059,0.5132155058036862,0.002719868677957098,0.33963623114731833,0.14442839437103833
2060,0.5131215709467549,0.002701917955858981,0.33961940153088205,0.14455710956650397
2061,0.5129439678867008,0.0027162078044298517,0.33929871864850625,0.14504110566036302
2062,0.513131021162358,0.0027184153582922523,0.3389773338455462,0.14517322963380352
2063,0.5126657554352837,0.0026959547278156996,0.33892585382808366,0.14571243600881695
2064,0.5122509927530454,0.0026743189943784474,0.33921849720965114,0.14585619104292502
2065,0.5117235977905631,0.002665414713161135,0.33976665438336406,0.14584433311291173
2066,0.5114484627480851,0.0026322554576130746,0.33984434643609857,0.1460749353582033
2067,0.5110401511872361,0.00259987582206002,0.34017688400289614,0.14618308898780769
2068,0.5108578334781604,0.002599941431340753,0.34022850873312926,0.14631371635736973
2069,0.5104868294515342,0.00259371830543872,0.34049243792381845,0.1464270143192086
2070,0.5101922665224639,0.002558776608044483,0.34069143731143636,0.14655751955805535
2071,0.5096357289592797,0.0025869022029509432,0.34092706124300903,0.14685030759476045
2072,0.5090267010723475,0.0025456095533642415,0.3412356559882245,0.14719203338606382
2073,0.5085752905245553,0.0025521868550664123,0.3417083614146816,0.14716416120569661
2074,0.5085046570022754,0.0025352628986695914,0.34153563839176726,0.14742444170728766
2075,0.5083918228238806,0.0025602241800367375,0.34187153319765196,0.14717641979843066
2076,0.5087473265919537,0.002602915907200021,0.34143655462281897,0.1472132028780274
2077,0.5083378768532162,0.0026125594382208086,0.341458057234931,0.1475915064736319
2078,0.5082273363778238,0.00257536397293072,0.34168666743300624,0.14751063221623933
2079,0.5079281841329741,0.002600884361677776,0.34168870139013846,0.1477822301152095
2080,0.507680060475918,0.002622148386520174,0.34148241842813115,0.14821537270943064
2081,0.5079085442036976,0.002661881230629976,0.3412539412581005,0.14817563330757194
2082,0.5076087213741197,0.002626819199157537,0.34132421530380536,0.14844024412291734
2083,0.5071699357961625,0.0026436602458008787,0.34126138786784355,0.14892501609019299
2084,0.5070279136166528,0.0026557685649584023,0.341088840717871,0.14922747710051784
2085,0.507107583153445,0.0025886641357282868,0.3412975930339691,0.14900615967685757
2086,0.5067477509287501,0.0026332915035242547,0.3414374299876732,0.14918152758005243
2087,0.5061823511439812,0.0026577875150873677,0.34203391266768673,0.14912594867324466
2088,0.5061498214632455,0.002609056484839072,0.3420219348283967,0.14921918722351865
2089,0.5060898983020121,0.0025940162389462445,0.3418524525117174,0.14946363294732426
2090,0.5058097506396007,0.002571863256024057,0.3421539761430939,0.14946440996128135
2091,0.5052254501338806,0.002608656760777178,0.34246310991148093,0.14970278319386127
2092,0.5050120350573759,0.002618521162007716,0.34250908683882636,0.14986035694178995
2093,0.5048628636242232,0.002652442612481163,0.3423300387946554,0.15015465496864033
2094,0.5041520731071374,0.0027011187769731175,0.34282745087907285,0.15031935723681672
2095,0.5036693956424771,0.002691293536189951,0.34367718473465947,0.14996212608667334
2096,0.5030796277814062,0.0026424313874050856,0.34400845815007064,0.15026948268111798
2097,0.5027602566668923,0.0026331762419831923,0.34410932489077956,0.1504972422003451
2098,0.5027548347342948,0.0026862992025380697,0.34398696650252686,0.1505718995606402
2099,0.5022934234394345,0.0027273551417231045,0.3444762816120914,0.15050293980675103
2100,0.5018190559896955,0.002743267437968101,0.34481505734944756,0.15062261922288897
2101,0.5020261991714378,0.0027566826738745684,0.34409794272035577,0.1511191754343317
2102,0.5018161419325111,0.0027028903457209713,0.3447041048652083,0.15077686285655972
2103,0.5011343085570036,0.0027258533817623117,0.34508266647337943,0.15105717158785475
2104,0.501102847875189,0.0027426182778331927,0.3451544570456038,0.1510000768013739
2105,0.500548156858505,0.002766828484899757,0.3455977896409877,0.1510872250156077
2106,0.5001699384431204,0.0027838065660716585,0.3458277742927957,0.1512184806980122
2107,0.49969248516314985,0.0027556040817586507,0.3460841158778374,0.15146779487725417
2108,0.4994720078655767,0.002787333615741279,0.3458533823456735,0.15188727617300857
2109,0.4995754926061246,0.002775130284715611,0.3457461543154718,0.15190322279368798
2110,0.49934299960264783,0.0027624446408483503,0.34563505978141623,0.15225949597508748
2111,0.4990278627357386,0.0027293930290368425,0.3459005075436098,0.1523422366916149
2112,0.49864803056248813,0.002715646051020489,0.34641250844273686,0.15222381494375464
2113,0.49850327000239447,0.002732092179691996,0.34627734778457475,0.15248729003333863
2114,0.4983070937027712,0.002713586698913787,0.34609635292455543,0.15288296667375958
2115,0.4980625618426543,0.002712850222624023,0.34636944700234695,0.15285514093237468
2116,0.4981400306055576,0.0026919023101539745,0.3463989845463746,0.15276908253791383
2117,0.49745763464517684,0.002671215814415994,0.34677958833476924,0.1530915612056379
2118,0.4970050403664377,0.002675641217450003,0.3470611546862018,0.15325816372991044
2119,0.4969093565519985,0.002671708330069742,0.346902128427392,0.15351680669053983
2120,0.49649844431037665,0.0026561091551050675,0.34710321875255895,0.15374222778195942
2121,0.4963325136349529,0.0026202219629282678,0.347044645514189,0.1540026188879298
2122,0.4966801195913345,0.0026459200354354575,0.34688397567581697,0.1537899846974129
2123,0.49688648707945804,0.0026842124241790027,0.34642483197643,0.154004468519933
2124,0.49684101740515596,0.002730828920885344,0.34640130642939704,0.15402684724456167
2125,0.4965060233653727,0.0026908225279857834,0.3464916126448013,0.1543115414618402
2126,0.4964491634698193,0.0026088031920618007,0.34684203333267843,0.15410000000544039
2127,0.496317280896187,0.00259865934934977,0.347031350605436,0.15405270914902724
2128,0.49601848501269397,0.002543368728596924,0.3476788601134579,0.15375928614525122
2129,0.4957673331660265,0.002527660723626723,0.3475537537022328,0.154151252408114
2130,0.49566259504275373,0.0024985388345593602,0.34779434276656934,0.15404452335611768
2131,0.4952458768679763,0.002484661259956078,0.3477411316151796,0.1545283302568881
2132,0.4944016158118293,0.0024732310833172335,0.3482743291894368,0.15485082391541669
2133,0.4942907949574157,0.0024863999709944067,0.34795400248284036,0.15526880258874956
2134,0.4940711531194584,0.002493113138300455,0.347986418236135,0.1554493155061063
2135,0.4939819617900656,0.0025232630020120676,0.3478048672845606,0.15568990792336176
2136,0.49350221261718896,0.002495093525677038,0.3477341796731184,0.1562685141840156
2137,0.4926864648321727,0.002460745944051287,0.3482954127090643,0.15655737651471174
2138,0.4923139700016935,0.002414645248346287,0.3482241765480567,0.1570472082019035
2139,0.492032978818511,0.0023780492495527462,0.3489252620560482,0.15666370987588812
2140,0.49221962890850113,0.0023790043317073344,0.3484214307124901,0.1569799360473013
2141,0.49209344269888045,0.0023648316402516533,0.3485756526944558,0.156966072966412
2142,0.4920870682845573,0.002390658931851151,0.3486706880632653,0.15685158472032637
2143,0.4919141212245788,0.0024165052705160403,0.34855896065043224,0.15711041285447294
2144,0.4915282236594269,0.00240496355932177,0.34878116035644646,0.15728565242480488
2145,0.49124623360509834,0.0023565453448435685,0.3491632726995108,0.15723394835054727
2146,0.49126407227536345,0.0023816458882754228,0.34904391494097203,0.15731036689538902
2147,0.49097147712829203,0.0023597093655367087,0.34916074975867734,0.15750806374749388
2148,0.4904506359862727,0.002338341224735369,0.3495073661985719,0.15770365659042007
2149,0.4906192552271557,0.0023143038381708125,0.34942644244444543,0.15763999849022808
2150,0.4905421577604493,0.0023345662977524296,0.3493751194946293,0.15774815644716897
2151,0.490405362137831,0.002312775888725041,0.3495989833352538,0.15768287863819025
2152,0.49050951501456924,0.002214898048291858,0.3497205864054698,0.157555000531669
2153,0.4899460994014935,0.0022718027423171785,0.34997480439181156,0.15780729346437777
2154,0.4895244829733321,0.0021892830419407185,0.3499662951489926,0.15831993883573453
2155,0.4894977738240602,0.002173517029168944,0.34934970027757795,0.15897900886919286
2156,0.4891106705494833,0.002164505187183476,0.34957011507778757,0.15915470918554558
2157,0.4891360715674756,0.0021602431401889512,0.34936942780421465,0.15933425748812077
2158,0.4888639478229531,0.002198922115473545,0.34987821940799985,0.15905891065357342
2159,0.48902359073369495,0.0022169408153734616,0.3499430923232973,0.15881637612763436
2160,0.4884359843775978,0.002202988237401618,0.3498789503798672,0.15948207700513337
2161,0.48842716505008454,0.002221841668026318,0.34952959642585557,0.15982139685603353
2162,0.48808001448225624,0.0022751334207555263,0.34978013280909215,0.15986471928789608
2163,0.4877744426659237,0.002224022728644528,0.34962447768984517,0.1603770569155866
2164,0.4871057979054054,0.002246014288760032,0.3497993737460766,0.16084881405975798
2165,0.4871628099738274,0.0022150312785134117,0.3498836353490865,0.1607385233985727
2166,0.48710412287436855,0.0022366700991217235,0.34959863434196425,0.1610605726845456
2167,0.48701862448916095,0.0021922737789111346,0.3498618671840756,0.1609272345478524
2168,0.48665607109371106,0.002168269998379051,0.35027391959808946,0.16090173930982038
2169,0.48623076796834475,0.0021829110596057874,0.3509545759334497,0.16063174503859973
2170,0.4862283253807315,0.0021759675047860706,0.3507746478891569,0.16082105922532547
2171,0.4859036772719557,0.002214625786181805,0.35069195486831595,0.1611897420735465
2172,0.48578455203783333,0.002204699536556496,0.3507648500273565,0.16124589839825365
2173,0.48561569737999316,0.002238237114856643,0.3507659411257838,0.16138012437936636
2174,0.48541696423937497,0.0022206833839988394,0.3508804682771172,0.16148188409950898
2175,0.48539182251330215,0.0022101988876123673,0.3509012810760856,0.16149669752299994
2176,0.4847244490801227,0.0021617615174841275,0.3512445504436833,0.1618692389587099
2177,0.48463312054479724,0.0022024432599113746,0.3509254654856253,0.16223897070966603
2178,0.4841806228183717,0.0021693741100066483,0.35103809955704984,0.16261190351457183
2179,0.4839095782238572,0.0021392265826122117,0.35118740372572754,0.16276379146780312
2180,0.48319091381385837,0.0021560634568233085,0.35152107868618165,0.16313194404313675
2181,0.4832974441120802,0.0021260172416953356,0.35107616149714094,0.16350037714908353
2182,0.483044499875378,0.0021158778905455227,0.35152505534152667,0.16331456689254978
2183,0.4821955895004847,0.00213564475993664,0.3516609868709496,0.16400777886862894
2184,0.4819865286013022,0.0020963003608117895,0.35164071252750795,0.16427645851037803
2185,0.48170264856970857,0.002114546776750233,0.3515635212581759,0.16461928339536538
2186,0.48159829553420525,0.00216560945459495,0.35180262887015,0.16443346614104978
2187,0.48127101002592926,0.0022080079872411154,0.3518021572595011,0.16471882472732854
2188,0.48095067206733566,0.0022114735509703052,0.35203048124790937,0.16480737313378474
2189,0.4814478471493765,0.002203197787250918,0.351537175727452,0.1648117793359206
2190,0.48154176588134306,0.002160692146065635,0.3515193440349753,0.16477819793761603
2191,0.4815765548579076,0.002147993964422403,0.35143917937800884,0.16483627179966115
2192,0.48118548479694906,0.0021705442844892507,0.3511713335898878,0.1654726373286739
2193,0.4809141543520571,0.0022164390396244927,0.3515179537488353,0.1653514528594831
2194,0.4806294221257046,0.0022121185474117057,0.35140939877505006,0.16574906055183364
2195,0.4802747680237994,0.002187672778107657,0.3516939246121681,0.1658436345859248
2196,0.4802820638765885,0.0021871556134547263,0.3514857965378932,0.16604498397206346
2197,0.4797863892783993,0.0021335417318653484,0.3517749144425027,0.16630515454723271
2198,0.4796385702244768,0.002195695196318979,0.3519174002744412,0.16624833430476305
2199,0.47932639433527335,0.0021889896383728235,0.35226876795545686,0.16621584807089707
2200,0.47908523269215986,0.0022031631044017335,0.35223090323485795,0.16648070096858042
2201,0.47883593744407793,0.002247635769082605,0.35202413361129353,0.1668922931755458
2202,0.47854492842016627,0.002265080507860476,0.3521390468316033,0.16705094424036998
2203,0.4782673042270102,0.0022251938155164563,0.35221346002510734,0.16729404193236597
2204,0.4777188258322396,0.002271206412266602,0.3523507430948517,0.167659224660642
2205,0.47748121404100335,0.0022603165259988743,0.35240097493356864,0.16785749449942916
2206,0.47744948878456783,0.0022468988065043665,0.3526111153780046,0.16769249703092307
2207,0.47759761101264175,0.002229676304406666,0.35250744510816767,0.1676652675747839
2208,0.4772345712505762,0.002241219162686415,0.3525594568137878,0.16796475277294953
2209,0.47682684415234533,0.002232461835033992,0.3529020190268398,0.16803867498578084
2210,0.4767175654616812,0.002146255803398167,0.3527830365585288,0.16835314217639186
2211,0.47611490148715785,0.0021743862599583105,0.35333036648090255,0.16838034577198138
2212,0.4753512290913381,0.002231969650378155,0.35325022215143886,0.1691665791068448
2213,0.4750803262511095,0.0022477367714071315,0.3531641131175786,0.1695078238599047
2214,0.4746102310734749,0.0022124835840908845,0.35354901319469734,0.16962827214773685
2215,0.47459209309101114,0.002302944800815082,0.3533970726017125,0.16970788950646126
2216,0.47417560487494637,0.002331845701820686,0.35379675395925936,0.16969579546397356
2217,0.4735953756522912,0.0023792480632359673,0.3544893925625304,0.16953598372194237
2218,0.47380315988636246,0.0023164313744141853,0.3537817034908021,0.17009870524842102
2219,0.4742680032181421,0.0022720426888612638,0.35353648992283965,0.16992346417015688
2220,0.47433112644797887,0.002253898684742829,0.35381219512885276,0.16960277973842555
2221,0.47436935169045924,0.002239080001065606,0.3535562764498016,0.16983529185867347
2222,0.4740395769688083,0.0023423388730387665,0.35372012837903155,0.1698979557791214
2223,0.4737975606507917,0.0023798811717711346,0.35388530380857797,0.16993725436885915
2224,0.47320443849255983,0.0023525026599163688,0.35418477347380145,0.17025828537372237
2225,0.47281916329094187,0.0023273328782419146,0.35434792780616003,0.17050557602465619
2226,0.47263477583709934,0.002357560934065258,0.35421931735154566,0.1707883458772899
2227,0.47219990086022195,0.002338053493068613,0.35504784916841303,0.17041419647829636
2228,0.47255255010700853,0.0022851162019219,0.3547073353922574,0.17045499829881225
2229,0.47278451133179,0.0022754079344645653,0.3547733549435355,0.1701667257902099
2230,0.47205476177744865,0.002296857061649598,0.355635711456662,0.17001266970423978
2231,0.47177828920401693,0.0023130451191449826,0.35564291843860074,0.17026574723823734
2232,0.471588274616872,0.002340005999963638,0.35558510194735776,0.17048661743580665
2233,0.47159839931251535,0.002348919486680351,0.3554449658667888,0.17060771533401545
2234,0.47192672112352596,0.0023366384736064763,0.3552687054650804,0.1704679349377872
2235,0.4714239460616886,0.0023050586384527234,0.35555975444995613,0.17071124084990255
2236,0.4713174223212408,0.0022859975772681214,0.35548623206658453,0.1709103480349065
2237,0.47081907916682136,0.0022328554270169597,0.3552869166711749,0.17166114873498678
2238,0.4707393501926765,0.002199857928194479,0.35514510142788647,0.1719156904512426
2239,0.4702307101643191,0.0022384791041162675,0.35525658247485636,0.17227422825670824
2240,0.46957230313441156,0.002229899502347369,0.3556694185353923,0.1725283788278488
2241,0.4696579141345537,0.002248861494094984,0.35585233565920743,0.17224088871214385
2242,0.46962609238143027,0.0022070993118231195,0.3557249975992951,0.17244181070745151
2243,0.4693462923704737,0.002215311545358049,0.3560142368073512,0.17242415927681704
2244,0.46913845864827436,0.0022790544648883214,0.356037682095329,0.1725448047915084
2245,0.46883624438769456,0.002246060247765371,0.35636038826241934,0.17255730710212075
2246,0.4686512479734274,0.0022822042328684102,0.35630893650495643,0.17275761128874778
2247,0.46813544064158963,0.0022566996217701844,0.3568882994196441,0.17271956031699606
2248,0.4677635159278141,0.0022539985025795397,0.35686853946084407,0.17311394610876227
2249,0.4677924778580741,0.00227632474175372,0.35639842642110564,0.17353277097906653
2250,0.46749234364333947,0.002298768718077228,0.3560719227240853,0.1741369649144979
2251,0.4670628853306494,0.0023304501730991517,0.3566446243684356,0.17396204012781588
2252,0.46663577449435634,0.0023268728924204134,0.3568296882454232,0.17420766436780005
2253,0.4660584889121998,0.0023195407320525338,0.3569881608468341,0.1746338095089135
2254,0.46547773961838723,0.002291433181412182,0.3569392633998941,0.17529156380030658
2255,0.46557445945122494,0.002289854559825037,0.35711468687421916,0.17502099911473085
2256,0.465131969657696,0.002281281380354286,0.35705061128857757,0.1755361376733722
2257,0.46511544628862084,0.0022522906666997224,0.357316118653475,0.17531614439120438
2258,0.4650967849792152,0.002170445732538827,0.3573775990525261,0.1753551702357199
2259,0.4642293808671648,0.0021587976562506455,0.35836218134738085,0.17524964012920377
2260,0.46378209268226744,0.0022197600365866494,0.358654547490732,0.17534359979041397
2261,0.4636772066867435,0.0021909555371215695,0.3585383384028682,0.17559349937326676
2262,0.4637062189125404,0.0021518901802301325,0.3582943375333646,0.1758475533738649
2263,0.46346518672951176,0.002188362672549159,0.35837835829420406,0.17596809230373506
2264,0.4627622886581101,0.0021697168523166486,0.3591696221836293,0.17589837230594396
2265,0.4623222723233321,0.0021655479631154536,0.3596406163991235,0.17587156331442888
2266,0.4626574881526249,0.002170769671828484,0.35907449923251844,0.17609724294302814
2267,0.46213618312766186,0.0021634227504864463,0.3592996621391266,0.17640073198272507
2268,0.46223687266727753,0.002210273356504249,0.35904487996289014,0.1765079740133281
2269,0.4620674062091948,0.002190283652261405,0.35978850069464013,0.17595380944390368
2270,0.46214209118072436,0.002201840096085966,0.3593490557057632,0.17630701301742638
2271,0.46151471402753763,0.002194915349239418,0.35980596203165327,0.1764844085915696
2272,0.4612704870012315,0.002137314616294008,0.3597617419523318,0.17683045643014259
2273,0.46130379418183615,0.00214525194903587,0.3594169905813101,0.17713396328781797
2274,0.46157832550104294,0.002117885939467517,0.3590681344478964,0.1772356541115932
2275,0.46157480244614585,0.0021452453142800578,0.35856553894070264,0.17771441329887142
2276,0.4612996740553557,0.002103812263608651,0.35913400710456905,0.17746250657646662
2277,0.46094528657066414,0.0021624082664417335,0.3598051102180447,0.1770871949448495
2278,0.46112045544856883,0.002155626810496381,0.35953602157599124,0.17718789616494351
2279,0.46069693133802847,0.0021435829807985004,0.35978593345475457,0.17737355222641846
2280,0.46069645695358796,0.0021214788646102224,0.360014751408257,0.1771673127735447
2281,0.4604029550127414,0.002079954638499527,0.3599431823938691,0.17757390795488986
2282,0.4600575750439659,0.002081869028371888,0.35994821752565526,0.17791233840200701
2283,0.4599154194410481,0.002020592323785169,0.35955354907376136,0.17851043916140547
2284,0.4597580166700749,0.00208095400829421,0.3597724689298406,0.17838856039179024
2285,0.45975609307035326,0.0021113683382854914,0.3598857833462126,0.17824675524514866
2286,0.4597283616556173,0.0021346237409567656,0.3592947826273871,0.17884223197603877
2287,0.4591818211116731,0.002116947004185845,0.3600395339368925,0.17866169794724862
2288,0.4594695907964191,0.0021323772911224646,0.3597873851819697,0.17861064673048874
2289,0.45870695687597773,0.0021060601157198793,0.36040789824424024,0.17877908476406207
2290,0.4582426537190815,0.002041827306077727,0.3609078671761398,0.17880765179870092
2291,0.4582777872590218,0.0020578167914620236,0.3609499322753857,0.1787144636741304
2292,0.4575041849701499,0.00213337540808545,0.3618474888853321,0.1785149507364326
2293,0.45711846999652755,0.0020981962697947543,0.3623627425912733,0.1784205911424044
2294,0.45725344376257004,0.002082355053685451,0.3622031153466312,0.17846108583711326
2295,0.45723311483552276,0.0020861614120038945,0.3619865413700651,0.17869418238240814
2296,0.45688261471601904,0.002104362636608731,0.36183292425882885,0.17918009838854326
2297,0.45589041748523645,0.0021075911759061735,0.3624890050422759,0.17951298629658152
2298,0.45534007459190995,0.002090485118370169,0.3628932344228426,0.17967620586687713
2299,0.45512437885107804,0.002115192046140255,0.3625584364429952,0.18020199265978648
2300,0.4547817627367875,0.00206097333089738,0.3627339330550418,0.18042333087727333
2301,0.45504363173746293,0.0020735651521002663,0.3625008079443218,0.18038199516611503
2302,0.4546153315071151,0.0020888768211595275,0.36264247734396254,0.18065331432776288
2303,0.45451120547761015,0.002130240620477163,0.3623846725859939,0.1809738813159189
2304,0.45451356659337544,0.002139084579259514,0.36225698243142335,0.18109036639594184
2305,0.4543776621706813,0.0021477642057614807,0.3620871097717442,0.1813874638518129
2306,0.45388741509273645,0.0021609219182035346,0.36241552902406093,0.181536133964999
2307,0.4535186028648657,0.0021761128584552652,0.36239930938123954,0.18190597489543953
2308,0.4531306496137901,0.002198109865705503,0.3624068287096208,0.18226441181088354
2309,0.4530066509950258,0.0022318541647789085,0.3624235622460959,0.18233793259409942
2310,0.45283996749714167,0.0022248418629940495,0.36219940169209136,0.18273578894777295
2311,0.4529860764779044,0.0022657990903280703,0.36223872944483626,0.1825093949869312
2312,0.4527118576403445,0.002281061783792765,0.3625311466290648,0.18247593394679787
2313,0.4522887464561466,0.002284370598408187,0.36309578178295426,0.18233110116249096
2314,0.451881164020621,0.0022595378110903687,0.3635134573180803,0.1823458408502083
2315,0.45129044155628667,0.002282818165389369,0.36383087016172133,0.18259587011660255
2316,0.45107545405289295,0.0022625754527074776,0.364115802642353,0.1825461678520465
2317,0.45067008572645567,0.0022165095122149356,0.3642898968986739,0.1828235078626555
2318,0.4505407628198845,0.0022389656908995805,0.36452250046035956,0.18269777102885637
2319,0.4501099096661837,0.0022745563018657074,0.36506057942834136,0.1825549546036092
2320,0.44986482359821034,0.002228043464656808,0.3649560649477736,0.18295106798935928
2321,0.4496488815116525,0.0022390127189591464,0.3652911994586507,0.1828209063107376
2322,0.4490898648945983,0.0022197449210946086,0.3658189811778204,0.18287140900648677
2323,0.4486122143730332,0.002231180654962789,0.36627906876969274,0.18287753620231129
2324,0.44810412659314186,0.0022466103313843683,0.36651747135143753,0.1831317917240363
2325,0.44820790352757395,0.0022092586023330246,0.3665122635060031,0.1830705743640899
2326,0.44738519949070704,0.002233005359719207,0.36727644482722066,0.18310535032235306
2327,0.4470681969225899,0.0022293261030284215,0.36702497708252213,0.18367749989185939
2328,0.44700413145200873,0.00220357496380594,0.3668545970299595,0.18393769655422582
2329,0.4466504788395699,0.002224945957342391,0.3670999146218112,0.1840246605812766
2330,0.4461815919364023,0.0022524385486916384,0.36751859533241993,0.18404737418248623
2331,0.44602408538231036,0.0021870030720727647,0.3673040258374454,0.1844848857081714
2332,0.4455095311868881,0.002149460384418054,0.36748965140170575,0.1848513570269882
2333,0.44557435136343343,0.0021754750511472475,0.36735216868371967,0.18489800490169966
2334,0.44548263800708315,0.0021451337652140076,0.36716730537949954,0.1852049228482034
2335,0.44499344737309,0.0020982848419250056,0.36738527614513394,0.18552299163985103
2336,0.4447699718010922,0.002048230746216042,0.36727712448331473,0.185904672969377
2337,0.44457856710625754,0.002057886060101506,0.3672579820186529,0.18610556481498802
2338,0.44443878279051063,0.0021109096217602243,0.36703807447705183,0.18641223311067728
2339,0.4442453934460403,0.0021300675698768,0.36756041487250635,0.18606412411157655
2340,0.4441789319947828,0.002106072254306026,0.3677230443861922,0.18599195136471894
2341,0.4445381769586403,0.002081792288231502,0.36770844452344653,0.18567158622968177
2342,0.4446401424211636,0.002034913524012368,0.36763974143927536,0.18568520261554852
2343,0.44473137884123154,0.0021088415394643033,0.36812371793019466,0.18503606168910952
2344,0.44486417940404904,0.0021416113268804176,0.36825071874463633,0.1847434905244342
2345,0.44531352566095866,0.0021255072449322607,0.36786457269944506,0.18469639439466407
2346,0.4450862106542943,0.0021210978991970794,0.36806470756179666,0.18472798388471207
2347,0.44473544445510127,0.0020538128224447732,0.36806174100752087,0.1851490017149331
2348,0.4448155277362189,0.0020927374382330435,0.3682852816557133,0.18480645316983474
2349,0.4447234913110008,0.0020494505470232604,0.36856992441926345,0.18465713372271247
2350,0.4444676887513195,0.002088845745209645,0.36909616915140847,0.18434729635206243
2351,0.4440140306856367,0.002097033173769195,0.3690393275188806,0.18484960862171343
2352,0.44369876562938143,0.0020897543417397087,0.36882603175690115,0.18538544827197773
2353,0.4433674530323904,0.002089414217518911,0.36914287630065956,0.18540025644943117
2354,0.4430566160847042,0.0020824540289260335,0.36897230007923965,0.18588862980713006
2355,0.443285035410652,0.0020410778445163237,0.36860609377334025,0.1860677929714914
2356,0.44297072985675845,0.0020235643662370245,0.36856489697985123,0.1864408087971532
2357,0.4426276531948406,0.002030561754763921,0.368994535983253,0.1863472490671425
2358,0.4429628508842141,0.0020543928392557876,0.36863063602106894,0.18635212025546116
2359,0.44279095783378636,0.002038831617972184,0.36855571939011933,0.18661449115812206
2360,0.44314389361718864,0.0020044526236299145,0.3683068868312484,0.18654476692793298
2361,0.4421720236512562,0.0019519496280705523,0.3693856604971291,0.18649036622354415
2362,0.4411758419578341,0.002001339708351249,0.3700938146292588,0.18672900370455592
2363,0.44047580999368474,0.0020088389327155,0.37064226897911184,0.18687308209448789
2364,0.4402898541173627,0.0019568493705372455,0.3704247550840759,0.18732854142802402
2365,0.4402386301360635,0.0019497570410304647,0.37020340365815974,0.18760820916474624
2366,0.4394593297777646,0.001976606320839492,0.37044577446044114,0.18811828944095474
2367,0.439526693173325,0.002011692942236674,0.3703382300800965,0.1881233838043418
2368,0.4393093070793864,0.0021026210422643516,0.3701620767425781,0.18842599513577105
2369,0.43898410942541516,0.0020991002273377996,0.3700101152854239,0.1889066750618232
2370,0.43904995408466074,0.002049322845814617,0.36971132569382875,0.18918939737569584
2371,0.43870744127663086,0.0020617772180274475,0.36917954376093787,0.19005123774440386
2372,0.4385187428643859,0.002121489160602777,0.36900538756332946,0.19035438041168184
2373,0.4381226287206322,0.0021635457839267384,0.36979010054228395,0.18992372495315715
2374,0.43765923090876324,0.002142540374736987,0.37041961173124915,0.18977861698525056
2375,0.43759868945221286,0.0021363379823621654,0.37105257441661477,0.18921239814881016
2376,0.43714543619367596,0.0021522457481163723,0.37099779237506075,0.18970452568314697
2377,0.43699169376105845,0.002196382127536757,0.370829998227899,0.18998192588350574
2378,0.437063431277564,0.002232447492507885,0.3708103171668391,0.1898938040630891
2379,0.4367968086603077,0.0022789883735436917,0.37087911873579854,0.19004508423035005
2380,0.4363156098765826,0.0022741927801074196,0.37156253657903215,0.1898476607642779
2381,0.4359782034077947,0.0022777233720277547,0.3719613813803249,0.1897826918398527
2382,0.43559951629698296,0.0022544491146514775,0.37221787370665727,0.18992816088170816
2383,0.4352378837458858,0.0022272911976060623,0.372578240880344,0.18995658417616407
2384,0.4350283774668222,0.0022068823121238882,0.3727300948853651,0.19003464533568887
2385,0.4349230790463282,0.0021435028866710493,0.37255251651373955,0.1903809015532612
2386,0.4344971729199144,0.002151359812797419,0.37292657693270365,0.19042489033458457
2387,0.43419690878447864,0.002129021530068182,0.3727595875875795,0.1909144820978737
2388,0.433825418715864,0.0021803217035351956,0.3731097210768887,0.19088453850371206
2389,0.43389523755321,0.002121146269487203,0.3728895860363103,0.19109403014099255
2390,0.43378622250753834,0.002167856009010268,0.3727036660134866,0.1913422554699647
2391,0.43326810666036064,0.0021517034964975827,0.37268133518500024,0.19189885465814158
2392,0.4327215191999761,0.0021713000193641684,0.3732160393138571,0.1918911414668026
2393,0.4330077833902468,0.002303948717270335,0.3727088059878358,0.19197946190464707
2394,0.4327751860575816,0.002244115908462486,0.37256623864729094,0.192414459386665
2395,0.4327663320876104,0.002270655297748176,0.3732537901020201,0.1917092225126215
2396,0.432667503126731,0.0022717658820784687,0.3733476273243333,0.19171310366685726
2397,0.4326654336392708,0.0023028314451011647,0.3731095893702526,0.1919221455453755
2398,0.4321519303214146,0.0022719328470076827,0.3734486325110063,0.19212750432057138
2399,0.4320732075599195,0.0023055883200754,0.37339811623770425,0.19222308788230089
2400,0.43177232481846256,0.002334159923991069,0.3735709908710703,0.19232252438647612
2401,0.43128728621801005,0.0023833590434343558,0.3735657249418914,0.19276362979666417
2402,0.4310523513778189,0.0023454521261927347,0.37370807099037817,0.1928941255056103
2403,0.4303415231872642,0.0023049514752244977,0.37408318985115463,0.19327033548635664
2404,0.4304213918034387,0.0023137091315137592,0.37419184491329577,0.19307305415175183
2405,0.4298839681013482,0.002318053442277285,0.3742759116689339,0.1935220667874406
2406,0.42932396603628,0.0023215502475464624,0.3749722415463248,0.19338224216984873
2407,0.4288699100275128,0.00225759634213823,0.37497317217037107,0.19389932145997785
2408,0.42860355096838865,0.002248450053227609,0.3753808738669053,0.19376712511147845
2409,0.4281148830211249,0.002332166316865187,0.375244739243588,0.19430821141842197
2410,0.42816542922508827,0.0023707227607514107,0.374992853778698,0.19447099423546227
2411,0.4282481947746005,0.0023329974559697835,0.37497750939891344,0.19444129837051624
2412,0.4279454697554373,0.0023181902045508644,0.37509619550532214,0.19464014453468964
2413,0.4277856887135033,0.0023310159040831682,0.3744686818409645,0.195414613541449
2414,0.4278791528922736,0.002318336478098879,0.37445573758691564,0.195346773042712
2415,0.42725066157136926,0.002313429017751115,0.375197268913226,0.19523864049765371
2416,0.4266915077328589,0.0023143806033461846,0.37515527539162524,0.19583883627216966
2417,0.42679758464869905,0.0023429248307994584,0.37489385254770335,0.19596563797279817
2418,0.42614982357294684,0.0023390576540614294,0.3757316874345763,0.1957794313384154
2419,0.42585690377232466,0.002348700679906498,0.37589210579919463,0.19590228974857424
2420,0.4257396364727746,0.002375293783663917,0.37571995313922296,0.19616511660433855
2421,0.42544769577313685,0.0024134117505275133,0.3760704537292753,0.19606843874706037
2422,0.42542636806731915,0.0023940999511393056,0.37576214249097234,0.19641738949056925
2423,0.42512837762121436,0.0023996980116216217,0.3764498291234827,0.1960220952436814
2424,0.4247859098625166,0.0023799910211309777,0.37618203593643523,0.19665206317991726
2425,0.4241907845860943,0.002389912951330898,0.37686325370308327,0.1965560487594915
2426,0.4238161652965676,0.002414853469786475,0.3766081636909107,0.19716081754273518
2427,0.42394554693577857,0.002385569883162026,0.3761814274330547,0.19748745574800455
2428,0.42337364035555075,0.0023610472640294123,0.3769396724289581,0.1973256399514618
2429,0.4226573849107333,0.0023720435096715427,0.3776745941354248,0.19729597744417035
2430,0.4223667428066104,0.002295538475106009,0.37782194651086065,0.19751577220742295
2431,0.4217419686180782,0.002279254375518456,0.37824368059781727,0.197735096408586
2432,0.4217127440369607,0.0022548704562351737,0.3784890406358837,0.1975433448709205
2433,0.42158431568144233,0.002255610531608725,0.37821187262848277,0.19794820115846615
2434,0.42134583655828994,0.0022022709893757633,0.37842309444030425,0.19802879801203005
2435,0.4210886500460247,0.002163387432186621,0.37844475743328365,0.19830320508850496
2436,0.4209172844854775,0.0022217711518215657,0.3783383043227929,0.198522640039908
2437,0.42053663269641184,0.0021827110355643895,0.37839284606806917,0.19888781019995463
2438,0.42103519280968726,0.002230763658386862,0.37770558568220547,0.1990284578497204
2439,0.42071121368117215,0.002212611169617053,0.37813051507391504,0.19894566007529577
2440,0.42001641051917826,0.0022336021051944104,0.3786434969303171,0.1991064904453102
2441,0.419664248033332,0.002221667122845948,0.37875369953350957,0.19936038531031242
2442,0.41950941928838825,0.002224143994113918,0.3788402223850359,0.19942621433246183
2443,0.4191422785224913,0.0021806225405604845,0.3789131171612593,0.19976398177568894
2444,0.41873344510005184,0.002205588499896977,0.37897984836673754,0.2000811180333137
2445,0.4181119487977272,0.002166913233542906,0.3795649889261463,0.2001561490425836
2446,0.41810439576409186,0.002160094363037524,0.37909311453635486,0.20064239533651568
2447,0.41742816588042536,0.00218148551912309,0.3795656013609102,0.2008247472395414
2448,0.4169537832283292,0.0021833521595683624,0.38007341564668823,0.20078944896541415
2449,0.416939133929611,0.002203604997124795,0.3799810964719277,0.20087616460133648
2450,0.4166167247029079,0.0021933205231315653,0.38037318534871173,0.2008167694252488
2451,0.4163096510872381,0.002251652644101072,0.3802102298119566,0.20122846645670434
2452,0.41626643428333826,0.00222557257319318,0.3800374320214402,0.20147056112202838
2453,0.4156879700091901,0.0021851748915611537,0.38010219536436074,0.20202465973488803
2454,0.4155157796905134,0.002151971149466951,0.3799378630176229,0.20239438614239683
2455,0.41534051761014296,0.0021899291583415592,0.3793277300866563,0.20314182314485912
2456,0.4149290841350031,0.0021218168294960863,0.380025940376751,0.2029231586587498
2457,0.4146001047587967,0.0020816808551337635,0.38011337354683317,0.20320484083923632
2458,0.41475692497854266,0.002032638772023655,0.3797683356063639,0.2034421006430697
2459,0.4143360358167866,0.0020441294893318754,0.3800358655889474,0.20358396910493406
2460,0.4142957150092485,0.002136250148546022,0.3799774210287227,0.20359061381348273
2461,0.41410275347417597,0.0021493195240728886,0.37995864900237936,0.20378927799937183
2462,0.41402580995473964,0.002177951837657847,0.37998181765068983,0.2038144205569127
2463,0.41366597610934414,0.002102707717503332,0.3808314553013397,0.2033998608718129
2464,0.4135262937933481,0.0020492961612783604,0.3813080046570504,0.20311640538832307
2465,0.4133572205898769,0.0020680404805116003,0.3812344953204983,0.20334024360911318
2466,0.4129815793602997,0.002108452648606482,0.3812391027184111,0.20367086527268272
2467,0.41262550176583385,0.002049189107788131,0.3811563672592024,0.20416894186717563
2468,0.4124605811607528,0.0020332418824972583,0.38100235960237555,0.2045038173543745
2469,0.4120105380811393,0.002028362103374813,0.38088156452635735,0.20507953528912864
2470,0.41156717584422786,0.0020709847538145534,0.3808268516390349,0.20553498776292262
2471,0.41132326772764927,0.002034026222281127,0.38101741688034785,0.2056252891697218
2472,0.4110440412840616,0.0019827921254326397,0.38131221719920505,0.20566094939130064
2473,0.41112700756765685,0.0019520109647971438,0.3813580588186046,0.20556292264894144
2474,0.41052070619886205,0.0019554968042950816,0.3810823076120776,0.20644148938476525
2475,0.4096063422451649,0.0019628093316909996,0.3814383999641211,0.20699244845902295
2476,0.4092628509971917,0.0019702613292287177,0.38101888723306704,0.20774800044051264
2477,0.40912299959151843,0.0019242489424635405,0.3809846220420291,0.20796812942398896
2478,0.4089984607409356,0.0019208156901623734,0.38102557379644575,0.20805514977245632
2479,0.4088467188277055,0.0019209201583399852,0.38103335240096264,0.20819900861299184
2480,0.4084657055183466,0.001913650508995762,0.3810351171573864,0.2085855268152713
2481,0.40856073461690573,0.0019134821110674584,0.3813845166607275,0.20814126661129934
2482,0.4081792957654543,0.001925642734827342,0.3815392266110507,0.20835583488866755
2483,0.40772454350150306,0.0019974669936595807,0.38161827872284904,0.2086597107819884
2484,0.4076130787637505,0.002029230536487716,0.3817557335212699,0.20860195717849184
2485,0.4072176451821477,0.0020053860246748616,0.38228768326726004,0.20848928552591736
2486,0.40667041022211886,0.002036205301493877,0.38210451109670085,0.20918887337968636
2487,0.40685462112349746,0.0020380882796952496,0.381988248342969,0.20911904225383826
2488,0.406745422578318,0.0020668093598026635,0.3818995184364059,0.20928824962547332
2489,0.4064943172540761,0.0020818713970509168,0.3818163415870016,0.20960746976187142
2490,0.4065079935527505,0.002087395478612414,0.3816211458786965,0.2097834650899406
2491,0.40653044659298854,0.0020957906345348753,0.3810869570001796,0.21028680577229708
2492,0.40666795319628457,0.002113708168413788,0.3809880952024737,0.21023024343282795
2493,0.40640387798107513,0.0021325159466006613,0.38169900301450876,0.20976460305781547
2494,0.406134654919844,0.0021629784891259093,0.38188091973133037,0.20982144685969978
2495,0.406156968311736,0.0022561388531756256,0.3817358488707016,0.20985104396438672
2496,0.4060269850579409,0.0023035261279289285,0.381094983015758,0.21057450579837217
2497,0.4058297266274932,0.0023458209982195393,0.38125570477536674,0.2105687475989205
2498,0.40555912020686813,0.00239802184897524,0.38162975138706734,0.21041310655708925
2499,0.4051146661775772,0.0024751185252701474,0.38183161581674036,0.2105785994804123
2500,0.4051891728770921,0.0024661678756566297,0.38150634579044274,0.21083831345680853
2501,0.40524900847196255,0.0024401374728578655,0.3813778555446542,0.2109329985105254
2502,0.40484715279631356,0.0024753453749677035,0.381711725132529,0.21096577669618974
2503,0.4046403821147303,0.0024925512696666015,0.38156582856266463,0.21130123805293838
2504,0.4048101336249851,0.002481181698203444,0.3814761186799343,0.21123256599687723
2505,0.40417446955397374,0.00249428972592695,0.3817787513761128,0.21155248934398657
2506,0.4043353605673764,0.0025065741893968993,0.38138575634439853,0.21177230889882823
2507,0.4045014643195602,0.0025049762693620027,0.38139333861388647,0.21160022079719135
2508,0.4049718432444048,0.002496474089177505,0.3806181558678525,0.21191352679856515
2509,0.40491450724941347,0.0024950285499137953,0.3804801098249476,0.2121103543757251
2510,0.40428820486743106,0.0025325020644347404,0.3807201213405607,0.21245917172757353
2511,0.4041471676863493,0.0024827019945514207,0.38075315187111897,0.2126169784479804
2512,0.4039092659699156,0.0025086429026419973,0.3805186784804785,0.21306341264696388
2513,0.40368532562206916,0.002499306792257007,0.380091774570744,0.21372359301492985
2514,0.40338516748423875,0.00252300263489523,0.3802784928588303,0.21381333702203564
2515,0.40331827263555287,0.00249383986176987,0.38057014078520124,0.21361774671747608
2516,0.4026794438719727,0.002438659412687431,0.3806628875149817,0.21421900920035813
2517,0.40239570578944417,0.0024230099906343357,0.38060408793320605,0.2145771962867154
2518,0.4026523376261551,0.0023915766213342383,0.3805643754020319,0.2143917103504788
2519,0.4031083609937226,0.002434365255340659,0.37997651491304113,0.21448075883789564
2520,0.4027832774801444,0.002404849625124084,0.3805672596972508,0.2142446131974808
2521,0.40273018833488283,0.0023658210854415472,0.3805902120017336,0.21431377857794193
2522,0.4023707724839756,0.002425983313970658,0.38077222798058896,0.2144310162214648
2523,0.4018788686028702,0.0024322783782092334,0.38139134244879525,0.21429751057012525
2524,0.4013571843259925,0.0024464082957797112,0.3818332122841254,0.21436319509410243
2525,0.4011283507995116,0.002360421665729423,0.3819794811786739,0.21453174635608505
2526,0.40072674820038456,0.002405386900724825,0.38217523947626697,0.21469262542262352
2527,0.400114107726386,0.0023976085908235267,0.3820454598266928,0.21544282385609764
2528,0.39943499067136295,0.00238591930885348,0.3821390478426517,0.21604004217713185
2529,0.39915488562170387,0.0023274217513209092,0.3822141497594159,0.21630354286755932
2530,0.39919658038373007,0.002318907948017428,0.38236762700798516,0.21611688466026732
2531,0.3990536226968005,0.0022918109321971728,0.3821990689662703,0.21645549740473208
2532,0.39896608250717425,0.0023086992336294617,0.38238621638087744,0.21633900187831895
2533,0.39899274647620186,0.0022649794831846935,0.3826618884720558,0.21608038556855766
2534,0.3991466087116097,0.002308900332309626,0.3824611205862033,0.21608337036987732
2535,0.39892323483649383,0.002310775669435221,0.3825422628446965,0.21622372664937436
2536,0.3989622209084988,0.002295838233192079,0.38217261975250494,0.21656932110580424
2537,0.39886516829437857,0.002295725672285206,0.38240046980634895,0.2164386362269873
2538,0.3990957295744131,0.0022928384312625636,0.38237683179554416,0.21623460019878019
2539,0.39875714037854987,0.002333576528479487,0.38310516574740844,0.21580411734556218
2540,0.3986574136667257,0.0023535905154628287,0.38287014469810016,0.21611885111971132
2541,0.39854804327452087,0.002395649797833135,0.38287222066777266,0.2161840862598734
2542,0.39830866392387304,0.0024249304257367736,0.38257553686989015,0.21669086878049998
2543,0.3980630634919371,0.0024344295070693038,0.3825308627134039,0.2169716442875897
2544,0.3976414322188292,0.00238195672684102,0.38274761189510287,0.2172289991592268
2545,0.3976199594401386,0.0024053353930642758,0.3827005994613109,0.21727410570548616
2546,0.3977731346176633,0.0024203241255063386,0.3824867748591516,0.21731976639767875
2547,0.3977415539396238,0.002441729576147958,0.38240431955196746,0.21741239693226072
2548,0.3975118943222899,0.002409350068635781,0.38273651048631524,0.21734224512275904
2549,0.3974292776539834,0.0024452325597700947,0.3824274678674665,0.21769802191878013
2550,0.39733424518216653,0.00246103497116028,0.38229915965487354,0.21790556019179963
2551,0.3967999093384917,0.0024092856637307446,0.38294482621640136,0.21784597878137615
2552,0.3967758500547359,0.0024264430971273816,0.38299877262960036,0.21779893421853633
2553,0.3962563920514747,0.0023434757624118127,0.38306639630594,0.2183337358801734
2554,0.39616247679725214,0.0024058942879422616,0.3828011853335358,0.21863044358126987
2555,0.3958643459394862,0.002356668261759446,0.38309185691207676,0.21868712888667757
2556,0.3958870061814102,0.002299384732588451,0.38348192805625175,0.21833168102974945
2557,0.39577467039094627,0.0023050122435559588,0.3834037445887374,0.2185165727767604
2558,0.39513255901492805,0.0023086595259529568,0.3838750929984318,0.21868368846068723
2559,0.39536334868258177,0.0022577888045326603,0.3834137572238224,0.21896510528906316
2560,0.39491328128803105,0.0022661304770019266,0.38319118490928206,0.21962940332568506
2561,0.39478981649495193,0.0022875344763767297,0.38323392948166446,0.2196887195470069
2562,0.393736447868411,0.0022738896440119235,0.3840546029136072,0.21993505957396983
2563,0.39360658772261703,0.0022842507310836327,0.3840227536399372,0.22008640790636216
2564,0.3933423620762152,0.0022733594784237606,0.38458777528421983,0.21979650316114122
2565,0.39344855078130314,0.0022497507175401076,0.3842202933635429,0.22008140513761393
2566,0.3932781545039473,0.002237443326454803,0.38452683380179253,0.21995756836780536
2567,0.39266959604873614,0.0022368089185444075,0.38482864731981675,0.22026494771290267
2568,0.3925892657038022,0.0022537127676787133,0.38468320250403293,0.22047381902448615
2569,0.392216944621134,0.0022608484277750664,0.3847788392498611,0.22074336770122976
2570,0.3922336032874982,0.0022058526220161824,0.3842928728017442,0.2212676712887415
2571,0.3919398171831633,0.0022066298496106296,0.3847209573570204,0.22113259561020576
2572,0.3917143214334929,0.002243621115575484,0.38487732966027355,0.22116472779065816
2573,0.3912793458501328,0.0022566977187462494,0.3849985087249985,0.2214654477061225
2574,0.3905697672399728,0.002228071686004676,0.3852290366579246,0.22197312441609798
2575,0.3902815264059056,0.0022299741366613767,0.38506721716169867,0.22242128229573427
2576,0.3900388970665364,0.002241842045732078,0.38524777160479196,0.22247148928293953
2577,0.3902814899190554,0.0022825850324169803,0.38544371540320893,0.2219922096453187
2578,0.39031796041526456,0.002253946250105219,0.38588620371962007,0.2215418896150101
2579,0.38999085025989216,0.002182689685100528,0.3861418865418682,0.22168457351313903
2580,0.38951912716591414,0.0021788000979929304,0.3859319433099699,0.22237012942612294
2581,0.38890381258414874,0.0021318768814123793,0.38659536083015505,0.22236894970428384
2582,0.38870851278788876,0.002144006050010781,0.3866474993317304,0.22249998183037004
2583,0.38843430350233293,0.0021599488213976227,0.3864211417497585,0.22298460592651095
2584,0.388428995305328,0.0021280325456321343,0.3863634430306748,0.2230795291183651
2585,0.3880729902660741,0.0020985712101397437,0.38670106878835536,0.2231273697354308
2586,0.38799894470214985,0.0021212384078243642,0.38685475209270714,0.22302506479731857
2587,0.3876445800413786,0.002124568692565941,0.3865771442752976,0.22365370699075787
2588,0.3872426050731538,0.0021439846430374417,0.38674828448682785,0.22386512579698103
2589,0.38685045729248074,0.002128763416735937,0.38672763551434824,0.22429314377643506
2590,0.3866264692044711,0.0021304311912999367,0.38711728661433514,0.2241258129898939
2591,0.3864443145946245,0.002112128376893379,0.38745868794678967,0.22398486908169235
2592,0.38613027908071873,0.00210319326104048,0.3875453859128613,0.2242211417453795
2593,0.38590885768507033,0.0020729913213710024,0.38861061544764697,0.22340753554591175
2594,0.3855423398987026,0.0021388742517873625,0.38874941886253905,0.22356936698697102
2595,0.38550689467683663,0.0021368100411058313,0.38915844561950746,0.22319784966255013
2596,0.3849962159213904,0.0021455207593624975,0.3892168494341919,0.22364141388505523
2597,0.3845676288657023,0.0021734673640378247,0.3895998224888404,0.22365908128141948
2598,0.38513110826466523,0.002181594273116291,0.38923486849008737,0.22345242897213113
2599,0.3847690648773142,0.002191554731632348,0.3891475235979963,0.22389185679305718
2600,0.38458621359685763,0.0022505334494699507,0.388829180008857,0.22433407294481533
2601,0.38430713498682817,0.0022896283598279974,0.3888824956087725,0.22452074104457126
2602,0.38377678121850145,0.0023657457679202077,0.3894864801548702,0.2243709928587081
2603,0.3836048413709343,0.0023098334828527685,0.389447385417429,0.22463793972878388
2604,0.38338730036275825,0.002236930523328886,0.38971504208238766,0.2246607270315252
2605,0.382992323581021,0.002261069569578527,0.3902677457923465,0.22447886105705392
2606,0.3830299726557839,0.0022440289581201938,0.39069589207322947,0.22403010631286638
2607,0.38294399315602934,0.002240902785968438,0.39010388930112155,0.22471121475688074
2608,0.3827574737346583,0.002253192518920814,0.39043158902727865,0.2245577447191422
2609,0.3826065697909249,0.002201856481020439,0.39060627780496204,0.22458529592309265
2610,0.38219582924880535,0.0022366745202805675,0.39076712827929533,0.22480036795161876
2611,0.38189751478403766,0.002282993008939254,0.390745816139925,0.2250736760670981
2612,0.3819279405182072,0.002264043537850771,0.3907706791261764,0.2250373368177656
2613,0.3820415347206535,0.0022309476647303554,0.3911690424319074,0.2245584751827087
2614,0.3815910630652057,0.0022285683222570242,0.3915730683604815,0.22460730025205575
2615,0.38157394323957394,0.002262727497585995,0.3911422553625454,0.22502107390029463
2616,0.3816385195042637,0.002290168748402178,0.3910020201587697,0.22506929158856442
2617,0.3815711850769426,0.0022993461615439183,0.39109135180264315,0.22503811695887035
2618,0.38171736482102403,0.0022603042888503246,0.39088895370857324,0.2251333771815524
2619,0.38117731061217974,0.0022643925817547803,0.3916445380245376,0.22491375878152783
2620,0.38103170350171967,0.0022394515286377607,0.3916404160439983,0.22508842892564423
2621,0.38055277533884524,0.002260776205541164,0.39087251620335106,0.22631393225226243
2622,0.3802144914065092,0.002269949151979769,0.3907142038134137,0.2268013556280973
2623,0.37966630508729515,0.0023135840697126237,0.39112286006484565,0.22689725077814654
2624,0.37942384465766704,0.00229495680168585,0.3913951480998169,0.22688605044083018
2625,0.3792431037071905,0.002289452376279622,0.39165277461760517,0.22681466929892474
2626,0.379129666758669,0.0023492256648750824,0.3917721597185161,0.22674894785793986
2627,0.37883614621685435,0.0023245741624820606,0.3921341713454912,0.2267051082751724
2628,0.3783126786175156,0.0023911725009305522,0.39212155781256897,0.22717459106898494
2629,0.3779641663765515,0.002342851249992703,0.3922540063724692,0.22743897600098667
2630,0.3772056307565134,0.0024335055002784587,0.3923916179015099,0.22796924584169814
2631,0.3769430329161051,0.002396324210365602,0.3924105395741996,0.22825010329932965
2632,0.37655693894837894,0.0024392086233735255,0.392374038335236,0.22862981409301147
2633,0.37633083642521054,0.0024356870207034404,0.3924483904271715,0.22878508612691456
2634,0.37585404104979936,0.002410438649720105,0.3932683726441907,0.22846714765628998
2635,0.37529620550956766,0.0024006768039621326,0.39322414444633624,0.229078973240134
2636,0.3750113745897269,0.002422399066502938,0.3930247348998533,0.2295414914439169
2637,0.3748446688774145,0.0024187366976347754,0.39307673405561816,0.22965986036933245
2638,0.37448496968069767,0.0023718795243658046,0.3937846412465007,0.22935850954843584
2639,0.3742368972514181,0.0023926099310664604,0.3940586499296311,0.22931184288788448
2640,0.37406793965094365,0.0023480793959964595,0.39395224995571115,0.2296317309973488
2641,0.37383702770039884,0.002318510726711101,0.39421940178557835,0.22962505978731168
2642,0.3738082689778993,0.0022799865783597116,0.3939201585469083,0.22999158589683272
2643,0.3733977533010528,0.0022932695451885706,0.39439366722308034,0.22991530993067832
2644,0.37289339650490866,0.002276268159647204,0.39481240788262606,0.23001792745281802
2645,0.3723726865240391,0.002290809286297422,0.3947006006869885,0.23063590350267496
2646,0.37245513866769675,0.002335904560202439,0.39421825536342336,0.23099070140867753
2647,0.37210049067695394,0.0023208388619271026,0.39431442176170894,0.23126424869941004
2648,0.37190776241606427,0.0023453120349987457,0.39396623129362873,0.2317806942553083
2649,0.37214564691721164,0.0023262723181355733,0.39340855589840845,0.23211952486624435
2650,0.37204906020759065,0.0022967807422964942,0.3935669474265079,0.23208721162360493
2651,0.3716808539563718,0.002280526928508672,0.39415325740217166,0.23188536171294785
2652,0.3714575400760083,0.002292910478640892,0.39408637738187957,0.23216317206347123
2653,0.37154583438660815,0.0023227317881315285,0.3940917811214155,0.23203965270384477
2654,0.37182254974948153,0.0022879934295391797,0.39411504150529497,0.2317744153156843
2655,0.3716691683849357,0.0022543262624224636,0.39427223839311654,0.23180426695952536
2656,0.37159376501510355,0.002265049519112384,0.39428239117333697,0.23185879429244705
2657,0.37139755438420313,0.0022503863726579367,0.39414241101649444,0.23220964822664455
2658,0.37082656110772394,0.0022110272754101577,0.3947097609581485,0.2322526506587174
2659,0.3706180823004326,0.0022415163480232897,0.39485826514838523,0.2322821362031589
2660,0.37039147581192494,0.002256094981640409,0.39492323471402624,0.2324291944924084
2661,0.370228311672142,0.002259867263036099,0.3949802281187645,0.2325315929460575
2662,0.3701732305138214,0.0022320205090571605,0.39533183148254036,0.232262917494581
2663,0.3700013398829867,0.0022851528272338295,0.3953473681250151,0.23236613916476437
2664,0.3699585941769463,0.0023158217589289245,0.3955483508499612,0.23217723321416345
2665,0.3696628909964978,0.0023188255938455644,0.395006321341528,0.23301196206812858
2666,0.3698264711021406,0.002290335567335661,0.39442477867309117,0.2334584146574325
2667,0.36960201481575844,0.0022519588443666964,0.3945887351219676,0.2335572912179072
2668,0.36969204108022613,0.002220720655773215,0.3942340251956657,0.23385321306833484
2669,0.36895169883869655,0.0021988158644498166,0.39461997463488613,0.23422951066196757
2670,0.3687530249528173,0.0021930729771524847,0.39418061233967017,0.23487328973035995
2671,0.3685718256581327,0.0022480553969984928,0.39469414648421186,0.234485972460657
2672,0.3684513279660788,0.002219675867927838,0.39422473398042984,0.23510426218556346
2673,0.36805478108280437,0.002228937984077116,0.3948715739550997,0.2348447069780189
2674,0.36729935140592274,0.0021773499429649673,0.3954407111100272,0.23508258754108508
2675,0.36752934235400475,0.0021630212459969912,0.39554329030438995,0.23476434609560837
2676,0.36746013474316397,0.002201013124993257,0.39582688690947654,0.2345119652223663
2677,0.36693590406947824,0.002220278584003583,0.39602333401795875,0.23482048332855937
2678,0.36675541952130974,0.0022390687547378424,0.395718607686226,0.2352869040377264
2679,0.36647396617708056,0.00224899180743914,0.39573516797967706,0.23554187403580315
2680,0.3661268001750115,0.002296586990722404,0.39625820463831046,0.23531840819595554
2681,0.3658810003323838,0.002310905282689059,0.39626418854804935,0.23554390583687787
2682,0.36601781978638465,0.002292983291814585,0.3962796734802426,0.23540952344155816
2683,0.3660954440753653,0.0023042958019427197,0.39627013488300233,0.2353301252396896
2684,0.36561627676063585,0.0023117950374023323,0.39652833880014376,0.235543589401818
2685,0.36490950709451436,0.0023103679377279563,0.39647839922580114,0.23630172574195657
2686,0.36461214456534574,0.0022943495430720507,0.39621403469173117,0.23687947119985103
2687,0.364214625806407,0.002326242874079893,0.39670710696052397,0.2367520243589892
2688,0.3638040344364891,0.0022787226978786797,0.3968670349881709,0.2370502078774613
2689,0.36305563342501224,0.0022507810268543073,0.39714057939428005,0.2375530061538535
2690,0.36349185826988634,0.002213009748320361,0.39634373581448645,0.23795139616730684
2691,0.3630961446872255,0.0022142784172198954,0.39673505004358633,0.23795452685196827
2692,0.3628911331277834,0.0022002692299799187,0.3968771336025364,0.23803146403970005
2693,0.3631627388545104,0.0022335637553537444,0.3968239611420172,0.23777973624811857
2694,0.3634676910265251,0.002275037619337471,0.396495421713378,0.23776184964075936
2695,0.3626807069739032,0.0022849450999201312,0.39670576762904275,0.23832858029713386
2696,0.3624648354267147,0.0022633422300650428,0.396831410218206,0.23844041212501427
2697,0.3625805097098397,0.002290306028974462,0.39685227375170673,0.23827691050947908
2698,0.3625581869822955,0.0023372552767118716,0.39617806234593034,0.23892649539506233
2699,0.36268113221590575,0.0023658670068733775,0.39602194890012177,0.23893105187709915
2700,0.36265213176924505,0.002347758061444432,0.3958432765839769,0.23915683358533363
2701,0.36214603247858107,0.0023293772541901334,0.3961919760355616,0.23933261423166713
2702,0.36209187904745244,0.0023076539621114276,0.39623386403980887,0.23936660295062717
2703,0.36201332025898564,0.002336893869741897,0.396167100478181,0.23948268539309145
2704,0.36219533148304073,0.0023579856324912234,0.39626796757876487,0.23917871530570328
2705,0.362070231108685,0.0024108540871618693,0.39624475877808624,0.2392741560260669
2706,0.3617843651406131,0.0024226478091159934,0.3965302208866196,0.23926276616365136
2707,0.36165312690269946,0.0024126002651022075,0.3969753451678719,0.23895892766432641
2708,0.36182417202143763,0.0024189502630317028,0.3966885702362789,0.2390683074792518
2709,0.3612420384787552,0.002436782140831587,0.39727870368374785,0.23904247569666542
2710,0.3610183167289939,0.002505140901416782,0.397150221468224,0.2393263209013654
2711,0.3606103972266724,0.0025002634850416795,0.39755089641846525,0.23933844286982073
2712,0.36015254815417047,0.0025313435937428116,0.3975277011711259,0.23978840708096089
2713,0.36023971241075875,0.0026090177949015716,0.3976974447412199,0.23945382505311974
2714,0.3598922537955066,0.002578831292806662,0.39774346014571726,0.23978545476596946
2715,0.3592597926922302,0.0025395128722109405,0.39758100496399057,0.24061968947156834
2716,0.35911055083386423,0.002537013129244722,0.3976090364103884,0.24074339962650262
2717,0.3586451401398749,0.0025324973502211094,0.398043772169199,0.24077859034070498
2718,0.3589714251520828,0.002554214319506374,0.3978280534329491,0.2406463070954617
2719,0.35885950504272934,0.0025648413454679936,0.3978471818597364,0.24072847175206635
2720,0.35846477521862485,0.002575698114827274,0.3975259269053236,0.24143359976122417
2721,0.358210940870587,0.0025624037047484957,0.3976121908515774,0.2416144645730871
2722,0.3580523764686294,0.0026068224029659527,0.39739990888888366,0.24194089223952098
2723,0.3579935549816901,0.002578579904759349,0.39702639961015,0.24240146550340053
2724,0.35759134131521364,0.0025473292167680953,0.3973798888950182,0.24248144057300003
2725,0.3574586746328288,0.002576958912153148,0.3970477494954371,0.24291661695958097
2726,0.3568131947354269,0.002568464961086548,0.3970277360913683,0.24359060421211823
2727,0.3571089430386363,0.002559870824786764,0.3964933646263879,0.24383782151018912
2728,0.3568181160074973,0.0025649782801123308,0.3967548691506948,0.24386203656169556
2729,0.3564659032261964,0.002509871395302586,0.39697045163434097,0.24405377374416
2730,0.35567453399498344,0.002536147570984583,0.3973821105517982,0.24440720788223375
2731,0.3554723907905616,0.002524958283315254,0.39749680739264265,0.2445058435334805
2732,0.35546461847847793,0.0024654178254727727,0.397613914395443,0.2444560493006062
2733,0.35547359313644067,0.002451102778096261,0.39737561509903835,0.24469968898642472
2734,0.35489654151815925,0.0024503260340368676,0.39759793964586015,0.2450551928019437
2735,0.35476692184323,0.0024814672741177318,0.39746901724891026,0.24528259363374208
2736,0.35490224819651706,0.0024072561314587826,0.3975838683296427,0.24510662734238142
2737,0.35469743482232685,0.0024110380648576938,0.3981332085786034,0.2447583185342121
2738,0.35458220641288807,0.0023911148475177398,0.39762274665589337,0.24540393208370084
2739,0.35419033228490393,0.002345885628901115,0.3980254488533165,0.24543833323287845
2740,0.35402707657039556,0.0023027673467001146,0.3977384872845633,0.24593166879834105
2741,0.35369893721747336,0.0022788566390544262,0.3974566620466914,0.2465655440967808
2742,0.35332805760246994,0.0022323126940087213,0.3977703538523399,0.24666927585118142
2743,0.352692931672089,0.0021779695440706406,0.39779502195916006,0.24733407682468025
2744,0.35219760176473836,0.0021811449866362665,0.3976689817081713,0.24795227154045413
2745,0.3517997712797724,0.0021323268428685427,0.3976566471537776,0.2484112547235815
2746,0.3514241069419602,0.0021445421493592504,0.397831551319942,0.24859979958873857
2747,0.35151359105369395,0.0021022579919273174,0.39721102463476177,0.24917312631961686
2748,0.3511361602398738,0.002121981078203167,0.39717967675242116,0.2495621819295019
2749,0.35112400707501634,0.0021499696417463226,0.3972614979586719,0.24946452532456548
2750,0.3509202217906945,0.0021400987775143294,0.39735397138210155,0.24958570804968966
2751,0.3504292161571072,0.0021080307255776326,0.3972779405441208,0.25018481257319436
2752,0.35019608747300135,0.0021208830361449022,0.397834077190161,0.24984895230069265
2753,0.3500163638629076,0.002131074873521475,0.398020939194588,0.249831622068983
2754,0.3498410377952751,0.002167223719348422,0.39806783690512476,0.24992390158025174
2755,0.3494990005602028,0.0021949255092276547,0.3983375674727845,0.24996850645778518
2756,0.3494261149941682,0.0022527817310894213,0.3985119960219562,0.24980910725278624
2757,0.3496696356780635,0.0022773560767984776,0.3980652009953242,0.24998780724981384
2758,0.3493562527719858,0.0023168781187678706,0.3982966230024097,0.2500302461068367
2759,0.34909695756478754,0.0023133217066893417,0.3981386034372603,0.2504511172912628
2760,0.3487602692276138,0.00227478142326783,0.3980901897652417,0.2508747595838767
2761,0.34836234619781253,0.002294251507084484,0.3984755908469082,0.2508678114481948
2762,0.34830714330138896,0.0022783711078359853,0.39827939659309675,0.2511350889976784
2763,0.3486006091836439,0.0022232002747746117,0.3978521390460035,0.251324051495578
2764,0.3491454551572611,0.002264874096813154,0.39735762255117035,0.2512320481947555
2765,0.3490304172377393,0.0022545949089975746,0.3973230089323979,0.25139197892086507
2766,0.34906424751197856,0.002287881053103157,0.39713915444745823,0.2515087169874601
2767,0.3493205989910279,0.00224373027533379,0.39695999308095575,0.2514756776526825
2768,0.34952864584792565,0.002262768889869415,0.39685293513353737,0.2513556501286675
2769,0.3494904604850119,0.002270433138237918,0.3973888812405299,0.25085022513622024
2770,0.3493469757020131,0.0022717402497680473,0.3973569825999889,0.25102430144822985
2771,0.3491243677941177,0.0023129168066194916,0.39758897440343527,0.2509737409958276
2772,0.34903000002685863,0.002295156520692876,0.3975752338712396,0.25109960958120886
2773,0.34866608076452693,0.0022976532461561443,0.39784590267290687,0.25119036331641
2774,0.34863954605153724,0.0022901635183907995,0.39720009453780125,0.25187019589227067
2775,0.34876780493740267,0.0022726800856009465,0.3970891018170477,0.2518704131599486
2776,0.34822719140846925,0.0023105373677124058,0.3973595594259264,0.25210271179789207
2777,0.3480281922285423,0.002331781365297856,0.397958249051494,0.2516817773546658
2778,0.34796296925544945,0.002319280957160595,0.39760908904843206,0.2521086607389579
2779,0.34771442738109176,0.0023573410848046388,0.39749252921979733,0.25243570231430623
2780,0.3475549053712552,0.0023181997045991836,0.3972771970777571,0.25284969784638844
2781,0.34786213612577044,0.0022912406346773983,0.39678144160620976,0.25306518163334235
2782,0.3475043602767305,0.002320596249681462,0.39694528450537,0.2532297589682181
2783,0.3474179062331351,0.002316705969928317,0.3967384463658238,0.25352694143111276
2784,0.34757743643615424,0.002314717588029646,0.39616472340156506,0.25394312257425106
2785,0.3475518255720861,0.0023376510049743088,0.39613763754072,0.25397288588221967
2786,0.34729769662611487,0.0023140890472820304,0.39624555405457296,0.2541426602720301
2787,0.3467338029993613,0.002303886541397185,0.397049039562712,0.2539132708965296
2788,0.34673099598698076,0.002277501539379278,0.39702982675668996,0.25396167571695
2789,0.3466434661793588,0.0022764941663351015,0.39733823400978613,0.2537418056445199
2790,0.3460359809664834,0.0022291233266539603,0.39790597855593945,0.2538289171509232
2791,0.3456699234204095,0.0022725251697872616,0.397737277390305,0.25432027401949825
2792,0.34593452355830184,0.0023529505289521238,0.3974579943344387,0.2542545315783074
2793,0.34587858421892526,0.0023153363467440582,0.39733607904932566,0.254470000385005
2794,0.34519763482616916,0.0023406673498427956,0.3976117132456457,0.2548499845783424
2795,0.3452650854289915,0.002325037575621064,0.39723924800172605,0.2551706289936614
2796,0.3451254270220711,0.0023543832014209535,0.39663429736714384,0.2558858924093641
2797,0.34449670252324743,0.002381413396636042,0.3962031923813509,0.2569186916987657
2798,0.344022074205301,0.0023958934835690443,0.3967249230419697,0.2568571092691603
2799,0.3438425871692202,0.0024160685690696876,0.39713041110987457,0.2566109331518355
2800,0.3435010843685716,0.002439447871614406,0.3974916404550037,0.2565678273048103
2801,0.3433145790103341,0.0023931927327534588,0.3980128165471858,0.2562794117097266
2802,0.3432249503684423,0.0024255986072570335,0.39794008785499546,0.2564093631693053
2803,0.34293914271526305,0.0024529793040863985,0.3981002264997106,0.25650765148094
2804,0.3428975725730366,0.0024054851153749437,0.39796472510471387,0.25673221720687467
2805,0.3427826894174112,0.002406466758896787,0.3970177464947107,0.2577930973289813
2806,0.34258626251572616,0.002405810054196586,0.39685643345011185,0.2581514939799654
2807,0.3423863275651272,0.0024352513496922476,0.39641714271619133,0.25876127836898927
2808,0.3425316989592052,0.002424306061370354,0.3961743370218608,0.2588696579575636
2809,0.34243771826963537,0.0024051027238620897,0.3964006173977224,0.25875656160878
2810,0.3426831718253111,0.00240603970650245,0.3962000394767335,0.25871074899145297
2811,0.34238557271742753,0.002422084542561767,0.395734913979093,0.2594574287609176
2812,0.3423793201821498,0.0024401936871101077,0.3959431791226574,0.2592373070080827
2813,0.3423429722018979,0.002472345947099678,0.3959560124168705,0.2592286694341319
2814,0.3424041790627409,0.0024781202884645286,0.3962476216631288,0.2588700789856657
2815,0.34216330860966926,0.002499377078715774,0.3960286675718858,0.2593086467397292
2816,0.34225898321055004,0.002519484142587676,0.3953748732637205,0.2598466593831418
2817,0.3426720041562171,0.0025052369680835266,0.39485910791271256,0.2599636509629867
2818,0.34248660598043845,0.002518568174413404,0.39460455118446097,0.2603902746606871
2819,0.34255776088843526,0.0025276093235501755,0.393969973082532,0.26094465670548245
2820,0.342586308920703,0.0025470906405676503,0.39406557776404594,0.26080102267468325
2821,0.34266372371477183,0.002546218223192784,0.39442086818607863,0.26036918987595675
2822,0.3426359795707851,0.0025510654453043745,0.3943539254641236,0.26045902951978694
2823,0.3424098494991111,0.0025190940127281093,0.3954240527300302,0.25964700375813077
2824,0.3420574284753321,0.002521531171590962,0.3952959918260406,0.26012504852703644
2825,0.3420263302520602,0.0025051165273892854,0.3954678849460746,0.2600006682744759
2826,0.3419898017746175,0.0025197023319581667,0.39560654239218296,0.2598839535012414
2827,0.342310293442786,0.0025284191330701995,0.39553446520104824,0.25962682222309563
2828,0.34201544847048476,0.002499355787286275,0.39527859964895723,0.26020659609327174
2829,0.3419869799316329,0.0024655518477721,0.39513895763552875,0.2604085105850663
2830,0.3422377961497746,0.0024677527202667713,0.3943674534572918,0.26092699767266686
2831,0.34208597419834524,0.00245473440177608,0.39407227481354645,0.2613870165863324
2832,0.34208966865133583,0.0024587376280056227,0.3942590787673786,0.26119251495328005
2833,0.3419908736536309,0.002489530013092621,0.3937175393917886,0.26180205694148784
2834,0.34168610479871797,0.0025147973064380226,0.3939501337629587,0.26184896413188524
2835,0.3415747782659632,0.0024893904854275477,0.3940599636653531,0.26187586758325604
2836,0.34150681828837975,0.00245619605016942,0.39414020810162864,0.2618967775598222
2837,0.3412942643258519,0.0024800932072742885,0.3941583517126734,0.26206729075420043
2838,0.34128983544494534,0.0024619974615450006,0.39455758052713796,0.2616905865663717
2839,0.34090981189279057,0.002480463789053658,0.3950804238559571,0.2615293004621987
2840,0.34120617473469,0.0024775849797345263,0.3947414052575053,0.2615748350280701
2841,0.34139883206755994,0.002414690234733775,0.3947227118421237,0.26146376585558256
2842,0.3410716865223925,0.0023961216852298487,0.39522702141039556,0.2613051703819821
2843,0.3409695320738121,0.0023836203076392825,0.39550278183331217,0.26114406578523647
2844,0.341217058484239,0.0024534282766184344,0.39549934203368264,0.26083017120546004
2845,0.34110709390828103,0.002497510811602921,0.3955585762668329,0.26083681901328315
2846,0.3411161412949831,0.0024905394329593983,0.3949344911851153,0.26145882808694226
2847,0.34129758488371353,0.0025062414248802367,0.3949064485910818,0.2612897251003245
2848,0.3412703724467878,0.0025477567893228935,0.3949245816435873,0.261257289120302
2849,0.3412794178045324,0.0025166682883854376,0.39470095895721874,0.2615029549498635
2850,0.34109067381739056,0.0025430656020703005,0.3948191112929361,0.2615471492876029
2851,0.34073928726113456,0.0025664713101880496,0.3948465681799223,0.26184767324875513
2852,0.34049698949166685,0.002514807631361403,0.3949176368521634,0.2620705660248084
2853,0.340224682885375,0.0025443754038081785,0.39510924229624794,0.26212169941456887
2854,0.34034741336117724,0.002565137571810981,0.3948103244401501,0.2622771246268617
2855,0.34025228513799577,0.002552984181834423,0.3950432965214352,0.26215143415873465
2856,0.3396137430073689,0.002549237133814336,0.3958284697930285,0.26200855006578827
2857,0.33993330917613496,0.0025659988120330856,0.3953090554218841,0.2621916365899478
2858,0.33969813709064484,0.0025678597844838074,0.39558692620803443,0.2621470769168369
2859,0.34003851315403194,0.0026060253404171043,0.3949758134918183,0.2623796480137326
2860,0.3400828797983689,0.0026430124894092745,0.3945392745417196,0.2627348331705023
2861,0.34002656134330217,0.0027011656107210845,0.39424386643741444,0.2630284066085623
2862,0.33945177906252966,0.0026978196477664977,0.39452557327837834,0.2633248280113255
2863,0.3390433637561895,0.0027176896612875322,0.3948009960104709,0.26343795057205205
2864,0.3390253159040171,0.002680873689394599,0.3940438327099459,0.2642499776966424
2865,0.3385754634753716,0.0027113925413812046,0.3942673270134216,0.26444581696982555
2866,0.3382590621306524,0.002709798962748312,0.3941611933720931,0.26486994553450616
2867,0.3381621283785158,0.002699992287485908,0.394281223420782,0.2648566559132164
2868,0.3383401778918525,0.0027216250042267987,0.39424843813121957,0.26468975897270114
2869,0.33804665192315364,0.0026713256646055607,0.3945065558752052,0.2647754665370356
2870,0.33829236900740883,0.002649607865095831,0.39424974105464583,0.26480828207284957
2871,0.33863073373618036,0.0026409537888409567,0.39410891199055065,0.2646194004844281
2872,0.33846851033133457,0.0026656776968400973,0.3937507174880942,0.26511509448373116
2873,0.33842874702808345,0.0026855771364365172,0.3935765618919165,0.26530911394356355
2874,0.33810956602737274,0.0027020600596020555,0.39402999378575126,0.26515838012727394
2875,0.33811537324418006,0.002654788491297066,0.3943738767750093,0.26485596148951357
2876,0.3382206572112004,0.002657209070690977,0.3941063828174173,0.26501575090069135
2877,0.3380764214999952,0.0026961810414712684,0.3944259969486382,0.2648014005098953
2878,0.33750185035121083,0.002688556395455674,0.39498028093352333,0.2648293123198102
2879,0.33747037693964155,0.0026885660221573167,0.3945198649622457,0.2653211920759554
2880,0.3371395835558844,0.0026534431517996073,0.39459841932163725,0.26560855397067873
2881,0.33711457901883995,0.002634774440846258,0.39480313962332725,0.2654475069169866
2882,0.33700845715331096,0.0026190469224443924,0.3945837527702028,0.2657887431540419
2883,0.3368849350253501,0.0026268260629815515,0.39427159189925925,0.26621664701240916
2884,0.336992530889003,0.002642596417780141,0.39412985593145783,0.26623501676175904
2885,0.33632742673329974,0.0026016811708209926,0.3943683814247781,0.2667025106711012
2886,0.3360292942753482,0.0025992847712933576,0.394595541258479,0.2667758796948794
2887,0.3357164194671677,0.0025590209961094445,0.3948218493267236,0.2669027102099992
2888,0.33583337629928467,0.002518856760556923,0.39468215349306357,0.2669656134470947
2889,0.3356066373418728,0.0025076110224354665,0.3945787979416397,0.2673069536940521
2890,0.3352630147835426,0.0025639832344270534,0.39491274941023147,0.2672602525717989
2891,0.3351321785285496,0.0024949924907607416,0.39514768877718376,0.2672251402035061
2892,0.3346404749431283,0.0024840641322953173,0.3957980757278713,0.2670773851967051
2893,0.33460253773041476,0.0024974502829039785,0.39579122975413183,0.2671087822325494
2894,0.33453035927988356,0.002450654532320116,0.3950811722420793,0.26793781394571703
2895,0.3343681721031361,0.0024807542501927246,0.3951422847574014,0.2680087888892697
2896,0.333990900525032,0.0024613782160242876,0.3954957904978225,0.2680519307611212
2897,0.33327689939100613,0.002434097016444697,0.396217747610165,0.26807125598238424
2898,0.3328397900832291,0.0024762873326017202,0.3963537872020956,0.2683301353820736
2899,0.3324968651918581,0.0024686051873199773,0.39640521472659945,0.2686293148942224
2900,0.3329538792736421,0.0024507298874150403,0.3961754490020684,0.26841994183687445
2901,0.3328847358044956,0.0024036510794778814,0.3961148403784985,0.26859677273752797
2902,0.33274285952076765,0.0023838909702198928,0.39611940235182086,0.2687538471571916
2903,0.3326610895686897,0.002384788674979513,0.39608571624959177,0.26886840550673907
2904,0.33233042332718526,0.0023644103037698816,0.39607388901073504,0.2692312773583099
2905,0.33219423988938235,0.002365873303937197,0.3964301613799604,0.2690097254267201
2906,0.3321443137419887,0.002378956444462192,0.3967058141269177,0.2687709156866315
2907,0.3317931122878095,0.0024212605091086846,0.396889884839026,0.2688957423640558
2908,0.33146396006638346,0.002444722687936077,0.3966368744289434,0.269454442816737
2909,0.3315110358471693,0.002450834444642843,0.39676891426285676,0.26926921544533117
2910,0.33138948384797573,0.002501663048058227,0.39724015481014757,0.2688686982938184
2911,0.3309735663844937,0.002517469201517694,0.39718446888489617,0.2693244955290925
2912,0.33051517705539124,0.0025399259077582654,0.3971422278190102,0.2698026692178402
2913,0.33036522343486385,0.0026030040812321637,0.3971838731525241,0.26984789933137987
2914,0.3310258085922305,0.0026059698487153745,0.39735478168447236,0.26901343987458176
2915,0.33066443700082726,0.0026305272187452516,0.3976245982398532,0.2690804375405743
2916,0.33099306636408954,0.0026310173355550263,0.3971461671890163,0.26922974911133907
2917,0.3314272126742094,0.002617561311793626,0.39705756573072704,0.26889766028327
2918,0.33125468904970373,0.0025449210188882463,0.3974015870444694,0.2687988028869387
2919,0.3309362510941648,0.002540472897823586,0.39779603104305544,0.2687272449649561
2920,0.33049220479212094,0.002501229948745629,0.398316410894985,0.26869015436414856
2921,0.3306197023067444,0.0024809599278254337,0.3982105896973415,0.26868874806808857
2922,0.33018047418222746,0.002421239417905334,0.3980553812336739,0.26934290516619325
2923,0.3300842183752174,0.002498986397507202,0.3977858125858882,0.26963098264138724
2924,0.3295803876321629,0.002488898691571493,0.39772354688760964,0.27020716678865603
2925,0.32949001978279785,0.002507087793146757,0.3972740193603975,0.2707288730636578
2926,0.32972279428943563,0.0024601657005082008,0.39694462924186197,0.2708724107681942
2927,0.32953662845967235,0.0024851862147059643,0.3964652261883418,0.27151295913727985
2928,0.32962127704174166,0.0025095676372081086,0.3961939738833037,0.27167518143774644
2929,0.3295337343758987,0.002527638836694871,0.3962479033386458,0.27169072344876055
2930,0.32931209003480844,0.002543520644999114,0.39625755451493616,0.2718868348052563
2931,0.32925021292263357,0.0025574392888999204,0.39611085761111914,0.2720814901773474
2932,0.32906496872388147,0.002560115057583003,0.39632742102879426,0.27204749518974125
2933,0.32836411831864804,0.002582567808700532,0.3963831674471777,0.2726701464254737
2934,0.32847095546467164,0.0025874596122977224,0.3960376843492285,0.272903900573802
2935,0.3285083304414214,0.002614926127309906,0.39576362735637644,0.2731131160748922
2936,0.32847187316155574,0.002630559727485813,0.3960135136919493,0.2728840534190091
2937,0.32870846685006627,0.0026345109154330857,0.39592866632432117,0.27272835591017947
2938,0.3285450352864191,0.0026535132860188632,0.3961901814148634,0.2726112700126985
2939,0.32873193426073827,0.0026583469713367864,0.39615630609858027,0.2724534126693448
2940,0.3288440885538577,0.002633990136977194,0.39559616685178967,0.27292575445737544
2941,0.3284965642806557,0.0026638588770476657,0.3952150804870297,0.27362449635526703
2942,0.3278345487348912,0.002601939661187684,0.39578929339319846,0.27377421821072256
2943,0.32742006929003764,0.0026256821408128677,0.39575241369541697,0.2742018348737326
2944,0.3275549533360108,0.0026072567961072887,0.39549642066520846,0.2743413692026735
2945,0.32730035023137194,0.0026406327702359427,0.3955020215864978,0.27455699541189443
2946,0.32697059993975286,0.002620131663071678,0.39555892276116494,0.27485034563601046
2947,0.3269691626250582,0.0025857523213532615,0.395412527196524,0.2750325578570646
2948,0.3261582042046145,0.0025721974349226942,0.39558215968254895,0.27568743867791373
2949,0.3259565761385338,0.002538355985071139,0.39584771009128944,0.27565735778510564
2950,0.32526009535453454,0.0025909268800654783,0.396213236108172,0.27593574165722795
2951,0.32520944958248876,0.002574289412577055,0.39622290114376013,0.275993359861174
2952,0.32531564413582154,0.0025956873846732084,0.39539651142361415,0.2766921570558912
2953,0.3254571484318676,0.0026333910183252655,0.394850301207973,0.2770591593418341
2954,0.3254630262019574,0.0026289062174461833,0.39482209789858225,0.27708596968201415
2955,0.32512089893107354,0.002653294283901498,0.39495171183708283,0.27727409494794214
2956,0.32515122226460247,0.0026534138744179446,0.3951131521994394,0.2770822116615402
2957,0.32503471623789426,0.0026425595308610813,0.39542300959740556,0.2768997146338391
2958,0.32470897556727907,0.002629715315305495,0.39561860889118083,0.2770427002262347
2959,0.32465155428838605,0.002647650653417958,0.39559964708666806,0.27710114797152785
2960,0.3238782183002515,0.0026425587742050774,0.39633782042436183,0.27714140250118147
2961,0.3241329776912473,0.0026223165515862545,0.39625136209863565,0.27699334365853073
2962,0.3236877841865738,0.0026261248327711802,0.39653073800928595,0.2771553529713692
2963,0.3237753533004231,0.002571139332364185,0.39639664482232334,0.27725686254488935
2964,0.3236595577316416,0.002554948186691817,0.3962087428125739,0.27757675126909265
2965,0.3233976142071858,0.0025414400891735226,0.39621939789578586,0.2778415478078548
2966,0.3233158707681994,0.002503369260299788,0.3963745500168385,0.2778062099546622
2967,0.3233603229976081,0.002520519684620461,0.39634634712584926,0.2777728101919221
2968,0.3234857771041832,0.0025439202124606266,0.3963848537677932,0.27758544891556297
2969,0.3229958042496965,0.002557400354715576,0.39643786826227123,0.27800892713331665
2970,0.3225494495229485,0.002608843714315088,0.3961699158411876,0.2786717909215488
2971,0.32238891533437186,0.002591344020269787,0.3961329335202525,0.27888680712510594
2972,0.32254297258033604,0.0025745309384065194,0.3955560134777543,0.27932648300350316
2973,0.32273655495024467,0.0025800103888023664,0.3950848964041556,0.27959853825679737
2974,0.3225658315791785,0.0025602168716736947,0.3951487396982506,0.27972521185089716
2975,0.32299275629539,0.0025273895562972024,0.3941130809803021,0.2803667731680107
2976,0.32268540236123827,0.002487694621177164,0.394722210826164,0.28010469219142065
2977,0.3223507937457,0.0024653093494494635,0.3950503264608122,0.2801335704440383
2978,0.3223947025474802,0.0024142011201577496,0.3949504845792235,0.2802406117531385
2979,0.3225838726638338,0.0023993803673552877,0.3941438419696982,0.2808729049991127
2980,0.32326457940685377,0.002427111906546092,0.39375987006001806,0.2805484386265821
2981,0.3234390704167683,0.002422435452106383,0.3942296572353112,0.2799088368958141
2982,0.32313475130509445,0.0024406340347686117,0.39412463579188606,0.2802999788682509
2983,0.3231759980136698,0.0024895439975418563,0.3939112248239821,0.28042323316480616
2984,0.32276326120647314,0.002515167217766185,0.39389358501551114,0.28082798656024954
2985,0.3230767553538203,0.0025277070981684717,0.3937201686968246,0.28067536885118666
2986,0.322589600400742,0.002563544124043235,0.3934488197443028,0.28139803573091193
2987,0.32220825327396185,0.002519089742168262,0.39346551054119216,0.28180714644267774
2988,0.3223150011914536,0.0025042897342172467,0.3935813159068485,0.2815993931674806
2989,0.3221323351512273,0.002513002221223409,0.39325164935457296,0.2821030132729764
2990,0.3217552432600246,0.0024659669303484988,0.39355853936753504,0.2822202504420919
2991,0.32145637218413137,0.0024863885904178253,0.3938822977891635,0.2821749414362874
2992,0.3215141002955157,0.0025134868857626105,0.39327246890797246,0.2826999439107492
2993,0.32119671169287767,0.0025668559057003175,0.3934769767961209,0.28275945560530114
2994,0.3213523519857799,0.0025351641203392996,0.3924394438772984,0.28367304001658233
2995,0.32129253670246716,0.002529028731744371,0.39240729992464785,0.28377113464114057
2996,0.32134530667095357,0.0025125180333668896,0.3918846857099381,0.2842574895857415
2997,0.32132703458395084,0.0024697372919638793,0.39158917938238375,0.28461404874170154
2998,0.3209579420877501,0.002486547181837124,0.3914781878832482,0.2850773228471646
2999,0.3206287004454134,0.002494351381014053,0.3914779938390004,0.2853989543345722
3000,0.32066639638590566,0.0024631244715801184,0.39116784763287316,0.28570263150964104
3001,0.32024780593652824,0.0024641680033962612,0.39149390398885514,0.28579412207122035
3002,0.3204972791192754,0.0024330172236017604,0.3909599454018334,0.28610975825528945
3003,0.32076037322892226,0.0024784080190893526,0.39006190085404524,0.28669931789794323
3004,0.3208870735503937,0.002494927595657272,0.38998935787343403,0.286628640980515
3005,0.32092630638420433,0.0024644458983761504,0.3900873629470643,0.2865218847703552
3006,0.3206811113325334,0.0024548434210146268,0.38989157359974935,0.2869724716467027
3007,0.3203165950172706,0.0024669968302999325,0.38955197612170944,0.28766443203072
3008,0.32032722978042805,0.0024639901091169153,0.389948515934573,0.287260264175882
3009,0.3197507942222793,0.0024336388254347324,0.38921510547198646,0.2886004614802995
3010,0.31943779762031904,0.00238180941445867,0.3891246557875864,0.2890557371776358
3011,0.31936609966998397,0.002414513589810064,0.3891449883646622,0.2890743983755438
3012,0.31913890953226376,0.0024104604152018288,0.38872513403512343,0.28972549601741093
3013,0.3186955541117677,0.002470395673933242,0.38889358489772596,0.2899404653165731
3014,0.3185250579723578,0.002496792169168714,0.3887399792251344,0.2902381706333391
3015,0.318525481516524,0.002475030250015273,0.38916079045969887,0.2898386977737618
3016,0.31831172589525814,0.002498798544034079,0.38961056837369334,0.2895789071870145
3017,0.3182962335970215,0.0024648210149809356,0.389527853756706,0.2897110916312915
3018,0.318496962662114,0.0024587918293232295,0.3893461514228934,0.2896980940856694
3019,0.31839764986417485,0.002510321567440532,0.38913216395615946,0.28995986461222517
3020,0.31801783318166443,0.0024819661655994404,0.38962546506197315,0.28987473559076304
3021,0.31787798031213266,0.0024894485598488452,0.3898766640666643,0.2897559070613542
3022,0.3176483764175342,0.002512736936244743,0.3908978647045915,0.2889410219416296
3023,0.3176630953008767,0.0024722065618649263,0.3910888795483714,0.28877581858888696
3024,0.3174333378639025,0.002468150797743681,0.3908878165791734,0.28921069475918043
3025,0.31717324931047114,0.002485062777803422,0.3906294528321267,0.28971223507959876
3026,0.3174818799144764,0.0025186268761193636,0.39029199233739353,0.28970750087201075
3027,0.3170589517672999,0.0024986639075598592,0.3907855956312593,0.2896567886938809
3028,0.3165515831493685,0.002484045718250173,0.391418242848416,0.28954612828396536
3029,0.3166870096812666,0.002489695745150436,0.39100334153301175,0.2898199530405711
3030,0.3167049441636657,0.002501425555445312,0.39136324709598014,0.2894303831849089
3031,0.3164569531364232,0.002517873641348564,0.3918878490967466,0.28913732412548165
3032,0.3166788667877989,0.0024603708853788873,0.3917836966499225,0.28907706567689967
3033,0.31672393392994136,0.0024242333215721366,0.3920723723437087,0.28877946040477775
3034,0.3164971102457456,0.002426984388883658,0.3924363420041418,0.288639563361229
3035,0.3163961269681858,0.0024378079568352896,0.3920828542654672,0.2890832108095117
3036,0.31667797127785935,0.002433583421862127,0.3921318251165665,0.288756620183712
3037,0.31702926608147186,0.0024198087527066126,0.3917905025060173,0.2887604226598043
3038,0.3169625961135694,0.002428347931183228,0.39192624113720614,0.28868281481804114
3039,0.3170957740769853,0.002412133960690193,0.39177555247941503,0.28871653948290943
3040,0.3167829058338043,0.00242136680015139,0.39131610052938165,0.2894796268366625
3041,0.31637731320541257,0.002445958219419235,0.39143615574385426,0.28974057283131394
3042,0.31647862564734835,0.0024905347243267253,0.39158570421873923,0.2894451354095856
3043,0.31633020040013216,0.0024505082063868274,0.392075588913289,0.28914370248019206
3044,0.3161778760702669,0.00244220832415618,0.39158436969866783,0.28979554590690904
3045,0.3163811272103481,0.0024501806390997438,0.3914249294239626,0.2897437627265895
3046,0.316455016592655,0.0024539154313309164,0.39135520895514725,0.2897358590208668
3047,0.316378692244539,0.0024535822517513274,0.3915967256146188,0.28957099988909085
3048,0.31662874024567356,0.0024275336771130444,0.39123061505067047,0.28971311102654296
3049,0.31682292799393813,0.0024121481839136324,0.3911205041367164,0.28964441968543186
3050,0.3165443140612302,0.002394563668978822,0.3913869876556241,0.28967413461416697
3051,0.3165149267779901,0.0023426754175051804,0.39104549160264424,0.29009690620186046
3052,0.31667920239330577,0.0023900656600462184,0.39098630646714144,0.28994442547950644
3053,0.3167751689937822,0.002395249261271906,0.39072353107640667,0.2901060506685393
3054,0.31629399150408155,0.0023584507541674227,0.3910288403238506,0.2903187174179004
3055,0.31623328418487273,0.0023875623608809807,0.3907406818885276,0.2906384715657187
3056,0.31613561590224337,0.0023917695258824897,0.3908973037519825,0.2905753108198915
3057,0.31560041582149767,0.0023952929635377646,0.3908314891210586,0.291172802093906
3058,0.315764386435165,0.0023960577282233038,0.3912372476959115,0.29060230814070004
3059,0.31577582463450576,0.002403175082487892,0.3909941827299077,0.2908268175530987
3060,0.31544251709243404,0.0024250989977328604,0.3905892464186221,0.2915431374912111
3061,0.31526964529153856,0.0024256489097517755,0.39000749993554845,0.29229720586316127
3062,0.315379509931835,0.00243744542947688,0.39014526913226794,0.2920377755064202
3063,0.3147366854765544,0.0024711025417872992,0.39049519913895425,0.29229701284270415
3064,0.31503290373717735,0.0025015590728920917,0.3905630535430148,0.2919024836469156
3065,0.3146617948791632,0.00249180900710977,0.3904830312164451,0.292363364897282
3066,0.3146303581662542,0.002492850261644578,0.39071566677269987,0.2921611247994015
3067,0.31454126852618414,0.002496340372087813,0.3907473136701549,0.29221507743157316
3068,0.3144172319499391,0.00248323406790645,0.39060231723657973,0.2924972167455747
3069,0.3142555995079117,0.002545340820290109,0.3905046986533131,0.2926943610184851
3070,0.3141606817639608,0.0025669882086109814,0.3898949755238167,0.29337735450361146
3071,0.3137151305666717,0.002562304341220575,0.3903152966499091,0.2934072684421986
3072,0.3135743731526374,0.0025661894343737496,0.3901649168438103,0.2936945205691785
3073,0.3135125149545777,0.002596600388420552,0.39070670967765847,0.29318417497934324
3074,0.3132908302915351,0.0026058248647080886,0.39092599130011985,0.29317735354363694
3075,0.3133838231330774,0.0025983025857393713,0.39043737111863536,0.2935805031625479
3076,0.3129415940049648,0.0025845931902463274,0.3911136059637009,0.293360206841088
3077,0.31266239807496554,0.002592828681757622,0.3912565440289063,0.2934882292143705
3078,0.31272141016734867,0.002595863654412233,0.3909910469688405,0.2936916792093987
3079,0.3121230518410457,0.002602992115586326,0.3914084203462108,0.29386553569715723
3080,0.3114920518194926,0.0025882905254686573,0.39156220435287714,0.2943574533021615
3081,0.31131942614904834,0.0025867093570466366,0.3914828432811868,0.2946110212127182
3082,0.31115686822434013,0.0025533050462254498,0.3912205394065287,0.2950692873229057
3083,0.3108960450667826,0.0025364000035456315,0.3911950171234478,0.295372537806224
3084,0.31063697305661775,0.0025029747706095617,0.3908571438255952,0.29600290834717746
3085,0.31111693613251706,0.00247067583374934,0.3910258089630772,0.29538657907065635
3086,0.31141517848551425,0.002441336253372066,0.3907696332216145,0.2953738520394992
3087,0.3111233313275772,0.0024448024331167823,0.39061781251679345,0.2958140537225126
3088,0.3111502321798112,0.0024392557567187965,0.3902001629132481,0.2962103491502219
3089,0.31144337004634154,0.0024269941713053003,0.38986980347934996,0.2962598323030033
3090,0.31112967579655953,0.0024632883482968476,0.38975260865992,0.29665442719522356
3091,0.3107544170797868,0.0023725121028496197,0.3899130710655634,0.2969599997518003
3092,0.31079968546448977,0.0023236432161615394,0.3903216524349086,0.2965550188844402
3093,0.3104157777222839,0.00232595868322692,0.3903427389576414,0.29691552463684784
3094,0.3102236740826612,0.0023402663615103405,0.39075088784328893,0.29668517171253955
3095,0.31030926256762326,0.0023746778783794694,0.39101842395202774,0.29629763560196964
3096,0.31097069004411343,0.002367546352670969,0.39062237170371317,0.29603939189950246
3097,0.3108781813851941,0.0023546291142339886,0.3906317767631857,0.29613541273738625
3098,0.31047281918792613,0.0023159931292492933,0.3904128987050222,0.29679828897780236
3099,0.3102279971434286,0.0022733148022558475,0.39148861244010363,0.296010075614212
3100,0.3100919855765822,0.002249690203705356,0.39121813662931204,0.2964401875904003
3101,0.30967855389699706,0.0022505811176700744,0.39176506178524567,0.2963058032000872
3102,0.3096392164095119,0.002169182397587821,0.39174227040174364,0.29644933079115654
3103,0.3097529494111705,0.002142788405926556,0.39154653079602547,0.29655773138687735
3104,0.3099750852155471,0.0021609003116122407,0.39098088106830015,0.2968831334045404
3105,0.30956313066060087,0.0021485272304688713,0.3906394049194165,0.2976489371895137
3106,0.30939094738756856,0.0021250368770159185,0.3906019026774968,0.29788211305791873
3107,0.3088911622623368,0.0021171449341577946,0.39076848673194114,0.2982232060715642
3108,0.3085186014869086,0.0020946751683888296,0.3908286970460968,0.29855802629860584
3109,0.30833585576493067,0.0021149679239699055,0.3912803182326196,0.2982688580784797
3110,0.3081672977856224,0.002133756704508817,0.39097030579240366,0.2987286397174651
3111,0.3085516030533735,0.0021363933642477477,0.3908874227155197,0.29842458086685913
3112,0.3085439189956902,0.0020804343469497623,0.390829373241416,0.298546273415944
3113,0.3085544294272477,0.002093156292910923,0.39050715272889147,0.2988452615509499
3114,0.30858923813058753,0.0020435252900698943,0.38979559750893095,0.29957163907041157
3115,0.3088786555847594,0.002051727328569937,0.38932385866847563,0.29974575841819495
3116,0.3085968534892932,0.002066915028704851,0.38961681108170965,0.29971942040029237
3117,0.3085379925306263,0.0020861546992927598,0.389804978985857,0.29957087378422403
3118,0.3087420114088418,0.002055086979032219,0.389219167245924,0.299983734366202
3119,0.30812388195620366,0.002046119734136446,0.3898723329928078,0.2999576653168522
3120,0.30773749123664984,0.0020468206294586575,0.38980265817906945,0.3004130299548221
3121,0.3077984849978136,0.0020676006579866527,0.38943254014569045,0.30070137419850934
3122,0.30794627176390427,0.0020686894957460305,0.3890194578581684,0.3009655808821813
3123,0.3075724509359888,0.00204732505062125,0.38912807385574694,0.30125215015764295
3124,0.30773845598297866,0.0020468078274210886,0.3893783336344832,0.300836402555117
3125,0.30749340302528794,0.002039109926708034,0.3891436562851428,0.30132383076286134
3126,0.3072943614634103,0.0020677045368937995,0.38932046337901277,0.30131747062068315
3127,0.30754308426506144,0.0020766435241162022,0.3892130136442339,0.3011672585665884
3128,0.3073090452150756,0.0020879268444032053,0.3898567658374694,0.3007462621030517
3129,0.30755861020284814,0.002138256644395109,0.38966564795886943,0.30063748519388733
3130,0.30780671378423624,0.0021633024101361123,0.38962715721120594,0.30040282659442175
3131,0.30809149024485116,0.002165655501535147,0.3888266162940758,0.30091623795953787
3132,0.30816830926767597,0.0022182211683599794,0.38817328965986186,0.30144017990410216
3133,0.3081244177185843,0.0021539679210906834,0.3883963614785045,0.30132525288182055
3134,0.30801421385392574,0.0021241414231182305,0.38807417240452163,0.3017874723184344
3135,0.3081517809324113,0.0021466317958945703,0.3873331489613265,0.30236843831036764
3136,0.3083169107492606,0.0021599523907801033,0.38800421367401483,0.30151892318594453
3137,0.30816950660922443,0.0021786361332765064,0.3878410610371774,0.3018107962203217
3138,0.30827221736020294,0.002251900880456447,0.3875258155428246,0.301950066216516
3139,0.30780019358440347,0.002245828177005114,0.38832080642036065,0.30163317181823074
3140,0.3079924129195851,0.002245539946388212,0.3879743142848543,0.3017877328491724
3141,0.3077587881621239,0.0022233580099734213,0.38813612797245217,0.30188172585545053
3142,0.3075825276279576,0.0022864377126293025,0.38863509324193657,0.30149594141747643
3143,0.3074460580544637,0.002296709625545718,0.3883557691262493,0.3019014631937414
3144,0.3072983778555572,0.0022256261624129226,0.3885499000341844,0.30192609594784553
3145,0.3070624318333194,0.002228006830804321,0.3886026782902733,0.302106883045603
3146,0.3069944622773213,0.0022251734176547563,0.3885903398466155,0.3021900244584085
3147,0.30711502753478015,0.002271632936576615,0.3885155178560469,0.3020978216725964
3148,0.30638240274607415,0.0022855631874971593,0.3891612987829526,0.30217073528347616
3149,0.30669430171706924,0.002295177825346132,0.38902768944812754,0.30198283100945716
3150,0.3064131754482426,0.0022847136110963374,0.38864302664722156,0.3026590842934396
3151,0.30608315015236814,0.0022636691883046933,0.38864537692526113,0.303007803734066
3152,0.30597796504205094,0.0022762926839700213,0.3891847615015663,0.3025609807724128
3153,0.30617194048555785,0.002273468512635032,0.3886788246835515,0.3028757663182555
3154,0.3062076143178789,0.0022311121608769922,0.3887134214613631,0.30284785205988096
3155,0.3059626191024807,0.0022444364405827953,0.388688317699062,0.30310462675787464
3156,0.30591905646858236,0.002217255994595716,0.3881927902413276,0.30367089729549435
3157,0.3060514161256531,0.0022625941920845012,0.38742958540305167,0.30425640427921075
3158,0.30582660187125954,0.002239292520792706,0.3873487542609369,0.3045853513470108
3159,0.305825568604548,0.0022964069247497416,0.38689687456311905,0.30498114990758324
3160,0.3059425559685509,0.0022683737986848467,0.38674824348755416,0.30504082674521005
3161,0.30608784135218403,0.0023187491388075195,0.3865563937684552,0.3050370157405533
3162,0.30645233177331566,0.002286598431472674,0.3862101385728967,0.3050509312223149
3163,0.3063818257009615,0.002325033775665587,0.38632356183844074,0.30496957868493224
3164,0.30607465329560146,0.002309156365850656,0.38680167144230687,0.3048145188962411
3165,0.3054920575500092,0.002318368321736111,0.3867673998096667,0.305422174318588
3166,0.3053744193123372,0.002338587778844219,0.38693246595943975,0.30535452694937876
3167,0.3056277204573067,0.0023375201642137798,0.3871365835150749,0.3048981758634046
3168,0.30534735466652313,0.0023129354533487747,0.387406840668589,0.30493286921153917
3169,0.3049588412675996,0.0023392081485234624,0.38784306067154695,0.30485888991233
3170,0.30449620794895316,0.0023614911607261852,0.38740187003792437,0.30574043085239627
3171,0.3045865906509927,0.00236536979643057,0.3875870553132435,0.3054609842393333
3172,0.30448347040372453,0.0023931158435323554,0.38764805315932066,0.3054753605934225
3173,0.3041033759963172,0.0023676233009302895,0.3880273155287357,0.30550168517401677
3174,0.30386762462447675,0.0023770215160849664,0.3881675998718218,0.3055877539876165
3175,0.30362890346271376,0.002350854173288854,0.3882869554692271,0.3057332868947703
3176,0.30348708758068305,0.002297484634744671,0.38846737362321876,0.30574805416135364
3177,0.30362840068398644,0.002266266803864936,0.3878430337095498,0.30626229880259886
3178,0.30371580568147744,0.0022848606408191674,0.3875584735794987,0.3064408600982047
3179,0.30383411880425737,0.0022552951293915353,0.38702497869789143,0.3068856073684597
3180,0.30417229044783334,0.002201351092958402,0.3866735769105918,0.3069527815486165
3181,0.30423655043264086,0.0022570809868482865,0.3862293641184693,0.30727700446204154
3182,0.303855939515804,0.0022656439305299117,0.3866370588075345,0.30724135774613154
3183,0.30405509023937943,0.0023094828251015525,0.3854578095758702,0.30817761735964877
3184,0.30412144518503387,0.002316431699931159,0.38572293945059444,0.3078391836644406
3185,0.30420702835276436,0.002315440692605755,0.38590066505174514,0.30757686590288474
3186,0.30403953783579274,0.002287838793108761,0.3859591904470975,0.30771343292400094
3187,0.3041857855702692,0.0022589799544964406,0.38610541577107876,0.3074498187041557
3188,0.30404784068820323,0.002220591515147586,0.38526887850369795,0.3084626892929512
3189,0.3039920283349848,0.002213757347716128,0.38568045367398457,0.3081137606433145
3190,0.30387667169195476,0.0022404364394138644,0.38496076304168375,0.3089221288269476
3191,0.3039284846558485,0.002199672663993368,0.3846153266060885,0.30925651607406957
3192,0.30400172154645533,0.0021529080897042785,0.3845766097588844,0.30926876060495595
3193,0.30365432628304834,0.00212618251658978,0.38479260667468623,0.30942688452567557
3194,0.30377452165727836,0.002128064491411753,0.3844452833618103,0.3096521304894996
3195,0.30417714158943454,0.0020818848695994957,0.38441924368451363,0.30932172985645234
3196,0.30391721686370554,0.0020982868860714844,0.38483553730307024,0.3091489589471527
3197,0.30365361397333507,0.002178741129762261,0.38483544737425746,0.3093321975226452
3198,0.3034895488099938,0.002227808061118806,0.38524359248780826,0.30903905064107917
3199,0.30333951089891326,0.0022314061300646804,0.38510554613731346,0.3093235368337087
3200,0.3031238410008904,0.0021981145811511985,0.3852188685593406,0.30945917585861776
3201,0.30334557611577184,0.0022044586441303665,0.38444728499873565,0.3100026802413621
3202,0.3030429852866918,0.0022282818515842575,0.3844175922102342,0.31031114065148974
3203,0.30296866928676847,0.002216855120186959,0.3844351612607845,0.31037931433226007
3204,0.30313080478053733,0.0022469247740476437,0.38418045338696155,0.3104418170584535
3205,0.30367569755042734,0.0022649344274416816,0.384338757224128,0.30972061079800295
3206,0.3032896876899699,0.0022503139169948723,0.38545525751517906,0.3090047408778561
3207,0.30293972700916494,0.0022847186006622086,0.3862671320979281,0.3085084222922448
3208,0.3029125441268315,0.0022554849849612583,0.3864217896719272,0.30841018121628005
3209,0.30253511696545016,0.0021962572054687397,0.38636780401545495,0.30890082181362616
3210,0.30229512278742626,0.00219233692354276,0.3862986951129655,0.30921384517606554
3211,0.3016365059292464,0.0021798495487551635,0.38720065325003816,0.3089829912719604
3212,0.30169248126688875,0.002183791352523101,0.38789593172487946,0.30822779565570874
3213,0.3015822459205618,0.00221421924960648,0.3874588676020895,0.30874466722774224
3214,0.30176316505658957,0.002273317397003592,0.3872116465496042,0.3087518709968026
3215,0.30112488388995734,0.002310078588974533,0.3874833915376056,0.30908164598346255
3216,0.301330570301932,0.002310226702886109,0.38724803307084565,0.3091111699243362
3217,0.30126670764706903,0.0023038300984106965,0.38799994505311247,0.30842951720140777
3218,0.30089972901518663,0.0023113670737019754,0.38874566723935694,0.3080432366717545
3219,0.3004698282049839,0.002354169489315463,0.38905866983422815,0.30811733247147244
3220,0.3000366793846776,0.002376118798492631,0.389492007746827,0.30809519407000274
3221,0.3002028501718747,0.0024248535685591445,0.38917047404739025,0.3082018222121759
3222,0.29976486204032,0.002441702492833584,0.3888436369136303,0.308949798553216
3223,0.2995214372914793,0.0024698875663259337,0.38889974367927743,0.3091089314629173
3224,0.29939253687597855,0.002472494020816626,0.38850666719663185,0.309628301906573
3225,0.2990314620961311,0.00245394637947252,0.38837702371963856,0.3101375678047579
3226,0.2990582627077434,0.00245266603218841,0.38847682853993837,0.31001224272012984
3227,0.2987953948181263,0.002435620857389191,0.38860930520844644,0.31015967911603803
3228,0.2984414385733539,0.002428986750557615,0.38856381426237757,0.3105657604137109
3229,0.2979841220386244,0.0025251021233435615,0.389316962653994,0.310173813184038
3230,0.2975096531552612,0.0024700152588595535,0.38950361749753537,0.3105167140883439
3231,0.29776927497669836,0.0024985033028637775,0.3890408701875865,0.31069135153285143
3232,0.29749776301000813,0.002469295628133956,0.38911578916770345,0.31091715219415444
3233,0.2972607682350549,0.002475005052932286,0.3888744463931372,0.31138978031887565
3234,0.2971031860344585,0.002422984526490117,0.3891776673970429,0.3112961620420084
3235,0.2972242224089199,0.0024888777466662215,0.38899067926666864,0.3112962205777453
3236,0.29702225161414436,0.0025216941455435417,0.38869174716677435,0.31176430707353775
3237,0.2965160743940444,0.0025213606026107606,0.38879415406532714,0.3121684109380176
3238,0.2967190318101448,0.0025519586702655406,0.38822500336431676,0.31250400615527296
3239,0.29660297698876475,0.002540396639247906,0.38838380176333603,0.3124728246086512
3240,0.29693180281642684,0.0025095712160635745,0.38791950159491945,0.3126391243725901
3241,0.2967441842706505,0.002511045843249116,0.3883945808488122,0.3123501890372881
3242,0.2962595453191393,0.002478984725850524,0.38797424855782375,0.31328722139718634
3243,0.2957092091688107,0.002537914529763864,0.38715077890044036,0.31460209740098505
3244,0.2960573673755066,0.0024904626966714112,0.386135554019519,0.31531661590830307
3245,0.2953942619530801,0.0024740445823034705,0.38678060135555253,0.3153510921090638
3246,0.29548669549669404,0.0024741347837555243,0.3869198886616127,0.3151192810579377
3247,0.29531050507087564,0.0024763283855027364,0.38700987552895283,0.3152032910146688
3248,0.2953094570319627,0.002488145603564689,0.38676349913253594,0.3154388982319366
3249,0.29487780468297387,0.002495247199149762,0.38689575970627327,0.31573118841160314
3250,0.29473227314799944,0.0025089003342745027,0.3871576900356954,0.3156011364820307
3251,0.29450110580247163,0.002543409855281162,0.38762387439521007,0.3153316099470372
3252,0.29439488720283313,0.0025076961260377356,0.38762959200130664,0.3154678246698226
3253,0.29412562842646883,0.0024792514986035396,0.3879617530366302,0.31543336703829744
3254,0.2935578961594268,0.0024538454198939083,0.38791205574884774,0.3160762026718315
3255,0.2936853422126233,0.002417704061518249,0.38860625605589705,0.3152906976699613
3256,0.2938560319316264,0.002369106565268552,0.38864861779383025,0.31512624370927483
3257,0.2943773536438362,0.002357876174860041,0.3881418841667033,0.31512288601460037
3258,0.29414652654397216,0.002309399462117764,0.3887304337403099,0.31481364025360026
3259,0.2940681957580936,0.002329345683614433,0.3885793597305006,0.3150230988277912
3260,0.29401526038581677,0.0022988154370472153,0.3886861437838497,0.31499978039328624
3261,0.29406997927554734,0.0022944892283730104,0.3881341260544683,0.31550140544161137
3262,0.2939422490352853,0.0023201912341712675,0.3886021763412731,0.3151353833892704
3263,0.29396182107790825,0.0022963097409842963,0.3881786663712021,0.31556320280990535
3264,0.2938024776733205,0.0022912469237731134,0.3879702430998738,0.31593603230303247
3265,0.2939209016919408,0.0023070591656214573,0.3874260883077904,0.31634595083464734
3266,0.29386727724850853,0.0022403370018669803,0.3872292353113707,0.31666315043825377
3267,0.2938308419532927,0.0021956399745239326,0.38723010061512453,0.31674341745705886
3268,0.29423329985271457,0.0022391100098603763,0.3866878907559103,0.3168396993815147
3269,0.2942831805185369,0.002205341234706998,0.3864375283563434,0.3170739498904127
3270,0.2944974472003118,0.002218302196907246,0.3861723184835113,0.31711193211926963
3271,0.2938681222132379,0.0021779627199152276,0.38642354816219593,0.3175303669046511
3272,0.29381801860910634,0.0021666757427413743,0.38650789969520216,0.31750740595295013
3273,0.29351363567983946,0.0021897072252523323,0.38664415723633105,0.3176524998585772
3274,0.29334872060557704,0.00222624914477622,0.3865628849750834,0.31786214527456325
3275,0.29313210469578804,0.002248365939717188,0.3865869120956011,0.3180326172688937
3276,0.29278278717788686,0.0022322822343902966,0.386639927914301,0.3183450026734219
3277,0.2926343102496542,0.002208563017999958,0.3869727764847471,0.3181843502475988
3278,0.2921909896767777,0.002234669171460576,0.3867394540897068,0.31883488706205504
3279,0.292589390340431,0.0021810800102356836,0.38648756880397883,0.31874196084535444
3280,0.2929516410765267,0.002210879230023205,0.3866093319762267,0.3182281477172234
3281,0.29322515006476746,0.0022169860753151202,0.386140763698383,0.31841710016153446
3282,0.29324759174078424,0.002209759105520226,0.3863618266294269,0.31818082252426855
3283,0.2935220674395344,0.0021834241277779824,0.38610612587584764,0.31818838255684
3284,0.2931752645104923,0.002116213356235492,0.38628598858891805,0.3184225335443541
3285,0.2932322753197794,0.002106746050970481,0.3866904362467343,0.31797054238251576
3286,0.29349103327430015,0.002110087610246805,0.3870397910097535,0.3173590881056995
3287,0.29309997205946203,0.0021183654216563068,0.38696468958111935,0.31781697293776234
3288,0.2929398418548607,0.0021292429951780606,0.3870862560664491,0.3178446590835121
3289,0.29253529579925175,0.002158177242972865,0.38755793965505925,0.31774858730271627
3290,0.29229696296495056,0.0022048822853344722,0.38794250107064754,0.31755565367906746
3291,0.2920960339951507,0.0022343173702904355,0.3882069496641746,0.31746269897038426
3292,0.2917656243451854,0.0022814607256679623,0.3885423398767161,0.3174105750524306
3293,0.2917912598024609,0.0022724188588796957,0.3886854579817084,0.317250863356951
3294,0.29174800084951863,0.00225079197489007,0.3888044696499456,0.31719673752564576
3295,0.2916396190283432,0.0022979304002624973,0.3890110944285189,0.3170513561428755
3296,0.2917077186445881,0.002244264589063952,0.3890817322642612,0.3169662845020868
3297,0.29167545314202536,0.0022073450262576023,0.38921898126990523,0.31689822056181177
3298,0.29136562189646503,0.002163292957120768,0.38924215428980363,0.3172289308566106
3299,0.29132499426591074,0.0022023727956570574,0.38924111829448055,0.3172315146439516
3300,0.29111620426610213,0.002204390832224017,0.38946073434015155,0.3172186705615223
3301,0.29071124448141383,0.002206791208988181,0.3901052669681258,0.31697669734147227
3302,0.29026279856474874,0.0022405596603741235,0.390251124075167,0.31724551769971016
3303,0.2898558659834603,0.0022409859277316693,0.3904777326926091,0.31742541539619884
3304,0.2894949604563154,0.002218276427489691,0.3905814591675105,0.3177053039486844
3305,0.28923514407341,0.002236346143795423,0.3909475334374421,0.31758097634535254
3306,0.2894448445552718,0.0022602849340681215,0.39045650992606257,0.3178383605845976
3307,0.28936483883803993,0.002306336338653777,0.3905535474902221,0.31777527733308425
3308,0.2895599750857657,0.002296924045937081,0.3904613376435697,0.3176817632247276
3309,0.28943408905514006,0.002285020115616789,0.39090206718457865,0.3173788236446646
3310,0.28907150388784375,0.0022967236094295082,0.39080549210096477,0.317826280401762
3311,0.2888023322763895,0.0022622344356843494,0.3905674152935693,0.3183680179943568
3312,0.28905299334561796,0.0022682754140628107,0.39067259851037595,0.31800613272994327
3313,0.28917367997453297,0.002265549024992206,0.3906973892675062,0.3178633817329686
3314,0.28877734659413995,0.0022484344463961736,0.39097449754267555,0.31799972141678845
3315,0.2884613714845686,0.002200918909029357,0.3907205005890456,0.3186172090173564
3316,0.28831829412824656,0.0022457388555956045,0.3909190488357573,0.3185169181804005
3317,0.2879537216526863,0.002229730035025262,0.3912265683857396,0.3185899799265488
3318,0.2874761067706678,0.0022387169237304745,0.3911404436414549,0.3191447326641469
3319,0.28740415516277074,0.0022423512183725918,0.391371202677666,0.3189822909411907
3320,0.2872972068413108,0.002237283438491957,0.39082808927880364,0.3196374204413936
3321,0.28698983672938744,0.0022516536479362326,0.3906067153563937,0.32015179426628265
3322,0.28655572932530643,0.0022936494850274497,0.39025568469705074,0.32089493649261536
3323,0.28649184616459084,0.002344259291786483,0.3902058147645096,0.32095807977911306
3324,0.28654435876912354,0.0023301377617231823,0.3900527282147451,0.32107277525440814
3325,0.28693181583407795,0.0023569200006621125,0.38932731466250303,0.3213839495027569
3326,0.28674184652090673,0.002379132786128799,0.38956320051141446,0.32131582018155
3327,0.2865118645196439,0.0024220241587355504,0.3896285414302909,0.32143756989132966
3328,0.2862366522127934,0.00237843476598707,0.39009292667204265,0.32129198634917683
3329,0.28612845172634266,0.0023821860746174755,0.3901909219698239,0.32129844022921594
3330,0.2862497177613813,0.002353090307474331,0.3900904113948659,0.3213067805362785
3331,0.28616616863090516,0.0023492509378114307,0.3899435637643133,0.32154101666697005
3332,0.28580825400502935,0.0024249959142849044,0.39045508872463097,0.3213116613560548
3333,0.28576637868376065,0.0024552173710200463,0.3903558125003679,0.3214225914448514
3334,0.28563107234579094,0.002487159064854993,0.3905188511627264,0.3213629174266276
3335,0.28542467959116624,0.0024763579187402273,0.3906094491025253,0.32148951338756826
3336,0.28513463259789135,0.002423644295033442,0.39065834878925204,0.3217833743178231
3337,0.2852259848430199,0.0024200673779455058,0.38990187295977513,0.32245207481925947
3338,0.2852130586373319,0.0024092821057422986,0.38996649732959926,0.3224111619273266
3339,0.28529213508157636,0.0024017919137320856,0.3896567995079071,0.3226492734967844
3340,0.2850836184638725,0.002396248262226397,0.38964465661542946,0.3228754766584717
3341,0.28511621986206404,0.0024224340171773405,0.38999497686376267,0.3224663692569959
3342,0.28497770912744,0.0023733422534684685,0.3898145260327993,0.32283442258629214
3343,0.28511736421621786,0.002412574351260258,0.38936372898940586,0.3231063324431161
3344,0.2848339507739129,0.0024143268425352096,0.3897135177162191,0.3230382046673328
3345,0.284501687947799,0.0023398996645163468,0.389151660821515,0.32400675156616965
3346,0.28417044294223326,0.0024020776645023007,0.3893288297414812,0.3240986496517832
3347,0.28430973577420204,0.002441360272372708,0.38943949367782527,0.3238094102756
3348,0.2840719137922895,0.002417971501351809,0.3897666284366855,0.3237434862696732
3349,0.2838769777797404,0.0024483997530951288,0.3901545350418026,0.32352008742536187
3350,0.2836710912501089,0.002410571656192359,0.39003062254098597,0.32388771455271276
3351,0.28342940447629006,0.002366479191016602,0.3899699882371825,0.3242341280955107
3352,0.28288280385101494,0.0023743156419555648,0.38989782935624906,0.32484505115078044
3353,0.2830074506962695,0.002427121689780754,0.39042365839579557,0.32414176921815413
3354,0.28292721683153066,0.0024281567658491574,0.3907219295722645,0.3239226968303557
3355,0.28271984597959265,0.002449257657658293,0.39068640082315553,0.32414449553959357
3356,0.2828117489885604,0.0024211718868791705,0.3910368416047264,0.3237302375198341
3357,0.2824093822300936,0.002433625592337817,0.39090665384220996,0.32425033833535866
3358,0.2822065478210579,0.0024388742197094387,0.39060283900057335,0.3247517389586593
3359,0.28237208173786355,0.0024420445359602605,0.390176019247415,0.32500985447876113
3360,0.2823162414771373,0.0025010411894818563,0.3896288604511266,0.3255538568822542
3361,0.28198608836098116,0.0025261152224789847,0.38928174355127243,0.32620605286526744
3362,0.2813429489951626,0.0025590804889712277,0.38940167611757304,0.32669629439829323
3363,0.28123940000824044,0.0025554645249572503,0.38919886242272783,0.3270062730440745
3364,0.28132629507396,0.0025634863207501723,0.3890083569631003,0.32710186164218963
3365,0.281273001414784,0.002568514576995805,0.3893545872886368,0.3268038967195833
3366,0.28168377498299757,0.002579413733626315,0.38875978349135487,0.3269770277920213
3367,0.28122707546464226,0.0026122037182075442,0.38897773415531794,0.3271829866618322
3368,0.28098928432481096,0.0025901798810016733,0.3886530682091408,0.32776746758504655
3369,0.28096010473620864,0.0025802461078893216,0.388291299089799,0.328168350066103
3370,0.28122067410734414,0.0025500812018695107,0.38819065182957807,0.3280385928612083
3371,0.2813221281195227,0.002580554059556069,0.3883260297754391,0.3277712880454821
3372,0.28120899209580236,0.0025637145186912648,0.3889258900257434,0.327301403359763
3373,0.2815410339700498,0.00255948216931414,0.38905603300678976,0.3268434508538463
3374,0.28110955453850295,0.002657840031033698,0.3896635152141384,0.326569090216325
3375,0.28096306809607313,0.002707082327561548,0.38946499416138525,0.32686485541498
3376,0.2804706965278148,0.0027487704603328805,0.3907279547064271,0.3260525783054253
3377,0.2803612224915333,0.0027252447560703963,0.39109813013802786,0.32581540261436837
3378,0.2800920167790315,0.0027264726357949473,0.3912328577426037,0.32594865284256985
3379,0.27983153624135637,0.0026754732369659523,0.3915232465198141,0.3259697440018635
3380,0.2795349946021203,0.002673802188091019,0.39167210340173864,0.32611909980805004
3381,0.2793847560108682,0.0026913436547670623,0.3917123265890929,0.3262115737452718
3382,0.279297948108883,0.002724162672881145,0.3910981398170038,0.326879749401232
3383,0.27912851787477005,0.0027288568982912795,0.391174294206896,0.3269683310200426
3384,0.279028109262901,0.0027142784847163414,0.3913265004669658,0.3269311117854168
3385,0.2785654096086533,0.002805784326440303,0.3916436268762408,0.3269851791886656
3386,0.2783916579366708,0.002815876182829747,0.3917683503372106,0.327024115543289
3387,0.2788497632011692,0.002804063312510168,0.3920419402117045,0.326304233274616
3388,0.2784592031305555,0.0027501387884857655,0.3926771377095057,0.3261135203714531
3389,0.27883341382745197,0.00269184371689509,0.39258592667428543,0.3258888157813676
3390,0.2785853824434747,0.002681767394508546,0.39276796532605934,0.3259648848359574
3391,0.2792154591280547,0.002687445505650042,0.39236781507349167,0.32572928029280357
3392,0.27928680683688917,0.002654569925146067,0.391951174133517,0.3261074491044478
3393,0.2793620920370475,0.0026538738186824783,0.39242975965546883,0.32555427448880125
3394,0.27887309925363635,0.002635768904999647,0.392473224716597,0.32601790712476697
3395,0.27859790446077054,0.0026130468575648364,0.3930238570360315,0.3257651916456331
3396,0.27866204438449194,0.002598430551493666,0.3925531959472982,0.3261863291167163
3397,0.27805060291439243,0.002623294659515009,0.3931036988457897,0.32622240358030286
3398,0.2777756961078823,0.0026160939714102616,0.3933751025885564,0.326233107332151
3399,0.27795205996057615,0.0026470658893004615,0.3929538046880848,0.3264470694620386
3400,0.2782464930300629,0.002611679437934369,0.39254489066430687,0.3265969368676959
3401,0.27797403504164203,0.002619239243996925,0.39243939772483805,0.326967327989523
3402,0.27805908478683544,0.0026256311013339285,0.39243055071142746,0.32688473340040314
3403,0.27800857543391083,0.0026192806956668044,0.3926339013169937,0.32673824255342865
3404,0.278150255160306,0.0026074086534338026,0.3931024358198041,0.3261399003664561
3405,0.2781124717463198,0.002610269991358593,0.3932575303946028,0.3260197278677187
3406,0.2783551289129407,0.0025922141102478953,0.39264525747456824,0.32640739950224323
3407,0.2781915170134382,0.0025759609346082705,0.39281730856297736,0.3264152134889762
3408,0.2780516477500523,0.002596405949322901,0.39310910893118195,0.32624283736944276
3409,0.2780074965608909,0.002622168556046037,0.39307086901509347,0.32629946586796954
3410,0.27815014342170896,0.0025535533768007565,0.3937443415892409,0.32555196161224936
3411,0.278406623474868,0.0025549915243369492,0.3936859729632958,0.3253524120374992
3412,0.2784879255719734,0.0025987312607383723,0.39393481269452735,0.32497853047276093
3413,0.2780093267131119,0.0025608536307725636,0.39420317093277096,0.3252266487233446
3414,0.27800214234843396,0.0025966428122251384,0.3937792702482394,0.3256219445911014
3415,0.2779717798684871,0.0025825013066256273,0.39349237785473484,0.32595334097015255
3416,0.27781531309801316,0.0026010166578614748,0.3933304916853264,0.32625317855879893
3417,0.2777383086592626,0.0026411930003350397,0.39321808572616174,0.3264024126142406
3418,0.27726553138606613,0.0026618009163955616,0.3934968775933504,0.3265757901041879
3419,0.2770802705204043,0.0026607405373440243,0.3933105949999772,0.32694839394227454
3420,0.2765590248922772,0.0026092161345456877,0.39370671744109625,0.3271250415320809
3421,0.27667130903033843,0.0026525998033103027,0.3929844749735306,0.3276916161928206
3422,0.27660270567421275,0.0025581316885063474,0.39291504453576753,0.32792411810151334
3423,0.27673574529928635,0.002529055085364571,0.3925403248138365,0.3281948748015126
3424,0.2769537297892427,0.0025224523091409747,0.3922277465365006,0.3282960713651156
3425,0.276977038826406,0.002513039743541571,0.3922535493889541,0.3282563720410983
3426,0.2765135443552038,0.002492639963133735,0.3926046989261435,0.3283891167555189
3427,0.27635039710733744,0.0024700266676191203,0.39333722319237263,0.3278423530326709
3428,0.2765129001617389,0.0024897225573104306,0.3927476959886394,0.3282496812923112
3429,0.27682257947059047,0.0025716200829541958,0.3925217934170108,0.3280840070294445
3430,0.27696977734981315,0.002604397808864577,0.39271660614151144,0.32770921869981084
3431,0.2770923696592256,0.002610370835923914,0.3922276492238787,0.32806961028097176
3432,0.2772805591469045,0.002599954019394997,0.3918524404896994,0.3282670463440011
3433,0.27702456344670906,0.002646306418217558,0.3922514279603521,0.3280777021747213
3434,0.2770252779026695,0.0026250038631112846,0.39230471352593266,0.32804500470828646
3435,0.2767156533515675,0.0026597192175493818,0.3922311714243666,0.3283934560065166
3436,0.27637835518280934,0.00265568362058472,0.3926694751796463,0.3282964860169597
3437,0.27627408434909656,0.0026177281704026696,0.3927651804324947,0.3283430070480061
3438,0.2757082452298828,0.0025677762670801066,0.393495519546099,0.3282284589569381
3439,0.27541528603424703,0.0025598909776561427,0.39344965472535287,0.32857516826274397
3440,0.2750883248688002,0.0025516088807505085,0.39373880651603643,0.32862125973441286
3441,0.27528495211213844,0.002561950508731674,0.3939217333149562,0.32823136406417364
3442,0.2748781686102579,0.0025337213007791343,0.39372035106858494,0.32886775902037796
3443,0.27464273608208045,0.0025558394389051968,0.3936881652708602,0.3291132592081541
3444,0.2745970863138395,0.002575202090613166,0.3929324664128129,0.3298952451827344
3445,0.27446845551301824,0.0025566359073457812,0.3930018919318473,0.3299730166477886
3446,0.27421863539098773,0.0025337979092255798,0.39360114532813506,0.3296464213716516
3447,0.27424198789230303,0.0025832117555883807,0.39385583274852076,0.3293189676035878
3448,0.2742661015560894,0.0025305934486015962,0.39336921353984344,0.32983409145546555
3449,0.27370527118206456,0.0025267188140947476,0.3937877302847856,0.3299802797190551
3450,0.273827115576568,0.0025197555786515267,0.3934716491088987,0.33018147973588174
3451,0.2737899348130647,0.002485274504896427,0.39350009335202457,0.3302246973300143
3452,0.27375086966189416,0.0025039126342893342,0.39403662102396064,0.32970859667985586
3453,0.27368370910266204,0.0025297819115345315,0.3937936956867631,0.3299928132990403
3454,0.27363203063362146,0.002544094342892385,0.39396011321527247,0.32986376180821364
3455,0.27395164599217237,0.00249204838312266,0.3938775526228045,0.32967875300190047
3456,0.2736437831565158,0.0024659997904252946,0.3941917448717248,0.3296984721813341
3457,0.27348377358502474,0.0024954071691381634,0.3935245173089646,0.33049630193687246
3458,0.2732421947686261,0.002507771538161723,0.393640513392185,0.3306095203010272
3459,0.2729745798788148,0.002521065822290423,0.39278034127024236,0.33172401302865234
3460,0.27288587892267663,0.0024854540981162658,0.3928549307434991,0.3317737362357081
3461,0.27276338058586064,0.0024765340189489313,0.39317896835130633,0.33158111704388415
3462,0.2726248298052013,0.002441726152182207,0.39338782541909906,0.3315456186235174
3463,0.27276232519781446,0.0024260538597525774,0.3927551047515766,0.3320565161908564
3464,0.27249099690978706,0.0024311186601689793,0.39261887603696705,0.3324590083930769
3465,0.2723122007385598,0.002411488380830129,0.3922026047117146,0.3330737061688954
3466,0.2719897291556806,0.002476127395915889,0.3926450131534211,0.33288913029498246
3467,0.2719750155592276,0.002472713660188236,0.39263150906957045,0.33292076171101365
3468,0.2716800679729106,0.0024635848059840365,0.3934145238748983,0.3324418233462072
3469,0.27165039498656174,0.0024768754405017574,0.39346332666790174,0.3324094029050347
3470,0.2713981139911056,0.0024283891451939007,0.39326138812551326,0.3329121087381872
3471,0.27170796536564507,0.0024336902549135274,0.3937107542004491,0.33214759017899237
3472,0.271392396654368,0.0024145203285006675,0.39361611560744353,0.3325769674096878
3473,0.2713811689456795,0.0024261572482436604,0.3940306442560837,0.33216202954999313
3474,0.2712371440675482,0.002412205565903413,0.3937706659619839,0.3325799844045645
3475,0.2713179878901184,0.0024195980276952413,0.39379979997313147,0.33246261410905487
3476,0.27116553436691415,0.0023547152721405625,0.39386662830968033,0.3326131220512649
3477,0.2708171369086064,0.0023306454660603332,0.393002004674112,0.33385021295122125
3478,0.27064453316845805,0.0023283693203347035,0.39303452535060673,0.3339925721606004
3479,0.2709883964647043,0.0022961995342841617,0.3925260946517436,0.3341893093492679
3480,0.2707001114867452,0.002292792455213279,0.39290053791106666,0.33410655814697493
3481,0.2708787461239045,0.0023215964169991565,0.3926489433330075,0.334150714126089
3482,0.2710632535115393,0.0023433383606598127,0.3927887738724215,0.3338046342553793
3483,0.2709657063556796,0.0023884676138826656,0.39273306131088664,0.3339127647195511
3484,0.2709142419661772,0.0023805698299261303,0.3928580910690116,0.33384709713488503
3485,0.270909495337078,0.002389083404863857,0.39325104605657357,0.3334503752014845
3486,0.2704708309693083,0.0023866819380037535,0.3929501947816824,0.33419229231100556
3487,0.2701412287210278,0.0023448597728831467,0.393297056602128,0.33421685490396097
3488,0.27061765690319317,0.0024020755559956445,0.3933552447479684,0.3336250227928427
3489,0.27050382954302565,0.002423049738169486,0.39378305388271756,0.3332900668360873
3490,0.2702461170640305,0.002439160840122436,0.3937959192308596,0.3335188028649875
3491,0.2703333512074303,0.0024342460588679376,0.39348905195913536,0.3337433507745665
3492,0.26991314466722277,0.002432108891778335,0.3941798151852718,0.3334749312557271
3493,0.26966721483319117,0.002445260376438513,0.39346301112084003,0.33442451366953024
3494,0.2696731099045028,0.002470453473992504,0.3930316669142515,0.3348247697072531
3495,0.26970680075740167,0.0024963519588469484,0.39194991889200503,0.33584692839174635
3496,0.26909234892737316,0.0025227897302627193,0.3918354976026489,0.3365493637397153
3497,0.2685482060506583,0.002564648201459535,0.3921187055104114,0.33676844023747066
3498,0.26875349536370585,0.002534288650237069,0.39211165248689606,0.336600563499161
3499,0.2686212075942697,0.0025687476850172054,0.3927908627568027,0.33601918196391034
3500,0.2687313015281255,0.0025715896327888122,0.39246171014534764,0.336235398693738
3501,0.26860139151187795,0.00253356580565798,0.3927729819154119,0.3360920607670521
3502,0.26879589913171037,0.0025561707824944156,0.39249124690679604,0.33615668317899916
3503,0.26901767894416617,0.0025705860680861033,0.3922046895840151,0.3362070454037326
3504,0.26926106305789255,0.002612950226893079,0.3920414904562609,0.3360844962589534
3505,0.2687076380729645,0.0026191558446279225,0.3926083682451535,0.33606483783725405
3506,0.2689813661258628,0.002584565319403807,0.39239305836090077,0.3360410101938326
3507,0.26882350180483383,0.0026084156316091506,0.39265257021060535,0.33591551235295164
3508,0.2687353995116848,0.002617583822472969,0.39288174187269165,0.3357652747931506
3509,0.2685886571893093,0.002585670572537807,0.39258935448281995,0.33623631775533286
3510,0.2684600380679608,0.0026016582810841123,0.39224808401432365,0.3366902196366315
3511,0.26836454033651685,0.002576987273635865,0.3926721250008905,0.3363863473889567
3512,0.2679645734804282,0.0025859761056993705,0.3924091125502649,0.3370403378636075
3513,0.26844770841477594,0.002596608838888667,0.39175887294412026,0.3371968098022152
3514,0.2682723429193235,0.002580312456002915,0.3920954054956921,0.33705193912898157
3515,0.267985658725097,0.0025105898884430454,0.39275187798880523,0.3367518733976546
3516,0.26805770562486364,0.0024784706075171234,0.3935314767454776,0.33593234702214153
3517,0.2680661381416087,0.002494949900205714,0.39356580973993494,0.33587310221825056
3518,0.2677004009963465,0.0025075114163322825,0.3937540223557138,0.3360380652316074
3519,0.26755031594952977,0.002508703377575238,0.3934036649375382,0.3365373157353567
3520,0.26765965149466403,0.0025737847745026807,0.3928400743415518,0.33692648938928144
3521,0.2679360772244632,0.0025371127961024333,0.39276238181592166,0.3367644281635126
3522,0.26801212993477724,0.002531928874716659,0.3934174910019318,0.3360384501885743
3523,0.26749232365021236,0.0025371919195491164,0.3935216916529235,0.33644879277731504
3524,0.2672458090503147,0.0025912987104909123,0.3934420982245006,0.3367207940146938
3525,0.2671414644837319,0.002658646915847234,0.39359412374995634,0.33660576485046445
3526,0.2672937286868623,0.002640388950439879,0.3935367293660515,0.3365291529966463
3527,0.26727848475043753,0.0026817260974624354,0.39417890376887793,0.3358608853832222
3528,0.26686747716317905,0.002677716317730135,0.3946768071803656,0.3357779993387252
3529,0.2668301151444036,0.0026503947245218357,0.3940060524789323,0.3365134376521423
3530,0.2670663190471463,0.0026414015832762123,0.39396898781870365,0.3363232915508739
3531,0.26728341533745215,0.0026253476427849525,0.39351778161618195,0.336573455403581
3532,0.2669693618755716,0.0026519099275116344,0.3939807075186831,0.33639802067823366
3533,0.26691782497536454,0.002664855548509384,0.39419846202716186,0.33621885744896424
3534,0.26670060961311404,0.002634339584975807,0.3945369123002725,0.3361281385016378
3535,0.266605017397054,0.0026321890177494396,0.3956100368828558,0.3351527567023407
3536,0.2663579864969571,0.0025761010300659184,0.39638880161382894,0.3346771108591481
3537,0.26595086554915986,0.0025896758812776945,0.3963311954161211,0.33512826315344135
3538,0.26567904165137984,0.0026295761418198968,0.39595136330429803,0.33574001890250227
3539,0.26548912299769006,0.0026509429257585504,0.39621753890339895,0.3356423951731524
3540,0.2661824247107381,0.002626303447372571,0.39593947684963504,0.3352517949922542
3541,0.2658557369520211,0.0026213039339634536,0.39639461016990085,0.3351283489441147
3542,0.26593509206780575,0.0025933561889618243,0.3961358192054096,0.3353357325378229
3543,0.26583679632560586,0.002637761978263011,0.3965897202412984,0.33493572145483264
3544,0.26566766857758833,0.002606396922419928,0.3966280511185615,0.33509788338143026
3545,0.26602682942223216,0.002590130436369948,0.39593108800491883,0.33545195213647905
3546,0.2660992575515123,0.002570930440283293,0.39585949146926647,0.33547032053893794
3547,0.26607502051783155,0.002561528622308936,0.3956904166643443,0.33567303419551525
3548,0.26577919228544994,0.0025396524793479076,0.3958800796407152,0.33580107559448696
3549,0.2657986373454822,0.0025186247157022103,0.39581449124226886,0.3358682466965468
3550,0.2655737008102627,0.002503628395299989,0.3961997248332604,0.33572294596117697
3551,0.26612913538080535,0.0024799945186141648,0.39590835163869703,0.3354825184618835
3552,0.2659180308474158,0.002471192753466149,0.39594991477697683,0.33566086162214137
3553,0.26552517252478136,0.002460422747416269,0.3957549317413878,0.33625947298641456
3554,0.2653108302865562,0.0025210300829653174,0.39631489427987515,0.33585324535060324
3555,0.2656212278520113,0.002512119663048825,0.39568329421012927,0.3361833582748106
3556,0.26539025430998214,0.002473039400624489,0.39623844690115695,0.3358982593882363
3557,0.2655941988409686,0.002441190663353597,0.3965690543082655,0.33539555618741224
3558,0.26530651341141276,0.002471351766845753,0.3962164347782243,0.3360057000435172
3559,0.26522112968311184,0.0024800772026108272,0.39675795912068945,0.3355408339935878
3560,0.26515061412893026,0.0024463584202037703,0.39715249177038764,0.3352505356804783
3561,0.2648122073194291,0.0024664984871798678,0.39761577455602803,0.335105519637363
3562,0.26468212871697705,0.0024492852245713284,0.3978025723124291,0.33506601374602246
3563,0.2640996164309642,0.0024221867545748768,0.3979409230656029,0.33553727374885806
3564,0.2640369209581134,0.00244010091384999,0.39747888582111285,0.33604409230692384
3565,0.2635360671199568,0.0024537695313357048,0.3975488241619129,0.33646133918679466
3566,0.26376001614732036,0.0024792524281357494,0.39751066179397854,0.33625006963056536
3567,0.2637516157679937,0.0024334745377385344,0.39740499273805113,0.33640991695621664
3568,0.2633454451847218,0.0024209786051164104,0.39696496318946245,0.3372686130206993
3569,0.2631534945261084,0.002443434705093177,0.3969673268831773,0.3374357438856211
3570,0.26280551477373654,0.00247007902316695,0.39681081862778056,0.337913587575316
3571,0.2631724742964409,0.002460185550602356,0.39699512080301236,0.3373722193499444
3572,0.2629125875371592,0.00246160680784666,0.3971295069054657,0.33749629874952847
3573,0.26271337231244024,0.002444543258517267,0.39726226303352336,0.3375798213955191
3574,0.2629778011003313,0.0023908082284478894,0.3973537386856184,0.33727765198560233
3575,0.26298972695421396,0.002419006185238313,0.3975156769913039,0.3370755898692438
3576,0.2628374927236518,0.0023959747132517905,0.3977384145541263,0.3370281180089701
3577,0.2624896355016016,0.002382561170764133,0.3972708092548948,0.33785699407273956
3578,0.2622532484362671,0.0023668532275477835,0.3974019274899434,0.33797797084624176
3579,0.26155457607045274,0.002341128342790776,0.3973652493402514,0.33873904624650514
3580,0.26148213010900884,0.0023410201472128626,0.39755552506674513,0.3386213246770332
3581,0.2609178976010345,0.0023799253492973755,0.39841200619953165,0.3382901708501366
3582,0.26095242769696325,0.002373853036533567,0.3989283032718059,0.33774541599469726
3583,0.2610137740709041,0.002360810264847706,0.39863152531514817,0.33799389034910005
3584,0.2611492158320952,0.0023525562084507528,0.39903912273959535,0.3374591052198587
3585,0.26122719751429296,0.0024089967440642573,0.39864376308945254,0.3377200426521902
3586,0.26084910778784687,0.002434850439596914,0.3994178808665345,0.33729816090602177
3587,0.2607031695935097,0.0024090045522050345,0.39944992489938175,0.3374379009549035
3588,0.260396151581196,0.0023881541424880227,0.3996863621122707,0.3375293321640453
3589,0.26046356248122027,0.002389155804426861,0.3998542071681809,0.337293074546172
3590,0.2604204614419528,0.002362755875792997,0.3993735147875767,0.33784326789467745
3591,0.2603041303246748,0.002372084934606523,0.3996289888282465,0.3376947959124722
3592,0.2601978204524284,0.0024030697759635793,0.3995806052677799,0.3378185045038281
3593,0.2602715982435976,0.0024007019235821334,0.39957896018734784,0.33774873964547236
3594,0.26005942038584784,0.0023787480651599182,0.4000016850037194,0.33756014654527283
3595,0.2595092038101998,0.002366275183276911,0.39967032434475386,0.3384541966617694
3596,0.2591860190795593,0.0023099900935213487,0.40021572511405246,0.33828826571286696
3597,0.25924029429532813,0.0022978973510612436,0.40016909355304325,0.3382927148005674
3598,0.2589712719248386,0.002243581918125105,0.40039435803018975,0.33839078812684653
3599,0.25894015893991146,0.002222328103431881,0.40049346349360304,0.3383440494630537
3600,0.2586918491919502,0.0022283069810057213,0.4006660924962266,0.33841375133081747
3601,0.25851745968881856,0.002199290737199689,0.40048295553872987,0.33880029403525186
3602,0.25846712128309307,0.002184344061238744,0.4008950691180534,0.3384534655376148
3603,0.258325601025151,0.0021379170709200047,0.40103845884117517,0.3384980230627538
3604,0.2580237033613229,0.002145114302925026,0.40121767816481196,0.33861350417094016
3605,0.2578500728337975,0.002159856238926196,0.40114213052176895,0.33884794040550725
3606,0.2573830353307778,0.0022056046160163303,0.4008571484928772,0.3395542115603286
3607,0.2571016223102272,0.0021562510794820634,0.40097657871054376,0.33976554789974706
3608,0.2565494520129738,0.0021403540032703186,0.40077467793159505,0.3405355160521608
3609,0.25661836883915123,0.0021631367871323944,0.4003052552187447,0.34091323915497174
3610,0.25699991334205957,0.0021669256965680186,0.40046940319606633,0.3403637577653061
3611,0.2568836977696464,0.0021492163751356576,0.40043166029308025,0.34053542556213756
3612,0.25694402541140177,0.0021144801544942153,0.4001363945222719,0.3408050999118322
3613,0.25705334744071273,0.0021080571087686633,0.40023346672709115,0.3406051287234274
3614,0.25695187242003836,0.0021074402285117286,0.40094812105241645,0.3399925662990335
3615,0.25712962298694864,0.002073684902741136,0.400689331351165,0.34010736075914516
3616,0.25725325941715105,0.002061081281385642,0.40075427248259976,0.3399313868188636
3617,0.25702904228699086,0.001993767545105902,0.4007399385852065,0.34023725158269674
3618,0.2568072977397121,0.00197755367076615,0.4006940251324388,0.340521123457083
3619,0.2566314860209776,0.001977439507712038,0.40046293660405075,0.34092813786725973
3620,0.2565455693581541,0.001977718744288269,0.4007479641192148,0.34072874777834283
3621,0.2564135817580312,0.0019499459214423794,0.400523315858235,0.34111315646229146
3622,0.25612946200535935,0.001931284220094218,0.4006549488811487,0.3412843048933977
3623,0.25589549143985835,0.001975983794877521,0.4010002760319633,0.34112824873330083
3624,0.25538769424016655,0.0019255218374929117,0.4015270263586325,0.34115975756370803
3625,0.2547609139840227,0.0019033958466087915,0.4014608711248047,0.34187481904456385
3626,0.25491177895758527,0.001888451751003789,0.4014136715150946,0.3417860977763163
3627,0.25501693773720746,0.0019184486426498302,0.4014077390056229,0.3416568746145199
3628,0.2547142068065155,0.0018996654941568734,0.40139391840895866,0.34199220929036883
3629,0.25520312461868955,0.001935927178671733,0.40108040877406925,0.3417805394285695
3630,0.25520377829673796,0.001989462440356,0.40055224303885434,0.34225451622405173
3631,0.2553847190777545,0.001978977921999864,0.4003126290255466,0.342323673974699
3632,0.25513969512872714,0.001988016235787856,0.40068725403838545,0.3421850345970995
3633,0.2550704342382655,0.0020420127646301376,0.40106291511853775,0.3418246378785666
3634,0.2552719730564362,0.0020259681554689267,0.40054421806862484,0.34215784071947
3635,0.2552762171005029,0.0020132897970279217,0.40079652885871947,0.34191396424374976
3636,0.2548256485714554,0.002070901343648723,0.40056742342316376,0.34253602666173205
3637,0.25455915528759265,0.002078055437133253,0.4011650402993783,0.3421977489758957
3638,0.2545612066594857,0.002068384384432046,0.40151304512304326,0.341857363833039
3639,0.25401106486439795,0.002060954183838499,0.40221704552757165,0.34171093542419195
3640,0.2543163549927149,0.0020359822381905888,0.40196038582020305,0.3416872769488915
3641,0.2540447836182457,0.0020334902432468634,0.40260290429661544,0.3413188218418921
3642,0.25419486292718074,0.0020468361154423473,0.40212849897678626,0.34162980198059056
3643,0.25433617488747007,0.0020157025633987355,0.4019423869919965,0.34170573555713474
3644,0.2542975108838607,0.0020596319653403234,0.40221807107186736,0.3414247860789315
3645,0.2537861664407354,0.002075524328600889,0.40318197026354785,0.34095633896711586
3646,0.25359161817849213,0.002071198226307279,0.4030726513522561,0.34126453224294445
3647,0.25397295327546116,0.0020724089926545336,0.4022156750344207,0.3417389626974637
3648,0.2537603705729685,0.0020667853608451704,0.4023377749435479,0.34183506912263845
3649,0.25345387839079353,0.0020670608605110924,0.40266657733071404,0.3418124834179813
3650,0.2534906105266101,0.0020643654994871806,0.4027449976827855,0.3417000262911173
3651,0.253437351239712,0.002059814560688299,0.40272915958568023,0.3417736746139195
3652,0.2535422036098421,0.002046471160682308,0.40230052011410455,0.3421108051153712
3653,0.2532564286954754,0.002042756569225848,0.4022815792634997,0.3424192354717991
3654,0.2531712850467439,0.0019969615106289517,0.40279726198550403,0.34203449145712317
3655,0.25287314592901866,0.001975701204769992,0.40346455552534205,0.34168659734086937
3656,0.2528446091422874,0.001994372474005466,0.4034649849230951,0.341696033460612
3657,0.25265047032419385,0.0020095903036067802,0.40325854000036243,0.3420813993718369
3658,0.25222254388002086,0.0019675662728356512,0.40335564217757175,0.3424542476695717
3659,0.2520994349407312,0.0019634168707493523,0.40296873497822505,0.34296841321029425
3660,0.25205294689030966,0.0019646498930205253,0.4034149416449243,0.34256746157174556
3661,0.25190173321100645,0.001987645895386686,0.40429544253657923,0.3418151783570276
3662,0.2519767081444154,0.0019500101935264274,0.4044206254394414,0.3416526562226167
3663,0.25188198757408325,0.001977902985355765,0.4043288569220481,0.3418112525185128
3664,0.2518125270451586,0.001995877877579617,0.40414313757279696,0.34204845750446483
3665,0.252298670098631,0.0019845718639924155,0.4042413856194632,0.3414753724179134
3666,0.25194074157129476,0.0020155398161149597,0.40506052844051244,0.3409831901720778
3667,0.2520502086142829,0.0020202444588275172,0.40516714595142966,0.34076240097545984
3668,0.25198138465010056,0.0020207444812909274,0.40573177617351097,0.3402660946950976
3669,0.25154655961654865,0.002039697497158699,0.4057783482936693,0.34063539459262326
3670,0.2517730349651718,0.002025156220863627,0.4057331214558143,0.3404686873581502
3671,0.2517223848396446,0.0019553120490376067,0.40595539204200615,0.34036691106931166
3672,0.2521498123908005,0.0019358525359158476,0.4058474210714259,0.3400669140018578
3673,0.25214285143589993,0.0019018704910937732,0.4057147879929259,0.34024049008008045
3674,0.2521526564807511,0.001907730066387503,0.4059486216633523,0.3399909917895091
3675,0.25182641682764256,0.0019570830173962902,0.4063287653962172,0.33988773475874395
3676,0.25192277038656596,0.0018597567163037058,0.4058770627451107,0.34034041015201966
3677,0.2518858609313239,0.0018557019251370242,0.4062105860135624,0.34004785112997665
3678,0.2519177152362385,0.0018894208203762465,0.40586942414323224,0.340323439800153
3679,0.25200241178738864,0.0019051344764524282,0.40587593351982837,0.34021652021633064
3680,0.2517046297606205,0.0018425344882472758,0.405938219714963,0.3405146160361693
3681,0.25146954127673143,0.0018632285492254854,0.40596201196999093,0.34070521820405225
3682,0.25107488448612497,0.0019030150946640907,0.4062224962341582,0.34079960418505273
3683,0.25120599648924524,0.0019349733585351694,0.40560739321247513,0.3412516369397444
3684,0.2512544976865828,0.001922581444119327,0.405632060367153,0.34119086050214487
3685,0.25118063316804595,0.0018847916335514223,0.4057828964542217,0.34115167874418084
3686,0.2508586995773173,0.0018980117714695408,0.40560068160971136,0.3416426070415018
3687,0.2509159187284562,0.001918854332037221,0.4052886708412329,0.34187655609827367
3688,0.25076575519078526,0.001892207592195406,0.4055796698279108,0.3417623673891086
3689,0.2508202252155087,0.0019032016719232527,0.4057318374950169,0.3415447356175512
3690,0.2510015683853275,0.0019115186452014106,0.40523593752273535,0.3418509754467358
3691,0.25118314141839326,0.0019130097417603838,0.40497281562480597,0.34193103321504037
3692,0.25116214119090097,0.0019256020741167327,0.4043496209951073,0.342562635739875
3693,0.2512104133041997,0.0019404773657860943,0.4045001614855751,0.3423489478444391
3694,0.25115580281509287,0.0018901577590773786,0.40436537667367556,0.34258866275215416
3695,0.25109249825869767,0.0018844453775800746,0.40411129031461224,0.34291176604911
3696,0.25056185227927363,0.0018743424042043772,0.404177395412672,0.34338640990385
3697,0.25045415749523253,0.001917697279199901,0.4038706186410666,0.343757526584501
3698,0.2502652829064527,0.001897364434152868,0.40369620323280114,0.3441411494265933
3699,0.2500446861556681,0.001887353464843896,0.4031317623986487,0.3449361979808393
3700,0.250020249015334,0.0019380777357560202,0.40297213075868193,0.345069542490228
3701,0.24963774111846485,0.001970047179552424,0.40294136755694715,0.3454508441450356
3702,0.24991013849192312,0.0019650086608855753,0.40187808295786,0.34624676988933123
3703,0.249960554577614,0.001952743228849907,0.4020251514456408,0.34606155074789535
3704,0.250032095402038,0.0019769998939675217,0.4020251364046551,0.3459657682993393
3705,0.2496764996640819,0.0019930931162107867,0.4020408436789478,0.34628956354075935
3706,0.24983895545276327,0.0020100745091058275,0.4020271799705748,0.3461237900675561
3707,0.2499928970798647,0.001974208584106527,0.40202553230609056,0.3460073620299383
3708,0.2499534270358481,0.0019998297859250527,0.4015581098556826,0.3464886333225441
3709,0.2497017682069119,0.001986386100747207,0.4014940665786659,0.34681777911367495
3710,0.2492136547191685,0.001976818866389958,0.40174296506283885,0.34706656135160274
3711,0.24916363070178882,0.0020375935768674825,0.4017306222389183,0.34706815348242537
3712,0.24914527222711716,0.0021141829763582044,0.4016486078335843,0.3470919369629404
3713,0.248967657522586,0.0021252646923222455,0.40193391591884664,0.34697316186624516
3714,0.24939539748446257,0.002099612538659752,0.4020031092179697,0.34650188075890803
3715,0.24959008829273518,0.0020930633525969356,0.40147950132265064,0.3468373470320173
3716,0.24933782980189853,0.0020921568344828096,0.4017655331657052,0.34680448019791354
3717,0.24942332167433223,0.0021345598217895633,0.40180099380508444,0.34664112469879377
3718,0.2495314730798574,0.0021421167913976196,0.4016895122774783,0.34663689785126667
3719,0.2496843724556858,0.0021492889249275613,0.40174020326461657,0.3464261353547702
3720,0.24955465362935514,0.002148526313156543,0.40199377682480614,0.34630304323268213
3721,0.24958374625232,0.00213316333424178,0.4021201166056653,0.346162973807773
3722,0.24923242929816497,0.002082112359682562,0.40243334905694805,0.3462521092852044
3723,0.24924242360725435,0.0020808150266653823,0.40271903295458583,0.3459577284114944
3724,0.24900527677241108,0.002053476770338504,0.4023889004435822,0.34655234601366813
3725,0.24878736900718482,0.0020186622131859915,0.4028615597094789,0.34633240907015034
3726,0.24823372060747192,0.002065856393916951,0.403797613845924,0.34590280915268706
3727,0.24815127429352693,0.0020942275373871996,0.4040836961200821,0.34567080204900386
3728,0.2482753236211646,0.002090763784056048,0.40408552082910776,0.3455483917656717
3729,0.24898617623266744,0.0020637286238128433,0.40370956965130594,0.34524052549221373
3730,0.24859034827648152,0.0020043600337138192,0.40423006311878107,0.34517522857102356
3731,0.24862743336137436,0.001996586514476927,0.40426276423591617,0.3451132158882325
3732,0.2488259743593985,0.0019832257545682095,0.4037207282010635,0.3454700716849698
3733,0.24890886947257646,0.0019751984373921,0.4034490048028295,0.345666927287202
3734,0.24875196535369798,0.001990887318822912,0.4032835261297805,0.3459736211976986
3735,0.24870135207691974,0.0019459406098125246,0.40302617941557434,0.34632652789769336
3736,0.24877564093863783,0.0019489919683777757,0.40319446118660796,0.3460809059063764
3737,0.24853555013513037,0.001915508741347873,0.4034643095070024,0.3460846316165194
3738,0.24830670650151032,0.0019171048595260024,0.4039970765972388,0.3457791120417249
3739,0.2490583213401741,0.0019364169600113318,0.4036545442747255,0.34535071742508916
3740,0.24940833731401604,0.0019585473958530805,0.4036141038398613,0.34501901145026953
3741,0.24899037831745058,0.0019554051838065506,0.4038360960295374,0.3452181204692054
3742,0.2487424307745722,0.0019504690693621333,0.403469416404738,0.3458376837513276
3743,0.24874633749123526,0.0019527192083700537,0.40381440168382143,0.3454865416165732
3744,0.248778169579459,0.0019143293855505411,0.4039263326012305,0.3453811684337599
3745,0.2489862367904383,0.0018846475939830892,0.4038347005312823,0.3452944150842963
3746,0.24911815490839545,0.0018866525438144953,0.40425743472463216,0.34473775782315785
3747,0.2488014980723015,0.0018642421834674093,0.4037428923729121,0.34559136737131896
3748,0.24904310102831823,0.0018639471339822924,0.4036407472474467,0.3454522045902527
3749,0.24862941780589276,0.0018687124066275149,0.4032630485857015,0.34623882120177824
3750,0.24900892753934878,0.0018721343968746379,0.4029716713379834,0.3461472667257932
3751,0.24867480739763037,0.001900755330690316,0.40299272891492033,0.34643170835675907
3752,0.24851450916232318,0.0019089326411177283,0.40385293219851837,0.3457236259980407
3753,0.24855116014522985,0.0018972714623285627,0.40369690708955447,0.3458546613028871
3754,0.24861328718444603,0.0018833204704015085,0.4034067049126732,0.3460966874324791
3755,0.2487032859823694,0.0018722391701134586,0.40327526549458426,0.3461492093529329
3756,0.24863066652933177,0.0019094455876114476,0.40346094095776086,0.34599894692529604
3757,0.24872506900124333,0.0019863798221739283,0.4026855302436447,0.346603020932938
3758,0.2491222134074842,0.001973367267171543,0.40283635185810895,0.3460680674672353
3759,0.2493594748630769,0.0019883599460250256,0.4029593742053296,0.34569279098556843
3760,0.2489131026405822,0.0019647469563940155,0.40363162614834,0.34549052425468385
3761,0.24850013441626287,0.0019586843275790854,0.4039745705268058,0.34556661072935213
3762,0.24874901516217415,0.00194739174238893,0.4041175863181877,0.3451860067772492
3763,0.24908229290844233,0.0019663164879741633,0.4041777051110447,0.34477368549253884
3764,0.2495731099510472,0.001964383542461401,0.404095476520518,0.3443670299859733
3765,0.24916933515604195,0.0019375368514179697,0.4044487166788273,0.34444441131371273
3766,0.24894903553914097,0.0019017872953765533,0.40476092357183846,0.344388253593644
3767,0.2492697219235352,0.0018893077797427563,0.4044037232790857,0.3444372470176364
3768,0.249008471566263,0.001919255586178243,0.4048974817897836,0.34417479105777515
3769,0.2490475980722584,0.0018732700070572847,0.40517680421585245,0.34390232770483187
3770,0.24889663473310936,0.0018895737956374648,0.4058416478782843,0.34337214359296897
3771,0.24820806285695435,0.0018930900975874933,0.40608816603449316,0.343810681010965
3772,0.24815272586546816,0.0019026183634012444,0.40586892033984656,0.344075735431284
3773,0.24830168325130222,0.001867212458397108,0.40520291533039277,0.3446281889599078
3774,0.24821512779522195,0.0018681845632079364,0.4047725248911463,0.34514416275042387
3775,0.2483084989197625,0.0019166037220517567,0.4042035504500608,0.34557134690812497
3776,0.24835430734474975,0.0019408621790031257,0.40426445622011686,0.3454403742561302
3777,0.24824116161613868,0.0019280313489667398,0.4039054975581434,0.34592530947675126
3778,0.2482640063482104,0.001879463911544883,0.4035925561791647,0.34626397356108
3779,0.2478470439128718,0.0018651473253135334,0.40332597641922174,0.34696183234259304
3780,0.2478078768299456,0.00190683818171057,0.40292708000923766,0.3473582049791061
3781,0.24779306739255155,0.001947497275030585,0.4029709092972407,0.3472885260351771
3782,0.2477621363078731,0.0019496238525777195,0.4030327333399552,0.34725550649959386
3783,0.24761068848404166,0.001998301433813623,0.40344644721116046,0.3469445628709842
3784,0.24756328683957046,0.001968016665311818,0.40384978338279093,0.3466189131123268
3785,0.24747056685488295,0.0019351844851062175,0.40404836008217665,0.3465458885778342
3786,0.2474711832621776,0.001941709031867133,0.40470118122822657,0.34588592647772864
3787,0.24773282529950652,0.0020051922275464164,0.40454066693080676,0.34572131554214036
3788,0.24742870848279308,0.0019778366010972928,0.4039925822005383,0.3466008727155712
3789,0.247804928629508,0.0019822085905511024,0.4041373730386149,0.346075489741326
3790,0.24784071741383334,0.0020257275579896932,0.4039213476877241,0.3462122073404529
3791,0.247850785133208,0.0020354054200363947,0.40424538485196343,0.34586842459479217
3792,0.24785341861823817,0.002042367724322413,0.40432400198746504,0.34578021166997447
3793,0.24778114713869073,0.002085776113815526,0.40415634646419274,0.34597673028330106
3794,0.24752345994054498,0.0021104220315994768,0.40426530496168855,0.346100813066167
3795,0.24757872743204867,0.002083140009198311,0.40450498344813524,0.34583314911061785
3796,0.24743849394216424,0.0020725920777678432,0.4045620311152467,0.3459268828648212
3797,0.247615206864031,0.002126772837175098,0.4047424220095606,0.34551559828923334
3798,0.24752499662018654,0.0021444829403004977,0.404595923242256,0.34573459719725685
3799,0.2474597561321712,0.0021847626770539834,0.4048232862044118,0.34553219498636306
3800,0.247230022818427,0.002189776277833896,0.40530648795019053,0.34527371295354853
3801,0.24711457743483872,0.0021831463538418915,0.40595415474768315,0.3447481214636363
3802,0.24727089598992985,0.0021913637588541345,0.40609372434614394,0.34444401590507207
3803,0.24759642654032188,0.0021756002043956265,0.40549668918509046,0.34473128407019205
3804,0.2474468588671313,0.002140963129722899,0.40520649827412625,0.34520567972901967
3805,0.2470215132606431,0.0021491400983435485,0.40523796373366777,0.3455913829073456
3806,0.24707011614670268,0.0021737879432428267,0.4047654832914147,0.3459906126186398
3807,0.24669808868076712,0.0021063726244537136,0.40560045631163844,0.3455950823831407
3808,0.24663890681844144,0.0021110070973172,0.40581772797594695,0.3454323581082944
3809,0.24626354044937715,0.0020969615742776056,0.40563650748641844,0.3460029904899268
3810,0.2456132444710219,0.002155537611924511,0.4056196783033846,0.34661153961366914
3811,0.24533239921055233,0.0021232014726659315,0.4055473894952102,0.34699700982157167
3812,0.2448871216082542,0.0021389379582966704,0.4056549613027536,0.34731897913069554
3813,0.2446594372128709,0.0021451074419716223,0.40493162260065196,0.34826383274450556
3814,0.2446144265354643,0.0021582723695139742,0.4053830700423952,0.3478442310526265
3815,0.24454787681019052,0.0021661428188936363,0.4056426310407081,0.34764334933020774
3816,0.24455866347333105,0.0021477278846540435,0.4061524982160898,0.3471411104259251
3817,0.24438969203321248,0.0021219068083289223,0.4059738976347919,0.3475145035236666
3818,0.24416732238814315,0.0021427024158566484,0.4060359471160407,0.3476540280799596
3819,0.24439618664077883,0.0021614676501518584,0.40603497380289644,0.3474073719061729
3820,0.24413475900820272,0.002168269878578049,0.4061901747263925,0.34750679638682674
3821,0.2443425214851518,0.002218055072910318,0.40628641834412704,0.34715300509781094
3822,0.24383812670977995,0.0021627920908777187,0.40650827043896925,0.347490810760373
3823,0.24356908376104972,0.002121942365201295,0.4068546522891011,0.34745432158464784
3824,0.24378116557893556,0.0021282667982743505,0.40614613302187025,0.3479444346009198
3825,0.24361570727485052,0.002171935326301369,0.4065687752227326,0.3476435821761156
3826,0.24330130712231654,0.002114163606439603,0.4069120194184122,0.3476725098528316
3827,0.24334367197276602,0.0021104214637928578,0.4073357303826472,0.34721017618079403
3828,0.2432232713183383,0.002105426536879438,0.4069730673864984,0.3476982347582838
3829,0.2433914655043385,0.0020978060725947364,0.4072761026893758,0.34723462573369096
3830,0.24339328126618195,0.0021171422415186257,0.40729715808644346,0.347192418405856
3831,0.24356729969455912,0.002123325238407429,0.40626133584268054,0.3480480392243529
3832,0.24346971579326793,0.0021601536439207147,0.4065392301563552,0.34783090040645614
3833,0.24317802008846182,0.0021696741930111218,0.4064666822580537,0.34818562346047344
3834,0.2431818561606956,0.002173281818793374,0.40578901695233577,0.34885584506817524
3835,0.24327507292206224,0.002186725739283185,0.40605123475161575,0.3484869665870388
3836,0.24329003571799507,0.0022063537230383496,0.405972434082844,0.3485311764761226
3837,0.24326398022096737,0.0022872521008608206,0.40570745135987574,0.3487413163182961
3838,0.24335113328065142,0.0022983438078777994,0.40591914558329645,0.34843137732817425
3839,0.24364067755794666,0.0023719555225983615,0.40536312603598235,0.34862424088347255
3840,0.24354380508439039,0.002374847538639352,0.4054616412906151,0.3486197060863552
3841,0.24326716715851018,0.0023337607781331363,0.4060914952462612,0.34830757681709545
3842,0.2432032320186659,0.00237639873942851,0.4059210645905179,0.3484993046513877
3843,0.24341265246337382,0.002379741155169301,0.4064755104211605,0.3477320959602964
3844,0.2430159060302704,0.00239127733096105,0.4066029968543394,0.34798981978442917
3845,0.2428726000211674,0.002411007906496729,0.4073099633546248,0.3474064287177111
3846,0.24262158765906583,0.0024223525876147117,0.40736151882180904,0.34759454093151043
3847,0.2425470212668459,0.002362940509968518,0.406697494716159,0.34839254350702653
3848,0.24252426665436766,0.0024160595948824817,0.40666699988076777,0.3483926738699821
3849,0.2423135990626008,0.0024024312067671932,0.4072481174411755,0.3480358522894565
3850,0.24247557960174468,0.0024000781225765877,0.4065138430036194,0.3486104992720593
3851,0.24188403647537413,0.0024172841138304243,0.4066756950137952,0.34902298439700025
3852,0.24208743423425055,0.0024531444941536668,0.40651199249880676,0.34894742877278895
3853,0.2419962442280446,0.002432626011355421,0.40563331975810907,0.3499378100024909
3854,0.24206293302203488,0.002414636836063984,0.40554713296745426,0.34997529717444686
3855,0.2417511153763229,0.002404151296588289,0.4054644909435515,0.3503802423835374
3856,0.24164045951079505,0.002429294836772361,0.4054773363444645,0.35045290930796813
3857,0.2415015343138956,0.0024317446144960487,0.4056680684827282,0.3503986525888802
3858,0.2417982222392093,0.0024801234081296853,0.40656032976551676,0.3491613245871442
3859,0.2419129322592429,0.0025231549779979844,0.40661474856416013,0.34894916419859895
3860,0.24171431669580462,0.0025365808183108124,0.40719421168559905,0.3485548908002855
3861,0.24134522861493202,0.0025681810454038258,0.40701234179282497,0.3490742485468391
3862,0.24097658661618643,0.0025372904228226035,0.40725154423750165,0.3492345787234893
3863,0.2411617353633678,0.0025741658943043834,0.4071570764770067,0.34910702226532103
3864,0.2409277402605498,0.0025100093786686725,0.4079035619678052,0.3486586883929763
3865,0.2414167264797808,0.002553815640664584,0.4074458952989165,0.3485835625806381
3866,0.24140840041507886,0.002567435205670455,0.40768477793010305,0.3483393864491477
3867,0.24150624746498242,0.002557048454574611,0.406983574219505,0.348953129860938
3868,0.241657888625179,0.0025725556539706955,0.406823388922413,0.3489461667984372
3869,0.24155423312059074,0.002586232035823951,0.4068179454786919,0.3490415893648934
3870,0.24129873038443433,0.002537522165866656,0.4072014443034794,0.3489623031462197
3871,0.2410745372707348,0.0025189146415753438,0.4077643589170095,0.3486421891706804
3872,0.24091440023392283,0.0025843916075519507,0.4079540137756725,0.3485471943828527
3873,0.24080758646997397,0.002577375554132758,0.40806971148668847,0.34854532648920483
3874,0.2406348302585794,0.0025220179546962445,0.4077079353216093,0.34913521646511503
3875,0.2404622762137393,0.002508156886111849,0.40835717213511546,0.34867239476503337
3876,0.24057390589394614,0.002532268142945329,0.4084305542718679,0.34846327169124064
3877,0.24058461003434525,0.002541278125758201,0.408512513048774,0.3483615987911225
3878,0.2404176627312164,0.002554008781965722,0.4091585313090381,0.34786979717777966
3879,0.24058040164535743,0.002564261995941152,0.40911252535995934,0.347742810998742
3880,0.2404634772705599,0.002498978293173793,0.40939563209281227,0.3476419123434541
3881,0.24087522544074574,0.0025044509454864522,0.40878407062908934,0.34783625298467846
3882,0.24076973196774393,0.0025197402089676886,0.40893449613421984,0.34777603168906845
3883,0.24098288855599606,0.0025436054013236228,0.4090766564797098,0.3473968495629705
3884,0.2412601148605323,0.002527048279552427,0.408765699518398,0.3474471373415173
3885,0.24091152160355622,0.0024947095675442875,0.4089952441399337,0.3475985246889658
3886,0.24066156482023274,0.002492017831628443,0.4090244497285015,0.34782196761963735
3887,0.24056287062378398,0.0024946301699007864,0.40934495206293137,0.347597547143384
3888,0.2407322891855944,0.0024893689229184665,0.40905494832303946,0.34772339356844784
3889,0.2399891336691947,0.0024986066218821317,0.4096376344774656,0.3478746252314576
3890,0.23995201968915653,0.0025009747411422626,0.4093458387256533,0.348201166844048
3891,0.2399929916205287,0.0025067119794481402,0.4090059051476159,0.34849439125240733
3892,0.23982857498666088,0.002512806276128294,0.40903827061046816,0.3486203481267428
3893,0.2396023286913737,0.002483314441824898,0.40894092749391353,0.348973429372888
3894,0.23971350995208382,0.0025014517321299834,0.4091148503434511,0.3486701879723351
3895,0.23977629728296784,0.002535080113313495,0.4093335076587935,0.3483551149449252
3896,0.23971065153668186,0.0025748866056611182,0.41025416553287225,0.34746029632478476
3897,0.23972418165992865,0.0025432960515266506,0.41024705597546995,0.34748546631307464
3898,0.2391944649818722,0.0025184096194452088,0.4102694443083082,0.34801768109037434
3899,0.23909959826886448,0.0025610463203405574,0.4104193768418073,0.3479199785689878
3900,0.23926272943939114,0.0025589927870577566,0.4102286649537998,0.34794961281975123
3901,0.23909003646531085,0.0025147501281042,0.40989676543466463,0.3484984479719204
3902,0.23935035985350422,0.00255626787502006,0.40923857765633037,0.34885479461514535
3903,0.23928628579505692,0.0025839401403675026,0.40994582978890504,0.34818394427567056
3904,0.2389693144425456,0.0026210636552569124,0.41019429460975215,0.34821532729244536
3905,0.23870813194244125,0.002641366489065342,0.4099423760658135,0.34870812550267993
3906,0.23880051640881125,0.002658063664066654,0.4096204813693992,0.34892093855772277
3907,0.23873868354974376,0.0025894680725186323,0.4095470267582212,0.3491248216195163
3908,0.23867493231927567,0.0025906019311859136,0.4093020747640825,0.349432390985456
3909,0.2383558382470221,0.0026256043707905004,0.4094707826217288,0.34954777476045856
3910,0.23834916666511768,0.0025880887448295276,0.40959345839390326,0.3494692861961495
3911,0.23834837084346364,0.0025952801431763715,0.40936659507278506,0.34968975394057494
3912,0.23819942352542958,0.002597212495562849,0.4092445855345156,0.3499587784444919
3913,0.238355496691626,0.0026419301576649417,0.4094148791242221,0.34958769402648704
3914,0.23814286137724144,0.0027142125921812152,0.41006975112967803,0.3490731749008993
3915,0.23818878714408287,0.002698859669039453,0.40983686277523335,0.34927549041164435
3916,0.23768296629639213,0.0026513551899450326,0.4101116270678949,0.3495540514457681
3917,0.23761470699619114,0.0027093306948279008,0.40977063463178887,0.34990532767719207
3918,0.23737995594577538,0.0027472736434445994,0.41038108491038844,0.3494916855003916
3919,0.23715496342984563,0.002740905165883537,0.41080055181139813,0.34930357959287267
3920,0.23721695495671788,0.0027425872905908087,0.41106472151122164,0.3489757362414697
3921,0.23728910908986323,0.002749945514050247,0.4106789331609294,0.34928201223515715
3922,0.23742904807923418,0.002742570126458766,0.41062865776644575,0.3491997240278613
3923,0.23730816932226179,0.0027427006791457304,0.4103473432255371,0.3496017867730553
3924,0.23741622106113008,0.0026964229841697383,0.4102973854372972,0.349589970517403
3925,0.23736521999333388,0.0026971180543866667,0.41043041121756885,0.34950725073471073
3926,0.23712152028023142,0.0027094795945068455,0.410289007143321,0.34987999298194083
3927,0.23720581356437448,0.002680893008852928,0.4104384648996712,0.3496748285271014
3928,0.237018414703373,0.00272152396028538,0.4103610452606107,0.3498990160757308
3929,0.23695236777735937,0.0027399227593848286,0.4102817964105947,0.35002591305266106
3930,0.23675193272494854,0.0026900883194975527,0.41061712989018007,0.3499408490653738
3931,0.2362395863019157,0.002651358147367067,0.4106726767993685,0.3504363787513488
3932,0.23582405700471712,0.002673003720994055,0.41079030111634457,0.35071263815794423
3933,0.2358470856041744,0.002716484591836328,0.4106226923177134,0.3508137374862758
3934,0.23561168242146407,0.0026860487077217552,0.4109600339676741,0.35074223490314005
3935,0.23549932118053843,0.0026899528790938327,0.41034058940013696,0.35147013654023074
3936,0.2353851700355462,0.0026958235184541416,0.4097505431084665,0.3521684633375332
3937,0.23532406369345601,0.002741128151524067,0.40915118073370105,0.35278362742131897
3938,0.23512075753602052,0.0027411188433953183,0.4087509865653144,0.3533871370552698
3939,0.23465623036318708,0.0027783457433338083,0.4093523011933322,0.3532131227001469
3940,0.23453158709756802,0.0027993389206054727,0.4089458873414868,0.3537231866403398
3941,0.2342137601628659,0.0027842717286567916,0.40905640093681084,0.3539455671716664
3942,0.23378905221269672,0.002772531920395462,0.40930438169461764,0.3541340341722902
3943,0.2337560003059626,0.002774628285857196,0.4089737312644458,0.35449564014373436
3944,0.23343682739985233,0.002781922838999859,0.40889149349010534,0.3548897562710425
3945,0.2334090355300457,0.002781274685993476,0.4088949215284302,0.35491476825553075
3946,0.23344044953944576,0.0027347446890842444,0.4095640732380561,0.3542607325334139
3947,0.23335449798147428,0.0027103552534863476,0.4096745625327884,0.35426058423225093
3948,0.23305336877024616,0.002708870963640561,0.41001445345166143,0.3542233068144517
3949,0.2335530986091691,0.002670168221736343,0.40922008396458986,0.35455664920450475
3950,0.23359227779355032,0.0026489066726791285,0.4093021672763782,0.35445664825739237
3951,0.23357582889021594,0.002668008783872235,0.40913517241152775,0.35462098991438407
3952,0.2333222229260099,0.0026244528549991602,0.4099065323015182,0.35414679191747267
3953,0.23320544564419446,0.00261430541924879,0.4099552858328108,0.3542249631037459
3954,0.23305024482383724,0.002622809258774709,0.41013930009052774,0.35418764582686035
3955,0.23306679822802318,0.0026460715761736594,0.409447717237029,0.3548394129587741
3956,0.2328648989871806,0.0026380478047252917,0.4097835986499917,0.3547134545581023
3957,0.23278590749397404,0.0026475188032297195,0.40962823355629174,0.35493834014650455
3958,0.23275621988060177,0.0025977431155987983,0.409417963737935,0.3552280732658645
3959,0.23275236279472064,0.0025880725997874596,0.41025278879876775,0.3544067758067242
3960,0.23262347917031317,0.0025869343898653786,0.41001197747409746,0.3547776089657239
3961,0.23242880178374287,0.0025712708416618865,0.4100534377774358,0.3549464895971594
3962,0.23242153940924135,0.0025806140727751116,0.4098238836679582,0.35517396285002534
3963,0.23254182975199028,0.0025906974537561107,0.4098614513852244,0.35500602140902915
3964,0.2327718056694128,0.0025955948185990884,0.40994957426333467,0.3546830252486534
3965,0.233002230794233,0.0026215987903504246,0.41019058388898755,0.35418558652642906
3966,0.23298971205041305,0.00264912181981546,0.4103048006905924,0.3540563654391791
3967,0.23281973437117917,0.00260228578394738,0.410328166966475,0.35424981287839835
3968,0.2329339328973125,0.0025359266852736906,0.41040119814091236,0.3541289422765015
3969,0.23292907054130038,0.0025436212620819454,0.41044111403523875,0.35408619416137893
3970,0.23293471878249766,0.002602249709993181,0.4102540987382645,0.35420893276924464
3971,0.23311020730666487,0.00262435618116988,0.4099934293828421,0.35427200712932305
3972,0.23251562692791702,0.0026422672442859506,0.4102038190915481,0.3546382867362488
3973,0.23268967093561757,0.002674413783017628,0.4100719273725815,0.3545639879087833
3974,0.2326439299997828,0.0026655888942358863,0.4107205129808701,0.3539699681251112
3975,0.2327832121942682,0.002658725590689109,0.410117219876712,0.3544408423383307
3976,0.23251970050459034,0.0026961432889337908,0.4101252554856941,0.3546589007207817
3977,0.23268297506962193,0.002675708758073231,0.4106665835048986,0.3539747326674062
3978,0.2328055396332478,0.002673125813095863,0.4109063511403711,0.3536149834132852
3979,0.23287057335046457,0.002696256618981493,0.4108610029400978,0.3535721670904561
3980,0.23320389786580456,0.0027241704431946014,0.411271527586183,0.35280040410481783
3981,0.2331300245657789,0.0027202864804786817,0.4120660793701888,0.3520836095835536
3982,0.23299548517246388,0.002712624371397864,0.4118067572828116,0.35248513317332664
3983,0.23304096733392726,0.002744004476922963,0.41195611849805314,0.3522589096910967
3984,0.2332111893006689,0.002702141484539205,0.4117266031685115,0.35236006604628034
3985,0.2330195764634726,0.0027039842610091414,0.4120592356628633,0.35221720361265496
3986,0.23243696332865663,0.0027286190097167897,0.4124696843505185,0.35236473331110807
3987,0.23220063068918498,0.0027085350484761204,0.4121529823169978,0.3529378519453411
3988,0.23175253701283743,0.002734516003627952,0.4123549331353239,0.3531580138482108
3989,0.23219088126938056,0.002771698346381514,0.411638561143136,0.35339885924110187
3990,0.23247978134267228,0.0027940901676013477,0.4114044588795755,0.35332166961015093
3991,0.2326797187991499,0.002822219136845467,0.4113203392544563,0.3531777228095483
3992,0.23216246655405529,0.002800199133364843,0.41147936421863973,0.35355797009394013
3993,0.23213290205656337,0.0027917525986781793,0.4119554187768558,0.3531199265679027
3994,0.23195839424519837,0.0028232036278851127,0.41245380995555053,0.35276459217136596
3995,0.23179724552791123,0.0028696803098052547,0.412137209808184,0.35319586435409944
3996,0.2316082781194384,0.0028821003397060735,0.41308226937826287,0.3524273521625927
3997,0.23151549330769958,0.0029383058075200296,0.41271723897806395,0.3528289619067164
3998,0.23194236545240204,0.0028699235728108833,0.4127177502473347,0.3524699607274523
3999,0.23216639319502722,0.002905763607588739,0.41229606508281796,0.35263177811456603
4000,0.23186845041154275,0.00288576829697683,0.41250512998553407,0.3527406513059464
4001,0.2317924809017425,0.0028830824172934562,0.4127469378768426,0.3525774988041214
4002,0.23148025828556454,0.002838452215827874,0.41268829015184955,0.35299299934675804
4003,0.23125709583146534,0.0029050421475418577,0.41244361817549474,0.3533942438454981
4004,0.2314827506740357,0.0028860090138241186,0.41236726097125437,0.3532639793408858
4005,0.23136156002728417,0.002883264162665546,0.4121502820181848,0.35360489379186544
4006,0.2309875781516097,0.002867353748312011,0.4121788135902906,0.35396625450978764
4007,0.23083225389048384,0.002898439940725084,0.4121725621436596,0.3540967440251314
4008,0.2305595554175528,0.002912688385956656,0.41211343002898504,0.35441432616750557
4009,0.23052747926242306,0.0028532095861680115,0.4123673113344323,0.35425199981697675
4010,0.2305816005222565,0.0029335292128223464,0.4129850469937417,0.35349982327117946
4011,0.23024150104464697,0.0029684219065867277,0.4130507800519658,0.3537392969968004
4012,0.23027031033348067,0.0029690110427364347,0.4127945947944622,0.3539660838293207
4013,0.22998176195159323,0.002939344442159612,0.41300557484240763,0.3540733187638395
4014,0.22988697113748816,0.002947768352433825,0.41245386061715267,0.3547113998929254
4015,0.2296825365494466,0.0029192864801476015,0.4120469403706541,0.3553512365997518
4016,0.22982957528908426,0.002894616478409457,0.4120419115946022,0.3552338966379041
4017,0.22970819686235364,0.002886459309178258,0.41171229655849373,0.35569304726997436
4018,0.22976513217940778,0.002889694345013575,0.41155695621959804,0.3557882172559806
4019,0.2301449343266062,0.002968474116681735,0.4113483244761437,0.3555382670805683
4020,0.23048825964070643,0.002946623271341419,0.41116978461627207,0.3553953324716801
4021,0.23023548768334515,0.0029202173456337145,0.4109518036961446,0.35589249127487654
4022,0.2302409993569071,0.0028656258620372846,0.4110211782563451,0.3558721965247106
4023,0.22996514654663516,0.002847423263918833,0.4111451432312287,0.35604228695821727
4024,0.22986238637645656,0.002816053451322798,0.41100440170842995,0.35631715846379064
4025,0.23012578921531798,0.002795912032020807,0.4105819282850621,0.35649637046759913
4026,0.23037378410046055,0.002828254123779382,0.4103659389378668,0.3564320228378933
4027,0.23039020856420409,0.0028302701275422183,0.4110241407981192,0.35575538051013444
4028,0.23047993549619566,0.0027899569176926932,0.410663484605893,0.35606662298021863
4029,0.23062987029391585,0.002798709967072402,0.41074832778999754,0.3558230919490143
4030,0.230464088197018,0.0027762246753214722,0.4107350537464603,0.3560246333812002
4031,0.23025078049760137,0.002760558670687647,0.41105933543098727,0.3559293254007237
4032,0.23035729912499234,0.0027979710142400937,0.4108481452387984,0.35599658462196915
4033,0.23023598205266937,0.002741850793260266,0.4111635907989039,0.3558585763551665
4034,0.23008376603297295,0.0027057865930818605,0.4111106622832857,0.3560997850906594
4035,0.22995345342218645,0.0026820589412415215,0.4112083884999955,0.35615609913657653
4036,0.22973037740277466,0.0026634645858944215,0.4109207495890905,0.35668540842224045
4037,0.2303072509046185,0.0026738873547503513,0.41093108067889733,0.3560877810617339
4038,0.23018963388761926,0.0026802404247736134,0.41025481282969717,0.35687531285791
4039,0.23048433995812018,0.0026883640325804517,0.41025227611958276,0.3565750198897165
4040,0.23065012817713101,0.0026544414596478263,0.4099839356061089,0.3567114947571122
4041,0.23067391839851692,0.0026440497009447643,0.4097300297003758,0.3569520022001626
4042,0.2305412458881412,0.002653667572618609,0.40931277399083293,0.35749231254840724
4043,0.23036103641567363,0.0026058778890385805,0.4095676060394986,0.3574654796557892
4044,0.23011526731641635,0.0026071804555208495,0.4102015918557441,0.3570759603723187
4045,0.22994322029558506,0.002630967164491552,0.4105130141032203,0.35691279843670315
4046,0.23041474736573458,0.0026135363243220146,0.4099732515296931,0.3569984647802504
4047,0.23078323677585094,0.0026184398971645594,0.40987575962880457,0.3567225636981799
4048,0.23080024647030645,0.0026577692614549973,0.41036302259175467,0.3561789616764839
4049,0.23107703624987294,0.00268944286870466,0.41066662761899975,0.35556689326242263
4050,0.23087493614891125,0.0026967434523271854,0.410716208311389,0.3557121120873726
4051,0.23021110517091387,0.0026613205390946344,0.4110403928586665,0.35608718143132495
4052,0.23012003692377953,0.002642079301588284,0.4105012907699444,0.3567365930046878
4053,0.230419042236396,0.0026331500656335714,0.4101379020096772,0.35680990568829324
4054,0.23026907169525934,0.00262195409970217,0.4106822860041423,0.3564266882008962
4055,0.2301344458714735,0.0026062457457729613,0.41019730738796467,0.3570620009947889
4056,0.2299598299314181,0.0026442396809792643,0.4099339350479725,0.3574619953396301
4057,0.22953011041887228,0.0026389491982951973,0.4102127789963405,0.35761816138649194
4058,0.22987325590608676,0.0026607224357340807,0.40991094800024036,0.3575550736579388
4059,0.22971856917962935,0.002672024918851528,0.4100647519681545,0.35754465393336454
4060,0.22958380080206625,0.002693068605829301,0.41022414170425014,0.35749898888785425
4061,0.2298366327021065,0.0026782162017347498,0.409740395683268,0.35774475541289075
4062,0.23011043521232294,0.002646836818352454,0.4094741085666883,0.35776861940263627
4063,0.23019755390171043,0.0026694359215661753,0.4097333492315995,0.3573996609451239
4064,0.23013214954394484,0.0027055927405249237,0.4098503473485306,0.35731191036699966
4065,0.23009387460338715,0.0027180216615388273,0.41017169488699334,0.35701640884808067
4066,0.23023208363388542,0.0026758141950576934,0.4099967171537216,0.35709538501733534
4067,0.2302042348448064,0.0026860465659650765,0.4098454289561303,0.3572642896330982
4068,0.2296831337783106,0.0026936982650341288,0.4099277970495919,0.3576953709070632
4069,0.22937855946330116,0.0026923416795752234,0.4097956392335794,0.35813345962354426
4070,0.22931250918011328,0.0027056717607739527,0.41014199865941736,0.3578398203996954
4071,0.22925473771456426,0.0027352856599344734,0.41035382402600334,0.3576561525994979
4072,0.22923229562226796,0.002769521489389501,0.4102669085637124,0.35773127432463014
4073,0.22863583886157804,0.002780013402195873,0.4106801122385154,0.35790403549771066
4074,0.2287439510111086,0.0027605568566139035,0.4111584396325777,0.35733705249969977
4075,0.2287602587412933,0.002749786951684751,0.4102016632934542,0.35828829101356774
4076,0.22870542039222022,0.0027430089597429257,0.4100044870810575,0.3585470835669794
4077,0.22860447551245944,0.0027438876149175817,0.41027972726714657,0.3583719096054764
4078,0.22873683303990883,0.0026880667138349627,0.40958238151434995,0.35899271873190625
4079,0.22915704280013438,0.002680514967515373,0.40963095853043396,0.3585314837019162
4080,0.2292714597620204,0.002712335912730739,0.4099930000484525,0.35802320427679624
4081,0.22939185027540393,0.0027214637379959633,0.4104412174713675,0.3574454685152325
4082,0.22938094642243975,0.0027292858531098594,0.41020027509507984,0.3576894926293705
4083,0.22900268904753385,0.002698893703324952,0.41044108741302826,0.35785732983611285
4084,0.22882930780137625,0.0026669250649270964,0.41093961235189413,0.3575641547818025
4085,0.22873352677491873,0.002708681345876128,0.41142285835062686,0.3571349335285783
4086,0.2288490071552008,0.00272789777781285,0.4113558039320714,0.3570672911349149
4087,0.22872284055975034,0.002759148776446051,0.411432703569705,0.3570853070940986
4088,0.22851237815557254,0.0027684324802457936,0.41119466156290363,0.3575245278012781
4089,0.22874035911888976,0.002758538685204664,0.41093964749529066,0.35756145470061496
4090,0.22851596855088235,0.0027622497292372995,0.4106976614607933,0.3580241202590871
4091,0.22838206292364194,0.0027414676630699445,0.41069201641626707,0.3581844529970211
4092,0.2280061707778876,0.002726653301515899,0.41065134237974305,0.3586158335408534
4093,0.22818181029118634,0.0027429313608224003,0.4104251507054231,0.35865010764256816
4094,0.22790363533875474,0.002751244332562558,0.4100425875513932,0.3593025327772895
4095,0.22800369972804013,0.0027834548538537653,0.40981939403255135,0.3593934513855547
4096,0.22766895596366843,0.002765666638359921,0.4102517947793894,0.35931358261858215
4097,0.22803745043140555,0.0027330965210568036,0.41055094646269347,0.3586785065848442
4098,0.227561675051619,0.0027219247777137525,0.41089288271437363,0.3588235174562936
4099,0.22765316878772485,0.002686473643064325,0.41071761661682105,0.3589427409523897
4100,0.22768313711703758,0.0026459170403064424,0.4108331103834577,0.35883783545919823
4101,0.22701845317155134,0.002621736070814883,0.4105494947021473,0.3598103160554865
4102,0.2266534317273688,0.0026105724387460475,0.41134525447438114,0.359390741359504
4103,0.22619691786872353,0.002649658986774364,0.4119374659388481,0.35921595720565397
4104,0.22612260654637986,0.0026621128826280907,0.41214846812403627,0.35906681244695593
4105,0.22614532601664622,0.0026780631238921214,0.41182898847253213,0.35934762238692963
4106,0.22621803801942467,0.0027177596615182804,0.41156267527625684,0.35950152704280025
4107,0.22625851307344655,0.0027235394898059363,0.41128565471379785,0.35973229272294976
4108,0.22618105148295325,0.002719989121607868,0.41110360557215414,0.3599953538232848
4109,0.22642036340774568,0.002670472300260711,0.4113320174904446,0.3595771468015489
4110,0.22644779850825564,0.0026830336620527638,0.4113642394720082,0.35950492835768344
4111,0.22640152385527132,0.0026975044735977277,0.41109065477715945,0.3598103168939716
4112,0.22605040857665482,0.0026901264387636016,0.41097894793599365,0.3602805170485878
4113,0.22599612070941433,0.0026663938809906003,0.41088403464901724,0.3604534507605779
4114,0.2260162277366286,0.0026943011158044915,0.4107279029392437,0.36056156820832325
4115,0.22607852579034038,0.002728815614881454,0.41091676296745516,0.360275895627323
4116,0.2260687018099715,0.0027473348468667865,0.41171266934504824,0.3594712939981134
4117,0.22587781810357987,0.002796642841339482,0.4113534242535172,0.35997211480156344
4118,0.2256690611389684,0.002797195181507933,0.41081073468722434,0.3607230089922993
4119,0.22529489631851513,0.0027807042137558873,0.4115257013284596,0.36039869813926945
4120,0.22517224258143465,0.002769595502391089,0.41148753878203237,0.36057062313414184
4121,0.2250302546218546,0.002809841727712536,0.4114660292778515,0.3606938743725814
4122,0.22489450680154474,0.0027941659741455675,0.4117040289112083,0.36060729831310134
4123,0.2251254544826144,0.0028013686798848744,0.4116302769630888,0.36044289987441197
4124,0.22525029542359082,0.0028016033336872538,0.4119884494366399,0.35995965180608197
4125,0.22517895062809162,0.002871428506428317,0.4123963090777676,0.3595533117877125
4126,0.22552734960003193,0.00287868250374637,0.41257520446889584,0.3590187634273259
4127,0.22582822865615731,0.002875407194139276,0.4124249708015267,0.35887139334817675
4128,0.22571877269326324,0.002914086461059639,0.41237515172009614,0.35899198912558095
4129,0.22579168038002834,0.002926355881439596,0.4123831591005949,0.3588988046379371
4130,0.2257872255258991,0.002888600009425029,0.4124618709077238,0.35886230355695214
4131,0.22581835779975168,0.0029310938534965946,0.4124547286079679,0.3587958197387838
4132,0.22571613606604313,0.0029162111592770205,0.41236599499383886,0.35900165778084103
4133,0.22591286445733932,0.0028966933010098617,0.41256660760614833,0.35862383463550257
4134,0.2257817252932906,0.0029441443950717536,0.4127025280603365,0.35857160225130114
4135,0.22557787709595928,0.0029062974350486065,0.41288953612620727,0.3586262893427849
4136,0.22552968479499205,0.0029469665536023667,0.4129686857324482,0.35855466291895743
4137,0.2258242205874282,0.0029143129213219142,0.41254941045298715,0.3587120560382627
4138,0.2258300388901116,0.0029030244752711954,0.4134368665759717,0.35783007005864553
4139,0.2260370080478093,0.002891840964183389,0.41298292319849017,0.35808822778951716
4140,0.22588493567515106,0.0028891569525907176,0.41288871250781883,0.35833719486443927
4141,0.22614616246217834,0.0028941208568929585,0.41275074130029676,0.358208975380632
4142,0.226238099076821,0.0029191579827688306,0.41265077048217513,0.3581919724582351
4143,0.22609712856096106,0.0029102054889739394,0.4128256080868516,0.35816705786321335
4144,0.2261565155555397,0.0029306405504298783,0.41245900169269356,0.35845384220133686
4145,0.22614611901727297,0.0029439144570978493,0.41269206439187733,0.3582179021337518
4146,0.22594487973106783,0.002903162438426918,0.4128076968075596,0.3583442610229457
4147,0.22591649356645874,0.0028789278892622726,0.41310394395036976,0.3581006345939092
4148,0.2261212822696081,0.002908580510975473,0.41320283208530206,0.35776730513411437
4149,0.22603068436789622,0.002886160793453738,0.41314002330500676,0.3579431315336434
4150,0.22603399279991992,0.002878005971349142,0.4134843389787898,0.3576036622499411
4151,0.22592828905013945,0.002888930751604832,0.4135748644435484,0.3576079157547073
4152,0.22573346675333875,0.0028575028067085355,0.413598401457355,0.3578106289825978
4153,0.22582066033783027,0.002901359931979605,0.4129618976698838,0.35831608206030635
4154,0.22557410861518207,0.0028585461917879557,0.41322453636133966,0.35834280883169034
4155,0.22512751531833447,0.0028399954658369113,0.4134457805914919,0.3585867086243367
4156,0.22519467427539586,0.0028527601594362123,0.4131580094376023,0.35879455612756567
4157,0.22506698346443627,0.0028574710947616745,0.41351476752775634,0.35856077791304564
4158,0.224732601760482,0.0028479679207620923,0.4140340997909825,0.35838533052777344
4159,0.2244172474554102,0.0027800481435848548,0.4137468838429115,0.35905582055809343
4160,0.22436270015097298,0.002794323404900506,0.41352139593381204,0.35932158051031454
4161,0.2242919425165884,0.0027592049378154576,0.4133697599827926,0.3595790925628035
4162,0.22416431319269817,0.0027860562646976304,0.413249455878018,0.35980017466458625
4163,0.2242643354046408,0.0027781455287609123,0.4129563350559498,0.36000118401064846
4164,0.22366643078521548,0.0027464910880201565,0.41261369674236,0.36097338138440443
4165,0.2235336064912754,0.0027407363493858897,0.4124118629250638,0.3613137942342749
4166,0.22336792778086387,0.002741757858856143,0.4125933247308242,0.3612969896294557
4167,0.22315487472443823,0.002782899726658533,0.41224602250375797,0.36181620304514517
4168,0.2231337782661235,0.0028230263209589827,0.41283202987332623,0.36121116553959143
4169,0.22304594668311956,0.0028035989699842223,0.41226462179261103,0.36188583255428514
4170,0.22280776218828455,0.002804746741245825,0.4122177130248529,0.36216977804561673
4171,0.22280199046256968,0.0028594073297652676,0.4118907887590222,0.36244781344864285
4172,0.2227698204604079,0.002911944220831868,0.4117529121522748,0.36256532316648543
4173,0.22328961170984588,0.002933942569504469,0.41138129260347733,0.36239515311717224
4174,0.2233316008627963,0.0029304067990174347,0.4116133994338112,0.36212459290437504
4175,0.22318975107201874,0.0029537663093250873,0.4116045273033935,0.3622519553152627
4176,0.2231394112784621,0.0029048361949975967,0.4118187813023333,0.362136971224207
4177,0.2230238392845693,0.002866875762304836,0.4119835326518945,0.3621257523012314
4178,0.2230046845492434,0.0028383510490840283,0.4122002855552217,0.3619566788464509
4179,0.22297921372540558,0.002774520869793664,0.4122612480851336,0.36198501731966726
4180,0.22285250711700672,0.0027217187779444902,0.41246824367953544,0.36195753042551343
4181,0.2223207631578211,0.00270582466949701,0.41275467637377794,0.3622187357989038
4182,0.22229841499693567,0.0027025686779034706,0.4131154944715327,0.3618835218536282
4183,0.22195992476245743,0.0026923971448013784,0.41332237132620986,0.3620253067665314
4184,0.2218465716202031,0.0027251261298025654,0.4136554860320304,0.3617728162179638
4185,0.22190556011973586,0.0027033661046506285,0.41329766709710264,0.3620934066785109
4186,0.2214755315885001,0.0026423954986863727,0.41359032915437427,0.36229174375843937
4187,0.22154791197486118,0.002671423019100667,0.41289137006202614,0.3628892949440121
4188,0.22133992279020287,0.002657008333167131,0.4130787120437301,0.36292435683289986
4189,0.22115257554149287,0.0026157524025855047,0.4137823850765658,0.3624492869793559
4190,0.2212947840450361,0.0026070138214897695,0.4134388546661067,0.36265934746736744
4191,0.22085521317960008,0.002628315883670239,0.4135441278566098,0.36297234308011983
4192,0.2209361963720803,0.0026290184812988154,0.4128249988919815,0.36360978625463947
4193,0.22104273422348736,0.0026004937874468323,0.4126800220225014,0.36367674996656446
4194,0.22084698515297072,0.002537634570649467,0.413366453990879,0.36324892628550076
4195,0.22026450807111578,0.0025127068206538834,0.4132541924567417,0.3639685926514886
4196,0.22034617444371843,0.0025219003009050757,0.4133247230048792,0.3638072022504973
4197,0.22088889128048445,0.002560183449619987,0.4131683308160345,0.363382594453861
4198,0.22096981885385727,0.0025323112248611225,0.4128681492622951,0.36362972065898647
4199,0.22116101963571538,0.0025319924968506768,0.4129860283820991,0.3633209594853349
4200,0.22072235361435877,0.0025010646928136844,0.41346451203485535,0.36331206965797225
4201,0.22113973233122425,0.002469227284861776,0.4134773860146918,0.3629136543692221
4202,0.2212119166637841,0.002511633802050242,0.4130702601810171,0.3632061893531486
4203,0.2208966286728653,0.0025245765708461986,0.4131060378100709,0.3634727569462176
4204,0.22047811252081803,0.002547829583404109,0.4137930008453923,0.3631810570503856
4205,0.22010362394671096,0.002542552383841312,0.4142465022008165,0.3631073214686313
4206,0.22013623637788698,0.0025546055580011814,0.41394099404369217,0.36336816402041966
4207,0.2200070213346709,0.002524515503474858,0.4144323658430942,0.36303609731876013
4208,0.21978549195670571,0.002575788905175798,0.41405902331500394,0.3635796958231145
4209,0.21990103646862263,0.002639080085910798,0.4132183668142811,0.3642415166311854
4210,0.21965948220759693,0.0026982310336102337,0.41353048306698836,0.36411180369180446
4211,0.22025421342505197,0.002624315614923729,0.4135973818413718,0.3635240891186526
4212,0.2206850066705326,0.0026497456902855963,0.41361338755623356,0.36305186008294826
4213,0.2205204676284568,0.002593863927629335,0.4137886636131062,0.36309700483080765
4214,0.22070812579176563,0.002578923898876343,0.41351963545247405,0.36319331485688405
4215,0.22047484095150907,0.0026377427186430524,0.4138144403203931,0.3630729760094547
4216,0.2206783826209846,0.0026199955908605787,0.41356767846597436,0.3631339433221806
4217,0.22039132215070759,0.0026005428526975605,0.41381529645896836,0.36319283853762646
4218,0.22029632973353097,0.002583639374165719,0.41386992774753184,0.3632501031447716
4219,0.22013759769945462,0.0026533212277349222,0.41387683295241845,0.36333224812039205
4220,0.22022548820958385,0.0026605213907573053,0.41410935909279545,0.3630046313068635
4221,0.2205943498466545,0.0026493664823474547,0.41385936939024387,0.3628969142807542
4222,0.2202803822665091,0.0026764168162647776,0.41331593609854866,0.3637272648186774
4223,0.22026307897467298,0.0026656742852315327,0.41392200553627995,0.36314924120381553
4224,0.22024471586225697,0.0026215613762302307,0.4138287663700927,0.36330495639142
4225,0.22017771454104493,0.0026271194371684844,0.41373893208380264,0.363456233937984
4226,0.22025991010019616,0.0025698506925649705,0.4137149098375631,0.36345532936967573
4227,0.22025702540765354,0.002549859503173545,0.41360289123656535,0.3635902238526076
4228,0.2198639155997996,0.0025849769397697565,0.4138175860665325,0.36373352139389814
4229,0.21976723073790772,0.002572052319788974,0.4138139540724232,0.36384676286988005
4230,0.21985895869515257,0.0025452181634833294,0.41283752545464375,0.3647582976867203
4231,0.21956697534004527,0.0025308666662473547,0.4128384603594383,0.36506369763426905
4232,0.21966887172915586,0.0024890501626042873,0.4134660762174985,0.3643760018907413
4233,0.21928126635938985,0.002489708263889814,0.4130489619014931,0.3651800634752272
4234,0.21924828429059812,0.0024988162026571927,0.4125837702372589,0.3656691292694857
4235,0.2192499032710204,0.0025289107160490964,0.4123326260118653,0.3658885600010651
4236,0.2191394262191093,0.002452508054523696,0.4117681670773363,0.3666398986490306
4237,0.21923343623878253,0.0024717814342003356,0.41147942521940245,0.3668153571076147
4238,0.2191532467846599,0.0024124133781888734,0.4119568375387618,0.36647750229838943
4239,0.21915838930810788,0.0024326107104887325,0.41194753907866744,0.366461460902736
4240,0.21996356691506844,0.002392669084720728,0.4115464828176424,0.3660972811825684
4241,0.2199963129244226,0.002378373486970004,0.4114059209656105,0.36621939262299685
4242,0.21980861491390108,0.0023910009723947497,0.41109425335454475,0.36670613075915937
4243,0.21962848070588487,0.002463682715232366,0.411485407038571,0.36642242954031196
4244,0.21933302936869953,0.002465646606844329,0.41175518992688503,0.3664461340975711
4245,0.2193493168746976,0.0024583910996662075,0.41188715099910744,0.3663051410265287
4246,0.21923723539126833,0.0024829086348093694,0.4115657291028721,0.3667141268710502
4247,0.21904576885738267,0.002467550066553918,0.41198494508628675,0.36650173598977664
4248,0.21900009915294488,0.0024956013485635,0.4120131536642031,0.3664911458342885
4249,0.21899599599177613,0.002500355396171131,0.4120342558477752,0.3664693927642776
4250,0.2193061140120728,0.002477038303275101,0.41171544528798815,0.36650140239666407
4251,0.21931841760897258,0.0024452360897739196,0.4122854284825917,0.36595091781866185
4252,0.2194078085988716,0.0024287436731587975,0.41272887367159583,0.36543457405637375
4253,0.21941695514473442,0.0024059401956254335,0.41276514278132215,0.36541196187831787
4254,0.21898498690799184,0.002456759955447902,0.4136572272980179,0.36490102583854245
4255,0.21905281835537097,0.002509662249027211,0.41326809333827513,0.36516942605732666
4256,0.21929647999656518,0.0025088320885081083,0.4131132780867179,0.3650814098282088
4257,0.2195871891592392,0.002549985323125864,0.4127542708280301,0.36510855468960496
4258,0.22020356978980882,0.002552702164974685,0.41240656609273535,0.3648371619524811
4259,0.21989626144519728,0.002575363721076393,0.41262440408683954,0.36490397074688674
4260,0.21999871370682417,0.002579288826924525,0.41249222447562195,0.36492977299062934
4261,0.22010457741200024,0.0025810051707927982,0.4122983188353319,0.365016098581875
4262,0.22025304310013852,0.0025896688992406956,0.41213633601204636,0.36502095198857437
4263,0.21997581371309843,0.0025772426940804507,0.4125380387850267,0.36490890480779437
4264,0.21992865441389203,0.0026082394144109266,0.4124221982321565,0.36504090793954047
4265,0.22005785906722553,0.002561877732458257,0.4122006947871796,0.3651795684131366
4266,0.22004399039528505,0.0025681373020115966,0.4125193248920384,0.36486854741066493
4267,0.22005254335880037,0.0026078012202152764,0.4121924651391849,0.3651471902817994
4268,0.22005694748361654,0.0026337503121953124,0.4126293715570105,0.3646799306471776
4269,0.2198360508507074,0.0026311993052384264,0.4128542995735618,0.36467845027049245
4270,0.21970360355260396,0.0026492447171505688,0.4128213677928351,0.3648257839374103
4271,0.21982420918070575,0.0026568840065847275,0.41217450630544245,0.3653444005072671
4272,0.2198043971799244,0.002670325869647795,0.4123039381198302,0.36522133883059765
4273,0.21973664748560284,0.002670617774077827,0.41191252866633077,0.3656802060739886
4274,0.2199916482497719,0.0027028431302254415,0.4119967789078002,0.36530872971220246
4275,0.22017400883181937,0.002733415897573948,0.4118560539477719,0.36523652132283485
4276,0.21951075060371936,0.00272537083204887,0.41147605389067954,0.36628782467355225
4277,0.21922174350417917,0.0027288552475145706,0.4113979780985356,0.36665142314977056
4278,0.21905360615069797,0.0026754122705246923,0.4118268095123835,0.36644417206639385
4279,0.21934116564843809,0.0026531222046621136,0.41108602593995525,0.3669196862069447
4280,0.2191457537251405,0.002642175502996605,0.41172048848835036,0.36649158228351253
4281,0.2192978724478635,0.0026345293518826975,0.41177442402554715,0.3662931741747065
4282,0.2195162177327675,0.002669218714777012,0.41156145598572236,0.3662531075667332
4283,0.21945488967692578,0.002667794924390972,0.4115882757252011,0.36628903967348203
4284,0.21928863781304378,0.0026722097173926345,0.4112094106799429,0.36682974178962074
4285,0.21921657022669291,0.002683642999870341,0.41166773351670705,0.3664320532567297
4286,0.2195421416766589,0.002691364458245555,0.4114434215701289,0.36632307229496663
4287,0.2195702176870058,0.0027043893695015454,0.41131336688057274,0.3664120260629199
4288,0.2191019396978179,0.002688680633944936,0.4112636810621667,0.3669456986060705
4289,0.21903593839957294,0.0026884874344667953,0.41151847247624707,0.3667571016897132
4290,0.2195545305258208,0.002634694088310897,0.4107771535750535,0.3670336218108147
4291,0.2197569583231716,0.002620127144011292,0.41090889179791984,0.36671402273489734
4292,0.21975550084992124,0.0025596228440797407,0.4111563143267706,0.36652856197922845
4293,0.2193921443550368,0.00255204791023157,0.4114553417722565,0.36660046596247514
4294,0.21943813692211314,0.002542875415125443,0.4113757853166408,0.36664320234612063
4295,0.21930942970895062,0.0025417472982081192,0.41187695294050475,0.3662718700523366
4296,0.2193151724961213,0.002581981218063945,0.41190110207208513,0.36620174421372964
4297,0.218751129163231,0.0025673387257631594,0.41148559557202935,0.3671959365389765
4298,0.2187391122693544,0.002563793742302513,0.411715055258855,0.36698203872948815
4299,0.21866652716365467,0.0025769712216991724,0.4117500384717016,0.36700646314294455
4300,0.21880361437093293,0.002510658085339576,0.411657328489611,0.3670283990541165
4301,0.21880610755044994,0.002510282726174759,0.4115884173844301,0.3670951923389451
4302,0.2188538587552598,0.0025254326986365438,0.4120438531735841,0.3665768553725196
4303,0.21911971478342185,0.0024925791992938644,0.41198598847976475,0.3664017175375195
4304,0.2189242823192618,0.002493587242768791,0.41152662164879816,0.36705550878917126
4305,0.21914045808562682,0.002524902661895443,0.41096630141884266,0.3673683378336351
4306,0.21932147983600717,0.0024894161055383844,0.41145468310610245,0.36673442095235204
4307,0.2192548823575285,0.002509557296494671,0.41145619449337706,0.36677936585259985
4308,0.21927224682940719,0.002496200712183836,0.4113353438907891,0.3668962085676199
4309,0.21889415126585415,0.002497678339592694,0.4115572164934543,0.367050953901099
4310,0.21888936539054246,0.002490547791675956,0.4112861334757566,0.36733395334202495
4311,0.21897302867299068,0.0024572165353978076,0.41126111257680253,0.36730864221480897
4312,0.21962040730533872,0.002440074585353423,0.41112562280441994,0.36681389530488784
4313,0.21955565958493595,0.0024205368191842123,0.41094438112769965,0.3670794224681802
4314,0.21958991520166235,0.002439194145000886,0.4108169902014219,0.36715390045191476
4315,0.21906250865340332,0.002430288991313495,0.4106807724708602,0.36782642988442293
4316,0.21884050404778788,0.002432100388271159,0.4111176606345941,0.3676097349293468
4317,0.21895641564287724,0.0023958745149257245,0.410697062977333,0.367950646864864
4318,0.21876319539697034,0.00239965226520139,0.4109174900994611,0.36791966223836714
4319,0.21855201607744915,0.0024034786927079254,0.41088591729851603,0.36815858793132694
4320,0.21883988233696788,0.002405295288400006,0.41058960169099173,0.36816522068364044
4321,0.21826690329495685,0.002372369941960234,0.41053232338432694,0.36882840337875594
4322,0.2179235870488528,0.002382565527579192,0.41076696948677976,0.36892687793678824
4323,0.21785973572772863,0.0023936097877802856,0.41068449732498014,0.36906215715951096
4324,0.217739717555193,0.0023964779442151194,0.4112470183746396,0.3686167861259522
4325,0.21785142012618258,0.002451298994670584,0.41120140777410413,0.3684958731050428
4326,0.2177609731259079,0.002415328326278817,0.41153695377035165,0.3682867447774616
4327,0.21776978450951442,0.002371281025826269,0.41068905796663746,0.36916987649802185
4328,0.21784692099414588,0.0023300966918639774,0.4102379606339025,0.3695850216800876
4329,0.2177112075234345,0.0023176391010678262,0.4100002116976248,0.3699709416778728
4330,0.21831521247142854,0.002305634687545067,0.4096813494965872,0.36969780334443925
4331,0.21805970428432672,0.0023352617304526232,0.40976051845155315,0.3698445155336675
4332,0.218293832444185,0.0023721621519669856,0.4096991903149232,0.3696348150889249
4333,0.21832648981199698,0.002356371236169083,0.4099766643397788,0.3693404746120552
4334,0.2180252431369703,0.0023325666718905704,0.4098780289821245,0.3697641612090147
4335,0.21802953890507065,0.0023115302996639005,0.40966128540706626,0.36999764538819924
4336,0.2180409547607641,0.002277623370704613,0.4098052724967299,0.36987614937180147
4337,0.21816871316016417,0.002272974968450593,0.4098360749523198,0.3697222369190655
4338,0.21839557884269917,0.0022830476423451084,0.41024547693887004,0.36907589657608575
4339,0.21834150821631737,0.0022701922209589316,0.410520349381295,0.36886795018142865
4340,0.21848642370510998,0.0022768199636577125,0.40998920619060425,0.369247550140628
4341,0.21882807007546398,0.002266459066934348,0.4101721382287349,0.36873333262886676
4342,0.2186362209224732,0.002290167222479059,0.41019377469245494,0.36887983716259287
4343,0.21861695496590264,0.002339718744120307,0.40962761077687204,0.3694157155131049
4344,0.21858412004277245,0.002337792228497044,0.4099461822645818,0.36913190546414876
4345,0.21849857098872788,0.002323530624828156,0.40994030609661464,0.3692375922898293
4346,0.21837588907052682,0.0023099961453944802,0.41007103764726305,0.3692430771368157
4347,0.21838574453782456,0.002259026249475712,0.41004595812050554,0.3693092710921942
4348,0.21826654924696137,0.0022492090359885093,0.4100907836330775,0.3693934580839727
4349,0.21860742034354272,0.002263289160908454,0.409536563682396,0.36959272681315275
4350,0.21848012244770895,0.0022880760903172303,0.4102905028701141,0.36894129859185965
4351,0.21815318893258434,0.002314739709647491,0.4104899779537582,0.36904209340401006
4352,0.21775281664019924,0.002257654027468859,0.41035326834232233,0.36963626099000957
4353,0.21736727381536344,0.002274452010346405,0.41004185085536726,0.3703164233189228
4354,0.2172309291008118,0.00223844306945524,0.410282908901438,0.370247718928295
4355,0.21734134625356272,0.002211700973559057,0.4101493586824009,0.3702975940904774
4356,0.21698841425128662,0.0021542859514581286,0.41108625493087086,0.36977104486638435
4357,0.21746008690631022,0.002140966856876593,0.41143252318336226,0.36896642305345073
4358,0.21754847748798373,0.0021122252885476807,0.41133462760635303,0.3690046696171156
4359,0.21783759262150776,0.0020727998884906467,0.4113526600462776,0.3687369474437241
4360,0.2181663081975767,0.0020699547380309893,0.4106378060865413,0.369125930977851
4361,0.2182944133929039,0.0020814264717160455,0.4104580434266799,0.36916611670870025
4362,0.21844170352101983,0.0020636021015928317,0.4098661897067988,0.3696285046705885
4363,0.21799759801927948,0.002115863766044298,0.40974141837544736,0.3701451198392289
4364,0.21765440224937277,0.002088200096021428,0.40967182046384076,0.3705855771907651
4365,0.2172832059835635,0.002085601901568818,0.40924113211373025,0.37139006000113756
4366,0.21688030168382558,0.002099810081072365,0.4099905765232898,0.37102931171181225
4367,0.21655178374105985,0.0020896853939798518,0.40961512864817295,0.37174340221678726
4368,0.21673737713684377,0.0020871110788366364,0.4099539995364573,0.37122151224786243
4369,0.21672856559879836,0.002031417661502266,0.40997892153458493,0.37126109520511447
4370,0.2167106251610071,0.002053321358088106,0.4102717566083629,0.37096429687254195
4371,0.21700565836473856,0.002106893202233756,0.4102924773131753,0.37059497111985246
4372,0.21672660574962405,0.0020799380454239293,0.41070701028486045,0.37048644592009167
4373,0.21699952713297305,0.002113709339804279,0.41065482851588425,0.3702319350113384
4374,0.2173109814094752,0.0021026259128958296,0.4105221544161955,0.3700642382614336
4375,0.21744414627549608,0.0020958357677822803,0.4097894529404903,0.3706705650162313
4376,0.2172896613607925,0.0021001369389511823,0.41011139297013954,0.37049880873011676
4377,0.2176677901672071,0.002064218759751351,0.4102014655250647,0.3700665255479768
4378,0.21764523173372313,0.0020744388121258254,0.409290724293616,0.3709896051605349
4379,0.21729721592496914,0.002094992064938498,0.40911696021111804,0.37149083179897435
4380,0.2172131218686367,0.0021153809668607174,0.4095681918770472,0.3711033052874554
4381,0.21681129812242822,0.002095518914679719,0.4094125126284891,0.371680670334403
4382,0.21686778579947935,0.0020967662510487225,0.40858309948273036,0.3724523484667415
4383,0.21673145258224608,0.0020972999192287382,0.4082896478581854,0.37288159964033984
4384,0.21633639702788482,0.0021159111904092837,0.4079555500351715,0.3735921417465345
4385,0.21666887832691492,0.0020868825557611315,0.40768287037090695,0.373561368746417
4386,0.21669126310232661,0.002063559266544311,0.4076356497223782,0.3736095279087509
4387,0.2168554482752493,0.0020826525849206214,0.4071170202175048,0.3739448789223253
4388,0.21664006932778662,0.0021412670747168626,0.40725905789197137,0.373959605705525
4389,0.21681001158914048,0.0021596717533464726,0.40707987173881827,0.3739504449186947
4390,0.21643545727658595,0.002207502685767527,0.4073827747144795,0.3739742653231671
4391,0.21653307318958032,0.002196664592361539,0.40701054082266436,0.3742597213953939
4392,0.21616621334921407,0.0022056012508500367,0.4077981531987607,0.37383003220117517
4393,0.21622533331382346,0.0022499358817164227,0.40803912358686717,0.3734856072175929
4394,0.21594240561878814,0.0022633130614525265,0.4077717238616052,0.3740225574581541
4395,0.21612752329986815,0.0022917156829188284,0.40754037307196106,0.37404038794525185
4396,0.21612872755939713,0.002257422716640022,0.40780263563833835,0.3738112140856245
4397,0.21598680398014242,0.0022260635347738206,0.40798368300991505,0.3738034494751687
4398,0.21563949385690387,0.0022567985093096205,0.4083345210646459,0.37376918656914065
4399,0.21571683216612011,0.0022131728546375723,0.40812464051205993,0.37394535446718236
4400,0.21516607906483992,0.0022985361363914436,0.4087892587554829,0.37374612604328566
4401,0.21530944066884242,0.0022613326539650436,0.408867114048593,0.37356211262859945
4402,0.21496581819477859,0.0022593085369589,0.4083350942836608,0.37443977898460173
4403,0.21511305567943806,0.0022785394344352838,0.40858333707751104,0.37402506780861555
4404,0.21514408164748028,0.002251609740096053,0.40887443390604916,0.37372987470637453
4405,0.2149620808887142,0.0022317268996820743,0.4085668306202086,0.3742393615913951
4406,0.2148848806460983,0.0022555428583077393,0.4087883489850803,0.37407122751051364
4407,0.21494221413034786,0.002237778816984813,0.40854408709730106,0.37427591995536624
4408,0.21507114021821297,0.002242263206248203,0.40873805417454656,0.3739485424009922
4409,0.21525876033374813,0.0022417942536992106,0.408630557820118,0.37386888759243475
4410,0.21555508704940443,0.00222183146128565,0.4079983944885888,0.3742246870007211
4411,0.2153705968933381,0.0022011954920820942,0.4077628316839349,0.37466537593064486
4412,0.21547284857347843,0.0022374715957990017,0.4074653629702468,0.3748243168604758
4413,0.2152051172446304,0.002226025599637206,0.4072214409402547,0.37534741621547774
4414,0.21522162310976278,0.0022531455247334813,0.4067167257404381,0.3758085056250656
4415,0.21539287692634837,0.002230194822100437,0.4070330322248437,0.3753438960267076
4416,0.21538330662376626,0.0022201166414961013,0.4067676005860449,0.37562897614869284
4417,0.21540566404284026,0.0022688456736265584,0.4067622503561098,0.37556323992742346
4418,0.2157926036808994,0.0023132079627830584,0.40601071566811775,0.37588347268819977
4419,0.21568609297944857,0.0023400818578236046,0.4063916997023985,0.37558212546032943
4420,0.21556177333432247,0.0023431673016246395,0.4060156318929751,0.3760794274710778
4421,0.21532744387988964,0.002360386427361808,0.4055527205462771,0.3767594491464714
4422,0.215554292543278,0.0024037158793888927,0.40557037963349485,0.3764716119438382
4423,0.21591371303689616,0.002390327309214408,0.40535565161119325,0.37634030804269625
4424,0.2159731425799667,0.002436789575137555,0.40562705693546414,0.3759630109094316
4425,0.21599889799221925,0.0024039873014149527,0.4058222885697516,0.37577482613661417
4426,0.21593119857788307,0.0024228244971579707,0.40583905859737923,0.3758069183275798
4427,0.21595899703632448,0.0024236528294041748,0.40568715011565704,0.37593020001861416
4428,0.21564575049944684,0.002385343061746633,0.40533611664739955,0.37663278979140696
4429,0.21554034726382523,0.002405083693992757,0.4056292129106197,0.37642535613156236
4430,0.2154657186479207,0.002422638948498152,0.40556141833273474,0.37655022407084654
4431,0.21529813550838023,0.002499747321723001,0.40574751850155144,0.3764545986683453
4432,0.2155593772016962,0.0024892024641941382,0.40544041225765975,0.3765110080764499
4433,0.21541355049580374,0.0024772004524644805,0.4050610034621901,0.37704824558954175
4434,0.2153813463573607,0.0024983939780117946,0.4050379337090469,0.3770823259555806
4435,0.21582144072544004,0.002517638616776328,0.40493141190868454,0.3767295087490991
4436,0.215666560993083,0.0025709525055348905,0.4053928272828077,0.37636965921857446
4437,0.21579077494706017,0.0025739235524210413,0.405312677308313,0.3763226241922058
4438,0.21577384596539032,0.002537980742042706,0.4052786420050557,0.37640953128751126
4439,0.21530040728239222,0.0025446046481907123,0.40606629471891126,0.37608869335050576
4440,0.21545478793527456,0.0025903404107537565,0.4055811064494693,0.3763737652045024
4441,0.21565559290533076,0.0026332758059333175,0.40557671562420283,0.3761344156645331
4442,0.21596895603480562,0.0026584284582165667,0.40498191264218464,0.37639070286479326
4443,0.21603715750224767,0.0026058054351883525,0.40466249520803743,0.3766945418545266
4444,0.21599573562294555,0.002612058756607808,0.4041811798684555,0.37721102575199106
4445,0.21606350191877324,0.002590934488769548,0.4040090056795519,0.3773365579129053
4446,0.21589481344516903,0.0025689722235406084,0.404355298171479,0.37718091615981136
4447,0.2156437698464889,0.0025326594730197497,0.40442015232543715,0.37740341835505425
4448,0.2154245310345059,0.0025616399942096297,0.404438866818975,0.37757496215230935
4449,0.21548850595213795,0.0025316790247688643,0.40458407460155704,0.3773957404215361
4450,0.21516722857349097,0.0025088364438965536,0.40420571735551086,0.37811821762710157
4451,0.2151841967407237,0.0024845438250759755,0.4041537678598778,0.37817749157432257
4452,0.2153963437093534,0.0024951053739927028,0.4040335166347428,0.37807503428191114
4453,0.21550221682620566,0.0025065380832142554,0.4042832865070783,0.37770795858350176
4454,0.21527143037795535,0.002501385353200114,0.404456834056034,0.3777703502128106
4455,0.21490539990130358,0.002531460866199831,0.4042814852075747,0.378281654024922
4456,0.21531751892559697,0.0025319287022080835,0.4043087943636309,0.3778417580085641
4457,0.21527380736099175,0.0025941141527885563,0.4046736848109673,0.37745839367525236
4458,0.21523393444746647,0.00261135238132883,0.40445675946543086,0.37769795370577375
4459,0.21515661900322042,0.0026304828109543314,0.40433709270810547,0.37787580547771976
4460,0.2146295902731723,0.002568952936719567,0.4047074707202348,0.3780939860698734
4461,0.21472069000619326,0.0025674097245756066,0.40519331955512794,0.37751858071410316
4462,0.21518234006408746,0.002580812443390151,0.405184578211626,0.37705226928089636
4463,0.21481489604546938,0.0025460286938605125,0.40567712401104883,0.37696195124962134
4464,0.21444756386985472,0.0025495605350687074,0.40539529213091496,0.3776075834641615
4465,0.21486654356833096,0.0025449581978190133,0.4048198878843793,0.3777686103494707
4466,0.21511566052680572,0.0025219914317439465,0.4051077514011072,0.37725459664034305
4467,0.21482066095598323,0.002606694895121403,0.4050649695473263,0.37750767460156903
4468,0.21493271099308617,0.0025974329960784842,0.4049543433734545,0.37751551263738087
4469,0.21524906543179156,0.0025791105705262286,0.4046456448577249,0.3775261791399573
4470,0.21538189222857168,0.0025796397989385975,0.40382429371979206,0.3782141742526976
4471,0.2153807531714446,0.00259871216680163,0.40367999328575754,0.37834054137599626
4472,0.21611974206569987,0.002584049592302086,0.40315278996672194,0.3781434183752761
4473,0.21620172478777605,0.0026097195203242463,0.40249613537561657,0.37869242031628314
4474,0.21656969066321663,0.002618068856828032,0.4022395810379928,0.37857265944196256
4475,0.21662046564383922,0.002571069576339609,0.40223088130697765,0.37857758347284354
4476,0.2163638746664447,0.0025189025960753045,0.4035877908746854,0.3775294318627947
4477,0.2163676983141943,0.0025645354582361788,0.40286508706219265,0.3782026791653769
4478,0.21660128401614478,0.0025500426577594135,0.4021929554079839,0.37865571791811187
4479,0.21682986461869316,0.002514348515982979,0.4020916009623218,0.37856418590300206
4480,0.21638836793541688,0.00250834786494334,0.40234680277444407,0.3787564814251957
4481,0.21613903458214426,0.0025502829331263415,0.4024927104201659,0.37881797206456347
4482,0.21613893706464687,0.002567459300846029,0.4022288682388483,0.37906473539565877
4483,0.2162468021450057,0.0025541158463098547,0.40285822916620573,0.3783408528424788
4484,0.21597899190640718,0.002507194676931405,0.4033980267204888,0.37811578669617263
4485,0.21577655815234578,0.0024822005416961024,0.40387749870288914,0.3778637426030689
4486,0.21587926836937132,0.002495272105799416,0.40337816505967783,0.37824729446515143
4487,0.21587147768970283,0.002469744148827467,0.4038397268583423,0.3778190513031274
4488,0.2163412821291578,0.002486592842824075,0.4033518563107911,0.37782026871722696
4489,0.2166768824196474,0.002461911666411713,0.40342705583622707,0.37743415007771397
4490,0.21686050900677784,0.002457411826089951,0.4030010340584331,0.37768104510869904
4491,0.21741930526319453,0.002543912607802423,0.4021642540954053,0.37787252803359783
4492,0.21732017172729812,0.0025169262886438606,0.40253205496939853,0.3776308470146595
4493,0.21749862571319217,0.0025532131061821004,0.4026318375290239,0.3773163236516018
4494,0.2175044478026388,0.0025609378650015844,0.4029090510338701,0.3770255632984896
4495,0.21716716075817058,0.0024606899150942897,0.40304185998821157,0.37733028933852353
4496,0.21714169230859529,0.002395281029427113,0.4031088825320513,0.3773541441299263
4497,0.21761269088025256,0.0024233721025604693,0.4021548784015098,0.37780905861567715
4498,0.2173810609636814,0.0023757938634726204,0.40179688655523715,0.37844625861760883
4499,0.2174255041138194,0.0023612381598620523,0.40203963283495947,0.3781736248913591
4500,0.2178358869396015,0.0023547459382222964,0.40179400688675926,0.37801536023541693
4501,0.21769628494029397,0.002353079699024276,0.4023008726580051,0.3776497627026766
4502,0.2178383744826376,0.002359519427435683,0.4029203857056551,0.3768817203842716
4503,0.21752634518871355,0.0023690283447256335,0.4018409350911787,0.3782636913753822
4504,0.21729596678193683,0.002391441944037523,0.4017505838475649,0.37856200742646084
4505,0.21738722622653564,0.0023852668005732236,0.4019604648742483,0.3782670420986428
4506,0.2174721908064418,0.0024186368754894926,0.40188531340734635,0.3782238589107222
4507,0.2173356300313713,0.0024338576967711727,0.40235862947862844,0.37787188279322903
4508,0.21782867588616997,0.002467122045254312,0.4019646036028523,0.37773959846572347
4509,0.217449984767106,0.002462417824190491,0.40228052461996233,0.37780707278874126
4510,0.21739306436367506,0.0024380220404270248,0.401821295298913,0.37834761829698504
4511,0.21723273484441305,0.002429833782571121,0.401754872906731,0.37858255846628486
4512,0.21712901645826127,0.0024062182734775283,0.4021082420904504,0.3783565231778108
4513,0.21725179960779087,0.0024157594480703486,0.4022803585381564,0.3780520824059823
4514,0.21742310982569943,0.002428744328792892,0.4023001313136391,0.37784801453186845
4515,0.21742260562046994,0.0024208364091362925,0.4019555362153236,0.37820102175507014
4516,0.21719898540710308,0.002457588508105768,0.40192438466055175,0.3784190414242393
4517,0.2173190695230475,0.0024437564576024018,0.40153426426219774,0.3787029097571524
4518,0.21734367899581747,0.0024208701893513995,0.4018151840301651,0.378420266784666
4519,0.21758328854666353,0.002465193614208666,0.4022014009197238,0.37775011691940397
4520,0.2177289432355402,0.002481807117868951,0.4016345615231606,0.37815468812343017
4521,0.21770073000062368,0.002450983436356778,0.4016090235376038,0.3782392630254157
4522,0.2179199989353068,0.002400689636567509,0.4014201812051791,0.3782591302229465
4523,0.21775170312039843,0.0023797559232475647,0.4010448009010208,0.37882374005533326
4524,0.2173438517058564,0.002392999617333959,0.4014137766455372,0.37884937203127256
4525,0.2176031706825834,0.0024178780865346814,0.4004952762196516,0.37948367501123037
4526,0.21719350668768378,0.0023797810568548577,0.4008397727037794,0.379586939551682
4527,0.21716919838782597,0.0023748917052512494,0.4009157968566345,0.37954011305028823
4528,0.2168547021683004,0.0023349878758037994,0.4012205073126732,0.37958980264322256
4529,0.21709318599809696,0.002383093447697568,0.40146017860855754,0.37906354194564795
4530,0.21699590925406786,0.0023689493476543423,0.4012957649184756,0.37933937647980226
4531,0.21665971046984933,0.0024099992227700076,0.4013652946883042,0.3795649956190764
4532,0.2170390755755069,0.002411571799503455,0.4007695487151893,0.3797798039098003
4533,0.21723995493346684,0.0024644583542337297,0.40065421143138913,0.37964137528091035
4534,0.21692647701375706,0.002443397960090848,0.4016729729224832,0.37895715210366887
4535,0.21713514802285058,0.002452518531816803,0.4014311127990249,0.3789812206463078
4536,0.21716493515153487,0.002485294257382431,0.4010129516619737,0.3793368189291088
4537,0.21747766628939647,0.0024384698163174767,0.40127099982305925,0.3788128640712268
4538,0.21715460349654037,0.0024549838079131205,0.40146416837661014,0.3789262443189364
4539,0.21721760105751126,0.002421251817486728,0.4008639945147404,0.3794971526102615
4540,0.2167087502611352,0.002460002360736232,0.4009371198014489,0.37989412757667956
4541,0.21691464334756136,0.0025046830939539854,0.40080247212343584,0.37977820143504887
4542,0.21681664423584243,0.0024506517332172437,0.40098991502281167,0.3797427890081287
4543,0.21735810695396526,0.0024823698349074183,0.4000507998845083,0.3801087233266191
4544,0.2172830611765962,0.0024776442440766133,0.39973282172300084,0.3805064728563263
4545,0.21728684432834128,0.0024746177863839906,0.4001913433805351,0.38004719450473956
4546,0.21724151906441264,0.0024680136480245774,0.4001732113866865,0.38011725590087636
4547,0.21710976926713235,0.0025070736671619826,0.4003310480735117,0.3800521089921939
4548,0.2167850326655739,0.002556530324437707,0.4001483454430771,0.3805100915669113
4549,0.21695985645714408,0.00262174691768408,0.40041980702907515,0.37999858959609667
4550,0.21671169978645116,0.002642807088607555,0.4007338531509414,0.3799116399739999
4551,0.2166374585839244,0.002671530927241109,0.40076737084746983,0.3799236396413647
4552,0.21682085829450334,0.002683972104481895,0.40014347268019684,0.38035169692081783
4553,0.21684260241376782,0.002701593400843597,0.4002008912548514,0.3802549129305371
4554,0.21624881678517022,0.0027332919958019362,0.40077114826740745,0.3802467429516204
4555,0.21616673292615066,0.002727881941867678,0.4009621457795425,0.3801432393524392
4556,0.21608538674078526,0.0027467168540501984,0.4007121003670669,0.3804557960380977
4557,0.21601681197471567,0.002756945984113341,0.40103455077599,0.380191691265181
4558,0.21604605909156654,0.0027843210937798205,0.40051038582947046,0.3806592339851832
4559,0.2162235348929884,0.0027574488572349536,0.40079347569215606,0.3802255405576206
4560,0.2165573146202119,0.0027825132376617994,0.4004190668669462,0.3802411052751802
4561,0.21651374645777963,0.0027732277415497865,0.4002414921896363,0.3804715336110343
4562,0.21683850468240617,0.0027956403304343486,0.4000583333047856,0.380307521682374
4563,0.21669471181599215,0.0027827109501832362,0.40034338199490704,0.38017919523891763
4564,0.21649293624685723,0.002770459226692042,0.4008419803612897,0.37989462416516095
4565,0.2167741900011852,0.002744935782565722,0.40114588571512433,0.3793349885011247
4566,0.21662946834742436,0.0026896469584731077,0.4017068188992895,0.37897406579481296
4567,0.21635010360676027,0.002708166833765158,0.4013801783145981,0.3795615512448765
4568,0.21650792329640395,0.002709520161405864,0.4018115615162892,0.3789709950259009
4569,0.21629011829371675,0.002691980579850583,0.4013944559432446,0.37962344518318814
4570,0.21643055645863596,0.002713009366257711,0.40092396307983114,0.3799324710952752
4571,0.21654072181677747,0.0027028208087524997,0.4008902699462785,0.37986618742819145
4572,0.21636538444392311,0.002656865240148247,0.40109925960848597,0.37987849070744273
4573,0.21601106991358096,0.002596967753734192,0.40154894142122366,0.3798430209114612
4574,0.21560386222491043,0.0026033526592198998,0.4015331867849655,0.38025959833090406
4575,0.21549145074493242,0.002596605401315804,0.40096878081720977,0.38094316303654213
4576,0.21570396333228162,0.0026314225449625855,0.4007296370720879,0.380934977050668
4577,0.2160866280299408,0.002620788015910043,0.401175814973641,0.38011676898050817
4578,0.21625024921570918,0.0026551473899282425,0.4009402999075605,0.38015430348680207
4579,0.2164001409224733,0.0026530725583325176,0.4008814817209184,0.38006530479827577
4580,0.21635487863935648,0.002653727768869401,0.40031661020576353,0.3806747833860106
4581,0.21662385882563323,0.0026305242192335423,0.40049093577900774,0.3802546811761256
4582,0.21666300486159953,0.0026836429129213175,0.4003461250697872,0.3803072271556919
4583,0.21664119761618195,0.0026633645537567172,0.4003891962512645,0.38030624157879683
4584,0.21642774667901973,0.002617171037268022,0.4001006555962204,0.3808544266874918
4585,0.21639838010559287,0.002584650347078035,0.39999842769070987,0.38101854185661926
4586,0.21656745072912295,0.002612276707581164,0.3996408694921284,0.3811794030711675
4587,0.21641633117496578,0.0026326298066389454,0.39952429936851946,0.3814267396498758
4588,0.21671217205191012,0.002669578771846855,0.39974733751833014,0.38087091165791287
4589,0.21672548303713915,0.0026567495314996944,0.39919244706287565,0.3814253203684855
4590,0.2165807280917366,0.002657428073519607,0.39903908975468994,0.38172275408005385
4591,0.21676775493808548,0.0026109831332433815,0.39903424214336713,0.381587019785304
4592,0.21706217186991522,0.002577833737859723,0.39960252620506065,0.3807574681871645
4593,0.21740270809670065,0.0026112883053390538,0.399851285213765,0.38013471838419527
4594,0.2174489136144171,0.0026180829064148046,0.3995481746810723,0.3803848287980959
4595,0.21748196246514886,0.002598936477670159,0.3992965245896123,0.3806225764675687
4596,0.21795712914198023,0.0026032697178880806,0.39915599007025315,0.3802836110698785
4597,0.2179648298969869,0.0026668481999889125,0.398506615394857,0.38086170650816703
4598,0.21814999618227135,0.002681170022651228,0.3979409178252119,0.38122791596986544
4599,0.21781353226140582,0.0026776465206856536,0.3980997573828139,0.38140906383509465
4600,0.21766657367427894,0.0026886429959079227,0.398191306999072,0.3814534763307412
4601,0.2176030878295668,0.0027210249540785677,0.3971557229487444,0.38252016426761026
4602,0.21753022031487887,0.0027065883013979554,0.3969495338612177,0.38281365752250546
4603,0.21713664552447426,0.0027447257178827614,0.3973529937559412,0.3827656350017019
4604,0.2169899642419572,0.0027416518021808633,0.397111945602065,0.383156438353797
4605,0.2171691792698983,0.002749175906335505,0.39682315582724026,0.3832584889965259
4606,0.21721993300098266,0.0027615035385859417,0.39654113539695907,0.38347742806347235
4607,0.21757087902404834,0.0027196042041973743,0.39637560649800124,0.383333910273753
4608,0.21772204484199592,0.0026898790107715218,0.3958804949455419,0.38370758120169063
4609,0.21713085937062507,0.0027015842925500475,0.3960939747955734,0.38407358154125154
4610,0.2172794409475288,0.0027267515284954014,0.3963702683886163,0.3836235391353595
4611,0.2175102256605316,0.0027187867483492293,0.39644037852926284,0.38333060906185634
4612,0.21776696113408667,0.002668707216986214,0.3961120949171596,0.3834522367317676
4613,0.21744204978124296,0.0026123984580680333,0.39607531664710904,0.3838702351135799
4614,0.21721257059259863,0.0025780654613382207,0.3958188961795921,0.384390467766471
4615,0.21724778841616668,0.0025989544668587284,0.3963893307159241,0.3837639264010505
4616,0.21748316739666382,0.0026083820328377033,0.39570203201409043,0.3842064185564079
4617,0.21698463826465836,0.00259500311308795,0.396169992087236,0.38425036653501765
4618,0.21735013251961535,0.0025903807784239423,0.3957972454461437,0.38426224125581687
4619,0.21735491984695007,0.002598708507012364,0.39560740501056674,0.3844389666354709
4620,0.21709643161063719,0.0025882481229541378,0.39550654682695846,0.3848087734394502
4621,0.21669109116742105,0.002569122407124717,0.39555825449831783,0.38518153192713644
4622,0.21646565878651955,0.0025849986151776955,0.39568682490464324,0.3852625176936595
4623,0.2165393426249202,0.002606782824188087,0.3952657362639871,0.38558813828690464
4624,0.21625737440941153,0.002578768252594254,0.3954822900430254,0.3856815672949688
4625,0.2164298258110727,0.0025449820292966587,0.39514142656710927,0.38588376559252136
4626,0.21659638414873977,0.0026196179213538316,0.39577287485221796,0.38501112307768837
4627,0.2165503727549538,0.0026144492410661558,0.395477600804344,0.3853575771996359
4628,0.2165132466358187,0.002593217686406148,0.3951982707111919,0.3856952649665833
4629,0.2166925521086565,0.0025737331084889096,0.3952926398649384,0.38544107491791624
4630,0.2168002973313384,0.0026007130778726755,0.39496609555502876,0.3856328940357602
4631,0.21679399516315795,0.00258147392356915,0.3954193857091458,0.3852051452041271
4632,0.21679502174212106,0.0025553599559453486,0.395704419566162,0.3849451987357716
4633,0.2163700046019749,0.002559012145187474,0.3960204160906916,0.3850505671621461
4634,0.2165274146112785,0.0026051892230633334,0.3963203050445709,0.38454709112108737
4635,0.21642979003926435,0.0026225439398108456,0.39708836446711365,0.38385930155381115
4636,0.21654238150855729,0.002635248396585756,0.3976188853351629,0.3832034847596941
4637,0.21626982123050342,0.0026869499353097156,0.39810195659902997,0.3829412722351569
4638,0.2156815867908136,0.0027218179536754165,0.3983621065644446,0.3832344886910664
4639,0.21571785506146018,0.0027229356139140855,0.3977035779767658,0.38385563134786
4640,0.21567338202034048,0.0027604239374248904,0.39723701686576496,0.38432917717646975
4641,0.21555359885854558,0.0026716685508704464,0.3975032536074294,0.3842714789831546
4642,0.2150341888784313,0.0027106552236993006,0.39763724512714577,0.3846179107707237
4643,0.2149678725717286,0.0027070503401937424,0.39706526972837003,0.38525980735970755
4644,0.215388819568002,0.0027043933291044965,0.3964173161375625,0.3854894709653311
4645,0.21551440540587213,0.002702787552059639,0.39603325782088794,0.38574954922118027
4646,0.21537741119963982,0.0027332426895264298,0.3961277708160523,0.3857615752947814
4647,0.21541229724568572,0.002744551861827616,0.3961877355085209,0.38565541538396575
4648,0.2154968982591047,0.00273848935464294,0.3962304216928515,0.38553419069340084
4649,0.21527325670003578,0.0027009595108580878,0.3963927393956109,0.38563304439349516
4650,0.2149614299350408,0.002700339429776919,0.39673203750583075,0.3856061931293515
4651,0.2146640237402721,0.002703839077615449,0.3967609272890698,0.38587120989304263
4652,0.2145847212874326,0.002683223603431158,0.39713518478770055,0.38559687032143575
4653,0.21417612273735437,0.0026589827122354957,0.3971085237322428,0.38605637081816735
4654,0.21433245446561636,0.002676674719208474,0.39669829031126025,0.38629258050391485
4655,0.21397564935385738,0.0026122815231526884,0.39652338216636646,0.3868886869566235
4656,0.21443834381453533,0.002624351148758122,0.3969006982792842,0.38603660675742235
4657,0.21442503364634558,0.002597362376317261,0.39749159601761486,0.38548600795972227
4658,0.2143539004882533,0.0026152063391646843,0.39724135988972126,0.38578953328286075
4659,0.21439306558890042,0.002577046154955048,0.3971244812192574,0.3859054070368871
4660,0.21438801426534596,0.002535978057040361,0.3962957484312577,0.386780259246356
4661,0.21423075037527584,0.002547331821193398,0.3961266576059685,0.3870952601975622
4662,0.21383017107069408,0.0025643345415220335,0.3963150124872751,0.38729048190050885
4663,0.21398992554255264,0.0025671530313281883,0.39657938116650404,0.3868635402596151
4664,0.2140710547387094,0.0025423008336618686,0.3962911207768185,0.38709552365081035
4665,0.2140881670674092,0.0024975029334095545,0.3968970641925795,0.38651726580660173
4666,0.21362367409358676,0.0024927158827265086,0.3968417490282573,0.38704186099542937
4667,0.21347473306565487,0.002493551524883938,0.3967415210397867,0.38729019436967455
4668,0.21340458471534923,0.002527438309175499,0.39700041497377886,0.38706756200169645
4669,0.2132854713297748,0.0025201241847912694,0.3967534473446775,0.38744095714075644
4670,0.21352965785608963,0.002536278739904119,0.39690401442164064,0.3870300489823656
4671,0.21359287985483713,0.0025210595645557255,0.3963508544122051,0.38753520616840204
4672,0.21380616820502335,0.002468941236626479,0.39726076976341407,0.3864641207949361
4673,0.21423681832752237,0.0025227032963819986,0.3968879191831251,0.38635255919297046
4674,0.21402180428702464,0.0025607303018255713,0.39709704853599037,0.3863204168751594
4675,0.21415035287459316,0.0025201956005762704,0.39656886518326173,0.38676058634156885
4676,0.21394217931019183,0.0025269382206751004,0.39696131275546304,0.38656956971367007
4677,0.21413365841024437,0.0024921475638116533,0.3967279814322558,0.38664621259368825
4678,0.21430483443233955,0.0025133538205777744,0.39661992999791346,0.3865618817491692
4679,0.21453018691235584,0.0025064216824636104,0.3964208827525003,0.38654250865268025
4680,0.2140405706529918,0.0025191721444042443,0.3970770775907545,0.38636317961184946
4681,0.21365041716276859,0.002448494212328181,0.3964826008021395,0.38741848782276384
4682,0.21325773669429204,0.002428662497580016,0.39699782167277,0.3873157791353579
4683,0.21327134611167842,0.002438477158171063,0.3973232510270406,0.3869669257031099
4684,0.21290168653283761,0.002452110423588564,0.3981882340897831,0.3864579689537908
4685,0.21263628484187552,0.002459997347082683,0.39784849793468363,0.38705521987635827
4686,0.21268998550048357,0.0024623731166160366,0.39762298612401276,0.3872246552588876
4687,0.21256930215415956,0.0024894454154762526,0.3972945900535787,0.38764666237678547
4688,0.21274659345773875,0.002483757548885063,0.3968998730032837,0.38786977599009254
4689,0.2126800093061144,0.002490560519575003,0.39685930033285016,0.3879701298414604
4690,0.21268165463201183,0.0025238783693106387,0.39648012961390694,0.38831433738477067
4691,0.2126022195862911,0.002500079300671839,0.39641146043197495,0.3884862406810622
4692,0.21238068200799445,0.0025064869180369273,0.3963980855784454,0.3887147454955232
4693,0.2122859756778694,0.00249766479317646,0.3964940427750626,0.38872231675389163
4694,0.2123748501864992,0.0024682223278622334,0.3968937845050606,0.38826314298057796
4695,0.21208824078056762,0.0024875564019221676,0.3970997173027231,0.38832448551478704
4696,0.21172637290262872,0.002499752278073196,0.3965295873665191,0.38924428745277895
4697,0.21127256129736072,0.002474232387484318,0.3972434052621526,0.38900980105300237
4698,0.21077558398474214,0.002444490500495556,0.39786246576209666,0.3889174597526656
4699,0.21044676551065694,0.002448657272308676,0.3975581929749765,0.38954638424205784
4700,0.2106932666855655,0.0024428007700260535,0.3974118606392973,0.38945207190511116
4701,0.21047370529413006,0.0024601222028576334,0.39697084227104346,0.39009533023196885
4702,0.21003510642541934,0.0025076063040294486,0.3968620888556037,0.39059519841494755
4703,0.2100758813838058,0.002479288667635493,0.3969524004954705,0.3904924294530882
4704,0.2104072741753073,0.0024512744544150688,0.39707236122524886,0.3900690901450288
4705,0.21021880446443228,0.002447942432932659,0.3976337640106733,0.3896994890919617
4706,0.20989173410478107,0.00252971162660482,0.39769393039654294,0.3898846238720711
4707,0.20964071156605152,0.002583467060933638,0.39802178744633016,0.3897540339266846
4708,0.20986606041810196,0.0025814044057394536,0.3983929835588228,0.38915955161733573
4709,0.2097539134147933,0.0025423139146402464,0.3993197642149776,0.3883840084555888
4710,0.2098157602762536,0.0025678184811523436,0.3990564605052834,0.38855996073731064
4711,0.20975356922182628,0.002625896511677062,0.39884501082025353,0.38877552344624317
4712,0.20944550910928722,0.0026103878813567086,0.39943212997640937,0.38851197303294666
4713,0.20905567656295262,0.002657704793491129,0.3992788907716453,0.38900772787191096
4714,0.20912592428872415,0.0026527529195649094,0.39960080810916454,0.3886205146825463
4715,0.20909610779508297,0.002647080648647591,0.3994656193356505,0.388791192220619
4716,0.20928489633993191,0.002684105264420919,0.39963627877968244,0.3883947196159648
4717,0.2094501369895811,0.0027373290340586475,0.39964279472735986,0.38816973924900033
4718,0.20967762924421418,0.002719790321509277,0.39991342912180683,0.38768915131246967
4719,0.20950281865371387,0.002750307936213859,0.40042572713475766,0.38732114627531466
4720,0.20932160611512227,0.0027709944858464834,0.4000714689247368,0.38783593047429454
4721,0.2091191435771583,0.0027270362548922223,0.3996527723763932,0.38850104779155625
4722,0.2089466221995131,0.0026795064473530772,0.39927953020527623,0.3890943411478575
4723,0.2086955789802584,0.0026722720737686334,0.39924812033484836,0.38938402861112464
4724,0.20827879536423916,0.00267755364131527,0.3995295869072396,0.389514064087206
4725,0.20794750103130633,0.002702026357716283,0.39959622105891507,0.38975425155206234
4726,0.20782680461909092,0.0026430461350664463,0.4002558181916488,0.38927433105419385
4727,0.20787180996428875,0.0025812850733090823,0.40011590502228883,0.38943099994011326
4728,0.20791113823962215,0.0025623942116258453,0.4009583911402076,0.3885680764085445
4729,0.20808454194914966,0.0025702594649140735,0.40065586783883705,0.3886893307470992
4730,0.20813996966913578,0.0025329037588686385,0.400823277745618,0.3885038488263776
4731,0.20766297079238843,0.0025519248770346746,0.4010186427496068,0.38876646158097
4732,0.2074583161046784,0.002474371710823245,0.40134566997525634,0.38872164220924194
4733,0.20761039208430207,0.002507466004063816,0.4014550589196135,0.38842708299202056
4734,0.20761721609306502,0.0024633919614556036,0.4014868393663679,0.38843255257911147
4735,0.2076898232353634,0.002512986339162919,0.4016399689595107,0.388157221465963
4736,0.20756387166369533,0.0025702185186554484,0.40150328246829686,0.38836262734935234
4737,0.20770407184718614,0.0025686113392121225,0.4015026808816572,0.38822463593194456
4738,0.20785447862713072,0.002553575460078227,0.4012521219796814,0.3883398239331097
4739,0.2076671075224083,0.002567157895388676,0.4008438707773735,0.3889218638048296
4740,0.20780167739078603,0.0025520474822344585,0.40077946545333776,0.38886680967364173
4741,0.2077914824761705,0.00257754695977236,0.4010703485021785,0.3885606220618786
4742,0.2075987564857619,0.0025695045493810548,0.4012269410362963,0.3886047979285607
4743,0.20740656963326204,0.00257451504684486,0.4015240718298984,0.38849484348999463
4744,0.20746647747223376,0.0025873085761645466,0.40200811835372097,0.38793809559788067
4745,0.20716816363739535,0.002605761639084701,0.40230584782545026,0.38792022689806976
4746,0.20747086484230176,0.0025925101688089405,0.40143320462079607,0.38850342036809316
4747,0.20733560422952793,0.00260571573221364,0.4014668225063386,0.3885918575319199
4748,0.20708064959056074,0.0025560113122931223,0.4016675113842326,0.38869582771291356
4749,0.2069196060488506,0.002462789575099882,0.4016872287772261,0.3889303755988234
4750,0.20708309953752663,0.0025291108407480114,0.4019807956400598,0.38840699398166556
4751,0.20720232969371227,0.0025423100711900143,0.4016008726368067,0.3886544875982911
4752,0.20706393216513125,0.002560270980201437,0.40119416808273056,0.38918162877193685
4753,0.20652118334271524,0.0025668541570056237,0.40179493538131383,0.3891170271189653
4754,0.20657474898239192,0.002548012734554032,0.402391050360802,0.38848618792225215
4755,0.2062947786005982,0.002551747456143611,0.40253732530485903,0.3886161486383992
4756,0.2062688924926101,0.0025733417761411893,0.4024223406141806,0.38873542511706816
4757,0.20668242294337286,0.0025138469984618663,0.4019021862744817,0.38890154378368347
4758,0.20640182268716667,0.0025349572795700945,0.40154119368902147,0.3895220263442418
4759,0.2062544066715289,0.002561091618129824,0.4016559571274592,0.3895285445828821
4760,0.2058571512753106,0.0025407504920475616,0.402114573155575,0.38948752507706697
4761,0.20538076210563583,0.0025739796739389672,0.40275674965187686,0.3892885085685483
4762,0.20577233307086154,0.0025901652845654937,0.40218226466068885,0.3894552369838841
4763,0.2059155663235293,0.0026201093044762942,0.4025794548752188,0.3888848694967756
4764,0.20572650883824103,0.0026070241764253204,0.40332762399083427,0.38833884299449933
4765,0.2057221710625005,0.0025811105372306204,0.40354120361610873,0.38815551478416016
4766,0.20567617047351466,0.002566445663825526,0.4040163445825285,0.3877410392801313
4767,0.20566871272787365,0.0026144130361116535,0.4038744278823062,0.3878424463537085
4768,0.20529229263412666,0.002596936860498062,0.40458878657164454,0.3875219839337306
4769,0.20514699757435167,0.002638983767737444,0.4042919963233437,0.38792202233456713
4770,0.20528431801248476,0.0026038338384355595,0.40444152321317367,0.387670324935906
4771,0.2053406445806293,0.0026513302965063077,0.40441871186512446,0.38758931325773993
4772,0.20532442812656684,0.0026452335894748633,0.4047132671370471,0.3873170711469113
4773,0.20568493180512895,0.002619996393777104,0.40461839747154216,0.38707667432955184
4774,0.20560818141899836,0.0026238592794432893,0.404008878515978,0.38775908078558036
4775,0.20592239510054702,0.0026575997230910585,0.40375205612865683,0.38766794904770513
4776,0.20569172266894697,0.002629702456971125,0.4035987988239368,0.38807977605014515
4777,0.20557377222577475,0.0025577436028463214,0.4039291531711068,0.38793933100027217
4778,0.2057846902427604,0.002571151176257114,0.40342899666233434,0.38821516191864813
4779,0.205704527394395,0.002523053310099036,0.40399290862572385,0.3877795106697821
4780,0.2056569517573173,0.002615143296730381,0.40413019790651294,0.3875977070394394
4781,0.20571463426168757,0.0026104931607816273,0.4035957230544537,0.3880791495230771
4782,0.20572544542844917,0.00264828068416969,0.40375815948219496,0.38786811440518615
4783,0.20533728531653694,0.002649423501419556,0.4044495032747551,0.3875637879072885
4784,0.20560588940400262,0.002604417131870807,0.40473753404532464,0.387052159418802
4785,0.20569153094911935,0.0025970627490511707,0.40440269103566884,0.38730871526616056
4786,0.2056151053103131,0.002585284310587085,0.40477469629157203,0.3870249140875277
4787,0.20556310305293413,0.0025956150343931323,0.40388209430468347,0.3879591876079894
4788,0.2058151460372116,0.002597000081390896,0.4041917706449186,0.38739608323647895
4789,0.20598937538452405,0.0025356366255464917,0.40398284611973245,0.387492141870197
4790,0.2055861630524023,0.0025193671393429354,0.4041206029361949,0.3877738668720599
4791,0.2057093587675801,0.0025288284429522668,0.40448161885579914,0.38728019393366847
4792,0.20572508866274736,0.0025244952394850636,0.40480984456092156,0.386940571536846
4793,0.20574011508065165,0.002522938201050426,0.40401382447941775,0.38772312223888017
4794,0.20552579140704735,0.0024836885798501795,0.403533545983257,0.3884569740298454
4795,0.20562276750926708,0.002465321151378923,0.40383534482309774,0.38807656651625616
4796,0.20548820077621627,0.002393912328264853,0.403731893371695,0.38838599352382397
4797,0.205403426505565,0.0024380575581409583,0.4033311937431181,0.38882732219317595
4798,0.2051554349064551,0.002418797498786615,0.4032665743688962,0.3891591932258622
4799,0.20550300520335746,0.0024044531968250406,0.4024189994920449,0.3896735421077726
4800,0.2055655205190387,0.0023722495462401294,0.4019857776004632,0.39007645233425803
4801,0.20579417524417015,0.0023255154969353572,0.40156795730829487,0.3903123519505995
4802,0.2055591603817722,0.0023526898991527304,0.40140688337260355,0.3906812663464715
4803,0.20581419579480764,0.0023201685735517452,0.40199048169861734,0.3898751539330233
4804,0.2059640301012394,0.0023395365644431182,0.4015950119225195,0.39010142141179793
4805,0.2058652225718715,0.002344313722105383,0.4015940205800172,0.39019644312600577
4806,0.2059436265392204,0.0023515571494203604,0.40127781360392545,0.3904270027074338
4807,0.206437499938832,0.00238705925845763,0.401059206816157,0.3901162339865533
4808,0.2067377254118671,0.0023993767336019933,0.4012946158951455,0.3895682819593854
4809,0.20651453450182444,0.002388584039204511,0.401184125012806,0.38991275644616497
4810,0.20635521366837165,0.0024410907384652216,0.4008107210110056,0.3903929745821574
4811,0.20641183191743387,0.00241436225601778,0.4012551414878314,0.3899186643387169
4812,0.20607349349678117,0.0024155245580697433,0.40150523230326024,0.39000574964188883
4813,0.20603312143984415,0.0024244126815876656,0.4017716216464343,0.389770844232134
4814,0.20650180208097096,0.002462471483373061,0.4018748728025495,0.3891608536331065
4815,0.20620670170001149,0.002439262390684099,0.40231957558392645,0.38903446032537803
4816,0.20633925539517425,0.0024152173441574407,0.40136468846933215,0.38988083879133617
4817,0.20592444466901857,0.0023888679054426903,0.40174105950212746,0.38994562792341136
4818,0.20578550189187234,0.002432903518469175,0.4014129349990651,0.3903686595905933
4819,0.20586307078433067,0.002391330838851982,0.4017587768939701,0.38998682148284725
4820,0.20579978359157497,0.002365558938940059,0.40154645059482164,0.39028820687466326
4821,0.2054938474811446,0.002329698678002273,0.40163504901032193,0.39054140483053124
4822,0.20559954754211512,0.0023478228282486986,0.40205959247670375,0.3899930371529325
4823,0.20570018153951222,0.0023831218921500047,0.4021499816851171,0.38976671488322073
4824,0.20607064285041013,0.002401734357107303,0.40203770679632755,0.3894899159961549
4825,0.20609249426554652,0.0024174626317279447,0.40200132083175355,0.38948872227097203
4826,0.20637220081409038,0.002424869315522592,0.40166374680129746,0.38953918306908963
4827,0.206485018158694,0.00239586107404988,0.4018137871635224,0.38930533360373376
4828,0.20681885324245095,0.002404983096221907,0.4019544357166388,0.38882172794468844
4829,0.20722223076508883,0.0023970245642637874,0.4015437941377165,0.3888369505329309
4830,0.207260744024342,0.002444956613845355,0.4015384962701454,0.3887558030916673
4831,0.2070790414911298,0.0024253646008000726,0.4012242494478603,0.38927134446020983
4832,0.20678477786495858,0.0024139729469483217,0.4017900234153763,0.38901122577271685
4833,0.20687946250800932,0.0024244096812817357,0.40141682832429143,0.3892792994864176
4834,0.2070193584362486,0.0024332342782273676,0.40170171424539863,0.38884569304012545
4835,0.20717988995954392,0.0024204987380298144,0.4019179304821468,0.3884816808202795
4836,0.20697542924386503,0.002477614403508936,0.4020339502345448,0.38851300611808137
4837,0.20703971121361767,0.0024695339219731223,0.4018431018775903,0.38864765298681886
4838,0.20690633363764022,0.0024613632387892243,0.4019797063845535,0.38865259673901714
4839,0.20704505162646863,0.0024373475417107508,0.40222144637752494,0.38829615445429566
4840,0.20745322233295319,0.0024209242790912467,0.40164847727076686,0.3884773761171887
4841,0.20731078009717524,0.002414498797602071,0.40140041102482976,0.38887431008039297
4842,0.20708845960830588,0.0023637312772232418,0.4013647761165039,0.38918303299796697
4843,0.2071341735012721,0.00240710647755379,0.40143145162664273,0.3890272683945313
4844,0.2070382192920918,0.002374549584058799,0.4024010081040057,0.3881862230198437
4845,0.20703653851267734,0.00234975797108228,0.40262492980053677,0.3879887737157036
4846,0.20697707395073786,0.002387247010895037,0.4026937526944,0.3879419263439672
4847,0.20687930987413763,0.0023621702562490166,0.4027853223337076,0.38797319753590565
4848,0.20683285978627258,0.0023777690245125973,0.40285470055889067,0.38793467063032405
4849,0.20664916698613603,0.0024355117276523243,0.4028337103840009,0.3880816109022107
4850,0.2063540412937627,0.0024298480199708263,0.4025479360786971,0.3886681746075694
4851,0.2061864686250081,0.0023935476774982873,0.4029856491425721,0.38843433455492155
4852,0.20620770256837817,0.0023580735966039702,0.40242404395849646,0.3890101798765214
4853,0.20633502167423115,0.0023984282818690383,0.40197147667407396,0.3892950733698258
4854,0.2062172309187201,0.002427017644236042,0.40172024932269457,0.3896355021143493
4855,0.20586050202911807,0.002411018722837963,0.4022095992357162,0.3895188800123278
4856,0.20610024876327757,0.0023804907047645313,0.40174194401285196,0.38977731651910597
4857,0.20544063665253304,0.0023458813997884846,0.4021823892398023,0.39003109270787617
4858,0.20493079731938843,0.002355626652663741,0.40256804928460876,0.39014552674333897
4859,0.20468645705154548,0.0024006451092737006,0.4024324902904515,0.3904804075487293
4860,0.20481379711834533,0.0023327066600131083,0.4026466834476528,0.3902068127739888
4861,0.20524020921661537,0.0023509322764938643,0.40216553402822564,0.39024332447866505
4862,0.20508648348436428,0.0023774172627373954,0.40175639716053857,0.3907797020923598
4863,0.20461301124574088,0.0023790402919826995,0.40263282478680723,0.3903751236754692
4864,0.20489515686199264,0.0023168158407633034,0.4021073586617113,0.3906806686355327
4865,0.20464787071777205,0.002292515933315117,0.40270402705508257,0.39035558629383027
4866,0.20440755211454106,0.0023338318800510335,0.40295653328128334,0.3903020827241246
4867,0.2044819249350222,0.002263968658608209,0.40269855492309786,0.3905555514832717
4868,0.2045436988361793,0.0022193786961906166,0.40307487743193865,0.3901620450356914
4869,0.2043471836516836,0.0022450531023004857,0.402958726078196,0.3904490371678199
4870,0.20421959033847084,0.002228597717433992,0.4033276694460616,0.39022414249803355
4871,0.20435376133149258,0.002190273937092527,0.40358785112158924,0.3898681136098257
4872,0.20458711255821443,0.0021850351996641434,0.40328220982196206,0.3899456424201594
4873,0.20405154061617875,0.002228255031852813,0.40335392439191387,0.39036627996005463
4874,0.20411889604308056,0.002254915938385597,0.40367431991134783,0.3899518681071861
4875,0.20401573598430586,0.00220166840363104,0.40338638634668766,0.3903962092653754
4876,0.2036918068009017,0.0021343961966487,0.4035634830281274,0.3906103139743222
4877,0.20393327793489258,0.002082536359896207,0.4034672088841428,0.3905169768210685
4878,0.20390459701910987,0.002060341164780383,0.40450616950829643,0.38952889230781335
4879,0.2040725657924667,0.0020335501351385734,0.4053627274228845,0.38853115664951027
4880,0.2042122978248447,0.0020106734347436314,0.4063805952885682,0.3873964334518433
4881,0.20420049562813158,0.0019994307510423567,0.4060923060851061,0.38770776753572
4882,0.20438548539623697,0.0020434363930391104,0.4057610432767477,0.38781003493397626
4883,0.2040819627557783,0.0020295986145297926,0.40556466148825815,0.3883237771414338
4884,0.20386749861841963,0.0020704936573251375,0.40509200827314995,0.3889699994511052
4885,0.20383373326791623,0.0020342037352569227,0.4047945802375915,0.38933748275923535
4886,0.2039945933591182,0.002069381047920689,0.4039379710769232,0.38999805451603786
4887,0.20424217040829848,0.002060048306618845,0.4039701776992396,0.38972760358584313
4888,0.20362259910974562,0.0020456504455103374,0.4041165132047323,0.39021523724001184
4889,0.20335159350635204,0.002088018512459986,0.4041478515205677,0.39041253646062035
4890,0.20348696465907984,0.0020962314479669114,0.40457411280258426,0.38984269109036895
4891,0.20384816111597762,0.0020923657927945493,0.40506899142469494,0.38899048166653283
4892,0.20399354724333169,0.0020712873241487016,0.405217272015104,0.38871789341741564
4893,0.20395242313764683,0.002118975684433292,0.40513804347676513,0.3887905577011547
4894,0.20328590626271653,0.0020887213563808033,0.4056377849484981,0.3889875874324045
4895,0.20326610737371625,0.0020511890843155694,0.4055304347999865,0.3891522687419816
4896,0.20330967025849725,0.002056169344851143,0.40497649437271327,0.38965766602393836
4897,0.2030437871331181,0.002064033462113526,0.4047700781728044,0.390122101231964
4898,0.2030761352934492,0.0020980331473240293,0.40449949002929575,0.39032634152993106
4899,0.20294040472321068,0.0020833895290391057,0.40482759640673727,0.390148609341013
4900,0.20269266327738372,0.002089899287592245,0.4048603085418853,0.39035712889313867
4901,0.20290134652302944,0.0020931021673426388,0.4048239645158553,0.3901815867937727
4902,0.2027794760453395,0.002102907052962024,0.4047312906998576,0.39038632620184094
4903,0.20275884079088818,0.0020933380159763233,0.40451903399722944,0.39062878719590605
4904,0.20287267659131897,0.0020287011321278242,0.4051358389917283,0.38996278328482503
4905,0.20327237727751973,0.002084605850785641,0.4054510341934554,0.3891919826782392
4906,0.20298334050133135,0.002082481834157994,0.4050888731320244,0.3898453045324863
4907,0.20309090814864678,0.00210125129615124,0.4044379440322182,0.39036989652298376
4908,0.20288535211240669,0.00212625045087213,0.40417927788244173,0.39080911955427944
4909,0.20304588573563045,0.0021293654982452474,0.4040735371123779,0.39075121165374627
4910,0.2030206086222802,0.0021312898669796727,0.4041506754047572,0.39069742610598296
4911,0.20292110538511418,0.0021077358645201607,0.40423315069581334,0.3907380080545523
4912,0.2028252433474778,0.002152980583609331,0.40423354137174694,0.39078823469716595
4913,0.2023659954570995,0.00216827603622127,0.40424787096074566,0.39121785754593363
4914,0.20239334380841725,0.002173916991453203,0.4049506148759331,0.3904821243241964
4915,0.20238474738749943,0.0021582606943661314,0.4050275056599214,0.390429486258213
4916,0.20218020517329366,0.0021899141254001844,0.40506446608910424,0.39056541461220184
4917,0.20220437160667887,0.0021819149289904827,0.4054032751449341,0.39021043831939656
4918,0.20209281772945423,0.0021925762035482953,0.4050097757545621,0.39070483031243536
4919,0.20231012974076532,0.0021313637519778375,0.4053321572710205,0.3902263492362362
4920,0.20210557745158395,0.0021498704151941585,0.40527955708498087,0.390464995048241
4921,0.20211715397962723,0.00216526127357667,0.4051108152744103,0.39060676947238576
4922,0.20204953317995522,0.0022264680162689156,0.40494470745298755,0.3907792913507884
4923,0.20202625028104132,0.0022450868210486287,0.40457654762664735,0.3911521152712626
4924,0.20202429887116352,0.002252937371160766,0.4050368100926763,0.3906859536649995
4925,0.20241157860074416,0.002258575936807783,0.4043552688718961,0.390974576590552
4926,0.20248318385980274,0.002263718453026699,0.4044209552097985,0.3908321424773721
4927,0.20285213601196234,0.002258050426365637,0.4042132232768877,0.3906765902847843
4928,0.20292947086135943,0.002287295353287232,0.4042374209581971,0.39054581282715617
4929,0.2026521212568234,0.0022823052587115688,0.40411982550311676,0.39094574798134835
4930,0.20186266418311227,0.0022419272543836026,0.4035673259828112,0.392328082579693
4931,0.20198349064275697,0.0021854525479615304,0.4032309474218093,0.3926001093874721
4932,0.20158410465427137,0.0021970946526423513,0.4034021380174725,0.39281666267561377
4933,0.20141021371207857,0.0021887925244265327,0.4038438405767229,0.392557153186772
4934,0.2007474481793699,0.002199058453516524,0.40417698214414993,0.39287651122296363
4935,0.2008723323991078,0.002193260098413767,0.4033481551827607,0.3935862523197178
4936,0.2009564701678678,0.0022038525547809426,0.4034413641654192,0.3933983131119322
4937,0.20099382205617214,0.002190374709044354,0.40414171517326747,0.3926740880615161
4938,0.201076681817264,0.0022037598431471966,0.40369258607255487,0.39302697226703387
4939,0.20075013230907124,0.0022011109963412825,0.40439478971873255,0.392653966975855
4940,0.2010363650600091,0.0021768230780277497,0.40457579975842617,0.3922110121035368
4941,0.20069337305471416,0.0021503839547565872,0.4052412430592046,0.3919149999313246
4942,0.20046764725925903,0.0021244969783065205,0.40508449965123566,0.39232335611119884
4943,0.20016375966299024,0.002082596395158438,0.40538502827028877,0.39236861567156256
4944,0.1998158949597842,0.00209915071160856,0.4058914972854696,0.3921934570431376
4945,0.19981951499473388,0.0021061033465360874,0.40636709848664765,0.39170728317208237
4946,0.19992599785028786,0.0021543896362457436,0.40567531921861083,0.39224429329485566
4947,0.19970544652554062,0.0021296341373842494,0.4057213585852873,0.3924435607517879
4948,0.19968949779377473,0.0021598221430268083,0.4053639530775193,0.3927867269856792
4949,0.199116197748839,0.002144101124757779,0.4056156868833084,0.3931240142430948
4950,0.19927754928500607,0.0021838354552635906,0.40528834395958463,0.3932502713001458
4951,0.19937939447793135,0.0021363937775601568,0.4051538495135599,0.39333036223094864
4952,0.19936406431603385,0.0021007433564347137,0.40437778738368096,0.39415740494385043
4953,0.19932684025412142,0.002105781181305415,0.40443263283725184,0.3941347457273213
4954,0.19906069524785006,0.0021172858785183327,0.40490601292343137,0.39391600595020015
4955,0.199336170838384,0.002113418291267235,0.40515016171870216,0.3934002491516467
4956,0.1996250474657229,0.0021425078573137114,0.4054999034147645,0.39273254126219886
4957,0.19948638571652058,0.00211712887748977,0.4059245270146354,0.3924719583913544
4958,0.1990688434783547,0.002083464918310465,0.4054582564017422,0.39338943520159264
4959,0.19902132389461744,0.002079945778841288,0.405228676701688,0.3936700536248532
4960,0.19871371636893537,0.002022648100627908,0.40500170599664387,0.3942619295337929
4961,0.19803057972911806,0.002043025151731249,0.4052786998175141,0.3946476953016365
4962,0.19809259484244612,0.002142581613267067,0.40525168861640876,0.39451313492787804
4963,0.19788242490388588,0.00218109192571123,0.40478069402631556,0.3951557891440874
4964,0.19781525870475986,0.0021838287225557592,0.4045660058181986,0.3954349067544857
4965,0.1981953517920519,0.002211126339494399,0.4043363734702282,0.39525714839822557
4966,0.1977478974157953,0.002195666794064963,0.40483124504442564,0.39522519074571416
4967,0.19803747695157353,0.00222502936714498,0.4043761717107094,0.3953613219705721
4968,0.19782819423559128,0.002246875203731968,0.4051188971609128,0.394806033399764
4969,0.19753445269121994,0.002282323883471911,0.4052525798817882,0.39493064354352
4970,0.19721410535380085,0.0022439413987205,0.40499817212728884,0.39554378112018984
4971,0.19708402021297478,0.0022615515560597227,0.40588437245248443,0.3947700557784811
4972,0.1972843044685423,0.002220613003789629,0.4057182145040049,0.3947768680236632
4973,0.1972266689599436,0.002229233324676734,0.40584501585333915,0.39469908186204056
4974,0.19745828713599117,0.0022152054238729116,0.40553139157331686,0.39479511586681915
4975,0.19736200834132464,0.002261059591632015,0.4064245254772148,0.3939524065898286
4976,0.19752698176369315,0.00224701432532046,0.40675007479804676,0.39347592911293966
4977,0.19704484984036527,0.002289388558969176,0.4074036692036486,0.39326209239701687
4978,0.19687451827472136,0.0023082754760202946,0.4067890032377581,0.3940282030115002
4979,0.19630014327505224,0.002294414348045607,0.4067000310269565,0.39470541134994563
4980,0.19624129865686507,0.002278359808164168,0.4070695495156035,0.3944107920193672
4981,0.19656867415825477,0.0022952681971565346,0.4074728051168693,0.3936632525277194
4982,0.19628342814214306,0.002311810972058913,0.40718606432411786,0.3942186965616802
4983,0.1965232278836791,0.002295422940718586,0.40678526874315724,0.3943960804324451
4984,0.19690224582822527,0.002317593747233202,0.4064378105806691,0.3943423498438724
4985,0.19705656773454014,0.002298632012790007,0.4066243351380149,0.394020465114655
4986,0.1972409805674165,0.0023154174004975056,0.40682760874288687,0.3936159932891991
4987,0.19760244396672294,0.002292551852825986,0.4067850753064425,0.3933199288740086
4988,0.19785610239415208,0.0022434995010029175,0.40676474414442776,0.3931356539604172
4989,0.19756135394218596,0.0022642110704280648,0.4058217984798594,0.39435263650752655
4990,0.1968391411346261,0.002257219198567882,0.4065484922103112,0.39435514745649475
4991,0.19700743720890448,0.002206966243229412,0.4069297241642037,0.3938558723836625
4992,0.19645727828851087,0.0021926934557566433,0.40714831877413704,0.39420170948159533
4993,0.19623292180032534,0.0021349563794862596,0.4068327563992056,0.3947993654209828
4994,0.196495789617897,0.002144794127839885,0.406941494093539,0.3944179221607242
4995,0.1967876363638356,0.0021867949043439883,0.40703568215101626,0.39398988658080414
4996,0.19754289297352204,0.002122112850660724,0.40664367610266766,0.39369131807314955
4997,0.19724432504391073,0.0021590451274681515,0.40726693322125945,0.39332969660736156
4998,0.1971161825813785,0.0021687427370370416,0.4075889097649396,0.3931261649166448
4999,0.1969113090621585,0.002179942418895277,0.40793979787356716,0.3929689506453791
5000,0.19716430901582682,0.0021592349903940154,0.4077687736402823,0.39290768235349677
5001,0.1970496593078664,0.0022052910232808294,0.4078501727087119,0.39289487696014086
5002,0.19693050980062435,0.0022080672455007415,0.4091985119512607,0.39166291100261424
5003,0.19666402108352193,0.0021893497635467898,0.4093622372229048,0.3917843919300264
5004,0.1968306113635186,0.002206400409470222,0.4093303100673225,0.3916326781596887
5005,0.19699089366237157,0.0022287331566044934,0.40975161995255016,0.3910287532284737
5006,0.19703941063522684,0.0022758096787199506,0.40946400099756736,0.39122077868848587
5007,0.19699478517291874,0.002274563281708253,0.40940277274499115,0.39132787880038183
5008,0.19683588669056723,0.0022643550423095938,0.409544854603576,0.39135490366354714
5009,0.19689050122115578,0.002289679585637724,0.4097863842262134,0.3910334349669931
5010,0.19688145821465622,0.0022674560661040156,0.409651655209888,0.3911994305093518
5011,0.19662842476734604,0.0022540421508434796,0.4098881573786165,0.39122937570319394
5012,0.19648794226665603,0.002180299106699369,0.40971048759060935,0.3916212710360353
5013,0.19662804097218917,0.002219837931452901,0.4098813233130019,0.391270797783356
5014,0.1967970038022758,0.002262725375823731,0.4097092550150287,0.3912310158068718
5015,0.19713770357401356,0.0022693229233193214,0.40976760333853435,0.3908253701641329
5016,0.19716405568987466,0.002258391918107255,0.4095154117036248,0.39106214068839323
5017,0.19712641476602538,0.0022503657040023025,0.40979715618174095,0.39082606334823145
5018,0.1968597545747121,0.0022733877807059556,0.40998841210039744,0.39087844554418444
5019,0.19680091142125647,0.0022817557436953934,0.41006650030600955,0.39085083252903857
5020,0.19659091934112133,0.002319975174207576,0.41051211392182163,0.39057699156284953
5021,0.19671136551996987,0.0022414669974299144,0.41094150589581113,0.390105661586789
5022,0.19724328461782703,0.002216614340528295,0.41016084406547854,0.39037925697616616
5023,0.19733273281916047,0.002153483297367811,0.40995287275383074,0.39056091112964103
5024,0.19742390958468498,0.002210817266808925,0.41081350998497446,0.38955176316353174
5025,0.19750716591748055,0.0022651287479455422,0.410217733195847,0.390009972138727
5026,0.19713146235911472,0.002291561769329869,0.40968623443186036,0.39089074143969504
5027,0.19670374526423787,0.0022726528987033223,0.40959720632591357,0.39142639551114533
5028,0.1971720955982423,0.0022295054712750495,0.4096207359912736,0.3909776629392091
5029,0.1972807016177991,0.0022097323731768504,0.4097040409322911,0.39080552507673294
5030,0.19726206016159958,0.0021841270305514187,0.40873293894322005,0.39182087386462894
5031,0.19746520989388497,0.002137282865124949,0.40879450517687443,0.3916030020641156
5032,0.19739658038230692,0.002112202023229621,0.4090469200182289,0.3914442975762344
5033,0.19728073355065617,0.002135140471539923,0.40909659989250297,0.391487526085301
5034,0.19713583491459835,0.002199352659761895,0.408745760835714,0.3919190515899257
5035,0.19673711112556222,0.0022040928734951347,0.4088458329228682,0.3922129630780745
5036,0.1967245091833298,0.0022092237834638357,0.4087260706805285,0.39234019635267786
5037,0.19657178487571367,0.0022333218014490854,0.40912988450229093,0.3920650088205463
5038,0.19658264833037328,0.0021697438612886537,0.40964144452680795,0.39160616328153014
5039,0.19671623652809145,0.0021634465224088946,0.4100359144723587,0.391084402477141
5040,0.19656219409187003,0.002185827625179275,0.4104578069428018,0.39079417134014893
5041,0.19663064563955163,0.002184557481311633,0.4110621010745321,0.39012269580460457
5042,0.19642313786726712,0.0021983237389156312,0.41128967452380333,0.39008886387001385
5043,0.1969317824884563,0.002158120976870586,0.4108121383385943,0.39009795819607873
5044,0.19709397459875327,0.002159957892872869,0.41092664551747343,0.3898194219909004
5045,0.19710613356958406,0.002191956304624466,0.4109570385933708,0.38974487153242066
5046,0.19704039304220472,0.002176247929057358,0.41116513869004623,0.38961822033869176
5047,0.1970782387599135,0.0021983848378451945,0.410503292085148,0.3902200843170934
5048,0.197021357014916,0.002169586196303654,0.40963383613892823,0.3911752206498521
5049,0.19698326794641255,0.0021241929760858268,0.40923515912912983,0.3916573799483719
5050,0.1971618474266661,0.0021338748276842597,0.4094882047676321,0.3912160729780175
5051,0.19715568541897505,0.0021030428908664217,0.4094488563643598,0.3912924153257986
5052,0.19736705219221856,0.002086793976349033,0.4092782706664068,0.3912678831650255
5053,0.19688083116946226,0.0021362479230438236,0.4087964069236049,0.392186513983889
5054,0.19704570378567926,0.0021528210588424514,0.4088137421953159,0.3919877329601623
5055,0.19723907439400118,0.002135812591114585,0.40941085164512037,0.3912142613697638
5056,0.19741875609101323,0.0021503392257495877,0.40947552811953347,0.3909553765637038
5057,0.1971674814235206,0.002181351200441441,0.40867975612921426,0.3919714112468238
5058,0.19734796802756416,0.0021866993785340815,0.4078253050599659,0.3926400275339358
5059,0.1971792504645394,0.002177414875148978,0.40846000904357116,0.39218332561674046
5060,0.1966929332184816,0.0022349787498591902,0.40851627797805995,0.3925558100535992
5061,0.19678742267942118,0.0022459534140541852,0.40914809429664556,0.3918185296098791
5062,0.19691605511040827,0.002335618892404449,0.4096388029961462,0.3911095230010411
5063,0.19677014431985768,0.0023622584532138023,0.4100796963349345,0.390787900891994
5064,0.19646446930698386,0.002298235729706225,0.4101798275582068,0.39105746740510305
5065,0.1964749018061886,0.0023233397221493817,0.41086922215374616,0.39033253631791587
5066,0.19657946509414845,0.0023180926821624722,0.41062047395208523,0.39048196827160375
5067,0.196498809018422,0.0023155689262529837,0.4109474714639548,0.3902381505913701
5068,0.19672014668453555,0.0023148232609695443,0.4112711708018499,0.38969385925264505
5069,0.1966548174233531,0.0023204109413556004,0.4117167523447776,0.3893080192905137
5070,0.19636588926147297,0.0022990475983978836,0.41204457809145456,0.3892904850486746
5071,0.19616752098721707,0.00226957215313889,0.4124120848963386,0.3891508219633055
5072,0.19591620083230624,0.0022463650710316634,0.41324655069250216,0.38859088340416
5073,0.19593663972009706,0.002289800301011409,0.41255893470605515,0.3892146252728364
5074,0.1957552713948329,0.002295915406432216,0.4123664117084723,0.3895824014902625
5075,0.1958294706139052,0.0022868907356459766,0.41250001439205725,0.3893836242583916
5076,0.19596500332854763,0.0022676078387026603,0.4131470490281274,0.38862033980462235
5077,0.19635467142338836,0.0022386980968553192,0.4124045656835418,0.3890020647962146
5078,0.1968277661973334,0.002270748892953401,0.41241914130797797,0.38848234360173517
5079,0.1969841288889432,0.0022508424505182497,0.41219625406813726,0.3885687745924013
5080,0.19662607920623792,0.002271339428296753,0.4122320841438338,0.38887049722163153
5081,0.19703818151967678,0.00224174759254708,0.4123016246295935,0.38841844625818245
5082,0.19752435715811698,0.0022066358917031672,0.4125956169187365,0.38767339003144335
5083,0.19769338112137794,0.0022132038659938478,0.41208195335660963,0.3880114616560186
5084,0.1979881926131281,0.002216113676214392,0.411726497855732,0.3880691958549255
5085,0.19766188033791293,0.0021779157976399054,0.4116796743830739,0.38848052948137324
5086,0.19753025977512673,0.002188372146238416,0.41165012700715736,0.3886312410714775
5087,0.19814229109901094,0.002135361186665671,0.4117582645127946,0.3879640832015288
5088,0.1985339957602781,0.0021484988144323527,0.4118179950203544,0.38749951040493513
5089,0.19834964222486046,0.0021271064626166,0.4120991205377719,0.38742413077475113
5090,0.19820783318721497,0.002114276432856651,0.41277758484506066,0.3869003055348677
5091,0.19840559086146098,0.002119126715109235,0.41323422654139563,0.38624105588203417
5092,0.19843603127677795,0.002157753523687976,0.41383303581443986,0.3855731793850942
5093,0.1986995432409872,0.002132310376034872,0.4132565826618461,0.38591156372113183
5094,0.19890955284733716,0.002148103146562576,0.4127423717057649,0.38619997230033526
5095,0.1990822585974242,0.002146084596202038,0.41258369100318726,0.3861879658031865
5096,0.19934970207646552,0.0021116024365923263,0.4124084254052819,0.3861302700816603
5097,0.19941380968733882,0.0021346335582049505,0.4128376031977653,0.3856139535566909
5098,0.19985848269563547,0.0021135525281396747,0.41194105093032524,0.38608691384589955
5099,0.2001676525881559,0.0021035850076864633,0.4109670133804098,0.3867617490237478
5100,0.20012243641862099,0.0020950689600850838,0.41125391730340166,0.38652857731789236
5101,0.19983517602415077,0.002159673189158248,0.41103117673370165,0.38697397405298933
5102,0.1996452614749072,0.002100460523119585,0.41124288242249263,0.3870113955794806
5103,0.20000694646800404,0.002114511865262841,0.410948151525095,0.3869303901416381
5104,0.19984634123312645,0.002098363026259818,0.4110250017165306,0.38703029402408295
5105,0.1996891019971136,0.0021275640131084594,0.41147492397554586,0.386708410014232
5106,0.20004880693199426,0.0021508643383302073,0.4108881695487546,0.3869121591809209
5107,0.20037147889146883,0.0020998487304828154,0.41105101438518066,0.3864776579928677
5108,0.20012799242877072,0.002134214843792267,0.41113041516812643,0.38660737755931057
5109,0.19994544952974413,0.002164965654627653,0.41054565237361523,0.38734393244201293
5110,0.2002086756730046,0.0021906249566209395,0.4099341507041167,0.3876665486662577
5111,0.20002151740136256,0.00218186337178794,0.41019678822818395,0.3875998309986656
5112,0.20013616269979534,0.002163820215255517,0.4109002522691297,0.38679976481581957
5113,0.20012155347310312,0.002146211203643459,0.41093057488556906,0.3868016604376844
5114,0.19995536430485075,0.0021480603877353363,0.4113695127266859,0.38652706258072805
5115,0.1998536247987861,0.002118229374151876,0.4114209808009151,0.386607165026147
5116,0.20007802570302663,0.002048997040449222,0.41109113572537603,0.38678184153114803
5117,0.20044385157998307,0.002066590332919474,0.4107270222596407,0.3867625358274568
5118,0.20058422238815451,0.002121736537268857,0.41040751110188356,0.386886529972693
5119,0.20035724857961928,0.002177967436173105,0.4101110892691868,0.3873536947150208
5120,0.20019521863256218,0.0021724069820496963,0.40941961428019236,0.3882127601051958
5121,0.2005635206984549,0.0021872313723607243,0.4094040819853312,0.38784516594385315
5122,0.20024090814156553,0.0022152865524607468,0.40939799012603206,0.3881458151799417
5123,0.20023733432044205,0.0022072933363660287,0.4099974018447191,0.3875579704984729
5124,0.20042420560314594,0.002235879859049206,0.40976941879374396,0.38757049574406083
5125,0.20054183193055505,0.002257677184945173,0.40952839909593364,0.38767209178856615
5126,0.20047550322846308,0.0023082150413121366,0.409212440125026,0.38800384160519885
5127,0.20000764012134983,0.0023268579907889985,0.40912771412808685,0.3885377877597743
5128,0.19981250474361026,0.002336573861325806,0.40878966190639465,0.38906125948866926
5129,0.19969688283651527,0.002347327773268652,0.4084771310091832,0.38947865838103285
5130,0.19958326168114607,0.0023162805492465037,0.409452402068695,0.38864805570091254
5131,0.19963766430169205,0.0023361874013199508,0.40946691565139054,0.3885592326455975
5132,0.19948205477310252,0.0023480638828712744,0.40991695916364923,0.38825292218037705
5133,0.19936610541873923,0.00235432455368734,0.4095620051104968,0.3887175649170767
5134,0.19961564605156915,0.0023448013487796836,0.4093107968895243,0.38872875571012694
5135,0.20023349394554196,0.00228644572510111,0.40901248348852953,0.38846757684082744
5136,0.20037018116262667,0.0023274678385821904,0.4084901521189819,0.3888121988798092
5137,0.20041741551457531,0.002320322972654612,0.4082567847329387,0.3890054767798314
5138,0.20053401696840972,0.002298300367026376,0.4083122477562607,0.3888554349083033
5139,0.2005130205324223,0.002309340692103053,0.40849588972330586,0.38868174905216873
5140,0.20021790757491473,0.0023125030787279057,0.4091051281045752,0.38836446124178226
5141,0.2003910574238438,0.002391674017027205,0.40875017649298295,0.38846709206614605
5142,0.20009860656716244,0.002349452674341864,0.4091646123765762,0.3883873283819195
5143,0.20006344357659273,0.002351221999496972,0.408442450263966,0.38914288415994425
5144,0.1999957193360712,0.00238405263803766,0.4082601979658408,0.38936003006005027
5145,0.20008227277378063,0.002351050855912409,0.4080347651753865,0.3895319111949204
5146,0.20030825064023747,0.0023211964971048423,0.4080578144492664,0.3893127384133913
5147,0.20026331762940233,0.002329788165604473,0.40823000866894416,0.3891768855360491
5148,0.2007298022183169,0.002353435536925275,0.4077948850155953,0.3891218772291626
5149,0.20022993065438222,0.0023116430408397083,0.4075978898778912,0.3898605364268868
5150,0.2004519811127084,0.002242691592848091,0.4078175955361557,0.3894877317582879
5151,0.20012175807390892,0.002274330550248127,0.4078405410741217,0.38976337030172126
5152,0.19996922769635006,0.002297439094499813,0.407768483367866,0.38996484984128416
5153,0.20059608554202146,0.0023102065919959097,0.40712193638780236,0.3899717714781803
5154,0.20082284500168518,0.002282370373840649,0.4067290544795815,0.3901657301448926
5155,0.20062162963647157,0.0022545388005226355,0.4068393705125127,0.3902844610504932
5156,0.20077958107616434,0.0022376048023935538,0.4067340949739517,0.39024871914749043
5157,0.2006181047831169,0.0022576281606131684,0.4072102861150982,0.3899139809411717
5158,0.20054580072692268,0.0022529702783614268,0.40674459186842277,0.3904566371262931
5159,0.1998434739993215,0.0022233792843013985,0.4073026711529262,0.39063047556345093
5160,0.20021710482116709,0.002267524671949599,0.40697796699439276,0.39053740351249056
5161,0.20024118868754784,0.0022694065517749914,0.4066089983165916,0.3908804064440855
5162,0.2001158071284336,0.0021782091960993798,0.4069330820698009,0.39077290160566613
5163,0.20014110397265766,0.0021936588393398513,0.4073444747378551,0.39032076245014724
5164,0.20034547135522138,0.002182408681783772,0.4072533578998085,0.3902187620631864
5165,0.20081446637080685,0.0021457194636533604,0.4064688092664128,0.390571004899127
5166,0.2011848917937667,0.0021915289227335843,0.40589716597268943,0.3907264133108103
5167,0.2012252337960319,0.002169726638717301,0.4058500482866435,0.39075499127860724
5168,0.20141060311166123,0.002159834829669707,0.40569472492526365,0.3907348371334054
5169,0.20136312265322753,0.0021482150786669213,0.40557299518578926,0.3909156670823164
5170,0.2010718789667057,0.0021682721911936175,0.405534559585676,0.3912252892564245
5171,0.20119899618733356,0.002198335909928544,0.4049399287283875,0.3916627391743503
5172,0.20122113502364808,0.002174033739399461,0.4051295350293339,0.39147529620761856
5173,0.2012760137846353,0.00220264227385982,0.40487642355803005,0.39164492038347487
5174,0.20066286230199032,0.0022309258970777215,0.4045393243847533,0.3925668874161786
5175,0.20032216167217168,0.002265502731265978,0.4053830487509062,0.3920292868456562
5176,0.2003332305247442,0.0022998936513465066,0.4055785695552544,0.391788306268655
5177,0.2005902142667865,0.0023106860289794843,0.40558632125172184,0.3915127784525122
5178,0.2002248044861618,0.0022943910932708583,0.40599082746992143,0.39148997695064586
5179,0.2002463090283681,0.002286599921134354,0.40617186201519806,0.39129522903529945
5180,0.200268835611252,0.0022817766938372946,0.40608883014134245,0.39136055755356824
5181,0.2005891759237557,0.0022357994514080617,0.4066226912068046,0.3905523334180316
5182,0.20022145891173465,0.002207876205080897,0.4078099927873223,0.38976067209586224
5183,0.19992828683466207,0.0022176016963937222,0.4077118241380783,0.3901422873308658
5184,0.1999041663004274,0.0022195731287086825,0.40747221437659215,0.3904040461942718
5185,0.19979451026684045,0.0022229551019854396,0.40761558546138116,0.39036694916979303
5186,0.20018211441559147,0.0022189227395497486,0.40813176912268545,0.3894671937221733
5187,0.19990248407224648,0.0022089835689424863,0.40809169507628845,0.38979683728252257
5188,0.1997031234387056,0.0022719115244719786,0.40903148543440854,0.3889934796024139
5189,0.19964951841577117,0.002217297530828522,0.40913209344757473,0.3890010906058256
5190,0.1996074071026324,0.0021696886855624474,0.4096084716670337,0.38861443254477146
5191,0.19961755310259147,0.002185934028188864,0.4098785213508987,0.388317991518321
5192,0.19950110149011885,0.0022471120125306335,0.40969315914242,0.3885586273549305
5193,0.19956581666233958,0.0022476917033589,0.4101027600645028,0.3880837315697987
5194,0.19949831449439664,0.002250462273890982,0.410393942523433,0.38785728070827935
5195,0.19982978692882936,0.002219802840216766,0.41080833945686407,0.3871420707740899
5196,0.19961708304944353,0.0022466056625279718,0.4109068602563634,0.38722945103166506
5197,0.19975184282668718,0.0022391871816183524,0.41037747281767745,0.38763149717401707
5198,0.19968131421212268,0.002279702406998214,0.4103828059375729,0.38765617744330616
5199,0.20005839800885603,0.0022606333927464614,0.41107708344830984,0.3866038851500877
5200,0.20008837726759715,0.0022449332815341594,0.41134214340989816,0.3863245460409705
5201,0.199994209827568,0.0022237130758324436,0.4115883291826732,0.38619374791392636
5202,0.1998176128818653,0.0022332319093961517,0.4119505835405629,0.3859985716681756
5203,0.1998336613655323,0.0021866736076660734,0.4122964061447803,0.3856832588820213
5204,0.2001315809506059,0.002155210563157671,0.41183656567724797,0.3858766428089884
5205,0.20016832037391633,0.002132064222805177,0.41255737054822583,0.38514224485505266
5206,0.2000181788087109,0.0021910131304709356,0.41263811479489804,0.38515269326592005
5207,0.19979123331430113,0.0022152612337907962,0.41327083642173534,0.3847226690301727
5208,0.20023364968520715,0.002219245139058069,0.4132579540933386,0.38428915108239614
5209,0.2001019240601222,0.0022804043797084225,0.412956593545735,0.3846610780144343
5210,0.20055097890242773,0.0022376205221796915,0.4126214219817593,0.3845899785936333
5211,0.2002676691677646,0.0022967497281843503,0.4132189326107863,0.3842166484932647
5212,0.19985218730467688,0.0023357576484396517,0.41326678808236056,0.38454526696452296
5213,0.19988026141755244,0.002382399874653448,0.4128641069440827,0.38487323176371135
5214,0.1992839037043874,0.002375372539030289,0.4133017209680808,0.38503900278850145
5215,0.19919832575032498,0.0023623189820498563,0.41375250378994866,0.38468685147767656
5216,0.19922661632528355,0.0023447735315965286,0.41394487529153545,0.3844837348515844
5217,0.19919487309274952,0.002320958422625109,0.41476886741107927,0.3837153010735461
5218,0.19910872338717872,0.0022915118895632117,0.4149364967406612,0.38366326798259687
5219,0.19896613295868454,0.002283959923725106,0.41545084501469826,0.3832990621028921
5220,0.19870265021981431,0.0022661679740987413,0.41600755476158435,0.3830236270445027
5221,0.19863984866329562,0.0022432551039651117,0.41651083852245063,0.3826060577102886
5222,0.19879371993507217,0.0022668646053013684,0.4163863630815191,0.38255305237810744
5223,0.19893126418512133,0.002200422468286802,0.41642912196222015,0.38243919138437166
5224,0.1986272136881683,0.0021671324465591135,0.4161874358666454,0.3830182179986271
5225,0.1983271491454436,0.0021637296158498846,0.41638154327956756,0.38312757795913904
5226,0.19853618723668665,0.0021440876998051438,0.4159773220445858,0.38334240301892236
5227,0.19830703534831143,0.0021217542716412754,0.41632402575586464,0.3832471846241826
5228,0.19758139317215115,0.0021420850588903086,0.4170626117099162,0.3832139100590423
5229,0.19756882321313282,0.002165527874164825,0.41693268190739224,0.3833329670053101
5230,0.19710389827233238,0.0021273595054478733,0.4176637891556007,0.38310495306661907
5231,0.19743797538648933,0.002156328235235729,0.41726961214625413,0.3831360842320207
5232,0.1973100184038173,0.002111085043166229,0.41769345184368767,0.3828854447093288
5233,0.1972952818370955,0.0021429023301205437,0.41779663390205163,0.38276518193073233
5234,0.19694935068107705,0.0021888533134131398,0.4180889818444369,0.3827728141610729
5235,0.19727376831591242,0.002185642259147966,0.41774530664025644,0.38279528278468317
5236,0.1972908067968417,0.002166374136572681,0.4175764387227777,0.382966380343808
5237,0.19722269164027623,0.002205228582706422,0.41710990188470476,0.38346217789231263
5238,0.1974144983925314,0.0021550797229460054,0.41715367557186867,0.38327674631265396
5239,0.1976387036169736,0.0021657581734952263,0.4167952274382679,0.38340031077126324
5240,0.19726149840578092,0.0021580555976061675,0.41654233403231666,0.38403811196429627
5241,0.19681877782699747,0.0021575765147842586,0.4167212176722946,0.3843024279859237
5242,0.1966445177613267,0.0021291980495756237,0.4173376672929029,0.38388861689619475
5243,0.19644759323517302,0.002089301455327345,0.41744794091979004,0.3840151643897096
5244,0.19624709694732487,0.0020957051612319286,0.41732424936827506,0.3843329485231681
5245,0.1959730478447082,0.002100996175555286,0.41721985177866666,0.3847061042010699
5246,0.1956735925476321,0.0020959167020018583,0.4170056099918836,0.3852248807584824
5247,0.1955344132620321,0.002043660082022819,0.4171448314783276,0.3852770951776175
5248,0.19515865229328547,0.0020689288131880397,0.41712720554365906,0.3856452133498674
5249,0.19515759763067955,0.0020079809926252497,0.4171965697698855,0.3856378516068097
5250,0.19503988405258416,0.0019765694702358807,0.4174797024037143,0.3855038440734657
5251,0.19502524679331232,0.0020017483737287934,0.4177733321334034,0.3851996726995556
5252,0.19507610108903659,0.002100011218021557,0.41771464258416424,0.38510924510877764
5253,0.19524629406099198,0.002154231075600255,0.4181524020092395,0.38444707285416835
5254,0.19530834039784317,0.0021098684076623934,0.4184113255635866,0.3841704656309078
5255,0.195579214371475,0.0021421810563009196,0.41853490877213284,0.3837436958000912
5256,0.19574469781819986,0.00213560819927768,0.41786752152413076,0.3842521724583917
5257,0.19523699832439134,0.0021478714147700117,0.41817461307886,0.38444051718197864
5258,0.19591841918685063,0.0021602453794097773,0.41758379328031137,0.3843375421534283
5259,0.19571161865579478,0.002189010369955424,0.41750303525065935,0.3845963357235904
5260,0.1961046381089387,0.0021518364637842947,0.41733424563039423,0.3844092797968829
5261,0.19586836081235956,0.002163318014198136,0.41699277670513346,0.38497554446830884
5262,0.1953049567060396,0.0021921173031694456,0.4174977657310247,0.3850051602597662
5263,0.19532442580392645,0.0021620465244963872,0.4175443489236388,0.38496917874793835
5264,0.19559003062634522,0.0021878321602516464,0.4168966788231721,0.3853254583902311
5265,0.19553674330562515,0.002159666414471492,0.4165691157251777,0.3857344745547256
5266,0.1956694937707763,0.002140822101795598,0.41636287833766444,0.3858268057897637
5267,0.19536094566673487,0.0020983922814736015,0.41608592636467473,0.3864547356871169
5268,0.1954659377113349,0.002064723067651187,0.4158463953355298,0.3866229438854841
5269,0.19489859616539373,0.0020535720763509976,0.4162839899704559,0.38676384178779943
5270,0.19524582803934126,0.002114045324601816,0.41599062186743996,0.386649504768617
5271,0.19499113215799796,0.002140624732663193,0.41582370619019465,0.3870445369191442
5272,0.19533679781052038,0.0021551205880885878,0.4153529833621869,0.38715509823920413
5273,0.1950736339059481,0.0020992098910834205,0.41586006818703725,0.3869670880159312
5274,0.1948626538291471,0.002063772013450128,0.41573718236732715,0.3873363917900757
5275,0.1949243860156557,0.0020089689296325574,0.4158803106015788,0.38718633445313294
5276,0.19474107467644944,0.0020268495370257236,0.4162050881713929,0.3870269876151319
5277,0.19454784492388222,0.001983342129509438,0.4161845615821065,0.38728425136450195
5278,0.1942717789824237,0.0019929747681883244,0.41555821674825655,0.3881770295011314
5279,0.19414548749562685,0.0020287843899929455,0.41499611156627614,0.3888296165481041
5280,0.1939743449064919,0.0020552555973500147,0.4144239945567295,0.38954640493942855
5281,0.19393702762754317,0.0020619257480520314,0.41368374020302473,0.39031730642138
5282,0.1939073937848024,0.002120283150586348,0.4130966753733011,0.39087564769131017
5283,0.19371410684079032,0.0021116692931944275,0.41356961802899483,0.39060460583702034
5284,0.1942130864301746,0.002134008124038617,0.4132404896192029,0.3904124158265839
5285,0.19425118753481413,0.0021235130030493902,0.4132499401724573,0.39037535928967926
5286,0.1942879083259149,0.0020289961090607933,0.41380511499106926,0.38987798057395495
5287,0.19442960110860963,0.0020734398073033325,0.41394523862985083,0.3895517204542362
5288,0.19457007042523927,0.002052571217116362,0.41426214677775086,0.3891152115798936
5289,0.19473492636385498,0.002095925652912352,0.4136430101214172,0.3895261378618156
5290,0.19448909472222836,0.0020736430085911864,0.41370829736089976,0.3897289649082808
5291,0.19447002609409123,0.0020819235005383576,0.4138264380997839,0.3896216123055865
5292,0.19416638649046727,0.0021086390584061543,0.41348781644149313,0.39023715800963354
5293,0.1941464188912528,0.0021225662522929875,0.4137320749292499,0.3899989399272043
5294,0.19387506151319883,0.0020837044348889925,0.41372246493629977,0.39031876911561236
5295,0.19405288619326658,0.0020896394166969013,0.41290944875704116,0.39094802563299524
5296,0.19418470349444328,0.0020495115482385513,0.41312928086642586,0.39063650409089234
5297,0.19412387665613395,0.0020838793762693666,0.4142262653480393,0.3895659786195572
5298,0.19413642284109964,0.0020552420447094914,0.41493481427170514,0.3888735208424857
5299,0.1937740368731516,0.0020573290538386376,0.4157310274874213,0.3884376065855885
5300,0.19387348551613554,0.002069766724852573,0.4159633138642561,0.3880934338947558
5301,0.19372474427513342,0.002039334266803646,0.4161702939397687,0.3880656275182942
5302,0.1937862722025149,0.0020724668256638804,0.41653438566402573,0.3876068753077956
5303,0.1940687964064514,0.0019784126040227846,0.4162136280816521,0.3877391629078737
5304,0.19411480969171319,0.0019568067886620265,0.4162452062639909,0.38768317725563384
5305,0.19395120031406057,0.0019437984672392398,0.41649305264579944,0.3876119485729007
5306,0.194117418599343,0.0018712161024782964,0.4160490662554076,0.38796229904277124
5307,0.1940494896946367,0.0018459945522183174,0.4162445584353172,0.38785995731782796
5308,0.19361239563329308,0.0018357037340149117,0.41690589736168837,0.3876460032710036
5309,0.19393530442115764,0.0018332224654277404,0.4167423095065995,0.3874891636068151
5310,0.19413471386266748,0.001756037466507827,0.4172170767429365,0.3868921719278882
5311,0.19412544371716545,0.0017735582646576406,0.41751592091009704,0.38658507710807993
5312,0.19354957055919203,0.0017612623976759549,0.4181284750797306,0.3865606919634014
5313,0.19348518836899134,0.0018058438612389167,0.4182836942250455,0.3864252735447242
5314,0.19378680165943304,0.001752805540935802,0.4180211036890493,0.3864392891105819
5315,0.19407282504645978,0.0017150611665484208,0.4173432520452736,0.3868688617417181
5316,0.19391744562965954,0.0016785140910430072,0.41758837067757726,0.38681566960172015
5317,0.19366109258901282,0.001640285974862767,0.41767497790161745,0.387023643534507
5318,0.19377325558175526,0.0015914436700396786,0.4173161202750485,0.38731918047315655
5319,0.19379447439078373,0.0016053312022035523,0.41729760043838954,0.3873025939686231
5320,0.19390190860781928,0.0016008063846402261,0.4170159567241411,0.3874813282833995
5321,0.1936193200712864,0.001632252613051713,0.4168422155337961,0.38790621178186585
5322,0.1935603022744384,0.0016577011789246014,0.4163909413383081,0.3883910552083289
5323,0.19372142849848223,0.0016527217668700536,0.41593087352539787,0.3886949762092498
5324,0.1933914066451356,0.0016947043987896467,0.41571983661968037,0.38919405233639437
5325,0.1933259780318564,0.0017058876787905731,0.4160052338755948,0.3889629004137582
5326,0.19326918102771182,0.001739513582867385,0.41609980742662833,0.3888914979627924
5327,0.19368013843108972,0.0017093981201023768,0.41589179880803756,0.3887186646407704
5328,0.1934349404923689,0.0017047436954755212,0.41616603946831254,0.3886942763438431
5329,0.1934672549034258,0.0016878437427132944,0.41588217647791276,0.38896272487594813
5330,0.19373476851226917,0.0016842529806821312,0.4155374419825746,0.3890435365244742
5331,0.1937737772321173,0.0016356537275207168,0.4163800024973855,0.3882105665429764
5332,0.1935560115561332,0.0016066289841230453,0.4170844218612573,0.3877529375984865
5333,0.19341891838137237,0.0016037855201910434,0.4174774442667467,0.3874998518316899
5334,0.19305779979635226,0.0016462111703928503,0.41764480733451653,0.3876511816987383
5335,0.1935730164984168,0.0016468046461415489,0.4172283061884194,0.3875518726670223
5336,0.19321960698173166,0.0016135677604512595,0.41716081727248194,0.388006007985335
5337,0.19335876021386095,0.0016628953751622727,0.41718431426398456,0.38779403014699215
5338,0.19311967593280027,0.0016755856257299737,0.4170539323331156,0.3881508061083541
5339,0.19350505664087042,0.0016785614672569053,0.4171770698542545,0.38763931203761814
5340,0.19380369773921732,0.0016845011590726935,0.4165879417902307,0.3879238593114794
5341,0.19384970169335305,0.0016977051637874496,0.41659736021767363,0.3878552329251859
5342,0.19359006659386718,0.0016669605026397947,0.41661492323294935,0.38812804967054376
5343,0.19376120730495966,0.0017102999230680378,0.41693069584757037,0.3875977969244019
5344,0.19338360594102216,0.0017139845542371,0.41700836501119565,0.38789404449354514
5345,0.19306148646112756,0.001708149398547402,0.4172754308017427,0.3879549333385824
5346,0.19310303698253345,0.0017314079813746629,0.4172290793419853,0.3879364756941066
5347,0.19303765574312717,0.0017697097488407244,0.4179443561491528,0.3872482783588793
5348,0.19274895562891503,0.001832305033765104,0.41756735965824776,0.3878513796790721
5349,0.1926396260935914,0.0018154135540342762,0.4180872211092243,0.38745773924314997
5350,0.19233211723086338,0.001826469889695457,0.4186723185497514,0.3871690943296897
5351,0.19247569654129662,0.0017981563011506805,0.4188531211485875,0.3868730260089652
5352,0.19237401256539607,0.0018165445881426646,0.4180669677829772,0.387742475063484
5353,0.19263186322700973,0.0018109632565944498,0.4181689475868766,0.3873882259295191
5354,0.19270355991310045,0.001858720835839041,0.41871298898992776,0.38672473026113274
5355,0.19242505655023223,0.0018825450111839195,0.4183567278400295,0.38733567059855434
5356,0.19243319044120305,0.0018887839704009857,0.41803609459026186,0.38764193099813415
5357,0.1921612838913956,0.0019129351603018384,0.4175646629311543,0.3883611180171483
5358,0.19254914491435374,0.001933809787178582,0.4171743500032451,0.38834269529522264
5359,0.19307027547657934,0.0019275092137662289,0.4166793040338712,0.3883229112757832
5360,0.19258172317768224,0.001893005890821747,0.417026186446068,0.388499084485428
5361,0.19255237229142805,0.001930580694908194,0.4168242743374363,0.3886927726762274
5362,0.19300695054583378,0.0019799953689849997,0.417118475210144,0.3878945788750371
5363,0.1925817046872615,0.001979503954684876,0.41766134057487136,0.3877774507831823
5364,0.19228646375639397,0.00199095871377642,0.4185622113295828,0.38716036620024674
5365,0.19237273835873303,0.001930621509912809,0.418812743197725,0.38688389693362907
5366,0.19226841771947534,0.0018805346973714894,0.41896436178134555,0.38688668580180763
5367,0.19232531680016832,0.0018728289745229402,0.41876994213618596,0.3870319120891228
5368,0.192304160299488,0.0018583631001457084,0.41840158787724924,0.387435888723117
5369,0.19233336531828177,0.0018632098553918396,0.4177003751782692,0.3881030496480572
5370,0.19247171209264996,0.0019137842355828327,0.4169191980173938,0.38869530565437327
5371,0.19263277692846206,0.001971769302082603,0.4175719237531559,0.38782353001629943
5372,0.19275508750496823,0.001941091240561913,0.4173992938699807,0.3879045273844892
5373,0.19259256171921818,0.0019287684280023202,0.417979018142647,0.38749965171013245
5374,0.19259763773776822,0.001944259110392654,0.41747485550606,0.3879832476457791
5375,0.19247850389153773,0.002020655075862317,0.4175621806049744,0.3879386604276255
5376,0.19234935889531185,0.0020685035050754795,0.41736995572295676,0.3882121818766559
5377,0.1924473692213742,0.0021011427024831397,0.41688740632198285,0.38856408175415985
5378,0.19248653269520527,0.002101369497942791,0.4167568407346331,0.38865525707221876
5379,0.19229864529587995,0.0021126075826115604,0.41726336047440693,0.38832538664710153
5380,0.1926438820893075,0.0021075999823425393,0.417163931344957,0.388084586583393
5381,0.19292215460306608,0.002129658976160384,0.41647063097717973,0.38847755544359386
5382,0.19288564675720868,0.00208436825356705,0.41657647121336056,0.3884535137758635
5383,0.19277461661088716,0.0021201716136784758,0.4163466731583905,0.3887585386170439
5384,0.19313855441841432,0.0020935397147446404,0.416225755535534,0.388542150331307
5385,0.19307555258398193,0.002117606201108202,0.4160491637213931,0.38875767749351675
5386,0.19322273468053344,0.002168562498508265,0.4156330247117793,0.388975678109179
5387,0.19279210819635836,0.0021837856046669395,0.41559538196034873,0.3894287242386259
5388,0.1931308390802684,0.0022334973717929385,0.4158051539550855,0.38883050959285315
5389,0.1931971767630812,0.002241079940257262,0.4160890163732921,0.3884727269233695
5390,0.1936781128538494,0.002258082681169043,0.41645975783690564,0.38760404662807596
5391,0.1936856896088466,0.002305883028461004,0.41599544997726834,0.388012977385424
5392,0.1938293284955493,0.0022778227364603732,0.415895136570707,0.3879977121972833
5393,0.1938789483101547,0.0022938960123803894,0.4152383815074997,0.3885887741699651
5394,0.19344524284111517,0.0022602708253273156,0.41457546487781444,0.38971902145574305
5395,0.19333850094503102,0.002319572328981805,0.4138816634870602,0.39046026323892696
5396,0.1930806768793767,0.0023282088192348176,0.41383218176013215,0.3907589325412564
5397,0.19265717609650163,0.002362486292283309,0.4132554512138455,0.3917248863973695
5398,0.19259903493897074,0.002396694472164901,0.4129059042287482,0.3920983663601162
5399,0.1928811363766863,0.002398686939009279,0.4130050052134379,0.39171517147086654
5400,0.1923876004142856,0.0023741146692256576,0.4130314938867947,0.392206791029694
5401,0.19225744166268535,0.0023747887863312628,0.4137954997388523,0.39157226981213106
5402,0.19216720112275334,0.0023538501842873434,0.41436051511228217,0.3911184335806771
5403,0.19211572574302732,0.0024123166304521465,0.4142492020792618,0.39122275554725866
5404,0.19194398287264233,0.0024031969714729522,0.41436007871193137,0.39129274144395326
5405,0.19188731432222647,0.0024075515013338837,0.414358209350912,0.3913469248255276
5406,0.19158618381923115,0.0024079844423912466,0.414094790506599,0.39191104123177867
5407,0.1913168535652782,0.0024174266506227526,0.41503515603269536,0.39123056375140364
5408,0.1911989352664101,0.002444757932565835,0.4154770859956267,0.39087922080539733
5409,0.19121841535100598,0.0024846968483406254,0.41560521251667926,0.3906916752839741
5410,0.19110577645973761,0.002465570584680783,0.41560370963979487,0.39082494331578677
5411,0.1912743692629583,0.0024714645907895592,0.4155885346419673,0.39066563150428485
5412,0.19170294771472024,0.002464989393911682,0.415524736786265,0.3903073261051031
5413,0.19135264992573386,0.0024557988815426543,0.4155407742505012,0.3906507769422222
5414,0.19105525750723154,0.0024920567734783967,0.4149505201672111,0.3915021655520789
5415,0.19099983248335708,0.0024849203207683323,0.41508588865909235,0.3914293585367822
5416,0.19082480777998662,0.002478882506538209,0.4155598790493295,0.3911364306641457
5417,0.1905829831270362,0.002493576252206309,0.41589001857230895,0.3910334220484485
5418,0.19045904310243703,0.0024742095075209517,0.41598513279096033,0.39108161459908175
5419,0.19070320998962892,0.002515994043437687,0.4155609690310209,0.3912198269359125
5420,0.19070027357188357,0.002515287603882017,0.41561830076839057,0.3911661380558439
5421,0.19045345923597432,0.0025604060168260283,0.41545825939798303,0.3915278753492166
5422,0.19038465803646462,0.002560996773562861,0.41536157607089763,0.39169276911907497
5423,0.19040624878529597,0.002585700498144224,0.4154593850940513,0.39154866562250856
5424,0.19008323716814682,0.0025965949814367867,0.41597375160623534,0.39134641624418104
5425,0.18993613394812922,0.00260488626399238,0.4154758802408656,0.39198309954701277
5426,0.1899440930608539,0.002573312316553996,0.4155791373179859,0.3919034573046062
5427,0.18937393085765802,0.0025837886831909266,0.41651162641945216,0.39153065403969883
5428,0.18891883172701276,0.002592536032358363,0.41665185067627225,0.39183678156435664
5429,0.1887036548770666,0.002514009145963583,0.416915892656528,0.3918664433204418
5430,0.18857280374585061,0.002536344238835604,0.41671636654251715,0.3921744854727967
5431,0.18876854265734289,0.0025298325536410138,0.41681257276251227,0.3918890520265038
5432,0.18845553837137902,0.002519441513835835,0.4165881748213681,0.392436845293417
5433,0.1886777298936048,0.002530157701412366,0.416638067760479,0.3921540446445037
5434,0.18880553600012967,0.0024980427540198516,0.4160813940336377,0.39261502721221275
5435,0.1886223575452837,0.002545786042857394,0.41674050134847046,0.3920913550633885
5436,0.18880371764174347,0.0025337206358478762,0.41667790783417313,0.3919846538882355
5437,0.18871491493167575,0.0025505948332206567,0.4167461874503042,0.39198830278479946
5438,0.18869825189733483,0.002489939880634724,0.4167811709043848,0.3920306373176457
5439,0.18866002909310042,0.0024851529394613247,0.4162248774053562,0.39262994056208206
5440,0.18864140216058106,0.0024687480921563422,0.41597108379282544,0.39291876595443714
5441,0.18820693567705046,0.002469164345528071,0.41567025928847856,0.39365364068894293
5442,0.18859197731169405,0.002497715719035187,0.41503859833753787,0.3938717086317328
5443,0.1887752692112113,0.0024721651778941674,0.41486169906290665,0.3938908665479879
5444,0.18869342963766855,0.00246973381391704,0.41530995173090474,0.39352688481750975
5445,0.1884544734254589,0.0024565626457530364,0.4155262601167224,0.3935627038120656
5446,0.18837248219790495,0.0024454944232792787,0.4158195719630081,0.39336245141580756
5447,0.18864440425284804,0.002373030347419809,0.4155624218822361,0.39342014351749605
5448,0.18884230455264725,0.0023309511598435693,0.4155384655904193,0.3932882786970899
5449,0.18870821540176794,0.002324206565071437,0.41607566877079094,0.3928919092623696
5450,0.18848288509281558,0.002278022264678716,0.4165982430040292,0.39264084963847645
5451,0.18831279679487545,0.0023404954295548038,0.4163266435715191,0.3930200642040506
5452,0.1880911895576926,0.0023467719350175518,0.4160494633969238,0.3935125751103661
5453,0.1881576783642965,0.0023276568375227465,0.4162540616977252,0.3932606031004555
5454,0.18791818903792673,0.002298490923357013,0.4166233433527446,0.39315997668597175
5455,0.1878875567109431,0.0022799412962620294,0.4165662310764506,0.3932662709163443
5456,0.1876046139901058,0.0023162829076113244,0.4162260480934824,0.3938530550088006
5457,0.18780561498521867,0.0023419440950618723,0.41595803385047647,0.3938944070692431
5458,0.18739826101376597,0.0023450290822661013,0.4162902827150855,0.39396642718888236
5459,0.1872770844604366,0.002381025012965784,0.41662448951147785,0.39371740101511976
5460,0.1870989332671762,0.002389080548508546,0.41650307811394693,0.39400890807036826
5461,0.18738106483651437,0.002364553328227199,0.41671908681355213,0.39353529502170626
5462,0.18731964571851917,0.002366401791666549,0.4162625029917483,0.3940514494980659
5463,0.1869670750914533,0.0023537673992232123,0.4162751205049524,0.3944040370043711
5464,0.1866894980799096,0.002383836484313096,0.4164748817510685,0.3944517836847088
5465,0.18648604578449982,0.002370622732695759,0.41649456494072207,0.3946487665420825
5466,0.18673881865921543,0.002365198457727543,0.41594169567924205,0.39495428720381504
5467,0.18703753250515287,0.0023845909591475763,0.4154728630908441,0.39510501344485544
5468,0.18714969360903877,0.0024000773000113196,0.4153520950651239,0.395098134025826
5469,0.18665772835799319,0.002417320614232033,0.41521541251349536,0.39570953851427937
5470,0.18667184223933542,0.0024490577678105666,0.41535724262319784,0.39552185736965617
5471,0.18678839931332503,0.0024336839010982974,0.415563670963255,0.3952142458223217
5472,0.18694567397388387,0.002413349123331109,0.41530615141606475,0.39533482548672033
5473,0.18708029946650218,0.002426032271607219,0.41479736893733127,0.3956962993245594
5474,0.18753949018121388,0.0024276298321827855,0.4145361514425421,0.3954967285440612
5475,0.18774604600434724,0.002441479018676957,0.4139391839609955,0.39587329101598023
5476,0.18779998371931,0.0024638833462996695,0.4136300859783595,0.3961060469560309
5477,0.18756578969192403,0.0023935106907310663,0.41320268189965753,0.3968380177176874
5478,0.18703874326984463,0.002361037318433563,0.4139362476731939,0.3966639717385279
5479,0.18684023836766034,0.0023856567285373193,0.41402264722201465,0.39675145768178766
5480,0.1870699724948059,0.0024095748506738858,0.4136334047817753,0.39688704787274487
5481,0.18736157699018563,0.0024109292953596534,0.41376519170596826,0.3964623020084865
5482,0.18722440498586307,0.0024586046965990364,0.4137104568014324,0.3966065335161054
5483,0.18743679725165735,0.0025331869737788074,0.41353580889737707,0.39649420687718673
5484,0.18691456167443987,0.002568264882571773,0.4141452009594831,0.39637197248350525
5485,0.18674536568602396,0.0025845487273115134,0.41401993880151783,0.39665014678514676
5486,0.18695937252129335,0.002557500814360392,0.4138573583757946,0.3966257682885516
5487,0.18714153182688123,0.0025948211317921577,0.4138729589460703,0.39639068809525624
5488,0.18663398502772893,0.002623464672193163,0.41372105918685637,0.39702149111322155
5489,0.18594971587584422,0.0026035363838698465,0.41434868459635943,0.3970980631439265
5490,0.1861669872543556,0.0026589755077942286,0.4144189764546186,0.3967550607832316
5491,0.18691152344970383,0.002660002455205649,0.4138266285157773,0.3966018455793132
5492,0.18680561674045126,0.0026492744181056673,0.4133563621070377,0.3971887467344054
5493,0.1865993946350458,0.002619877695700947,0.4134983646537176,0.39728236301553566
5494,0.18643839630033876,0.002635693774293563,0.4139426994699599,0.39698321045540774
5495,0.18647141469439488,0.002622607639510514,0.41399655779431244,0.396909419871782
5496,0.18645340361144486,0.0025808061157480016,0.41434260153180025,0.3966231887410069
5497,0.1863415529729882,0.002559798199855473,0.4141814169769786,0.3969172318501777
5498,0.1867808357262109,0.0025571403536114794,0.4133946838847503,0.3972673400354273
5499,0.18666520199662268,0.002575976512486193,0.4135418568432905,0.3972169646476006
5500,0.18664602000728983,0.0025458354011367056,0.4140253071113129,0.3967828374802607
5501,0.18669748082300602,0.002561522298534481,0.41379065161410633,0.39695034526435313
5502,0.1869148555210976,0.0025781915857472134,0.4141203956906618,0.39638655720249333
5503,0.18717566658255858,0.0025652739933063403,0.41352873668187506,0.39673032274226006
5504,0.18721043646669314,0.0026026382317657004,0.41359468453000214,0.396592240771539
5505,0.18729030087642873,0.002651667085279282,0.412861030107665,0.3971970019306269
5506,0.1870530505444013,0.0026645963698246093,0.4126336281964352,0.39764872488933894
5507,0.18654672998919647,0.0027173695950844985,0.4135477961913427,0.39718810422437634
5508,0.18659731145283612,0.0027250425225683337,0.413607285255163,0.39707036076943264
5509,0.18640293382782552,0.002789994950513495,0.41374020067285516,0.39706687054880574
5510,0.18668715642812578,0.0028004640343179408,0.4137067435395744,0.39680563599798185
5511,0.18677978223873432,0.0028220904137089852,0.41334930473763737,0.39704882260991925
5512,0.18701451748451578,0.002773135611086012,0.4135540969607767,0.39665824994362153
5513,0.18696336861729657,0.002802598463749611,0.412740123861045,0.3974939090579088
5514,0.1868023776420471,0.0028962887039268486,0.41303032435995757,0.39727100929406856
5515,0.18692046861960593,0.002886874760911905,0.4127072675413971,0.397485389078085
5516,0.1868291071459494,0.0028877029471342614,0.41298014739094446,0.3973030425159719
5517,0.1873611990216869,0.0028290484017270048,0.41276362832008023,0.3970461242565059
5518,0.18698166843944172,0.0028724639386982437,0.41336221237311993,0.3967836552487401
5519,0.1867000231408837,0.002898350036524403,0.4137194297411386,0.39668219708145336
5520,0.18683703334583818,0.0029023710902666665,0.4138232260161093,0.3964373695477858
5521,0.186802698771716,0.002911966825877377,0.4132902427064889,0.39699509169591773
5522,0.18637854538649415,0.002877962218746346,0.41343759617683684,0.39730589621792267
5523,0.18674831440205733,0.002846454044306082,0.4136442756953926,0.396760955858244
5524,0.1866797813821327,0.0028622889305596074,0.41346155065332074,0.3969963790339869
5525,0.18662819346653792,0.0028882214040422067,0.4142585098486683,0.3962250752807515
5526,0.1862278659248364,0.002887245092124902,0.4150475526210721,0.3958373363619666
5527,0.18621687901359893,0.0029370477926255224,0.41532373112999393,0.39552234206378156
5528,0.1862092623674417,0.0028843002921124516,0.41582661108071906,0.39507982625972693
5529,0.1859156972537423,0.0029221328636560556,0.4164518285542654,0.39471034132833627
5530,0.18597927123692387,0.0028714696799921158,0.4167660182912883,0.3943832407917958
5531,0.18606563317868657,0.0028901397781541634,0.41686351659789606,0.3941807104452632
5532,0.18629594456527399,0.0028705451011273708,0.41667230923537124,0.39416120109822733
5533,0.18660520104615533,0.0028532526201392855,0.4160979589289336,0.3944435874047717
5534,0.18651389029170445,0.0028766579398965173,0.41626338293059195,0.3943460688378071
5535,0.1862973327133721,0.0028843717551724963,0.4165556663634497,0.3942626291680058
5536,0.18577733916050096,0.002899169981407274,0.41694560777563827,0.3943778830824535
5537,0.1854516045837993,0.002967770785553472,0.4175948242207309,0.39398580040991626
5538,0.18572879592885774,0.002931708591515764,0.4178843860982351,0.39345510938139144
5539,0.1851054484762617,0.0029349390467366537,0.4180515108741877,0.393908101602814
5540,0.18471527839928364,0.002913556938022877,0.4182996205780444,0.39407154408464906
5541,0.1848181785212945,0.0029356606509207137,0.4180718985033587,0.3941742623244261
5542,0.18465459852725896,0.0029113380162236304,0.4185642361497752,0.39386982730674225
5543,0.18478540015380296,0.0029378206299534937,0.4184803473029037,0.3937964319133399
5544,0.18478310102184783,0.002991833925817847,0.41898962961764863,0.39323543543468564
5545,0.18476672980352166,0.003034262402864523,0.41887425558252617,0.39332475221108776
5546,0.18477273418269136,0.0030322675700255332,0.4186605522548838,0.3935344459923993
5547,0.18444765326598944,0.003095674333880812,0.4184387837761225,0.3940178886240072
5548,0.1839163292933787,0.003085060570187484,0.4192658783633646,0.3937327317730692
5549,0.18381385500997097,0.0031080812950885534,0.41942240395678604,0.3936556597381544
5550,0.18404415231477325,0.0031257729901223706,0.4196151961000255,0.39321487859507886
5551,0.1840027171887552,0.0031579048065334013,0.4194581007647951,0.39338127723991634
5552,0.18421392865083733,0.0031391897085823114,0.4195200635643226,0.39312681807625777
5553,0.18407091667593742,0.003174408088375903,0.4197961929850945,0.39295848225059216
5554,0.18407003933783764,0.003181608006897172,0.42029360500834195,0.39245474764692323
5555,0.18413619951858018,0.00320796460141895,0.4200206349736294,0.3926352009063715
5556,0.18400769577253331,0.0032061397425862414,0.4196454730763596,0.39314069140852087
5557,0.1836740820208119,0.0032935460596817735,0.419685756407506,0.39334661551200034
5558,0.1833515020125592,0.003289652965145885,0.4194838864318727,0.3938749585904223
5559,0.1834856585097469,0.003316192025825248,0.4199033345092027,0.39329481495522517
5560,0.18349271903866304,0.003267455580731454,0.41936311992173075,0.39387670545887477
5561,0.18387060454964507,0.0032858857143847112,0.4183067196584821,0.39453679007748804
5562,0.183556310481656,0.0032382293910510557,0.4188986358440875,0.39430682428320535
5563,0.1835244538050305,0.0032736728901063307,0.4187028278066123,0.394499045498251
5564,0.18335487628811348,0.0032917107217073395,0.418866668378956,0.3944867446112233
5565,0.1831687694424084,0.0032612365685760992,0.41849759751618987,0.39507239647282566
5566,0.1830128502954455,0.0032703533659081663,0.4185423060653717,0.3951744902732745
5567,0.18306135192991768,0.0032926787947520782,0.41871360877737446,0.39493236049795594
5568,0.18330405230770175,0.0033120602496317262,0.41862323375137267,0.3947606536912939
5569,0.18321599613109302,0.003330734631789552,0.4182966670459628,0.39515660219115467
5570,0.1827771344569651,0.00331696369805346,0.41878293832246793,0.3951229635225134
5571,0.1830589847799025,0.003339965853776841,0.41842658697343105,0.39517446239288956
5572,0.18265096783943396,0.0033401858284383607,0.41878556199461875,0.3952232843375089
5573,0.1826648946152976,0.00338178306728881,0.418837020590313,0.39511630172710055
5574,0.18286410452201515,0.0033607172994643345,0.4188808961359838,0.39489428204253674
5575,0.18286451424430444,0.0033234908617027444,0.4194703433912193,0.3943416515027735
5576,0.1825218471835064,0.0032545668597373455,0.4195007688759264,0.3947228170808298
5577,0.18222282087265787,0.0032335462618591376,0.41937734618843453,0.3951662866770485
5578,0.18204417051605257,0.0032613522444317174,0.4194673588129989,0.3952271184265168
5579,0.18218649777486245,0.0032583507277175227,0.4189535807550689,0.39560157074235114
5580,0.1819723668738486,0.003266540328187547,0.4190343649924129,0.395726727805551
5581,0.18227763550384052,0.003203086972683793,0.41909271693261774,0.3954265605908579
5582,0.18226099475814175,0.0031925128353950576,0.41848720867015965,0.3960592837363035
5583,0.1824874342371885,0.0032046336576037116,0.41767333943933876,0.39663459266586903
5584,0.18286387310711905,0.0032187692418550753,0.417582334365623,0.3963350232854028
5585,0.18337615918432867,0.003137769316035608,0.417509794965574,0.39597627653406176
5586,0.18297259788988873,0.0030930293681950202,0.416611877088007,0.39732249565390926
5587,0.18278579573151194,0.0030677603712134928,0.4165420114342597,0.3976044324630149
5588,0.18326529668784913,0.0030677956724844396,0.4165873920510303,0.3970795155886361
5589,0.1831709265638113,0.003027018707601857,0.4168682796717486,0.3969337750568383
5590,0.18293973066747735,0.0030067301008294507,0.41658281103908107,0.3974707281926121
5591,0.18278195823027749,0.003004402682067573,0.41636699349465206,0.39784664559300287
5592,0.18264341634692535,0.0029735936239087637,0.41629526565539887,0.39808772437376694
5593,0.18251666199922476,0.002991177432230407,0.4163851558947821,0.3981070046737628
5594,0.18165874045951694,0.0030056005104310184,0.4166679709242641,0.39866768810578795
5595,0.1815014419605561,0.002986835567404193,0.416795805092885,0.39871591737915474
5596,0.1813624842868243,0.0029691289770245543,0.4169435298530556,0.39872485688309556
5597,0.18131277537039578,0.0029340257686648174,0.41651243890938394,0.39924075995155545
5598,0.18101791496280792,0.002934486792353181,0.4166887579866841,0.3993588402581548
5599,0.18049029568820937,0.0029145762801221936,0.41724341032411993,0.3993517177075484
5600,0.18033567813086343,0.002890130681913374,0.4167200423036405,0.4000541488835827
5601,0.1801383231485739,0.0029310113127508967,0.4167347468546049,0.40019591868407034
5602,0.1798866270145743,0.0028807834382176337,0.4167530417177412,0.40047954782946693
5603,0.18029106491214025,0.0028297827041916324,0.41673347499374014,0.4001456773899279
5604,0.1801988805326477,0.002770412119236122,0.41666440708268926,0.4003663002654269
5605,0.18015361509718816,0.0027932907431700033,0.41701062491887597,0.4000424692407659
5606,0.18041932769609664,0.0027947590169258513,0.4164085990694744,0.40037731421750317
5607,0.18021621922910044,0.0028342681152332904,0.41653364976613594,0.40041586288953035
5608,0.17994216754670878,0.002856813008172266,0.4166230583641884,0.4005779610809306
5609,0.17963372036014782,0.0028463279850508153,0.41700100657857553,0.40051894507622593
5610,0.17947804533360567,0.0028470921166195394,0.4176083259327485,0.4000665366170263
5611,0.17953585617892728,0.002768675809892248,0.41793218727945,0.3997632807317305
5612,0.17949041721329162,0.00276797208900084,0.4182167039337651,0.3995249067639426
5613,0.17931991602348604,0.002781803851079743,0.41868520294942596,0.3992130771760083
5614,0.17957067409405797,0.002810055682700068,0.41905266522720164,0.3985666049960404
5615,0.17987570232916172,0.0028108440679024006,0.4186650101712921,0.39864844343164385
5616,0.17978739371350166,0.00274325741804276,0.4184600604494631,0.39900928841899247
5617,0.18006661038054336,0.002726217486710301,0.418108660800236,0.39909851133251034
5618,0.17993024669231208,0.002702472542049531,0.41790988659274086,0.39945739417289755
5619,0.1801182710932669,0.002727200238171329,0.41822687608539627,0.39892765258316554
5620,0.18006975845001702,0.0026794793668247826,0.41842574984469144,0.3988250123384667
5621,0.17992895586589955,0.0026976467183260585,0.4184800173826953,0.39889338003307906
5622,0.17996660881897295,0.002672727798461642,0.4184601276587321,0.3989005357238334
5623,0.17997294919682405,0.00266564311884001,0.4188170189411804,0.3985443887431555
5624,0.1798594706776188,0.0026460247340203847,0.41907187366479687,0.398422630923564
5625,0.18004752598711565,0.0026631381981674896,0.41913824986898457,0.3981510859457323
5626,0.18030031393067553,0.0026388648751176297,0.4190847265681271,0.3979760946260797
5627,0.1799977024561082,0.002658619186378158,0.41894607888011376,0.3983975994773999
5628,0.17984022975329766,0.0026294093001078276,0.4186333077626199,0.39889705318397456
5629,0.18008585676170777,0.0026141070812285396,0.4181903101355518,0.3991097260215119
5630,0.18019576115963823,0.0026023914641013566,0.41823609897346226,0.3989657484027983
5631,0.18023065162364946,0.002575772252490464,0.4178470128663824,0.39934656325747764
5632,0.18019674341266448,0.0025518717039553452,0.41788264490114,0.3993687399822401
5633,0.18020012199057497,0.0025053105107805504,0.4172957177265838,0.3999988497720608
5634,0.1804743599491642,0.00248818104416304,0.41628542027452964,0.40075203873214305
5635,0.18067016424437538,0.0025196074748607715,0.4160475832430026,0.40076264503776127
5636,0.18069722910408972,0.002491763763637206,0.41675849545479754,0.4000525116774756
5637,0.18086837785425483,0.002519598843676272,0.41612132127040813,0.4004907020316607
5638,0.18113746914848575,0.002476296510162052,0.4161496491303668,0.4002365852109854
5639,0.18117814523218695,0.0024896115429741206,0.416371103049745,0.3999611401750939
5640,0.18130899910494022,0.002520028734820489,0.41633908586150403,0.3998318862987353
5641,0.18132428322875982,0.002544535980242084,0.4170129211726854,0.3991182596183126
5642,0.18135748343354288,0.0025168555553125847,0.4174200723643387,0.39870558864680583
5643,0.1814167733733063,0.002526439083019841,0.4174700123691671,0.3985867751745067
5644,0.18163210421461776,0.002530305889728296,0.417841886388899,0.39799570350675495
5645,0.18093300045881403,0.0025262577135446163,0.41827094023923045,0.39826980158841085
5646,0.18110291269930923,0.002498284774372456,0.41778941634116995,0.3986093861851484
5647,0.1811664925309992,0.002484918155693473,0.4182851511853348,0.3980634381279725
5648,0.18121401319672675,0.002463368712715851,0.4176527182446924,0.398669899845865
5649,0.18098162600311168,0.0024520007397164007,0.41758672945441944,0.3989796438027525
5650,0.1812219475818928,0.0024200017819976066,0.4170650098303084,0.3992930408058012
5651,0.18123772422307402,0.0023982661580972792,0.4171636675822862,0.39920034203654253
5652,0.18138180273568044,0.002374137952569706,0.417263804241489,0.3989802550702607
5653,0.18104195811051,0.0023919466542034113,0.417010271103603,0.39955582413168356
5654,0.1811052823028496,0.0024472978142940174,0.41676071236602724,0.399686707516829
5655,0.18112456841314734,0.0024249047779725565,0.41669289609959376,0.39975763070928627
5656,0.18124633734207846,0.0024343415560938437,0.41680836555702144,0.3995109555448062
5657,0.18097471837891166,0.0024798602968927703,0.4174175561149342,0.3991278652092614
5658,0.18094905510394188,0.0024583492178966355,0.41767907378791175,0.3989135218902497
5659,0.1806926282800205,0.0024657371786295807,0.4182266736250285,0.3986149609163214
5660,0.18069402984241978,0.0024677126159918226,0.41762948466191985,0.3992087728796686
5661,0.18087561629197216,0.0024588121394684324,0.4176097029556491,0.3990558686129103
5662,0.18106200971525419,0.002460789957307574,0.4178267605317291,0.398650439795709
5663,0.1812317514995248,0.0024903183154861143,0.4172786690635433,0.3989992611214458
5664,0.18102326559190357,0.0025428544549010853,0.4177012468519282,0.3987326331012671
5665,0.1809962485362942,0.0025362102396107727,0.4169967664864512,0.3994707747376439
5666,0.18095630662723544,0.0025313883776617785,0.41709971946524405,0.39941258552985875
5667,0.18108433507800262,0.0025774929878630533,0.4175792422990242,0.39875892963511006
5668,0.18091110395701404,0.0025641465241105867,0.4182344775605129,0.3982902719583625
5669,0.18089499703050305,0.0025185357431689584,0.41838527772952183,0.39820118949680616
5670,0.1806139821632126,0.0025643884127358246,0.41839736811265543,0.39842426131139613
5671,0.18075647423395574,0.0025879951213139797,0.4183468224930567,0.39830870815167346
5672,0.18049629220921082,0.002653140059092931,0.41833712496903325,0.398513442762663
5673,0.18048060960749734,0.0026121961605491822,0.4193906487836139,0.39751654544833964
5674,0.18041673005237543,0.0026077913090934183,0.41955794649210143,0.3974175321464298
5675,0.180619175279294,0.002664889842732579,0.4193626223006439,0.3973533125773295
5676,0.18082260498272698,0.0025300579906968254,0.41924738506453024,0.3973999519620459
5677,0.18070530539353036,0.0025067836257114963,0.4196619685769346,0.3971259424038235
5678,0.18064274897496677,0.002538931129831913,0.4201249336315347,0.3966933862636667
5679,0.18007312617096236,0.0025176659057891773,0.42028942404616243,0.39711978387708596
5680,0.18009786336949613,0.002507353815390568,0.4202738411796738,0.3971209416354395
5681,0.18028119346303031,0.0025361583170800646,0.4193549969862054,0.39782765123368413
5682,0.180533250691888,0.002555636587907932,0.41949649915173665,0.3974146135684674
5683,0.18108422713615585,0.002594545735639542,0.4203503808426271,0.39597084628557755
5684,0.1818574816300182,0.0025698748614566684,0.4194905757971261,0.39608206771139903
5685,0.18156592386704382,0.0026007642139141726,0.41928029331634614,0.3965530186026958
5686,0.18181743203658957,0.0026151172182058806,0.41979703115718026,0.39577041958802434
5687,0.18171217565132491,0.0026166606700961806,0.4196161605664668,0.3960550031121121
5688,0.1817518608133958,0.002676330045004679,0.4197011266283443,0.3958706825132551
5689,0.18175697952610964,0.0026943239451227424,0.4189708941308788,0.39657780239788887
5690,0.18189617585112602,0.002738993203800898,0.41860699820312314,0.39675783274195
5691,0.18222341314606508,0.0027216338598601755,0.41947858172207547,0.39557637127199924
5692,0.182311644865479,0.0026548628196599216,0.41918347945633166,0.3958500128585295
5693,0.18246819602275477,0.0026337147649247725,0.4191302005407714,0.39576788867154905
5694,0.1825070297937424,0.0026118888574269516,0.41889651822374424,0.39598456312508634
5695,0.1827207921505356,0.0026513426752877,0.41843302272109134,0.39619484245308534
5696,0.18254227611829751,0.0026709640078739763,0.4189533741614526,0.3958333857123758
5697,0.1828079620588515,0.0026542020543171463,0.41891897099031394,0.39561886489651743
5698,0.182837154151087,0.0026013388968198757,0.4186528587701196,0.3959086481819735
5699,0.18273330268968135,0.002624659691454618,0.4187297971473017,0.3959122404715624
5700,0.18283030671506756,0.002620781660121861,0.41936286728975636,0.39518604433505417
5701,0.18279932412181019,0.002600006658109006,0.4188869644059011,0.39571370481417967
5702,0.18302187720417457,0.0026217634865399087,0.4186612125012238,0.3956951468080616
5703,0.18338103373043085,0.002655449694950223,0.41869074680833795,0.3952727697662809
5704,0.18300114356531633,0.0026900866508984215,0.4192240508130455,0.3950847189707398
5705,0.18276718920772955,0.002735839041113866,0.4197710210303251,0.39472595072083144
5706,0.1827906847018692,0.0027787541150930558,0.4200802445311204,0.3943503166519174
5707,0.18287059325131172,0.0027786210503356764,0.42045154871466756,0.393899236983685
5708,0.18261224134862766,0.0027777414763108803,0.4208290943107803,0.39378092286428107
5709,0.1822372015394146,0.0027415355875170903,0.420911251925815,0.3941100109472531
5710,0.18235951466662284,0.0027165225186034886,0.4217136408629355,0.3932103219518382
5711,0.18203761086878,0.002671500055003017,0.4216469215789669,0.39364396749725
5712,0.18167372078834615,0.0027307188269906366,0.4216458008653148,0.3939497595193484
5713,0.18129627170428542,0.0027238206366243774,0.4216884869279383,0.3942914207311518
5714,0.18122920704704143,0.0027176490281221556,0.4217421478054443,0.3943109961193921
5715,0.18119035638145825,0.0026824090132357412,0.42209542751101015,0.39403180709429586
5716,0.1809058840386161,0.002643919309124102,0.42180507697888786,0.394645119673372
5717,0.18066173405537975,0.0026170817103236287,0.4222711607071597,0.39445002352713693
5718,0.1815080610651045,0.0027008874145010944,0.4220002220789122,0.3937908294414822
5719,0.18155125717449933,0.0027405253243068827,0.42183644948715615,0.39387176801403767
5720,0.18198380177511134,0.0027363246077211183,0.422027958385342,0.39325191523182557
5721,0.1820799043753785,0.002786558297655184,0.4218005713934187,0.3933329659335476
5722,0.1818657975600019,0.002819192983800008,0.4217649470954763,0.3935500623607217
5723,0.18211785661413504,0.0027840277150195936,0.42256509202709297,0.3925330236437524
5724,0.18217462434902934,0.002803188127326688,0.4230873966325196,0.39193479089112443
5725,0.18234059032506564,0.0027481018907010548,0.42395590951423057,0.3909553982700028
5726,0.1824219664798912,0.0027257626827173914,0.42342146140367165,0.3914308094337197
5727,0.1828009885632318,0.0026870580881964467,0.4230253086113606,0.39148664473721106
5728,0.18247842013048093,0.002625296435124025,0.4227359700805861,0.3921603133538089
5729,0.18238080539088736,0.0026230266771823333,0.42268326315002047,0.39231290478190983
5730,0.18218454740801465,0.002597148367792572,0.4226011079747563,0.39261719624943636
5731,0.18220633009001147,0.002587175289599993,0.4225143890328539,0.3926921055875346
5732,0.18207961694500976,0.002579861194156498,0.422744193841849,0.39259632801898475
5733,0.18239604002173557,0.0026417148036852133,0.4224027443640745,0.3925595008105048
5734,0.1823613191328403,0.002613354060883844,0.4222400840110258,0.39278524279525
5735,0.183038907767004,0.0025953891366205005,0.4213873649063222,0.39297833819005323
5736,0.18343121617685174,0.002627509487585865,0.4217782083950266,0.39216306594053585
5737,0.1838686649107249,0.0026345085842502244,0.4215511058685406,0.39194572063648425
5738,0.18379067749502098,0.0026354460916969335,0.4211184669846279,0.3924554094286542
5739,0.1840062265904367,0.002665995706082649,0.421251769867968,0.39207600783551266
5740,0.18369431035244116,0.002604828978942139,0.4215669758567825,0.3921338848118342
5741,0.18382629738780237,0.002606142941544061,0.4210651942946284,0.3925023653760251
5742,0.1837617828806185,0.00265728916798213,0.4211038312346279,0.3924770967167714
5743,0.18372635790631137,0.0026922944254151463,0.4211488910315209,0.3924324566367527
5744,0.18361961440674063,0.0027434663002670226,0.4212643874723058,0.39237253182068643
5745,0.18333854388198073,0.0027341548263482493,0.4213291029312913,0.3925981983603797
5746,0.18391526023170882,0.0027195094574018913,0.42100673092713636,0.3923584993837529
5747,0.1835790434513684,0.002730407856718294,0.42088929500576133,0.3928012536861518
5748,0.1837752630635546,0.002662645729165392,0.42057660856858253,0.39298548263869754
5749,0.1842800786597593,0.0026584404720085206,0.42048324533554754,0.39257823553268467
5750,0.18449237762579812,0.0026301778936441735,0.4196849325444682,0.39319251193608956
5751,0.18443357567993618,0.002609426077861383,0.4201009470991221,0.3928560511430802
5752,0.18445558654027597,0.002587193516030365,0.4201080311903044,0.39284918875338937
5753,0.1845666300604216,0.0025543091002131696,0.42109669837741615,0.3917823624619491
5754,0.18469799065619297,0.0024799170932412844,0.4213744606420988,0.39144763160846685
5755,0.1843389646492136,0.0024160440539533396,0.42148172350172997,0.3917632677951031
5756,0.18440682627389257,0.0024165177929402256,0.4219283975796052,0.391248258353562
5757,0.18461191656306655,0.002411615333557388,0.42172930701222083,0.39124716109115515
5758,0.18476658891129888,0.002404233654617567,0.4213548056803484,0.39147437175373523
5759,0.18477492830948497,0.0023530115939046593,0.4216013206315501,0.3912707394650603
5760,0.18426615012401895,0.0023711720438511995,0.4231099417117653,0.3902527361203646
5761,0.18403710133342369,0.002381921536657571,0.42356485503341723,0.3900161220965015
5762,0.18428691964906596,0.0023725648783968455,0.42306841982271504,0.3902720956498222
5763,0.18437921285140357,0.0023553717429882957,0.42321041803596404,0.39005499736964416
5764,0.18421243131616782,0.0023856519411692267,0.42322484905147323,0.3901770676911897
5765,0.1841926560656896,0.0023685373888190663,0.42260975542543433,0.39082905112005706
5766,0.18406839038388428,0.0023417462311111307,0.42314006384382025,0.39044979954118436
5767,0.18426607883750445,0.002369937313104413,0.422574415441688,0.3907895684077032
5768,0.18383791037736583,0.0023305296701405355,0.4222115557580334,0.3916200041944603
5769,0.18436062525990163,0.0023438547876753015,0.4232035611257852,0.39009195882663794
5770,0.18436127575514702,0.0022860461840078323,0.42332784516618815,0.39002483289465684
5771,0.1844091149019306,0.0022886897585074548,0.4238352877746438,0.38946690756491814
5772,0.1842938587416875,0.0023467967374406996,0.423633103450475,0.38972624107039683
5773,0.18377985580687348,0.0024051401918411355,0.4237217785490639,0.39009322545222147
5774,0.18419674227933908,0.0024145028580085503,0.42289144761563324,0.39049730724701914
5775,0.18470253203884013,0.0023836439082380104,0.4232770602152077,0.3896367638377142
5776,0.18458354774763197,0.002383562834826251,0.42309391795383106,0.38993897146371065
5777,0.18441103575612786,0.002282013466369534,0.4221731493366344,0.39113380144086807
5778,0.1842536337994037,0.002221120829031185,0.4229468003397713,0.39057844503179384
5779,0.18410411690866632,0.0022059928361421945,0.423218604732752,0.39047128552243954
5780,0.18374321171175334,0.002277863479793453,0.42278890829248345,0.39119001651596985
5781,0.18367137862958688,0.00234363825401862,0.42375302144152727,0.3902319616748672
5782,0.18345349523340432,0.0022792837208330204,0.42425795439455916,0.3900092666512035
5783,0.1835562656093504,0.0022912457920902817,0.423274791660741,0.3908776969378183
5784,0.1837241263764033,0.0022897971307801242,0.423561830618261,0.39042424587455543
5785,0.18419586167907784,0.0022589520571467503,0.423233350242166,0.39031183602160946
5786,0.18396828002931098,0.002199952732462497,0.4231698603030904,0.390661906935136
5787,0.18369193450119486,0.002203247144212982,0.4236438069298841,0.390461011424708
5788,0.18402656804372514,0.0021442530971978414,0.4236791746401238,0.39015000421895324
5789,0.1842246486466777,0.002210829211549515,0.4234659394623054,0.3900985826794674
5790,0.18440197112742263,0.0022488387169279133,0.4229032143873952,0.39044597576825424
5791,0.18438408296853703,0.002246851483208,0.4229383488568416,0.3904307166914134
5792,0.1849030307961364,0.0022889705315296714,0.423286151791889,0.389521846880445
5793,0.18508259088128476,0.0023291649137830196,0.42325955019426775,0.3893286940106645
5794,0.18556478170163032,0.0023714100922898867,0.4236968827277788,0.388366925478301
5795,0.18512255692977325,0.0023638100868331154,0.42486073152786863,0.3876529014555249
5796,0.18480242744216194,0.0023605169086025196,0.42574723465942627,0.3870898209898094
5797,0.18462227006452597,0.0023585501355150194,0.42588268936847734,0.3871364904314817
5798,0.18463782139927992,0.002389344981083226,0.4264321622579585,0.38654067136167836
5799,0.1843001094009662,0.0023689563239119547,0.42622256692214144,0.38710836735298043
5800,0.18411271290774017,0.00232526492699667,0.4257839920848694,0.3877780300803938
5801,0.18445648238051576,0.002369260153177179,0.4258627494136529,0.38731150805265424
5802,0.18443754317458436,0.002367346015250985,0.4251688281817717,0.388026282628393
5803,0.18428966906949693,0.002390184050459279,0.42455884610944594,0.38876130077059784
5804,0.18392428954547163,0.002323511444098364,0.4243570861587907,0.38939511285163936
5805,0.18382752133784308,0.0023169859093464047,0.4241612478427924,0.38969424491001814
5806,0.1838919250097409,0.002374050406871607,0.42393915036891505,0.38979487421447245
5807,0.18386389757810578,0.0023762936208353604,0.4233921054134477,0.39036770338761123
5808,0.18421575394370773,0.0023190184588810165,0.4230097498767801,0.3904554777206312
5809,0.18409717396757266,0.002315725076619827,0.423388966574979,0.3901981343808285
5810,0.18385805210175898,0.0023028886788719256,0.42324213829970275,0.39059692091966636
5811,0.18373844652008048,0.002321280132027952,0.4236121465003232,0.39032812684756846
5812,0.1841200379279713,0.0023370904477146145,0.4231894534628967,0.39035341816141733
5813,0.1841345249031556,0.002349505327303562,0.42289708593593234,0.39061888383360854
5814,0.18428772408220032,0.0022598140690846293,0.42306925265664336,0.3903832091920717
5815,0.18416850880064362,0.0022039938157167,0.4235964551031601,0.39003104228047963
5816,0.18462319035850724,0.0022246854811281214,0.4235910318375625,0.38956109232280217
5817,0.18498692259661473,0.0022415099289245346,0.42300157752383105,0.3897699899506296
5818,0.1847130566109587,0.0022890026821076057,0.4234791762116368,0.389518764495297
5819,0.18500253769211408,0.002324199342715864,0.42264408268045395,0.39002918028471606
5820,0.18479659524781863,0.0023710236570725894,0.4227795922250631,0.39005278887004574
5821,0.18488761276205606,0.0023638205360326523,0.4229970856966472,0.38975148100526413
5822,0.1846359903729736,0.0023976036202905107,0.42257740256504545,0.39038900344169036
5823,0.18491293094381372,0.0024050286264721077,0.42314544302094825,0.38953659740876595
5824,0.1843728500721411,0.0024234786692486094,0.42397017175741325,0.38923349950119696
5825,0.18427055255656896,0.0023856827969558694,0.4241620064946594,0.38918175815181577
5826,0.18444474488569906,0.0024241834360240475,0.4246805169484437,0.3884505547298331
5827,0.18417528221568807,0.002446348886862866,0.42491109774735014,0.38846727115009905
5828,0.18446374101552093,0.002461489249187222,0.4246894922196621,0.38838527751562973
5829,0.18439319904111826,0.002492349368323757,0.42507907219192365,0.3880353793986343
5830,0.1844039380777885,0.0024850404232976456,0.4246696239215216,0.38844139757739227
5831,0.18416934845259347,0.002452757532794421,0.4247855776249618,0.3885923163896504
5832,0.18411510046600205,0.0024612364403731333,0.4244947150026549,0.3889289480909699
5833,0.18413163491881715,0.0024514153651521674,0.42505707771054346,0.3883598720054872
5834,0.18442853863447978,0.002444503439764362,0.4244824637498941,0.3886444941758618
5835,0.18462206645894025,0.0024558615308050554,0.42472398343346357,0.38819808857679117
5836,0.1846782158220736,0.0024479086090135995,0.42465261487169403,0.38822126069721874
5837,0.18463472462595693,0.002463176252963003,0.42483130466739183,0.38807079445368825
5838,0.18488010576544123,0.0024484852718217225,0.42458562720610293,0.3880857817566342
5839,0.1848284782645276,0.0024247347051009065,0.4239569117726374,0.38878987525773395
5840,0.18469218036503338,0.0024301656102203215,0.424093994699561,0.3887836593251853
5841,0.1845556468354816,0.0023783703483369043,0.4240293280369283,0.3890366547792533
5842,0.1846704803442913,0.0023957707156904958,0.42425127135702534,0.388682477582993
5843,0.1846358792531077,0.0024473691963073797,0.42437802054031265,0.38853873101027214
5844,0.18480056921551882,0.0024223348677302166,0.4238014398564934,0.38897565606025764
5845,0.18462473867189044,0.0025091790558642237,0.4243215185599641,0.3885445637122812
5846,0.18460732971878197,0.0024712522358807205,0.4243554383406088,0.3885659797047284
5847,0.1846343386161947,0.0024958246699714214,0.42374871908201434,0.38912111763181956
5848,0.1848995817009192,0.0025334923384757618,0.42397330890727886,0.3885936170533262
5849,0.18520680145774054,0.0024820465564589778,0.42378478149771803,0.3885263704880824
5850,0.18547224746317237,0.0025394001615973915,0.42437659012292367,0.38761176225230654
5851,0.1856819366409084,0.0025701420444761095,0.42438945522931526,0.3873584660853002
5852,0.18592600123340614,0.0025893833113412625,0.4242398787258779,0.3872447367293747
5853,0.18564239313127148,0.0025064726423616726,0.4249341111838637,0.3869170230425031
5854,0.1857031118299726,0.002473868135047874,0.4251285306551821,0.38669448937979745
5855,0.1856101086531751,0.0024570380573571693,0.425313151864926,0.3866197014245417
5856,0.1852187440004523,0.0024646941550228326,0.42496419767771265,0.3873523641668123
5857,0.1853282901006268,0.0024713665237673316,0.424935465261792,0.3872648781138139
5858,0.18553658784480778,0.002515792727223785,0.4251898183193504,0.386757801108618
5859,0.18558441671934264,0.0025464820168381074,0.42538413882285236,0.3864849624409669
5860,0.18571888458790575,0.0025760690699820578,0.42549181847378303,0.3862132278683292
5861,0.18562154829467248,0.0026394078229212076,0.42531547737718195,0.38642356650522436
5862,0.1861295354336074,0.0025948761159506526,0.4250201757940212,0.3862554126564207
5863,0.18592377013644215,0.0026093608063313214,0.42600233881592126,0.3854645302413052
5864,0.185776939354938,0.002596076410504327,0.4256136265042286,0.38601335773032897
5865,0.18596352502906294,0.0025684259029386406,0.42470983211612034,0.38675821695187806
5866,0.18630617059965404,0.002576429618888266,0.4244398761784183,0.3866775236030394
5867,0.18584346476381755,0.0026258139094338232,0.424677122129296,0.38685359919745277
5868,0.18591774844014278,0.0025561142300900485,0.4256022960754645,0.3859238412543028
5869,0.1862359481287828,0.0025619990847699113,0.4256330574512964,0.3855689953351508
5870,0.18655335803194356,0.0025697825065024724,0.425637040153058,0.38523981930849593
5871,0.18663524242645518,0.0024938752127765425,0.425145462647904,0.3857254197128642
5872,0.18665126886845798,0.002534513112203954,0.4252146594314966,0.38559955858784145
5873,0.18671005966866638,0.0025427074299547697,0.4249026219749873,0.38584461092639155
5874,0.18662819313835258,0.0025620392422915058,0.42516140295227045,0.3856483646670856
5875,0.18637737217389955,0.0024961041642239173,0.4252927012860007,0.3858338223758758
5876,0.18646763887286727,0.002496710222885509,0.4258856798654172,0.38514997103883003
5877,0.18644322371820785,0.0025231388294857026,0.4263051448021489,0.3847284926501575
5878,0.18605897034856334,0.0025290374474757253,0.42639915460440864,0.3850128375995522
5879,0.18622224084152025,0.0025085039442082424,0.42602131237595947,0.385247942838312
5880,0.18615018443044484,0.002459438741811699,0.42634597459647106,0.38504440223127234
5881,0.1859533597429004,0.0024570930858021276,0.4262267328208155,0.3853628143504818
5882,0.18636384815794516,0.0024910330653265212,0.42575199544557146,0.38539312333115683
5883,0.18641127802148433,0.002515634281656764,0.4251920292476775,0.38588105844918136
5884,0.18615946985600776,0.0024777440666973708,0.425145696074153,0.3862170900031419
5885,0.18704257084169504,0.00242825944347366,0.4244037060026281,0.38612546371220313
5886,0.18721093363475214,0.0024208970608685706,0.42485520655719694,0.3855129627471823
5887,0.18711657511572688,0.0024338002830822216,0.4247282428104013,0.38572138179078974
5888,0.18686498941988008,0.002448532242653926,0.4249862031804616,0.3857002751570044
5889,0.18660267977192074,0.002429338456820928,0.4250648134201699,0.38590316835108857
5890,0.18714249068159758,0.002404179219183964,0.42498361008766833,0.3854697200115501
5891,0.1873728420989508,0.0023635575467137633,0.4248553253646308,0.38540827498970465
5892,0.18723254007653098,0.002364808027877247,0.42437323974085056,0.3860294121547411
5893,0.18714099273714874,0.0024093374292737824,0.4244467892388447,0.38600288059473287
5894,0.18772042472465006,0.0023670091945986833,0.42403459092804024,0.38587797515271105
5895,0.1874376134125318,0.0023079144361578333,0.4242029388720301,0.38605153327928027
5896,0.18743960361215312,0.0022907740580811633,0.42465537579865875,0.385614246531107
5897,0.18706903232739858,0.0022750287208665597,0.4244336830181984,0.38622225593353643
5898,0.18699617110882497,0.0022282444802395273,0.42480903266119674,0.3859665517497388
5899,0.18701105851580388,0.0022027187562812405,0.4247771851578701,0.38600903757004473
5900,0.18750327941838657,0.0021905535032624235,0.4247694252210182,0.3855367418573329
5901,0.18739316923584398,0.002205315248037634,0.4249387069315416,0.38546280858457677
5902,0.18745281962662472,0.0021599147078332254,0.4253520753143295,0.38503519035121253
5903,0.18749787337792698,0.002091658228677659,0.4251461573784286,0.38526431101496683
5904,0.18717612305322645,0.0020853673210868063,0.4258594435980803,0.38487906602760635
5905,0.18741433159562665,0.0020544987715761876,0.4258460938360879,0.3846850757967092
5906,0.18738454799596002,0.002104394883472226,0.42576836597760714,0.38474269114296067
5907,0.18706868828314566,0.0020726257105701884,0.4256912481060042,0.3851674379002799
5908,0.1872597951481146,0.0020618761364106807,0.42458380198887385,0.38609452672660083
5909,0.18729845690095132,0.002045807860289338,0.42532381533432373,0.3853319199044357
5910,0.18765770135197574,0.0021055141456536837,0.4246732524531642,0.38556353204920635
5911,0.1875556986144447,0.0021482963303912257,0.4251211123402873,0.3851748927148768
5912,0.1873779200891772,0.0020929678792032313,0.4249149392486564,0.3856141727829631
5913,0.18655384645016262,0.0020732811826861598,0.42489260183146016,0.38648027053569106
5914,0.186741493308637,0.0021029345774792717,0.4256686290965911,0.3854869430172926
5915,0.18654807429539344,0.0020751599711807127,0.4253851131232998,0.385991652610126
5916,0.1862003114057954,0.002026726731341774,0.42606863815099283,0.38570432371186997
5917,0.18558698626771608,0.0021034958469414193,0.4261520038311407,0.38615751405420184
5918,0.18541739010982566,0.002126491514826131,0.4263181441264566,0.3861379742488916
5919,0.18563333070609184,0.0020644810497273463,0.4261100604439124,0.38619212780026835
5920,0.1858039600851835,0.002099897484914656,0.4262362030647052,0.3858599393651966
5921,0.18594573350745833,0.0021028202600814937,0.4255856323087336,0.3863658139237266
5922,0.186060445751346,0.002064049863595609,0.4254021397908012,0.38647336459425713
5923,0.18592223284384962,0.0020811348035030507,0.42525387477776,0.38674275757488724
5924,0.18549909092560032,0.002068811189150278,0.42560960242928675,0.38682249545596276
5925,0.1857043652055008,0.0021403142223847204,0.42596303510602523,0.3861922854660892
5926,0.18589164945790645,0.002120271555822144,0.42616040469698857,0.3858276742892828
5927,0.18635768488307067,0.002131525897355495,0.4257377067405522,0.38577308247902165
5928,0.18614443840413827,0.002096305481015522,0.42533837626429527,0.38642087985055085
5929,0.18593543263941975,0.0020820940858972048,0.42507540046085757,0.38690707281382547
5930,0.1861867702534194,0.0021427702927488013,0.4256176190355231,0.3860528404183087
5931,0.18625933594459634,0.0020962412278350434,0.42549474091065037,0.38614968191691823
5932,0.18629102557495675,0.0021470841208698433,0.4248247853955456,0.38673710490862784
5933,0.1860662414826705,0.0021520022976499933,0.4245561323470028,0.38722562387267667
5934,0.185902804255827,0.002204802875263934,0.42442835483427876,0.38746403803463025
5935,0.18602964271464334,0.0021910382495767696,0.4246674152560167,0.38711190377976323
5936,0.18614581993838714,0.002161240170172106,0.4242266168218512,0.3874663230695895
5937,0.1862192067193729,0.0021363626759203546,0.4240489552122376,0.38759547539246914
5938,0.18623023190576604,0.002110730901168615,0.42376947417604993,0.3878895630170154
5939,0.18555549268930108,0.0020679996194317802,0.42378453968359403,0.3885919680076732
5940,0.1857055192727744,0.0020498717510667465,0.4241272378119761,0.38811737116418277
5941,0.18558036189494548,0.0020644342160805415,0.42445745741243873,0.38789774647653535
5942,0.18570452479402969,0.002102614085745846,0.4237532981940631,0.3884395629261614
5943,0.1859983031813645,0.0021458066886739778,0.42315827243599646,0.38869761769396505
5944,0.18621475563469692,0.0021402461129341756,0.42284189797353544,0.38880310027883347
5945,0.18587248213796856,0.0021393221535260013,0.4228240043076921,0.3891641914008134
5946,0.18613132853731404,0.002091175819069576,0.423323482347765,0.3884540132958514
5947,0.1862509292127374,0.002036479310475973,0.42319443611871693,0.3885181553580697
5948,0.1861851905757254,0.0020190377756841315,0.42278990776734054,0.3890058638812499
5949,0.1865241885241659,0.0020285573203805245,0.42178367105701947,0.3896635830984342
5950,0.18694119223350253,0.0020659071153261085,0.42228482107413956,0.38870807957703174
5951,0.18724647612126138,0.002048115480126708,0.42148144936035437,0.3892239590382576
5952,0.18731281905291722,0.0021242121423997247,0.4211958570965627,0.38936711170812033
5953,0.18689067119835803,0.002032930115647557,0.4215306213277935,0.38954577735820084
5954,0.18722469207081716,0.001973171043682664,0.42127176942138184,0.38953036746411823
5955,0.18720577397210822,0.0020089169379938674,0.42097868742060457,0.3898066216692933
5956,0.1870709938046626,0.0020276183475962627,0.42134446519343466,0.3895569226543065
5957,0.18731058416471852,0.002047444360954815,0.4208800960210213,0.3897618754533053
5958,0.18730199118907603,0.00213243611432227,0.42107154891380205,0.3894940237827996
5959,0.1875500539327058,0.0021475233895148255,0.42107096756611406,0.38923145511166524
5960,0.18752099066145417,0.0021259093334747847,0.42119758310933736,0.38915551689573374
5961,0.187048576504183,0.0020990461093860794,0.4219548011307426,0.3888975762556884
5962,0.1869228609599452,0.0020660427325369986,0.4225955314632016,0.3884155648443162
5963,0.18713077591765154,0.0021009418381326586,0.42229879643480694,0.3884694858094087
5964,0.18677139590418917,0.002136216856533817,0.4220557498882954,0.3890366373509816
5965,0.1872147803788118,0.00208186192684541,0.42212579976960996,0.3885775579247328
5966,0.18696799756596005,0.002097226886013277,0.42250510680159137,0.38842966874643536
5967,0.18740470653030583,0.002091098177484616,0.42197034435596975,0.38853385093623977
5968,0.18733360154299225,0.0021134857653053465,0.42178720522164925,0.3887657074700531
5969,0.18740528659444727,0.002184128089232647,0.4214544935583424,0.3889560917579777
5970,0.18740814687778357,0.0021575196903998797,0.42139664669924815,0.3890376867325684
5971,0.1878532404390287,0.002247087237610767,0.4202110935641463,0.38968857875921425
5972,0.1877202918537447,0.00225280571903802,0.4204906684621739,0.3895362339650433
5973,0.18801250413254514,0.002297090125432516,0.4209048367511527,0.38878556899086963
5974,0.1880369778228861,0.0023263000807129176,0.42080045644353337,0.38883626565286766
5975,0.18815409459093582,0.002313814193709216,0.42040759245888626,0.3891244987564687
5976,0.18842626776983648,0.0023100665842893807,0.4204955535706114,0.38876811207526274
5977,0.18833029571987478,0.002217303094201696,0.42051934972857213,0.3889330514573513
5978,0.1884070770945863,0.0022074712100001665,0.42078213506327683,0.3886033166321367
5979,0.18800133715234116,0.0022195899356668007,0.421431248519559,0.3883478243924332
5980,0.18805363306756,0.0022088940846903245,0.4212355126910546,0.38850196015669514
5981,0.18810633573333596,0.0022401752730414177,0.4216416098374033,0.3880118791562194
5982,0.18788447531687838,0.0022924896468165057,0.42129200540722633,0.3885310296290786
5983,0.18757097253472588,0.0022166869654781122,0.42183681269437867,0.38837552780541734
5984,0.18729861401463496,0.0022210616407560297,0.421719456797702,0.3887608675469071
5985,0.18714869462779396,0.0022392877839175684,0.4219428327667892,0.3886691848214993
5986,0.1870436880593934,0.0022231707074084153,0.4221306889863201,0.38860245224687817
5987,0.18683715111521515,0.0021696444912046734,0.4230646258476617,0.38792857854591845
5988,0.18704112566481063,0.0021669924675316323,0.42276695054705,0.3880249313206078
5989,0.18751598141827971,0.0021911434273526537,0.4223300774656725,0.38796279768869507
5990,0.18731508729409224,0.0022107435080362765,0.4221991788174802,0.3882749903803913
5991,0.18756450581964218,0.0022451209617778503,0.4220067271816951,0.388183646036885
5992,0.1874899216410075,0.0022464114283900654,0.42148936279757,0.38877430413303243
5993,0.18833214255074057,0.0023411284763219563,0.4213854096919493,0.38794131928098813
5994,0.18818092129397954,0.0024480751891080054,0.4205020236301914,0.3888689798867211
5995,0.1880312789141227,0.00254527816298983,0.42044264262452186,0.3889808002983656
5996,0.1879734696294389,0.002560751169377136,0.4200749754227064,0.38939080377847757
5997,0.18790123774813802,0.0025617984199467637,0.42029430848105803,0.3892426553508571
5998,0.18798787484348473,0.0025977312173658994,0.4206688674562259,0.3887455264829235
5999,0.187857405299016,0.0026260828274793277,0.4202349161908098,0.3892815956826948
6000,0.18803083593990338,0.00266541410409172,0.41974036726942643,0.38956338268657853
6001,0.18834587089186305,0.002613400750771229,0.41914570649332317,0.38989502186404257
6002,0.18835278261311272,0.0025581895278066866,0.4195891232782448,0.38949990458083583
6003,0.18883185694450494,0.0024863278892709255,0.419021261833302,0.3896605533329221
6004,0.18907475696472692,0.0024788309466524127,0.41881383517058374,0.3896325769180369
6005,0.18944473567517714,0.0024937474712504164,0.4188047459074256,0.3892567709461469
6006,0.18969834533286895,0.0025113848097143157,0.41871099408885487,0.3890792757685618
6007,0.1896334928996891,0.0025359233756131064,0.4186528032006609,0.38917778052403695
6008,0.1899019102443904,0.002519365758646406,0.41854361482363167,0.3890351091733316
6009,0.18981488192845558,0.0025612777848154815,0.41821498427763515,0.3894088560090937
6010,0.189832077267204,0.0026001382275137315,0.41827183039749344,0.38929595410778883
6011,0.19018557010322992,0.0026219462056367407,0.4181551781226108,0.3890373055685225
6012,0.19014766177264175,0.002646029181965125,0.41856921712976913,0.388637091915624
6013,0.19028396079477303,0.002621821136254672,0.41816011363071093,0.3889341044382614
6014,0.18989676518557083,0.0026153325849625902,0.4182390818594527,0.38924882037001396
6015,0.18959191175477064,0.0026696021143417974,0.4180378847280122,0.3897006014028753
6016,0.1893538713364002,0.002692361129474209,0.4185310380634302,0.3894227294706954
6017,0.18952246894013292,0.002751682945392142,0.41839279821687614,0.3893330498975988
6018,0.18913699571466092,0.002807290241699573,0.4181257778088511,0.38992993623478844
6019,0.18940093703523142,0.0028051333437854914,0.4179167833315286,0.3898771462894544
6020,0.18924739146409633,0.0028076137889634692,0.4176714353939768,0.3902735593529635
6021,0.18953350573266275,0.0027496942694990043,0.4170544294704496,0.3906623705273886
6022,0.1894782086593021,0.0027306552879958167,0.4165325127519771,0.391258623300725
6023,0.18919039199164653,0.0027789233316854725,0.4160228196778256,0.3920078649988424
6024,0.18892532372903068,0.0027652723648204157,0.4159000888070109,0.392409315099138
6025,0.18853220934171894,0.0027640155917521766,0.41584883844039966,0.39285493662612925
6026,0.18848223174014697,0.002752905768039363,0.4158670768528542,0.39289778563895944
6027,0.18896895133383013,0.002784169011605529,0.4154825687325904,0.3927643109219739
6028,0.18915601469745905,0.0028904549202788156,0.415753750944441,0.39219977943782125
6029,0.18892634668957578,0.0028892071101576204,0.4157379959229247,0.39244645027734193
6030,0.18861482061012183,0.00280283316269316,0.4156573619082737,0.3929249843189112
6031,0.18891371046178967,0.002799273631867727,0.41616028204472644,0.39212673386161623
6032,0.18895652997422382,0.0028219426508171866,0.4161393182507484,0.39208220912421055
6033,0.18949412783660985,0.002849797681217108,0.4158629430188322,0.39179313146334094
6034,0.18948155895622668,0.0028950569215675783,0.41624280176688816,0.3913805823553176
6035,0.18974722614816814,0.0028660508082743188,0.4170185974869301,0.3903681255566275
6036,0.19000262938134554,0.002858821687103233,0.4175254988240494,0.38961305010750186
6037,0.19030366707296983,0.0028594714583488274,0.4167209221689294,0.39011593929975186
6038,0.1902413167411654,0.002904306422348381,0.41706181937680775,0.38979255745967845
6039,0.19028354819640284,0.002886095599566776,0.416936807152463,0.3898935490515674
6040,0.190226626886451,0.0028621774173843225,0.41634195819301356,0.3905692375031512
6041,0.19021545446151486,0.002915439229420812,0.4165512835618639,0.39031782274720034
6042,0.1905285915068356,0.0028624854045989963,0.4159615652664036,0.3906473578221618
6043,0.19088840964331796,0.002879690601156238,0.4153560557860546,0.39087584396947117
6044,0.19093951375734733,0.002864240778821422,0.4146321971734329,0.3915640482903983
6045,0.1911815024559805,0.0029047133115334984,0.41421657409523194,0.39169721013725406
6046,0.1914034103674775,0.0029496694045750317,0.4143065441281264,0.3913403760998212
6047,0.19111622628709724,0.0029438210394956226,0.414550987348131,0.3913889653252762
6048,0.19106941319853568,0.002921683083831836,0.4148424263554176,0.39116647736221494
6049,0.19124967172605103,0.002940090315375774,0.41554414001140094,0.39026609794717226
6050,0.1918698200598906,0.002922467377192081,0.41523799810868167,0.3899697144542356
6051,0.1919151781910757,0.002960601790691588,0.41525776140210563,0.389866458616127
6052,0.19193705577988723,0.002910066642094413,0.41516327073007464,0.38998960684794376
6053,0.19267107093051897,0.0029391297016929776,0.41462925096967984,0.38976054839810825
6054,0.1929297926379297,0.002912046600318432,0.41554382580641336,0.38861433495533854
6055,0.19281183910908703,0.0029083319101141886,0.41532331454038945,0.38895651444040935
6056,0.19241400574396866,0.002913833034421104,0.4154311917269956,0.3892409694946147
6057,0.19249410496339642,0.0029281382759898827,0.4149733502265189,0.3896044065340949
6058,0.19218907483741815,0.0030104087063577657,0.41491141938389686,0.3898890970723271
6059,0.19197833688003835,0.0030317406327749928,0.4150579573482404,0.3899319651389462
6060,0.19225113113971506,0.0030070148678316435,0.4143904063495219,0.3903514476429314
6061,0.19203373130525156,0.002978643471133822,0.4152884244468522,0.3896992007767624
6062,0.19169735063707494,0.002960518979180711,0.4157996556106946,0.3895424747730498
6063,0.19151780793570827,0.002974775647286686,0.41628446623125176,0.38922295018575326
6064,0.19152326837673753,0.002888080559874019,0.41658512944277837,0.38900352162061
6065,0.19148303068646924,0.002861988186619327,0.4163874259386101,0.38926755518830136
6066,0.19139564158918132,0.0029234301251544735,0.4165032988509042,0.38917762943476
6067,0.191111279777253,0.002943626510984752,0.41643124870608117,0.38951384500568104
6068,0.19086683462847068,0.0029626421973879867,0.41602877631157237,0.39014174686256886
6069,0.19118599132904066,0.002989015821905177,0.4163776679376602,0.389447324911394
6070,0.19103700000893636,0.0029654882515957083,0.4161328951085525,0.38986461663091543
6071,0.1909503717376906,0.00295259067353091,0.41628628561630043,0.389810751972478
6072,0.19088123058754186,0.0029664639826080187,0.416435541402424,0.38971676402742605
6073,0.19081539445310247,0.0029798696786309193,0.41649586267193134,0.3897088731963353
6074,0.19090379979388125,0.0030091084194720334,0.416457450311542,0.3896296414751046
6075,0.19101956279543428,0.003021714955474551,0.41598500614804834,0.3899737161010427
6076,0.19105402489021542,0.003042952131507185,0.4166584081376497,0.3892446148406276
6077,0.19062570117539837,0.003059214991208569,0.41672436816766895,0.38959071566572423
6078,0.19049900885363028,0.0030268799683976846,0.4162308524009205,0.39024325877705157
6079,0.18987713876636664,0.003031154697577129,0.4162137227547468,0.39087798378130945
6080,0.18957044204313717,0.0030055032211495315,0.4167394370370069,0.3906846176987065
6081,0.18987233246644447,0.0029278815321031287,0.4173878817434269,0.38981190425802553
6082,0.18955261143320862,0.0029704244007657315,0.4182169352961097,0.389260028869916
6083,0.1892539291893426,0.0029239190968268817,0.4183775357100116,0.38944461600381886
6084,0.1891017147041602,0.002910093588847387,0.4176031649602163,0.3903850267467761
6085,0.1885650425419183,0.0029362289858180187,0.4179060219106601,0.3905927065616036
6086,0.18852180968485846,0.0028240760701072985,0.41903257552181195,0.3896215387232223
6087,0.18823431797123974,0.0028722461786111395,0.4185669967759358,0.3903264390742133
6088,0.18808080357100296,0.002875852327887497,0.41875071961989646,0.39029262448121305
6089,0.18834823716608484,0.0028247407418245047,0.4185753447666646,0.390251677325426
6090,0.18825531794312572,0.00288436519922283,0.4184025183155319,0.3904577985421197
6091,0.18803716266734732,0.00287591728143019,0.4188161635243873,0.3902707565268352
6092,0.18792664246928167,0.002881247056327883,0.4175588806254611,0.39163322984892934
6093,0.18783774897415448,0.0028084782712787426,0.4177429863001489,0.3916107864544179
6094,0.1879315669721334,0.00285680555579714,0.4178701158332093,0.39134151163886005
6095,0.18791636298575992,0.002842012418620234,0.41839229012972756,0.39084933446589226
6096,0.18778825683461878,0.002792358562563605,0.41884936660813166,0.39057001799468605
6097,0.1878131225305954,0.0027483326084051093,0.41877397032715613,0.3906645745338433
6098,0.1873323011674862,0.002782229281409907,0.4189626611655193,0.39092280838558463
6099,0.18736176280813063,0.002771637150422987,0.4187159249188529,0.39115067512259355
6100,0.18772879339246404,0.002752204860479825,0.41852282748561576,0.39099617426144034
6101,0.1877681685902098,0.002697269655781296,0.4177148509210621,0.39181971083294687
6102,0.18779516175237193,0.0026586295201907876,0.41774579699348574,0.3918004117339516
6103,0.1878825408035916,0.0027060720517561826,0.4171616251273578,0.3922497620172945
6104,0.18760746804570488,0.0026798027329544985,0.41702993744882305,0.39268279177251764
6105,0.18814185945139614,0.0027209472703619937,0.41671291339944877,0.3924242798787932
6106,0.18775540504760282,0.002770995278144503,0.41712079486156517,0.39235280481268753
6107,0.18814050382139103,0.002833460076401639,0.4160804672225783,0.39294556887962895
6108,0.18798841770892996,0.002820618837076832,0.41564009312812794,0.3935508703258653
6109,0.1880148852589966,0.0029078968837002754,0.41487764630905655,0.39419957154824664
6110,0.1883320871290128,0.002877613869358999,0.41502707820459755,0.3937632207970306
6111,0.18861069756160487,0.002878679227605319,0.41397798018052584,0.3945326430302639
6112,0.1884678432459792,0.0029123607454674587,0.4137958578575905,0.39482393815096284
6113,0.18846407653140584,0.002876714811238409,0.41370054424201397,0.3949586644153418
6114,0.18814927488363206,0.0029160360228851906,0.4141490278042609,0.3947856612892219
6115,0.187942403266842,0.0029197176635932334,0.4137079136303948,0.3954299654391701
6116,0.1881808585169539,0.0029572962255035432,0.4132369296606349,0.39562491559690766
6117,0.18803900913011376,0.0029708022054048605,0.4134604055412372,0.39552978312324416
6118,0.1882875581950246,0.002959308904464289,0.41315755285534106,0.39559558004517004
6119,0.18783102623994039,0.0028923649291242885,0.4137687599220398,0.3955078489088955
6120,0.18850266227703014,0.0029051390797346093,0.41370776560144185,0.3948844330417933
6121,0.1885687498731266,0.0029272718182271123,0.41385513268110896,0.39464884562753727
6122,0.18834922848227825,0.002907690969100924,0.4142526046268518,0.394490475921769
6123,0.18837135607994893,0.002874013227634822,0.4144014423156423,0.39435318837677397
6124,0.18854872702876296,0.002845456464366054,0.413843993444779,0.39476182306209195
6125,0.18795021015237254,0.002835147189900338,0.4141574618822184,0.3950571807755087
6126,0.1878400834292369,0.0028645605331415486,0.4138261741291912,0.39546918190843033
6127,0.1880319977579675,0.002867836839850903,0.41360438371879393,0.3954957816833877
6128,0.18796585702720062,0.002848147508064777,0.41415931623187385,0.39502667923286067
6129,0.1881340797643077,0.002903977804868945,0.4144522295794909,0.3945097128513325
6130,0.18837868241091135,0.002894150776668832,0.4149011347571485,0.3938260320552713
6131,0.18829724817895038,0.002956796425540109,0.41518594931447056,0.393560006081039
6132,0.18835539806107954,0.00302232812283198,0.414476093713909,0.3941461801021795
6133,0.1883545544076899,0.0029563857596178766,0.4146912879261809,0.3939977719065114
6134,0.18834732802004403,0.002983886490702407,0.414511440843639,0.3941573446456145
6135,0.1880617521961992,0.002990271016800739,0.4145925303782648,0.39435544640873516
6136,0.18814603972524074,0.0030955345422709777,0.41448124439096734,0.39427718134152095
6137,0.18765178711577135,0.0031175391921246386,0.4137534429275248,0.3954772307645792
6138,0.18748303085748255,0.0031371694158112287,0.4140549892408914,0.39532481048581497
6139,0.1874097622819111,0.0031112928854258315,0.4142128841965228,0.3952660606361403
6140,0.1872505597882846,0.003083664873666106,0.41409438165124024,0.3955713936868091
6141,0.18707070712518362,0.003084898328591868,0.4136341779029428,0.39621021664328177
6142,0.18720077963405496,0.0031041298539660283,0.41435810930401934,0.3953369812079597
6143,0.1872567529334074,0.0031712527524524097,0.41423763830561067,0.3953343560085295
6144,0.18675967891877884,0.0031973338283823654,0.4145728304655257,0.3954701567873132
6145,0.187321794527876,0.003184256479395641,0.41428099885073755,0.3952129501419908
6146,0.1875754011123786,0.0031646362995725935,0.4134663426908515,0.39579361989719747
6147,0.18708276962056644,0.003145466221734356,0.4135160068400324,0.39625575731766677
6148,0.18738505201413985,0.0031361781200006543,0.4136348303373761,0.39584393952848335
6149,0.18718273978723418,0.0031387624534937467,0.4138868847300688,0.3957916130292033
6150,0.18686557480482285,0.003187762801873923,0.41402734920723816,0.3959193131860651
6151,0.18668433169338314,0.003149350234470887,0.4149629155459803,0.3952034025261656
6152,0.1866017568502884,0.003105526015428177,0.4147447594098739,0.39554795772440954
6153,0.18695358128743012,0.0031344350596072637,0.4144594945622428,0.3954524890907197
6154,0.18741053736017282,0.0031427714541381593,0.4134963768299095,0.3959503143557796
6155,0.18756642467094373,0.0031555418935844764,0.41360544032110164,0.39567259311437025
6156,0.18748844315111762,0.0031547055448222644,0.4131982354357341,0.39615861586832607
6157,0.18772545548910907,0.0031944523801989144,0.4126318932905121,0.39644819884017996
6158,0.1883127433763209,0.003183840789753012,0.41241312055657575,0.3960902952773504
6159,0.18824786608229832,0.003234329392589911,0.4130841527142876,0.3954336518108242
6160,0.1882649529266269,0.0032896252487960775,0.4129603468283043,0.3954850749962727
6161,0.18830274643361758,0.0032669656473329504,0.41238670415706985,0.3960435837619797
6162,0.188317207140536,0.0032336318407476423,0.41206474603262605,0.3963844149860902
6163,0.1881050630547685,0.0031934236383049583,0.4123971910479198,0.3963043222590068
6164,0.18818215194753768,0.0031399741059502948,0.4120090572450426,0.3966688167014694
6165,0.18824796718737855,0.003108945003314431,0.41163383069748843,0.39700925711181867
6166,0.18805026269544567,0.0030611862856406895,0.4115750763738236,0.3973134746450901
6167,0.18815175749614904,0.003094636134856892,0.41090246818113885,0.3978511381878552
6168,0.18768702753688501,0.003126690643042477,0.41070052997559003,0.39848575184448254
6169,0.18818698515524496,0.0030960431698911274,0.41090816054927337,0.3978088111255906
6170,0.1882160935204698,0.003139096912341733,0.4099360244606429,0.3987087851065455
6171,0.18859985380197664,0.003067034220972019,0.4100042883113411,0.3983288236657102
6172,0.18888144544193,0.003088751653293015,0.40953407680541754,0.39849572609935946
6173,0.18876073639769458,0.003154231651745635,0.4098162366640025,0.39826879528655723
6174,0.18873472696235344,0.0031562000751336554,0.409423273864126,0.39868579909838686
6175,0.18862170851246615,0.003077382229063682,0.40952582674306404,0.39877508251540605
6176,0.18851966696477418,0.0031354268732782025,0.4090947681262757,0.39925013803567194
6177,0.1882208767758346,0.0031531100770885293,0.40899476188363193,0.3996312512634449
6178,0.18821824059258982,0.0031989251423090006,0.4096658571334782,0.398916977131623
6179,0.1879972029818524,0.0031801331767923927,0.4090218470096766,0.3998008168316786
6180,0.18800725564934795,0.0032084904498251047,0.407981793328598,0.4008024605722289
6181,0.1882044468441278,0.003223115615829362,0.40848550141712864,0.40008693612291424
6182,0.18846140980417422,0.0032117156504372995,0.4077160090956388,0.4006108654497497
6183,0.18814667360754295,0.0032009728569239943,0.40692537449833377,0.4017269790371992
6184,0.18829392339606002,0.003174857199740476,0.4071974040333285,0.401333815370871
6185,0.18783190247725767,0.0031711171548101146,0.40793409536619807,0.40106288500173415
6186,0.1878630188201857,0.0031547603769948086,0.4089816942287797,0.4000005265740397
6187,0.1877897233831271,0.0031892391582702346,0.409128555042953,0.39989248241564973
6188,0.18815021484234828,0.003167331031620748,0.4089489830071634,0.39973347111886753
6189,0.18786627657905813,0.003138140035693447,0.4083356223627204,0.400659961022528
6190,0.18779323965955072,0.003108493076266064,0.40804343517407304,0.4010548320901102
6191,0.18774837398298588,0.0030934657907355457,0.40795063180146746,0.40120752842481106
6192,0.18772079725878169,0.0031108120811953353,0.40797584122033353,0.40119254943968946
6193,0.1876220001891674,0.003053201110470469,0.4076804956699829,0.4016443030303793
6194,0.1879152171029515,0.003131885207307125,0.40695578329082566,0.4019971143989157
6195,0.1874692592833242,0.003242211414383702,0.40733059197649607,0.401957937325796
6196,0.18781215744400756,0.003224043945502293,0.4068935023598952,0.402070296250595
6197,0.18803719455064472,0.0031593247289924977,0.4065288469506063,0.40227463376975636
6198,0.18794934377042988,0.003116889755253454,0.40676533530749837,0.40216843116681833
6199,0.1877013785135664,0.0030675419058382317,0.40644628230507535,0.40278479727552
6200,0.1877700933046616,0.003065479804286972,0.40662140116654866,0.4025430257245029
6201,0.18795730415011452,0.003001153522039999,0.4073002076014725,0.401741334726373
6202,0.18826420849117137,0.0030360732227769863,0.4074927028787013,0.4012070154073504
6203,0.18821807976181743,0.0030529989633259333,0.4076945282141562,0.40103439306070043
6204,0.1878397485036297,0.003021392784722342,0.4073540851787708,0.4017847735328771
6205,0.18822239791895426,0.0029914673169744803,0.4068931849719478,0.4018929497921235
6206,0.18792281162865318,0.003023030005089547,0.4073196293714168,0.40173452899484047
6207,0.18811690568256273,0.0030002765613074446,0.4069875341229032,0.40189528363322663
6208,0.18776219452175885,0.0030083126692383244,0.4077731697180047,0.4014563230909981
6209,0.1882009347198749,0.003017254398378132,0.4072611683780335,0.40152064250371355
6210,0.18795670397402733,0.0030163802368614817,0.4069825052456387,0.40204441054347245
6211,0.1877870102253805,0.003084610478387114,0.40725552747817434,0.40187285181805804
6212,0.18735963240262526,0.0030181842504363636,0.40729110183842304,0.4023310815085154
6213,0.1873897424826591,0.0030239822261497146,0.40737118234790926,0.4022150929432821
6214,0.18763016142961944,0.002995326748541725,0.4074390574523191,0.4019354543695197
6215,0.1876135246183554,0.002914901156805865,0.407665887367211,0.40180568685762774
6216,0.1877397856683613,0.0028371512297616247,0.40771389476936654,0.40170916833251047
6217,0.1873022729819824,0.002852278647377875,0.40764096318452153,0.4022044851861182
6218,0.18756051013095948,0.002940302370778798,0.40758616346423127,0.4019130240340304
6219,0.18736374474348166,0.002908602781610886,0.40689069712124687,0.40283695535366065
6220,0.18704289780793887,0.002965422963041544,0.4074598306746301,0.4025318485543895
6221,0.1869109825426666,0.0029359479475072362,0.40740525203883404,0.4027478174709921
6222,0.18701674469418567,0.0029186444775960623,0.40666868957829544,0.40339592124992285
6223,0.18740719786682067,0.002925627847778697,0.406477748643235,0.40318942564216564
6224,0.1871998216672714,0.002932322613376517,0.40597528477505884,0.4038925709442932
6225,0.18698271941467376,0.002962366161872352,0.4054909572445376,0.4045639571789163
6226,0.186925912856661,0.002917644168589929,0.4055038092840667,0.4046526336906823
6227,0.18653338566629904,0.0028512580885537474,0.40475875813607426,0.40585659810907293
6228,0.18658656126857287,0.002882190794603403,0.40465164516720725,0.40587960276961643
6229,0.18656786521265406,0.0028357995120008115,0.40459882120457,0.4059975140707751
6230,0.18622761740318616,0.002831058414226833,0.4037565570331207,0.4071847671494663
6231,0.1862165000825996,0.0027801346544733623,0.4036219718788697,0.4073813933840573
6232,0.18681898072815448,0.0027251457638198455,0.40320449214963927,0.4072513813583864
6233,0.18626985526708073,0.0027708201546748257,0.4043463212889874,0.406613003289257
6234,0.18604235644140957,0.002633325126158828,0.4043677717945899,0.40695654663784175
6235,0.1855668149615674,0.0025606880838234094,0.4045800067981049,0.40729249015650426
6236,0.1855542431836553,0.0025119267484713637,0.40426559095159104,0.40766823911628236
6237,0.1858819526079253,0.0025283402793830905,0.404280069033294,0.40730963807939763
6238,0.18586944205071837,0.002497397465647438,0.40352373915938006,0.4081094213242541
6239,0.18599429138025,0.0025099910271539393,0.40339003389196426,0.40810568370063177
6240,0.18608763657578417,0.0025210707909674064,0.4037602374535222,0.40763105517972625
6241,0.1857014708506509,0.0025872241972005935,0.4033668415960962,0.40834446335605235
6242,0.18579604687679033,0.0026148198048482583,0.40375869861461877,0.40783043470374264
6243,0.18582826905218913,0.002662327861313118,0.40408433535113664,0.4074250677353611
6244,0.18559096120729907,0.0027321503904477393,0.40400753056161437,0.40766935784063874
6245,0.18578490178962528,0.0027723969462632135,0.4048970499327482,0.4065456513313633
6246,0.18587388272393382,0.002763987975158053,0.40432477694337104,0.4070373523575371
6247,0.186081740886792,0.002733400650758024,0.4045412930449289,0.406643565417521
6248,0.18624302992678637,0.0026618745726536427,0.4044914246938241,0.4066036708067359
6249,0.1860851475642547,0.002723523841001532,0.40428615279584623,0.40690517579889757
6250,0.185706345336076,0.0027247142927911967,0.40510385311837205,0.40646508725276076
6251,0.18562964060676232,0.002649625790408624,0.4042320619629507,0.40748867163987834
6252,0.18550953512470453,0.002642353330595446,0.4043846819726234,0.40746342957207665
6253,0.18560767084556667,0.002620806368626109,0.4041431099001521,0.40762841288565516
6254,0.18539409372323873,0.002645436967856238,0.403528211385061,0.4084322579238441
6255,0.1860117652467148,0.002679563071888372,0.40307665528830994,0.4082320163930869
6256,0.18561988537742727,0.002602089369811516,0.4029591170692745,0.40881890818348665
6257,0.1853287015827427,0.002587612377501148,0.40348286461678773,0.40860082142296844
6258,0.1853787581739266,0.002559429203130083,0.4032539400124258,0.40880787261051754
6259,0.18574792347450048,0.002504268625695942,0.4026630441775752,0.4090847637222284
6260,0.18564279235077302,0.002471586550948885,0.4026643522792444,0.40922126881903365
6261,0.1854162434867986,0.0024793071570407776,0.40237600533308227,0.40972844402307834
6262,0.18514308853025838,0.00255133593069916,0.40286594793744374,0.4094396276015987
6263,0.1845388682604243,0.0025350010084785016,0.40340439225716845,0.40952173847392875
6264,0.1842585766880659,0.002521489476512537,0.402103332420677,0.41111660141474465
6265,0.18458888911562615,0.002462441895987872,0.4021978953905886,0.41075077359779744
6266,0.18437250100480662,0.0024199014379141415,0.40301493600547555,0.41019266155180373
6267,0.18436671667193152,0.002449495582568749,0.40313027037951876,0.41005351736598106
6268,0.18434405389103814,0.002426595996532746,0.40242662428072284,0.4108027258317063
6269,0.1844285016649556,0.0023713939865143393,0.4019549940051708,0.41124511034335914
6270,0.1844465281274231,0.002391930563207704,0.4016552795925404,0.4115062617168288
6271,0.1839150012881242,0.002416649823935715,0.40174317344253485,0.41192517544540524
6272,0.18402817528418852,0.0024361818505743106,0.4015281546872971,0.41200748817794014
6273,0.1835357803071466,0.002406209285323494,0.40131019813178614,0.4127478122757438
6274,0.18351695736351953,0.002460449302972262,0.4012037329933082,0.4128188603402
6275,0.18344094920975149,0.0024897076323224404,0.4017604395215802,0.4123089036363459
6276,0.18359188408880006,0.0025200308914570526,0.40143839079099014,0.41244969422875266
6277,0.18391494926297142,0.002481235921513965,0.4007129951616622,0.4128908196538525
6278,0.18412442185269234,0.002452395072502374,0.4005811144529855,0.4128420686218198
6279,0.1840036936215124,0.0023655058976201062,0.4003766203126357,0.4132541801682318
6280,0.18383919473063,0.00234300613121034,0.4003642956859824,0.4134535034521772
6281,0.18382591242670582,0.002343419601032932,0.40008343176780536,0.41374723620445586
6282,0.18400650264906976,0.0023655412302494372,0.400223386021955,0.4134045700987258
6283,0.18401189848865843,0.0023112389747762534,0.40078433458858553,0.4128925279479797
6284,0.18389918391674998,0.0022500537847725626,0.40132451295179095,0.41252624934668647
6285,0.183723127017159,0.0023553736919397885,0.40104761694618124,0.41287388234471994
6286,0.18364265719743103,0.002363247574407817,0.4011574798969263,0.41283661533123484
6287,0.1834916928011468,0.0023264402637962187,0.40094200382431755,0.4132398631107395
6288,0.18372626442176637,0.0023013313842115803,0.40085167418145373,0.4131207300125683
6289,0.1835577834147307,0.002268620541337841,0.4011496340322983,0.4130239620116331
6290,0.18344871255864642,0.002254802919218788,0.4011069287331316,0.4131895557890033
6291,0.18358514740290247,0.002303791372462863,0.40056605404848866,0.41354500717614595
6292,0.18366413056952466,0.0022437304889309567,0.40071095449318966,0.4133811844483547
6293,0.18394747083199037,0.00232017655371271,0.4015103219098625,0.41222203070443453
6294,0.18363582341744195,0.0023048025662927353,0.40194306259667884,0.41211631141958643
6295,0.18374957539897865,0.00228189795903044,0.4013140117814745,0.4126545148605163
6296,0.18366993511183854,0.0023288965863030907,0.40147991536277716,0.41252125293908104
6297,0.18382586688633878,0.002326566290149183,0.4010830799510826,0.41276448687242934
6298,0.18393010014517314,0.0023573007010879252,0.40137573265903964,0.41233686649469925
6299,0.18369450305522453,0.0023076954775477446,0.4017565931115376,0.4122412083556902
6300,0.18391365861978076,0.002256609449164702,0.4018376254424039,0.4119921064886506
6301,0.18392322025762955,0.0022796453352878,0.4018410833397459,0.41195605106733685
6302,0.18414074194253646,0.0023266409947463014,0.4014269638024678,0.4121056532602495
6303,0.18339547989106877,0.0022806804318862514,0.40144218483522,0.412881654841825
6304,0.18374605967309798,0.0023547095539891427,0.40125974505931383,0.412639485713599
6305,0.18398204207342364,0.0022958173763870404,0.4016857411900105,0.4120363993601788
6306,0.18369485667151458,0.0022627111669600818,0.4015557527859997,0.4124866793755258
6307,0.18375781860704782,0.002255805075799517,0.4024963314456883,0.4114900448714643
6308,0.18400896368446187,0.002251433015595974,0.4030301055280544,0.41070949777188775
6309,0.18365899684181966,0.002210279225609617,0.40388934577208746,0.41024137816048334
6310,0.18352202821451635,0.0021586388282788744,0.40287457027797424,0.4114447626792305
6311,0.18310246119624574,0.0021619339151274933,0.40342385494082234,0.41131174994780445
6312,0.1831747184348492,0.002144707546054349,0.4033650086466102,0.41131556537248626
6313,0.18348157701333973,0.0021404266024075413,0.403329763123223,0.41104823326102985
6314,0.18333449826754392,0.0021130109446722335,0.40358593028287154,0.4109665605049123
6315,0.18299896422236508,0.0021123937057626703,0.4033983811976132,0.41149026087425905
6316,0.18302099468095182,0.0020765778818249815,0.40284202262686664,0.41206040481035655
6317,0.18269581356464032,0.0020184637305134664,0.40303775665447406,0.4122479660503721
6318,0.18216095850061867,0.0019658425329477877,0.40341862122891003,0.4124545777375235
6319,0.18230649711810995,0.0019704027343522886,0.40307436139662495,0.4126487387509129
6320,0.1823999574409259,0.0020175751370918923,0.4027303007977535,0.41285216662422874
6321,0.18244906377561576,0.0020162627085872687,0.40252422220320805,0.41301045131258896
6322,0.1824593607601202,0.0021017517671206086,0.40323562281568154,0.41220326465707774
6323,0.18191908582219138,0.0020641201270790166,0.40357765143672664,0.41243914261400294
6324,0.18143285420574723,0.0020599838985721403,0.4043494863767359,0.4121576755189447
6325,0.18163594608673014,0.00211743970529547,0.40363779210635525,0.41260882210161914
6326,0.18118782920686732,0.0021617940039462035,0.4033325740039963,0.41331780278519015
6327,0.18157109849871972,0.002214658796381921,0.40219257085889903,0.41402167184599925
6328,0.18136195773346098,0.0022391041389089768,0.40180367721826543,0.4145952609093646
6329,0.18175744968695723,0.0022506070363173787,0.402191149288309,0.4138007939884164
6330,0.1818325301635952,0.0022450577886669585,0.40210118646197907,0.4138212255857588
6331,0.1819780688835176,0.002220376519149303,0.4011298298253891,0.41467172477194403
6332,0.18154971173289164,0.002224809124356101,0.40143892237066237,0.4147865567720898
6333,0.18144958134497396,0.002213490192788472,0.401604681919705,0.4147322465425326
6334,0.1818517735099037,0.002285866299959653,0.40214399038772075,0.4137183698024159
6335,0.18169785347173378,0.0022621693324623325,0.4020185929699954,0.4140213842258086
6336,0.1815912113161721,0.002274161141771819,0.40197762662040076,0.41415700092165536
6337,0.18154464122175365,0.0022724687475756166,0.40201915561318524,0.4141637344174855
6338,0.18169087084668709,0.0022940989801728756,0.4028717890665484,0.41314324110659156
6339,0.18183057370529493,0.0022940120434159885,0.4033820144254084,0.41249339982588074
6340,0.18218379617575364,0.0023161895135094626,0.4037409528675253,0.41175906144321156
6341,0.18221246886148507,0.0022719713975153104,0.40373864714242985,0.41177691259856974
6342,0.18229621445805813,0.0022737048734227374,0.40303748087799185,0.4123925997905272
6343,0.18246236159487764,0.0022392709865315255,0.40357685816253597,0.41172150925605494
6344,0.18216403611934115,0.0022276859882108735,0.40432619434475026,0.41128208354769774
6345,0.181802010618201,0.0022832858168123646,0.4046642767408395,0.41125042682414703
6346,0.18148423536366629,0.002251639736166106,0.4048542395122898,0.41140988538787776
6347,0.18096042907942228,0.0023233122610985925,0.40465004757697665,0.4120662110825025
6348,0.18092514619461503,0.00236533343585327,0.40465024538199773,0.4120592749875339
6349,0.18075231675832687,0.002307171272523388,0.4045319772237508,0.412408534745399
6350,0.1810778772112453,0.0022880993063213,0.4050917817009948,0.41154224178143856
6351,0.18078363599260105,0.0023133615565210834,0.40451656450421253,0.4123864379466654
6352,0.17965367518784592,0.0022638610940912706,0.40490443443345986,0.413178029284603
6353,0.17952750361515563,0.002271938947199734,0.4046518374520226,0.413548719985622
6354,0.17982269712194035,0.002318379431112584,0.40456574034057036,0.41329318310637664
6355,0.17964880683635753,0.002336023409852182,0.40478570256445734,0.41322946718933296
6356,0.17979008693306725,0.002350783412701992,0.40500133248014486,0.41285779717408594
6357,0.17977192406933737,0.002366363821035876,0.40489029284632333,0.4129714192633034
6358,0.17995469969148578,0.0024240214383204643,0.4048044465215962,0.4128168323485976
6359,0.18014756311650676,0.002380184359600972,0.4041092472696328,0.41336300525425945
6360,0.17954479888770666,0.002425642359384827,0.40460425025953156,0.41342530849337694
6361,0.1794737774017921,0.002503311019053818,0.40473999239627145,0.4132829191828827
6362,0.17965746662340817,0.002461803098649736,0.4044206385565211,0.41346009172142095
6363,0.17950642195850366,0.002456718737666554,0.40367149871248503,0.41436536059134477
6364,0.17950183349893414,0.0024390595299155467,0.40407110331282076,0.4139880036583296
6365,0.1797338209264204,0.0023458717275330544,0.40418805571760996,0.41373225162843663
6366,0.17892163120252755,0.002347756520482483,0.40402372422747723,0.41470688804951267
6367,0.17871987540661927,0.0023504444913065286,0.40415011401177037,0.4147795660903039
6368,0.1783825514762786,0.0023897730882799935,0.4052544287729366,0.41397324666250485
6369,0.1782312637457129,0.0023824052483687225,0.40550251130650344,0.41388381969941496
6370,0.17848499714619254,0.0023442312196350463,0.4059615860557404,0.413209185578432
6371,0.17799886988697877,0.002304050644872449,0.40607915690904817,0.4136179225591007
6372,0.17783526740988914,0.002233454332346088,0.4067516601577169,0.4131796181000479
6373,0.1773799080174106,0.0022593267275238826,0.40755098194540806,0.41280978330965745
6374,0.1770666662615766,0.002222964509272926,0.4065204293716797,0.41418993985747077
6375,0.1765908964191571,0.0022357518019381225,0.40637229756354776,0.4148010542153571
6376,0.1766083278456688,0.002260003496023209,0.4064358794596538,0.4146957891986543
6377,0.17618180590531057,0.002233469027725583,0.4064048518112374,0.4151798732557266
6378,0.17621075581879103,0.002211742871878502,0.40559621887534797,0.41598128243398247
6379,0.1760351512683714,0.0021651093332098587,0.40554951668643663,0.41625022271198214
6380,0.17606408530209516,0.0022050828018378354,0.4050083441234613,0.4167224877726056
6381,0.1758436025738163,0.0022182443118404964,0.40593171298174735,0.41600644013259586
6382,0.17566957999601002,0.0022074251456369424,0.405068767260169,0.417054227598184
6383,0.176238022358706,0.0021657117144607218,0.4048963832646882,0.4166998826621451
6384,0.17595561581207364,0.002178438252611198,0.40477745010806937,0.4170884958272458
6385,0.17615220952221097,0.0022138271813980175,0.4048931998396409,0.41674076345675004
6386,0.17625591251681275,0.0021307601659550073,0.40442719801988175,0.4171861292973505
6387,0.17609803147859177,0.002121138836334532,0.40440937512933867,0.4173714545557349
6388,0.17643349585409868,0.002140947761477606,0.4042974367876517,0.417128119596772
6389,0.17622985937551391,0.0021610756673418603,0.4045701346996016,0.41703893025754263
6390,0.17547451885339366,0.002175215819402532,0.40484694346956607,0.4175033218576377
6391,0.17547466892336727,0.0022090017601212168,0.4047893576640417,0.41752697165246977
6392,0.17550455562112663,0.0021848253911786186,0.40519929855641934,0.4171113204312754
6393,0.1754854708591715,0.002199745488663103,0.4057680973251701,0.4165466863269954
6394,0.17574796850013896,0.002196902026615789,0.4053708470413664,0.4166842824318788
6395,0.1758196687165611,0.0021579454944529513,0.4055342541946523,0.4164881315943337
6396,0.1753124644998056,0.0021625739875620565,0.4060266083386922,0.41649835317394024
6397,0.1758352886573035,0.0021986514614740675,0.40594564928405213,0.4160204105971704
6398,0.17594246115744397,0.0021327010918320705,0.40522973190149597,0.41669510584922803
6399,0.17566285455787695,0.0021837423454547605,0.40527661148483096,0.4168767916118373
6400,0.17623108608530214,0.002167388385301715,0.4053847677147619,0.41621675781463424
6401,0.17636133870944737,0.0021956731878478835,0.4053659984694268,0.416076989633278
6402,0.1761912849879091,0.002244885135095452,0.4060938037812706,0.4154700260957248
6403,0.17580127372785626,0.002230697400842412,0.40603588720031353,0.41593214167098785
6404,0.17559094830028635,0.0022420560840188102,0.4063587168341881,0.41580827878150667
6405,0.17572033145552063,0.0022467159666641786,0.4062208015436345,0.41581215103418084
6406,0.1756820607662489,0.0022991407551345177,0.40632652821912735,0.41569227025948924
6407,0.17582413833384716,0.0023195669207503864,0.40554759833842163,0.41630869640698076
6408,0.17599292777545852,0.0023367771186140695,0.40521330240768433,0.41645699269824304
6409,0.1761066196091738,0.002311756199195979,0.4047383445476377,0.41684327964399265
6410,0.17639433620739747,0.0023083224341458953,0.4050722944580626,0.4162250469003941
6411,0.17631057010820056,0.002236800616814209,0.40464315706743187,0.4168094722075534
6412,0.17644504307576223,0.0022603687754232525,0.40447132633935345,0.41682326180946105
6413,0.17622693518210525,0.00223763307453062,0.40325877298812945,0.41827665875523473
6414,0.1760152636682987,0.002165901882813711,0.4035172894978191,0.4183015449510686
6415,0.17609998735133117,0.0021327297582067715,0.40311928845061085,0.41864799443985123
6416,0.17555797951911836,0.0021394461752640695,0.40342507960014834,0.4188774947054693
6417,0.175278427653036,0.0021899151357808117,0.4029284593663352,0.419603197844848
6418,0.1755963467413996,0.00216757875653454,0.4028257717441922,0.41941030275787367
6419,0.1757673540062678,0.0021227620210921483,0.40288727817631054,0.4192226057963294
6420,0.17564754808840552,0.002146567392819855,0.4034258904058679,0.41877999411290673
6421,0.17569163146782918,0.002180523591411348,0.40379578389226645,0.418332061048493
6422,0.17535287595875504,0.002265257473869436,0.4043764157538169,0.4180054508135586
6423,0.1754059967807287,0.0023182775848428427,0.40418338484968463,0.41809234078474383
6424,0.17570657840162918,0.002396503666550586,0.4045134846315511,0.4173834333002692
6425,0.17609581721792644,0.002444144336894622,0.40449172634406005,0.4169683121011188
6426,0.17555797244697208,0.002478184011755037,0.40515846447740766,0.4168053790638653
6427,0.17576244676546085,0.0024839889785691132,0.40445313093119484,0.4173004333247752
6428,0.17620824954124167,0.0024373202092177614,0.4041040179451182,0.41725041230442245
6429,0.17585196251657229,0.00239731461004868,0.4042915173449618,0.41745920552841725
6430,0.1759282023672133,0.002416457977972187,0.40456174660323796,0.41709359305157656
6431,0.17648096942688712,0.0023985866365010423,0.4038813261173053,0.4172391178193065
6432,0.17665028388062978,0.0023957004251012716,0.40374240746009155,0.4172116082341775
6433,0.17649993706668643,0.0023682754414611727,0.403851960211584,0.41727982728026836
6434,0.17581289262256122,0.0024193959918695066,0.40368390750807653,0.41808380387749267
6435,0.17577031469368307,0.0024022072175544475,0.4041709546826694,0.41765652340609316
6436,0.17603732705973044,0.002422440463360807,0.40401393941162345,0.4175262930652853
6437,0.17630807123983777,0.002397582503157472,0.40442103209681335,0.4168733141601916
6438,0.176368782384621,0.0023309501015023795,0.40507640932308603,0.41622385819079055
6439,0.17663951634065125,0.002342349340315319,0.40499667797577465,0.4160214563432588
6440,0.17662565902064642,0.002295836403366104,0.4046958542133452,0.4163826503626423
6441,0.17623688361223505,0.0023163930632831924,0.4051714799847527,0.416275243339729
6442,0.17626377162037427,0.002382194358725825,0.40493727521226563,0.4164167588086342
6443,0.1757559999421413,0.0023651300095354558,0.40535099502878,0.4165278750195432
6444,0.1756454352987458,0.0023401608790020725,0.40493504412910175,0.4170793596931504
6445,0.17553050462270955,0.0022933778901115314,0.4053453715609797,0.4168307459261992
6446,0.17575409797968752,0.0023127132645112836,0.40512628327341327,0.41680690548238786
6447,0.17555795998306314,0.002357371439857246,0.4051977877713367,0.41688688080574304
6448,0.1754499049005618,0.002338432852383435,0.4056619823182602,0.4165496799287947
6449,0.17531282577063786,0.002309060052962398,0.4055636707813597,0.41681444339504
6450,0.17524952143621755,0.0023694593170741204,0.40449133497751627,0.41788968426919204
6451,0.17539576578457813,0.0023952732578666398,0.40384160711945577,0.4183673538380995
6452,0.17541198048633744,0.002351354584393519,0.4043241407865808,0.4179125241426883
6453,0.17545288169957182,0.0024550588146115804,0.4047044436567827,0.4173876158290339
6454,0.1751816442686716,0.0024104192749450186,0.40466809892145755,0.41773983753492583
6455,0.17579260228786853,0.002374180759704651,0.404132260533121,0.4177009564193058
6456,0.1758649091797789,0.0024106833155653554,0.40433085822589404,0.4173935492787616
6457,0.17617752839860049,0.0024590909178541266,0.40466313212293253,0.4167002485606129
6458,0.1759660803903586,0.00245355571164903,0.4049813447170016,0.4165990191809906
6459,0.17619853459624274,0.002465870982349019,0.4044846788486204,0.41685091557278786
6460,0.17641736177004516,0.0024892340664329576,0.404340402424484,0.4167530017390379
6461,0.17625889284549143,0.0024754282057936625,0.4046677470632769,0.4165979318854379
6462,0.176213966156668,0.0024692898938620577,0.404579775104123,0.41673696884534694
6463,0.17586445922423494,0.0023897473215462933,0.4048722648015122,0.4168735286527065
6464,0.17552180568772052,0.0023748167547482644,0.4043405460752478,0.4177628314822835
6465,0.175983456272869,0.002389605392464826,0.40454838532810566,0.4170785530065605
6466,0.17631356678315152,0.0024145295468753296,0.40449463921471096,0.4167772644552622
6467,0.17640667752578648,0.0024841348694708333,0.40448165679654613,0.4166275308081967
6468,0.1761853534764382,0.002459946698307027,0.4044386445694531,0.4169160552558016
6469,0.17583352662915577,0.002465944762285199,0.4044871283009598,0.41721340030759924
6470,0.17564076027825143,0.002435044156762859,0.40415700009110156,0.4177671954738842
6471,0.17606537591679117,0.0024008227920353344,0.4039717409476884,0.417562060343485
6472,0.17584614188956554,0.002411481502105147,0.40378207819926787,0.41796029840906146
6473,0.17551497916082595,0.0024224050589543955,0.4044731001321056,0.41758951564811414
6474,0.1751832724549542,0.002348565371327654,0.404350396445648,0.4181177657280701
6475,0.17502040735613394,0.0023929238569815442,0.4046607122714838,0.41792595651540065
6476,0.17498100039234574,0.0023811785839032372,0.4041109185615429,0.41852690246220814
6477,0.17480491061136197,0.002318784636786294,0.40444835750222596,0.41842794724962584
6478,0.1748009109558011,0.00236256096914786,0.40426033001786027,0.4185761980571908
6479,0.17459714805500956,0.0024345063262422653,0.40454916660594725,0.41841917901280096
6480,0.174879137774313,0.0024855481953388334,0.40399555679213794,0.4186397572382104
6481,0.17511214707472766,0.002563172245919884,0.40394281653422925,0.41838186414512313
6482,0.1748227064251225,0.00260656817467013,0.4037145311880902,0.4188561942121171
6483,0.17465366585898273,0.002581973382986131,0.4039942008580411,0.41877015989999
6484,0.17434870358262283,0.002517668906297856,0.4040857485734205,0.41904787893765894
6485,0.17430391403327894,0.0025295516859578804,0.4043343483852594,0.41883218589550386
6486,0.17423135412141869,0.0024589686011388307,0.4039586316957857,0.41935104558165665
6487,0.17447723612404462,0.0024650754369463885,0.4033694205355601,0.41968826790344893
6488,0.17434033999556,0.002493299382403507,0.403680944712199,0.41948541590983746
6489,0.17453864896392618,0.002537667256628704,0.4035996429774967,0.4193240408019484
6490,0.17429622389867488,0.0025577590703235995,0.40361289742391415,0.4195331196070874
6491,0.17408946086069205,0.0024895254412540214,0.40385086579799906,0.4195701479000549
6492,0.17361297456195895,0.0024617159961121673,0.40469445555014094,0.419230853891788
6493,0.1732672516156572,0.0024917689714418108,0.4052120749615137,0.41902890445138735
6494,0.17296855278119364,0.002456117401098767,0.40488532803379423,0.4196900017839134
6495,0.17295556698363945,0.0024472742410232987,0.4049025324013349,0.4196946263740024
6496,0.1727723225917582,0.0024358937718955516,0.4051851191387478,0.4196066644975985
6497,0.17251329724324602,0.002458270123726785,0.4056520640604915,0.41937636857253563
6498,0.17207651702200807,0.002475986257782445,0.40617228106410586,0.4192752156561036
6499,0.17232787347056605,0.0024863433605143864,0.4055903489253228,0.4195954342435967
6500,0.17283711853192255,0.002502976536571122,0.4056335185196705,0.4190263864118358
6501,0.17252486370977807,0.0025215910628087882,0.40538508286846175,0.41956846235895134
6502,0.17243005180125823,0.0025306231151991567,0.40552976775049404,0.41950955733304857
6503,0.17270187519518648,0.0025171357769060787,0.4054595001770778,0.41932148885082965
6504,0.1725430921255434,0.0024491582973547366,0.40586448614204285,0.41914326343505903
6505,0.17267093108123538,0.002413596355296098,0.4050524942747894,0.41986297828867913
6506,0.17292150998175598,0.002398661585946899,0.4049371830152495,0.41974264541704753
6507,0.1731926265535017,0.0024111901578917645,0.40410574597608645,0.42029043731252
6508,0.1727542742969837,0.002408312204268962,0.4048624314927851,0.41997498200596217
6509,0.1726065172690941,0.002427156057145884,0.40530288180352486,0.4196634448702351
6510,0.17208369521622577,0.0024894752682478823,0.4060220865092144,0.41940474300631186
6511,0.1720604188672604,0.002491295654424858,0.4059865244450929,0.41946176103322175
6512,0.1721760158150345,0.002527328361417578,0.40564743255214736,0.41964922327140064
6513,0.1725114269586133,0.0025566056498345265,0.4055615305049437,0.41937043688660847
6514,0.17264094357374873,0.002499334868478499,0.40524633483347533,0.4196133867242975
6515,0.17281906277079512,0.002432812260762883,0.404926389355804,0.41982173561263814
6516,0.1725525947445406,0.002326244952239963,0.40492447614426696,0.4201966841589525
6517,0.1722997586198408,0.002328202240449742,0.4046084633342204,0.42076357580548895
6518,0.1722280060907398,0.002412290875590955,0.40453903650853995,0.4208206665251294
6519,0.17183809682138024,0.00242536909525722,0.404271096795717,0.4214654372876455
6520,0.17176645507774996,0.0024849793097473775,0.4041161860064171,0.4216323796060856
6521,0.17173976820403059,0.0024070192121211204,0.40413562570372114,0.42171758688012717
6522,0.17145759543325184,0.002454617445364393,0.4044791848345378,0.421608602286846
6523,0.17170814079791544,0.002460848706612083,0.4036660648729751,0.42216494562249735
6524,0.17142237116370898,0.002484304121157186,0.4036580027100589,0.422435322005075
6525,0.17125129485141627,0.002561719771917665,0.4033177841742626,0.4228692012024034
6526,0.1710789632221208,0.0024931078147382066,0.40373353402600126,0.4226943949371397
6527,0.17155063261126294,0.002478089631087474,0.40349483411532566,0.42247644364232384
6528,0.17118997449930445,0.002454860006786498,0.40370572771923924,0.4226494377746698
6529,0.1713747125943348,0.002446846083318432,0.40305612680589753,0.42312231451644927
6530,0.17127841225859708,0.002496199256279803,0.40261368561321803,0.423611702871905
6531,0.17164043354559771,0.002502466473245031,0.40200069093041657,0.4238564090507408
6532,0.17201038968171986,0.002466851856991516,0.40143837165951635,0.42408438680177224
6533,0.17198999626159642,0.0024836126112139202,0.4017489185747397,0.4237774725524499
6534,0.17224904364805518,0.0024932749294611766,0.40140444612356896,0.42385323529891467
6535,0.1727309761684314,0.002471867430369975,0.40121690631196333,0.4235802500892354
6536,0.17320638984832754,0.002530289797044892,0.40140311224081565,0.42286020811381186
6537,0.1732544938176315,0.0025404878015137166,0.40141087924802055,0.42279413913283426
6538,0.17367878466976516,0.0025363591797281882,0.40180488095236866,0.421979975198138
6539,0.17402605540346333,0.002454025050833254,0.40195149428887367,0.42156842525682975
6540,0.17405816850536063,0.0024506137864012674,0.4024357069245129,0.42105551078372516
6541,0.17455846612279602,0.0024024421638656193,0.4025763093706155,0.4204627823427227
6542,0.17458554879599128,0.0023723589060500616,0.4025994621719572,0.4204426301260014
6543,0.1739787559303918,0.0023632530214734142,0.4019503698355845,0.4217076212125502
6544,0.17377371263189484,0.0023669269436576925,0.4023367577474469,0.42152260267700054
6545,0.17402563953099745,0.002314610600158809,0.4022214338896578,0.42143831597918585
6546,0.1739030894892294,0.0022824072970204826,0.40203592218220274,0.4217785810315474
6547,0.17364579585229675,0.0022680027797455033,0.4026656670129903,0.42142053435496746
6548,0.17366898656159088,0.0022507043121806716,0.4027586950876912,0.4213216140385372
6549,0.17341241690967607,0.0022559771106937026,0.40258755006568814,0.4217440559139421
6550,0.1733491248428598,0.0022926273248713887,0.40291100272169417,0.42144724511057463
6551,0.17314950556955744,0.0023223350773666366,0.40310748149087,0.42142067786220594
6552,0.1728955180513383,0.0024019533665086547,0.4023986774868346,0.4223038510953184
6553,0.17296804182387313,0.00237169871213298,0.40213792261443065,0.4225223368495632
6554,0.1729158976825112,0.002333001308086919,0.40236646990894875,0.42238463110045316
6555,0.17234515345081597,0.002323441482401622,0.40311954834723973,0.42221185671954264
6556,0.1721317820042691,0.002385637195365503,0.4029380160691624,0.42254456473120305
6557,0.17204327561738364,0.0024120704885723003,0.4029054087035302,0.422639245190514
6558,0.17188572670452026,0.002429441869181132,0.40231615609397275,0.42336867533232575
6559,0.17193919005043523,0.0024867565627367263,0.40222960311974854,0.4233444502670795
6560,0.17145880204126426,0.002454029721032698,0.40208527409693373,0.42400189414076933
6561,0.17086594238843963,0.0024549725713419687,0.40237725527818247,0.4243018297620359
6562,0.17059320627937252,0.0023948152199146583,0.4021651433427239,0.42484683515798877
6563,0.17076389564915206,0.0023934431507369757,0.40252946545483326,0.42431319574527765
6564,0.17084128013766606,0.002450212025222588,0.40303349585272025,0.42367501198439106
6565,0.1708769541410413,0.0024609974205014773,0.4031108858024378,0.4235511626360192
6566,0.17102087134838717,0.0024642258219889513,0.4032001566743807,0.4233147461552432
6567,0.17125861397228162,0.0024170094353430935,0.40312075388516205,0.42320362270721323
6568,0.17124292763335583,0.002411827041744307,0.4030709936267005,0.42327425169819943
6569,0.17125361778872797,0.0024050519191021365,0.40385338389614367,0.42248794639602627
6570,0.1712513095204055,0.0023800765077696914,0.40439104660634273,0.4219775673654821
6571,0.17068482788372846,0.0023475004737618507,0.40460511225467694,0.42236255938783274
6572,0.17077166900300927,0.00243015565097304,0.4042904417041801,0.4225077336418376
6573,0.1707067653380435,0.0023955025173824918,0.404808196087964,0.4220895360566102
6574,0.17074515270358076,0.0024502874853786242,0.4049109203583182,0.42189363945272246
6575,0.17078844371937102,0.0023898138943157722,0.40500830188453235,0.42181344050178077
6576,0.17102579515763217,0.0023010586298383663,0.4046210568720319,0.42205208934049754
6577,0.17047752404062508,0.0023046397418197166,0.40501963301404525,0.42219820320350987
6578,0.1706596424965531,0.002316275985992975,0.4048436347436959,0.4221804467737581
6579,0.17079926640022952,0.0023877765508946375,0.4049689829500284,0.42184397409884744
6580,0.1708343626092123,0.0023707526498206303,0.4051366538951623,0.42165823084580484
6581,0.17122112282763907,0.0023881017370783893,0.4058906178856033,0.4205001575496793
6582,0.17108970913801394,0.0023950753005053545,0.4056724516557863,0.4208427639056945
6583,0.17076837276210677,0.0024037407682395923,0.40563760114541453,0.4211902853242392
6584,0.17128154153399416,0.002494635175890175,0.4056305615357001,0.4205932617544156
6585,0.1714727131361921,0.002497259597450836,0.40582510920743714,0.4202049180589199
6586,0.17165443172814024,0.002475749519667596,0.4059420088205884,0.41992780993160383
6587,0.17160613533584818,0.0024837627740228346,0.40530949319294096,0.42060060869718807
6588,0.17118350121382514,0.0024520009207307063,0.4056570757440737,0.42070742212137036
6589,0.17125577184763258,0.002465448110855291,0.406125746465895,0.4201530335756171
6590,0.1714788477186599,0.0024451311477976913,0.40639056181301214,0.41968545932053025
6591,0.17154409980094076,0.002408411546103673,0.40690741618936094,0.41914007246359464
6592,0.17142772291229402,0.002377475746404986,0.4067557031972032,0.41943909814409774
6593,0.17122615132892616,0.0024184915867946815,0.40708476488257705,0.4192705922017021
6594,0.17096405047291977,0.0024138254517861142,0.4079418987454505,0.41868022532984367
6595,0.17092614428833303,0.002291628049376045,0.4084107525525552,0.4183714751097357
6596,0.17100837443942485,0.0022833731658754137,0.40830350340058974,0.41840474899410995
6597,0.17124088982275396,0.0022383362747856335,0.4077388361814104,0.41878193772104993
6598,0.17081524364885237,0.0022001381186615215,0.40886669035399476,0.41811792787849134
6599,0.170169876615079,0.002192515818699533,0.409069399592808,0.4185682079734134
6600,0.1703661618843651,0.0022208360099246,0.4094222927737105,0.4179907093319998
6601,0.17073104286679283,0.0022027683986488985,0.4093612820443383,0.41770490669022
6602,0.1704031267152446,0.002128900457742031,0.4100803022052548,0.41738767062175863
6603,0.1700046453318419,0.002061489268504137,0.4100971011445872,0.4178367642550668
6604,0.16997720684814638,0.002087999282979193,0.4095446829373441,0.41839011093153033
6605,0.16967030450252552,0.0020701599179457357,0.41001151033799055,0.41824802524153837
6606,0.16924184601316808,0.0021141844038347337,0.41033148164943717,0.41831248793356
6607,0.16929709538537152,0.002104642124070053,0.4109991756323457,0.4175990868582127
6608,0.1692753120390769,0.002066030713549922,0.41187296405908025,0.41678569318829295
6609,0.16950139654168295,0.002005138447171187,0.4115130028592303,0.41698046215191553
6610,0.16968274935367675,0.002089010587425575,0.41168010825243534,0.41654813180646233
6611,0.16971687178060788,0.0021199886222285323,0.41215034454070487,0.4160127950564586
6612,0.1693951546080203,0.0021161143882132767,0.41279273972396496,0.41569599127980156
6613,0.1692744080007291,0.0021584123775588273,0.41301431822060364,0.4155528614011084
6614,0.16962623679431563,0.002096400101825914,0.41282367921709257,0.4154536838867659
6615,0.1696145773426744,0.0021110041639938295,0.4124346431972875,0.4158397752960443
6616,0.16927561785880565,0.0020631112536554697,0.4126909083661029,0.4159703625214359
6617,0.1695469714281268,0.002066717986259756,0.4122740699573749,0.41611224062823854
6618,0.16982210313323956,0.002138286745349677,0.4116891014745415,0.41635050864686923
6619,0.16943243057473462,0.002134898702907383,0.41103108216137335,0.41740158856098464
6620,0.16953915014338772,0.002213319057554997,0.4113097783772644,0.4169377524217929
6621,0.16960357373265142,0.002255403287216846,0.41150909692937904,0.4166319260507526
6622,0.16985399771145065,0.002309777953372622,0.4118335875991221,0.4160026367360546
6623,0.16970587176750782,0.0022453228866922163,0.4125442307785462,0.4155045745672538
6624,0.16952267203437626,0.0022942499254772894,0.41276542667773947,0.41541765136240694
6625,0.16889375897069184,0.0023108594275735635,0.4131448777398652,0.4156505038618693
6626,0.1690261766405538,0.0023402653357974847,0.413078763124506,0.4155547948991427
6627,0.1695121887128356,0.0023739044617865058,0.4127796497445491,0.41533425708082883
6628,0.16963619863659338,0.0024094190129459363,0.413485597401515,0.4144687849489457
6629,0.1692620127392509,0.0024323296723148193,0.4142356483157389,0.4140700092726953
6630,0.16897459010807156,0.00242190610551584,0.41473899391957436,0.41386450986683815
6631,0.16907833071548256,0.0023852098310516868,0.4159458676790549,0.4125905917744109
6632,0.16952628284620064,0.0023115459362131005,0.4159995687674966,0.41216260245008973
6633,0.16883219612385222,0.002348043209786171,0.4166107435393546,0.4122090171270069
6634,0.16872504210666323,0.002314939198299003,0.41610907979535305,0.41285093889968466
6635,0.16842285890815187,0.002327080798755242,0.4163874098335151,0.4128626504595777
6636,0.16841191686404042,0.0023558705303084342,0.41680892128191305,0.4124232913237381
6637,0.16874870525790697,0.0023472105902596742,0.41735727625739677,0.41154680789443654
6638,0.16838622692237976,0.0023422171265587446,0.4173853542528508,0.41188620169821066
6639,0.16889476734864312,0.002333439342799279,0.4183506117211251,0.4104211815874327
6640,0.1685629602839201,0.0022799159729029925,0.41848484882527714,0.41067227491789976
6641,0.1680455928478919,0.002281681737631351,0.4192825837245853,0.4103901416898915
6642,0.16811297179367551,0.002310672890344627,0.4198214128326897,0.4097549424832902
6643,0.16760835926146025,0.002302343053932655,0.4198649753318545,0.4102243223527525
6644,0.16760404740327411,0.0023068776629758783,0.4195066527574838,0.4105824221762663
6645,0.1677435329091752,0.0022736464435472352,0.4194925518185032,0.4104902688287743
6646,0.16807518813043132,0.002316668562136584,0.4184372182480929,0.4111709250593393
6647,0.16810779578693005,0.002340104876545641,0.41812791570625524,0.4114241836302691
6648,0.16767513512586477,0.0023311548642629704,0.4178439751140539,0.41214973489581846
6649,0.16776703909813112,0.002251814591713576,0.41897695733331375,0.41100418897684154
6650,0.1675247125317238,0.0021971672865557603,0.4190735640597392,0.4112045561219812
6651,0.16784842321413596,0.002226793682869653,0.4182540806948428,0.41167070240815146
6652,0.16760589371104215,0.002266590490244493,0.41879281891328446,0.41133469688542884
6653,0.16754735835701737,0.0022904833478682688,0.41840694020897107,0.41175521808614324
6654,0.16740889286803262,0.002333690523632197,0.41916046199190793,0.4110969546164272
6655,0.16775461078969234,0.0023502930878283464,0.41819261889261244,0.411702477229867
6656,0.167306125687468,0.002372069480835021,0.4187409517139929,0.41158085311770415
6657,0.16731144068546203,0.0024151167073524892,0.41873184759485005,0.41154159501233545
6658,0.16717495034917804,0.002378218579291223,0.4198776627899933,0.41056916828153744
6659,0.16706320656722304,0.0024093117358378892,0.4196086201737912,0.41091886152314777
6660,0.1672244681881337,0.0023918176753069805,0.4197549281470042,0.41062878598955505
6661,0.16720099934405308,0.002447742986255679,0.41963351915652203,0.4107177385131693
6662,0.16720963152966792,0.002421378002428598,0.4198065261667364,0.4105624643011672
6663,0.16708084083326882,0.0023480361260009713,0.4197610786596414,0.41081004438108887
6664,0.16740229983437743,0.002331353115874339,0.4200526716629832,0.41021367538676506
6665,0.1678243526710135,0.0022777110777739964,0.42065514312493263,0.4092427931262799
6666,0.16788239728254042,0.002276801154850413,0.4206067661731764,0.4092340353894327
6667,0.1680260354021981,0.0022553399672764285,0.42058811343384594,0.4091305111966796
6668,0.16866626488270248,0.002237414206805308,0.42034585093463095,0.4087504699758613
6669,0.16898535203456205,0.002244609238406153,0.42080982069101724,0.40796021803601457
6670,0.16842880565091958,0.0023188422470126133,0.4212425644769703,0.40800978762509743
6671,0.16832016495160806,0.002377981394216096,0.42079793611122074,0.4085039175429551
6672,0.1686651775978692,0.0024093842029716235,0.42050176043283116,0.40842367776632793
6673,0.16903640299590217,0.0023760607809396525,0.4204296456627354,0.4081578905604227
6674,0.16911861864946703,0.002358414636602862,0.4203250262112026,0.4081979405027275
6675,0.16899623743267062,0.0023120674462827505,0.41972890026425186,0.4089627948567946
6676,0.16932493870089865,0.0022844712757623406,0.41858233580322945,0.40980825422010964
6677,0.16901621752458923,0.002251053871640737,0.41897495832022164,0.40975777028354843
6678,0.16882176720841263,0.002275730112861863,0.4202221467512712,0.4086803559274543
6679,0.16861459756926947,0.0022336340450629663,0.4204998086145517,0.4086519597711159
6680,0.1681897168774718,0.0022196977471962104,0.42121628616186524,0.4083742992134667
6681,0.16851901277586717,0.0022276632301322517,0.42088606927332084,0.4083672547206799
6682,0.16864152743114094,0.0022440930211249386,0.4201693121687816,0.4089450673789525
6683,0.1688994271908636,0.00224976964244288,0.41955814422342996,0.4092926589432636
6684,0.16892578360117497,0.0022051347093786098,0.41953861112643176,0.40933047056301464
6685,0.1688156265304468,0.002166663630177748,0.4197297173621822,0.4092879924771934
6686,0.16857178064961875,0.002222039402456452,0.4201643351856516,0.40904184476227323
6687,0.16846950681539669,0.0022269845855438343,0.4198670632502227,0.4094364453488367
6688,0.168548519581402,0.0021758979956459047,0.41952909829685303,0.40974648412609893
6689,0.16846680483066154,0.0021600398945125572,0.41983011300522693,0.409543042269599
6690,0.16837542734697628,0.002232149107851086,0.4195524368749455,0.40983998667022714
6691,0.16825079781903224,0.002253348863009805,0.4199862412453791,0.40950961207257885
6692,0.16866177324120474,0.0022282465821917355,0.4199048898959606,0.4092050902806431
6693,0.1690042746265325,0.0022867412774241753,0.4197537220952923,0.40895526200075105
6694,0.16914966373242593,0.0022423377301679015,0.41939147700590285,0.4092165215315033
6695,0.16933161154693027,0.002258887323204271,0.41943769335711006,0.40897180777275544
6696,0.16934588286221003,0.0023046412995167236,0.4200971517025126,0.4082523241357607
6697,0.17003318505839649,0.002315205544473736,0.4193825106805811,0.4082690987165486
6698,0.1699456307971426,0.00227170277328309,0.41973461897197345,0.4080480474576009
6699,0.16999015350217977,0.002306535984870471,0.41975995383588083,0.4079433566770689
6700,0.16937789904613057,0.0022472957739266704,0.41971545027851775,0.4086593549014251
6701,0.1696882604846447,0.0022726838321585055,0.419448169913048,0.40859088577014874
6702,0.16965229914225374,0.0023171653161605118,0.41941660668173375,0.4086139288598519
6703,0.16928498202220985,0.002357426272905734,0.4195635964938603,0.40879399521102416
6704,0.16968637465310993,0.002414394651043664,0.41930760556210406,0.4085916251337422
6705,0.16997698766099384,0.0023357925485015516,0.4193939474542498,0.40829327233625473
6706,0.17028541937733585,0.0023348050656911827,0.41842446234659636,0.4089553132103765
6707,0.17053460505902737,0.0023144240742380626,0.4181527688857898,0.4089982019809447
6708,0.17080045895633195,0.002315924548448617,0.4175791412590737,0.4093044752361458
6709,0.17090764687846888,0.0024306475018486427,0.41694799479850514,0.40971371082117736
6710,0.17094473332803567,0.00240940421872912,0.41689956057125305,0.40974630188198213
6711,0.17140700002526438,0.002460617993531071,0.41727165723923515,0.40886072474196944
6712,0.17155227712114657,0.0025222980798642416,0.4171090372992925,0.4088163874996966
6713,0.17079362460028266,0.0025336305897917,0.41806969534615257,0.40860304946377307
6714,0.1708658875027778,0.002571663816676173,0.4181425783923037,0.4084198702882424
6715,0.17058417053878933,0.002596447849415291,0.41834165303173093,0.40847772858006437
6716,0.17074982189775448,0.0026201543596351086,0.41810977900402496,0.4085202447385855
6717,0.1709430733258949,0.002660835675711958,0.4186299744185522,0.40776611657984096
6718,0.17099996084254782,0.0026252097418570314,0.4191345873992562,0.4072402420163389
6719,0.1710385934165663,0.002608937825269426,0.4193643635848246,0.40698810517333966
6720,0.17106648974820082,0.002606155290653503,0.4204215499217575,0.4059058050393881
6721,0.1711856167311783,0.0025612846945443067,0.42017335548394846,0.4060797430903289
6722,0.17120520901246644,0.002494779682233977,0.41999750800610886,0.40630250329919076
6723,0.17142260061095663,0.0024553154478282263,0.41914124494257576,0.40698083899863935
6724,0.17117675265833454,0.0024405490210736517,0.41942182009108153,0.4069608782295103
6725,0.17094318619798807,0.002515588504203809,0.4186714745542227,0.40786975074358545
6726,0.17088752535262594,0.002554301825294001,0.4187225983618584,0.4078355744602217
6727,0.1706245763560632,0.0025732940753610918,0.41913697861554605,0.40766515095302963
6728,0.17078732922074402,0.002530748420425133,0.4194828898412094,0.40719903251762146
6729,0.1707116164265028,0.002531542590117589,0.41927465123443985,0.40748218974893974
6730,0.1706902563819796,0.002474231509535355,0.41931126390885887,0.4075242481996262
6731,0.17048362382657395,0.0024654947310463007,0.4189841294728912,0.40806675196948844
6732,0.17050676235008577,0.0024598965096468603,0.41927487236367933,0.40775846877658806
6733,0.17041551305100577,0.0024875131935202747,0.4191464285380242,0.4079505452174498
6734,0.1698389717513776,0.0024818949817254064,0.4200996574177639,0.407579475849133
6735,0.17019831568035682,0.0024810233926325356,0.4197358999172165,0.4075847610097941
6736,0.1698411686267248,0.002524599438636052,0.4197953939695829,0.40783883796505627
6737,0.1696978171703874,0.0025075756315978215,0.42022982679366727,0.40756478040434735
6738,0.17018429822561815,0.002467597648482433,0.4198157555555932,0.4075323485703062
6739,0.16969494316397524,0.0024320356192124226,0.41963486743636513,0.4082381537804471
6740,0.16986317418064317,0.002406469652447516,0.4192602429286117,0.4084701132382976
6741,0.16964169446364746,0.0024361726746128043,0.41892382263497907,0.4089983102267607
6742,0.16976202787921074,0.0024326764454864072,0.4185390789182438,0.4092662167570591
6743,0.17017055217327473,0.002396771222629347,0.418713782906595,0.4087188936975009
6744,0.170299626709582,0.0023778122766185726,0.4186492012019401,0.40867335981185937
6745,0.1707271661760223,0.0023186190995553007,0.418365066100419,0.4085891486240033
6746,0.1706862168983438,0.0023532810577950535,0.41821977149350864,0.4087407305503524
6747,0.17099556774258867,0.0023680764112210618,0.418113223169724,0.40852313267646617
6748,0.17107465679757966,0.002333634875685332,0.41826168073254555,0.40833002759418946
6749,0.17080897098716943,0.002204760109452466,0.4186086897834286,0.40837757911994954
6750,0.17096464341624346,0.0022680481944230718,0.418995271823717,0.4077720365656165
6751,0.17112538574247263,0.0022160941950081768,0.41842774378645053,0.4082307762760686
6752,0.1709182449021264,0.0021928746424264246,0.4180915161218669,0.4087973643335803
6753,0.17121008116168707,0.0022456397908558645,0.41856556859926525,0.4079787104481918
6754,0.1710293853516646,0.0022025150729971937,0.41868371283869327,0.4080843867366449
6755,0.17130547070850216,0.0021688249945106763,0.4189244233939105,0.40760128090307673
6756,0.17155133284856833,0.002129671888678771,0.41829851409335816,0.40802048116939477
6757,0.17173763433812997,0.002195300969542213,0.4183406717738734,0.4077263929184543
6758,0.1718058093249706,0.0022166240849253787,0.4178858907569814,0.40809167583312256
6759,0.17186391167199538,0.002233321430813134,0.41792745795856295,0.40797530893862854
6760,0.17182767287303802,0.0022472387680804126,0.41859393752518254,0.407331150833699
6761,0.1714701510649375,0.0022751167867875724,0.41856111088259357,0.40769362126568137
6762,0.17186283915032077,0.0023202718241384086,0.418260055604667,0.40755683342087384
6763,0.17181529001721124,0.0024152805589223573,0.4185274449968913,0.4072419844269751
6764,0.17209299949685086,0.0024171640239905407,0.4192017224225532,0.40628811405660537
6765,0.1721072160780581,0.0023931290122155783,0.41917322970355536,0.40632642520617096
6766,0.1721696241926873,0.0023223720114339324,0.41983620533139565,0.40567179846448315
6767,0.17269744140553958,0.0022722705775572193,0.41962383499360667,0.40540645302329653
6768,0.17248782935841084,0.0022233205904377685,0.4200384858717953,0.405250364179356
6769,0.1722947264572103,0.002243827572209984,0.42008361550860024,0.4053778304619794
6770,0.17250641783513704,0.0022533565094010103,0.4200500036197107,0.40519022203575117
6771,0.1730702028111859,0.0022385713785163866,0.41980892253166296,0.4048823032786347
6772,0.17285995285196754,0.002209905328342649,0.41967093121569465,0.40525921060399517
6773,0.17294494101242244,0.0021393960064428714,0.4193172348904321,0.4055984280907025
6774,0.1728205037826819,0.0021381668845894958,0.4190583149307785,0.4059830144019501
6775,0.17246325932124112,0.0020981284983315456,0.42002234642351466,0.4054162657569126
6776,0.17242974212871448,0.0021303202781204626,0.4201416537090726,0.4052982838840925
6777,0.17247364779071186,0.002101451004522547,0.4202878617024788,0.4051370395022868
6778,0.17252070150610976,0.0020791678202693484,0.4198345557797277,0.4055655748938932
6779,0.17275811559017223,0.0020814125357888932,0.4204617443107145,0.40469872756332437
6780,0.1724146925106736,0.0020642540102078243,0.41993872276434524,0.40558233071477323
6781,0.1723321468688958,0.0020942972145533588,0.4199631198203552,0.4056104360961955
6782,0.17235500884837313,0.0020431780448622707,0.4191874091493098,0.406414403957455
6783,0.17220169515837483,0.0020132638885001454,0.41907936708600246,0.40670567386712253
6784,0.17221005127902334,0.0020793969502837066,0.4192320927854481,0.40647845898524493
6785,0.17305390786530658,0.0020858433172451043,0.41915581815376796,0.40570443066368034
6786,0.17305229324137122,0.0021349271112765878,0.41915558450478185,0.40565719514257026
6787,0.17303122150579944,0.0021646928312180603,0.4196190926997331,0.4051849929632493
6788,0.17267082159756103,0.0021667612207816045,0.4192581165946003,0.40590430058705707
6789,0.17317872167303242,0.002189792729559256,0.4192073602961264,0.4054241253012819
6790,0.17330048041951213,0.002178073185475189,0.4186672472096184,0.4058541991853943
6791,0.17321123958291684,0.0022074366675245965,0.4188369809704646,0.405744342779094
6792,0.1734655695956248,0.002228034709625205,0.41806553431491417,0.40624086137983584
6793,0.17383591005593696,0.0022075509225611945,0.41771834530399515,0.4062381937175066
6794,0.17388312791471122,0.002243008647355612,0.4181552000034934,0.4057186634344398
6795,0.17391416261442205,0.0022181845128896624,0.41802535434535876,0.40584229852732945
6796,0.17390611408706627,0.0022076945216052708,0.4172270965437555,0.4066590948475729
6797,0.17392311971241836,0.002182710868216162,0.41718080612270675,0.4067133632966587
6798,0.1735343131436557,0.0022415040610811515,0.4175028862136819,0.4067212965815813
6799,0.17372244893728353,0.0022277882703223484,0.41723418570113635,0.4068155770912577
6800,0.1739409632752163,0.002219593163413411,0.4171913874260104,0.40664805613535987
6801,0.17336305524967385,0.0021975459439879147,0.41819224856093146,0.4062471502454067
6802,0.17316803001943432,0.0021683923393010936,0.41797442597324175,0.40668915166802283
6803,0.17344063136343213,0.002158134324220505,0.41734531226064264,0.40705592205170477
6804,0.17363333426745722,0.0022354995456043006,0.417636658934636,0.4064945072523026
6805,0.17380303370355765,0.0022167296037868545,0.4175641504962602,0.4064160861963953
6806,0.17350069755320946,0.0022362558808043235,0.41771073653657365,0.40655231002941256
6807,0.17313342800439138,0.00220437430974094,0.41810481893955675,0.40655737874631104
6808,0.1734899537421152,0.0022745755350217626,0.41827240703541924,0.40596306368744395
6809,0.17360544571853875,0.0022942831120348456,0.4177475159635785,0.40635275520584785
6810,0.173598626736971,0.0022228900152934604,0.4181973649359964,0.4059811183117391
6811,0.1729741018517098,0.0021803949547063704,0.4181027285156576,0.4067427746779262
6812,0.17318799287035064,0.0022085452783052856,0.41812359566509194,0.4064798661862522
6813,0.17275505675388655,0.002272810825808818,0.41832941474472174,0.40664271767558297
6814,0.1728183951867048,0.002202158203380233,0.41934785419796106,0.40563159241195396
6815,0.1729682905628658,0.0022115243542252267,0.4189510833411723,0.4058691017417367
6816,0.17311497219727148,0.002245269647480688,0.41869395745324905,0.40594580070199876
6817,0.17324945378838413,0.0023086613753056555,0.41807929434483626,0.40636259049147405
6818,0.17337416055532484,0.0022748331792208547,0.41812085188734943,0.40623015437810484
6819,0.1735821713406725,0.002284635138292631,0.4176989590258072,0.40643423449522753
6820,0.1735241869764829,0.0022682561555089865,0.41825801990628814,0.40594953696172
6821,0.17369541078455242,0.002224801667615487,0.41777371650905276,0.4063060710387793
6822,0.17350646150577598,0.0021913406816598934,0.41745306295088175,0.40684913486168234
6823,0.1736574215858041,0.002204002625246863,0.41761368073359506,0.40652489505535394
6824,0.17365747921576963,0.0021906972317934743,0.41849622508423295,0.40565559846820404
6825,0.1732684489194077,0.0022044324217861005,0.41879533026372284,0.4057317883950834
6826,0.17283222787420807,0.0021578901396428216,0.4181142559546136,0.4068956260315355
6827,0.17286674897412665,0.002189737483890011,0.4179704465615699,0.40697306698041336
6828,0.17301698331193746,0.002121174772080332,0.4184734069200881,0.40638843499589417
6829,0.17336230874909925,0.002105703692325131,0.41913508517821746,0.40539690238035825
6830,0.17348797700707635,0.0020692518625557246,0.4188386830464701,0.4056040880838979
6831,0.1736890622086514,0.002048222485863483,0.41937479691158536,0.4048879183938997
6832,0.1736334784164779,0.0020835591186527413,0.4202513979811518,0.4040315644837175
6833,0.17359312016011988,0.002079544747847456,0.4199993381314241,0.4043279969606087
6834,0.17393424185161574,0.002134541751561119,0.41945851431545844,0.40447270208136477
6835,0.17386866566449238,0.0022271131249653854,0.419653261557975,0.40425095965256724
6836,0.17354265786363082,0.0022753486822027842,0.41936915323771906,0.40481284021644726
6837,0.17367394394767105,0.0022143973635884266,0.4194216430336324,0.40469001565510815
6838,0.17354345763760243,0.002162148174078221,0.41939039446680465,0.40490399972151475
6839,0.17374122602191303,0.002134875183432381,0.4188776063464107,0.40524629244824395
6840,0.1736594139957075,0.0021869175461595508,0.41880279965687706,0.405350868801256
6841,0.1732727392217878,0.002099216454968763,0.4186267149772663,0.40600132934597716
6842,0.17320178105710776,0.002140798347330669,0.41821597186112147,0.40644144873444016
6843,0.17281131145586906,0.0021338515248579696,0.41842735638447176,0.40662748063480125
6844,0.17274319121326717,0.002199273973337185,0.4186915097809639,0.40636602503243163
6845,0.17280494663122598,0.002214237755516199,0.41853704410607195,0.40644377150718586
6846,0.17299195620378452,0.002131592378869366,0.41867755871607076,0.4061988927012754
6847,0.17313173100340484,0.0020785600716105037,0.4178115819721773,0.4069781269528073
6848,0.1728826879374767,0.002082791770458332,0.4182498662955898,0.40678465399647523
6849,0.17274632789191074,0.0020511548862264077,0.41830641530528856,0.4068961019165743
6850,0.1729055828038358,0.00208168011672791,0.41848662722671515,0.4065261098527212
6851,0.1725717931232636,0.0020005162967604803,0.418941352623448,0.40648633795652794
6852,0.17254565344017306,0.0019840651631802893,0.4191134692753681,0.40635681212127855
6853,0.17279153362364438,0.001986815008004278,0.41871427611001283,0.40650737525833847
6854,0.17263124342147212,0.0020063135206459313,0.4186592647874098,0.40670317827047214
6855,0.17310127780427204,0.002023099923852555,0.4181762199414192,0.4066994023304563
6856,0.17294241309619768,0.0019854057775359315,0.41787660511538627,0.40719557601087997
6857,0.17352866922077292,0.0020198869080542306,0.4178064578583309,0.4066449860128419
6858,0.17380956535679015,0.0020504619089349264,0.41699371730718404,0.40714625542709093
6859,0.1741631031876008,0.0020708501907933043,0.4169253427969668,0.40684070382463905
6860,0.1743435638033527,0.0021150054429448497,0.4173372421451894,0.40620418860851293
6861,0.17416470695168867,0.0021413736942115756,0.41759779628559796,0.40609612306850185
6862,0.17401423106388939,0.0021900745453611254,0.41752968225786946,0.40626601213288005
6863,0.17419832584296252,0.002185565209801823,0.4170788728446756,0.40653723610256004
6864,0.17397546596745056,0.0022588321007177238,0.417045678082178,0.40672002384965367
6865,0.17365314192535392,0.0021656338839664293,0.4172564015802328,0.40692482261044677
6866,0.1739428274862443,0.0020747367367639873,0.4163649680786973,0.4076174676982943
6867,0.17367530942524154,0.002097806015853823,0.41568694683793106,0.4085399377209737
6868,0.1733388814702186,0.002162663131458232,0.41612470411991404,0.408373751278409
6869,0.17322156442188963,0.0022394633338285127,0.41651813413084593,0.4080208381134359
6870,0.1729638863521809,0.00217523493868528,0.4166829588349321,0.40817791987420177
6871,0.17331371451554328,0.0021706466952595795,0.41541053295226815,0.409105105836929
6872,0.17337419972297968,0.0021680956937637644,0.41517202529137054,0.409285679291886
6873,0.17301389537946524,0.0022092318266055113,0.41559300841001423,0.4091838643839151
6874,0.1732410030377718,0.002277975686220935,0.41544730456044654,0.40903371671556077
6875,0.17316051214342504,0.002271420172233333,0.41577088427411535,0.4087971834102263
6876,0.17335052907806098,0.002251835069222163,0.4145196379093794,0.40987799794333757
6877,0.17294088302019212,0.0022684541421822144,0.4153036643614293,0.40948699847619635
6878,0.1725845662548236,0.002330323654965216,0.41516049807759925,0.4099246120126119
6879,0.1725902123127318,0.0022986844726280878,0.41566164141986783,0.40944946179477226
6880,0.17256844519830986,0.002276510954302617,0.41491496583958787,0.4102400780077997
6881,0.17308064124075181,0.002208559274064177,0.41488053400370806,0.40983026548147594
6882,0.1732730979457293,0.0022831072622460555,0.4149620026259447,0.40948179216608
6883,0.17387506334254071,0.002297554033551477,0.41473201072036225,0.4090953719035456
6884,0.17424556943921837,0.0023340891250949666,0.41394283223575357,0.4094775091999329
6885,0.17430345618831153,0.002236671754441344,0.4141397014148164,0.4093201706424307
6886,0.17424964710590687,0.002255342317629419,0.41395523785871713,0.4095397727177466
6887,0.17412035736771156,0.002157580229749252,0.41460764185586996,0.40911442054666924
6888,0.17371972786398276,0.0020753736402678,0.41500015488592074,0.4092047436098286
6889,0.17421370535228034,0.002063295920798496,0.41466977346259515,0.40905322526432597
6890,0.17412813520097453,0.0021167302483197244,0.4142874223470311,0.4094677122036746
6891,0.17435065570652344,0.0021350706646474887,0.41427413771569316,0.4092401359131359
6892,0.17411002098689005,0.0021750882040197286,0.4144848581530322,0.409230032656058
6893,0.1738391844891875,0.0021251164367699247,0.4144512044441483,0.4095844946298942
6894,0.17346551281469705,0.0022016645879986575,0.41522865874344106,0.4091041638538632
6895,0.17366106297830386,0.002124454543053568,0.41528504069991107,0.40892944177873136
6896,0.17348423425845386,0.0021185632029619055,0.4151333700849153,0.4092638324536688
6897,0.17333695729744725,0.00222091915381989,0.4144136489687044,0.41002847458002856
6898,0.17354768708782198,0.0022243785968746343,0.41368996466654656,0.41053796964875683
6899,0.17345442140750347,0.0023066540496564044,0.41368631372885856,0.41055261081398153
6900,0.17327241098993115,0.00224882662098421,0.41401967320245403,0.41045908918663054
6901,0.17311884945046113,0.002255992089672541,0.4140255073281286,0.4105996511317377
6902,0.17308805545290842,0.002218109430934658,0.4143801898760274,0.4103136452401294
6903,0.17348693471498608,0.002230933756691449,0.41396612675690214,0.41031600477142033
6904,0.1738800179614671,0.002236894783189682,0.4131821101116898,0.4107009771436533
6905,0.17463379449718225,0.0022347263215168316,0.4129662215444868,0.4101652576368141
6906,0.17438554212351046,0.002303875160366799,0.4138401466176108,0.409470436098512
6907,0.17418632650141558,0.002408108229838252,0.4139505883866109,0.4094549768821352
6908,0.17416997230486034,0.0023638036343858167,0.4146568713197656,0.4088093527409883
6909,0.17480228290321645,0.002388347262133648,0.41378670897315917,0.40902266086149075
6910,0.17492501638953797,0.0023977933750115804,0.41387993404520296,0.40879725619024754
6911,0.1753328536279956,0.0023320732990714022,0.4136842951792489,0.408650777893684
6912,0.1751186622482384,0.0022929703413409218,0.4140374268026464,0.4085509406077742
6913,0.1748684132772896,0.002361528691649214,0.41481122632932443,0.40795883170173675
6914,0.17468078665486161,0.0023447780223208505,0.41538103726249503,0.40759339806032246
6915,0.1745840062713752,0.0023462270581236255,0.41559368971072885,0.4074760769597724
6916,0.17478477114686225,0.0024147431096228113,0.4154153379183792,0.4073851478251358
6917,0.17444274535716647,0.0024365099874359437,0.4151349048742806,0.407985839781117
6918,0.17361024741310166,0.0024678873535589336,0.41552992943393335,0.4083919357994061
6919,0.17388193197802024,0.0024231888528595206,0.415242592300777,0.40845228686834334
6920,0.17393469525926972,0.0024263136063123573,0.4152916352732544,0.40834735586116355
6921,0.17351194795972869,0.002391839453338907,0.4156621755741975,0.408434037012735
6922,0.17348975739356506,0.002320064105118882,0.41514489787214187,0.4090452806291743
6923,0.17321454616986895,0.0023534250553091034,0.41400690241154037,0.41042512636328154
6924,0.1730777731807662,0.0023913128129976315,0.4141574368761115,0.4103734771301246
6925,0.17280470429252853,0.002381803163643483,0.4146948319568694,0.41011866058695856
6926,0.1727758325835897,0.0024318245941971376,0.4152119699180078,0.40958037290420535
6927,0.17286905748348413,0.0023907709525797204,0.4153385894909924,0.4094015820729437
6928,0.17310906008139065,0.0023858330637310213,0.4149509544398871,0.40955415241499127
6929,0.17308911280428796,0.002489412596754546,0.41541494323040684,0.4090065313685507
6930,0.1730949760847002,0.0025036597154510275,0.41591897840242587,0.40848238579742296
6931,0.17331622715473605,0.002434738195012453,0.41605579735438003,0.4081932372958715
6932,0.17360122754746135,0.0023781065968537123,0.41545781807117715,0.4085628477845078
6933,0.17394216936635024,0.0025201729393366738,0.4151556956794254,0.40838196201488774
6934,0.1740968682654292,0.0025678674401141987,0.415241847000258,0.4080934172941987
6935,0.17391554913655605,0.0025369010930870145,0.41561902723093735,0.40792852253941947
6936,0.17373548070645445,0.0025496952060913556,0.41520272063826874,0.40851210344918537
6937,0.1740689432945382,0.0025860419774359497,0.41491749668700306,0.4084275180410228
6938,0.17430669319347603,0.002598578594672819,0.41515648858368354,0.40793823962816755
6939,0.174305792989384,0.0025411522081731025,0.4155068459781896,0.40764620882425334
6940,0.174609987774862,0.002538550173486782,0.41570961388594957,0.4071418481657016
6941,0.17472550744330792,0.0025463846666756392,0.41588580327143126,0.40684230461858506
6942,0.1748443584463819,0.0025426375434164372,0.41579222475696226,0.40682077925323934
6943,0.17456950214755157,0.0025464682049840077,0.4161487587595135,0.40673527088795086
6944,0.17428273498282648,0.0025352565133614055,0.4165874361171311,0.406594572386681
6945,0.1741975997783283,0.002461904619391708,0.4157841084359539,0.40755638716632603
6946,0.17440163996821606,0.0025115272878295696,0.4161994609741537,0.40688737176980067
6947,0.17412632230749114,0.0024518268498045026,0.4161959262771212,0.40722592456558326
6948,0.17360321428522157,0.0024579380078994656,0.41610967887055345,0.40782916883632553
6949,0.1739452683041327,0.002479473331971674,0.41576371620408475,0.40781154215981086
6950,0.1737813770249215,0.0025125961948103265,0.41625551532099364,0.40745051145927463
6951,0.17376721757917726,0.002512812237661826,0.4158075750234443,0.40791239515971667
6952,0.17394194167203017,0.002503178356155997,0.41623688267175396,0.4073179973000599
6953,0.17407927921207264,0.0025128657624894635,0.4162512275599729,0.407156627465465
6954,0.1739008832202609,0.002482444859482071,0.41628832687904127,0.4073283450412156
6955,0.17432131883601745,0.002431117401721674,0.41552508095595175,0.40772248280630913
6956,0.1746064241767907,0.0024499192565633583,0.4154619318501937,0.4074817247164523
6957,0.17462404461755326,0.0024854889865746645,0.41571027334166966,0.4071801930542024
6958,0.17486930266096126,0.0024347037088284723,0.4152249534334619,0.40747104019674846
6959,0.174971460589119,0.0024330869348641276,0.4160845631892288,0.40651088928678797
6960,0.17510683072780614,0.002437085874817532,0.4155364534777338,0.4069196299196425
6961,0.17549127615350466,0.002382117042827114,0.4149066595462202,0.40721994725744803
6962,0.17583178774546007,0.0023448190966085846,0.414430738386592,0.4073926547713394
6963,0.17577059750910742,0.0023492003897073502,0.4149013538258496,0.40697884827533565
6964,0.17606727276147788,0.0023754570409096456,0.41489902008284335,0.4066582501147691
6965,0.17586888112333243,0.002383922068054542,0.4144859785619916,0.4072612182466214
6966,0.1756943595465139,0.0023848069760395657,0.41537671993856434,0.4065441135388821
6967,0.17570795677154769,0.002407862290211201,0.41498702288778516,0.40689715805045584
6968,0.1755315102116962,0.0023730198543333637,0.4156576526520951,0.40643781728187545
6969,0.17610940616813603,0.002414844236011967,0.4165091849724405,0.4049665646234115
6970,0.17598666140546299,0.002372011553184132,0.4164368026237527,0.4052045244176002
6971,0.17595746081492122,0.0024547643215177125,0.41629644490826906,0.40529132995529193
6972,0.17597999210973506,0.002416034149321466,0.41559213945896945,0.40601183428197407
6973,0.1754725223588383,0.0023751550094433718,0.4159329917079072,0.40621933092381113
6974,0.17621246100666899,0.00233611318477363,0.41530290694040356,0.40614851886815373
6975,0.17626246580675475,0.0022214925627053036,0.4147386725995733,0.4067773690309666
6976,0.17640408633200103,0.002235839853933541,0.4154162903864121,0.4059437834276533
6977,0.17621321339691334,0.0021961895855160864,0.4151573482171222,0.4064332488004484
6978,0.17649780118303124,0.002203548306871176,0.4148847285259408,0.4064139219841568
6979,0.17658151886172144,0.0022995197930492867,0.4151007133723062,0.4060182479729232
6980,0.17591489844984237,0.002297085817247379,0.41547006654474694,0.4063179491881634
6981,0.17572270442512025,0.002375604038188674,0.4154683733453865,0.40643331819130457
6982,0.17563363500076373,0.0023574407143269758,0.4153133830006279,0.4066955412842813
6983,0.1756129914209414,0.0023376533724186995,0.41558211805149103,0.4064672371551489
6984,0.17596706053681735,0.0022982029451791342,0.41557227334804364,0.40616246316995985
6985,0.17603994202856954,0.0022487442941900803,0.4153210638063804,0.4063902498708599
6986,0.1763318717020778,0.002304112983650122,0.414734921414619,0.40662909389965307
6987,0.17668514427969748,0.0022684829149243442,0.4146321724439046,0.40641420036147363
6988,0.17651510843838816,0.0022114589292485097,0.4151459618035588,0.4061274708288044
6989,0.17617279047036558,0.0022422301860216282,0.4157034291617173,0.40588155018189553
6990,0.17639133460309336,0.0022239602724769968,0.4154492242090481,0.4059354809153815
6991,0.17650941567250125,0.0021946135233113367,0.41565222497128723,0.4056437458329003
6992,0.17663457223681017,0.0021806583539951347,0.4157735865785993,0.4054111828305954
6993,0.17676126738035178,0.0021653886517658686,0.41665678764611663,0.4044165563217656
6994,0.17685936012380296,0.002224984427532916,0.4161007386301767,0.40481491681848736
6995,0.17733449058070433,0.0022561053310035553,0.41645149278461435,0.4039579113036778
6996,0.17759014067761542,0.002240441324192032,0.41590182561616407,0.40426759238202853
6997,0.17789326064489197,0.0022650696789502153,0.41604784543393364,0.40379382424222426
6998,0.17812187271700303,0.0022455716786302783,0.4166619260754678,0.4029706295288989
6999,0.17813081825374444,0.002208304888664977,0.41552995572533646,0.4041309211322542
7000,0.17840649177190135,0.002190220715725858,0.41508788417954723,0.4043154033328255
7001,0.17832873200290847,0.0021888478534907024,0.4151024152934048,0.4043800048501961
7002,0.17848010256257618,0.002223109480013917,0.41500958698255186,0.40428720097485804
7003,0.1786028461129292,0.0022051672082169065,0.4145928201045378,0.4045991665743161
7004,0.17806870569956795,0.002141336678985293,0.41528569689615435,0.40450426072529233
7005,0.17859557199308054,0.0021483458777804085,0.4156907384114983,0.4035653437176407
7006,0.17770933184863388,0.0021466050533748265,0.4158366460064542,0.40430741709153706
7007,0.1778280934247871,0.0021526636613303897,0.4153442196909259,0.40467502322295656
7008,0.17811967368043174,0.0021105104389065586,0.4143794614887975,0.40539035439186427
7009,0.1778045960564446,0.002143860879534839,0.4143516444919668,0.40569989857205374
7010,0.17773161865731607,0.0021987692017854184,0.4145603505452914,0.40550926159560713
7011,0.1772761371684131,0.0021656907452380914,0.4146985524939771,0.40585961959237177
7012,0.17734600596696565,0.0021604029713005683,0.4148643964026141,0.40562919465911973
7013,0.17768852458030476,0.0021470573800025945,0.41481958807747565,0.40534482996221693
7014,0.17716997541373566,0.0021235635488947475,0.4145577609898458,0.40614870004752374
7015,0.1771839847302101,0.002251647375224067,0.4145242470914018,0.40604012080316404
7016,0.17709403370693072,0.0022110845746870925,0.41491834337875944,0.40577653833962285
7017,0.17669289045970374,0.002171110309093954,0.41521051278287313,0.4059254864483292
7018,0.1765074977197516,0.002164821893003887,0.4154255749553273,0.40590210543191707
7019,0.17614560919584163,0.0021458688594089654,0.41505858222763903,0.40664993971711033
7020,0.17613465141711132,0.002185535275236379,0.4157785562725909,0.4059012570350614
7021,0.17579266455953707,0.002129245091089061,0.41618195969031324,0.40589613065906055
7022,0.17600933274337033,0.0021225071009081556,0.4160105379497949,0.4058576222059266
7023,0.1759256553746858,0.0020792970770582998,0.416514735122841,0.4054803124254148
7024,0.17601331644730117,0.0020538652626854634,0.4164013089414107,0.4055315093486027
7025,0.17601680055678873,0.0020615183898482657,0.41654828693430695,0.40537339411905615
7026,0.17580663187750467,0.002126497695478542,0.4163356788088062,0.40573119161821064
7027,0.1758280892304666,0.002072544516476594,0.41731085852035255,0.40478850773270414
7028,0.1754739923977862,0.002063010654104333,0.4174337320756717,0.4050292648724378
7029,0.17606408011064636,0.0020680310403621924,0.41706319488727883,0.40480469396171265
7030,0.1761704229399681,0.0020026039937814854,0.41693676480754654,0.40489020825870387
7031,0.1758833308462436,0.0019557314838791625,0.4168840044587287,0.40527693321114844
7032,0.17625338903846907,0.0019863693642905617,0.4162261900566997,0.4055340515405407
7033,0.17600014277061177,0.0019569633606661254,0.41597007929484364,0.4060728145738784
7034,0.17633832926029047,0.001958620229014762,0.41552735742565367,0.4061756930850411
7035,0.17617523107721275,0.0019541450606272446,0.4163607176141541,0.40550990624800576
7036,0.1763372803117122,0.0020068966909629646,0.41665904141990107,0.4049967815774238
7037,0.17644424035374867,0.0020205737091770386,0.4165588332294739,0.40497635270760035
7038,0.1760068826464582,0.0020409412336583627,0.41675475444572,0.4051974216741634
7039,0.1757290614221362,0.001987359338324589,0.41645538004472266,0.4058281991948166
7040,0.17648332066337172,0.001988378843544307,0.4147689667467088,0.4067593337463752
7041,0.1764671363824529,0.0019074965067301607,0.4151744407014628,0.4064509264093541
7042,0.1764254449423019,0.0019019651315589122,0.41490352316974227,0.4067690667563971
7043,0.17631501531370736,0.0018990003205100283,0.41522041939687615,0.4065655649689065
7044,0.17692284690896962,0.0018925844079414832,0.4157063482837784,0.40547822039931053
7045,0.17694705727548982,0.0019085839261001676,0.4157123842688601,0.4054319745295499
7046,0.17719900659919074,0.001949231094651397,0.4154449016277658,0.4054068606783921
7047,0.17741667524920188,0.0018932476772808991,0.41576865813837827,0.4049214189351389
7048,0.1775979437267277,0.0019212063510068427,0.41541066953685135,0.40507018038541415
7049,0.17681806037820785,0.0019070364231692075,0.41621225632976094,0.40506264686886195
7050,0.1767671348343799,0.0018899729592408592,0.41574932613516324,0.40559356607121594
7051,0.1764730998760457,0.0018474847078851068,0.41562986095801796,0.4060495544580512
7052,0.17645034396045953,0.0018388524196883075,0.4160370142230387,0.4056737893968134
7053,0.17664649331287294,0.0018721951046010948,0.41491817515843793,0.40656313642408815
7054,0.176218084317124,0.001772557080077728,0.4156437034803494,0.406365655122449
7055,0.17694422788528974,0.0017983602539854416,0.41426656942739076,0.40699084243333405
7056,0.17631821008800538,0.0017821444522257948,0.41539393415562753,0.4065057113041412
7057,0.17652320379072914,0.0018470084338566204,0.4155445152342775,0.4060852725411368
7058,0.1760891809149094,0.0018654788345786038,0.4157487224036968,0.40629661784681514
7059,0.17597797755180294,0.0018729172585081374,0.41567417011338853,0.40647493507630045
7060,0.17628108128783074,0.0019225482422465163,0.4155343214528638,0.4062620490170589
7061,0.1758256964670927,0.0019058009032029762,0.41608889784996067,0.40617960477974363
7062,0.17572720265628078,0.0018347279077821136,0.4159478342902658,0.4064902351456713
7063,0.1754796714912478,0.0018950936847694504,0.4161739281881724,0.4064513066358103
7064,0.17549123953293658,0.0019378101516779656,0.41600844818054616,0.40656250213483924
7065,0.17525362385545756,0.0018826473115124698,0.41563432907326875,0.4072293997597612
7066,0.17499981188084798,0.0019236378416545197,0.4158162725389147,0.40726027773858287
7067,0.17493111979292872,0.0018751806409621533,0.41596719889697625,0.4072265006691329
7068,0.17483762059767394,0.001864692201258249,0.4153746141520839,0.4079230730489841
7069,0.1741365755630155,0.0018632184993079026,0.41562695267540395,0.4083732532622726
7070,0.17448022757320228,0.001921491792168352,0.4156341290755222,0.40796415155910715
7071,0.17454394123809375,0.0019290820338025295,0.4145198074933566,0.4090071692347473
7072,0.1742505686089069,0.0019431334474816573,0.41464516449363653,0.4091611334499749
7073,0.1740724902349237,0.0020281259147249798,0.41426623764715365,0.40963314620319774
7074,0.17454835489651507,0.0020767328369786,0.4144454081028157,0.40892950416369056
7075,0.17471127563205427,0.0020149584947543433,0.4146226949099721,0.4086510709632192
7076,0.17456244692905337,0.0020170235136981437,0.4151683958935294,0.4082521336637191
7077,0.17441905117623246,0.002144050672425246,0.4149422852396548,0.4084946129116874
7078,0.17425932378586936,0.0021488743299401987,0.4145929313258071,0.4089988705583833
7079,0.17433345927785224,0.002159009736942466,0.41324552532691217,0.4102620056582932
7080,0.17439014849646362,0.0021955579997575848,0.4130344396935562,0.4103798538102225
7081,0.17466010050710315,0.002175924267029037,0.4126275653267779,0.4105364098990898
7082,0.17489528054839334,0.00215296616886424,0.4124045458700384,0.410547207412704
7083,0.17504894949519992,0.0021826908806632556,0.41196792879507693,0.4108004308290599
7084,0.17540229119210193,0.002167837078913705,0.4125009043378415,0.40992896739114293
7085,0.17508839595451997,0.0022699732838068307,0.41240256393932145,0.4102390668223518
7086,0.17537747415722343,0.002289781568196372,0.41170879828885987,0.41062394598572033
7087,0.1754089763407617,0.0023500020687116895,0.4112385367761219,0.4110024848144048
7088,0.17507490482302718,0.002431144420726325,0.4119643745084021,0.4105295762478445
7089,0.17556816707259656,0.0025090276752267092,0.410627513097969,0.4112952921542076
7090,0.17554704409656027,0.0025334138115767845,0.4100634911076234,0.41185605098423955
7091,0.17539299454427196,0.0025940545772895904,0.41050718783906087,0.41150576303937764
7092,0.1756266586792496,0.0026467907530723497,0.410315222558231,0.4114113280094471
7093,0.17546078148607075,0.0027060621265674175,0.41057267079686366,0.41126048559049816
7094,0.17572354223073153,0.0027238347414298824,0.41029155234545656,0.4112610706823821
7095,0.17564313056591774,0.002674354411320576,0.40990302120895283,0.4117794938138089
7096,0.1757263753023766,0.0027570902007545374,0.4093816991863032,0.4121348353105656
7097,0.17579073518446728,0.0027578956683841087,0.4084928975586231,0.41295847158852556
7098,0.1755784681309503,0.0027124151118757185,0.40855554096876273,0.41315357578841133
7099,0.17577672779295572,0.002732988114155193,0.40885216338463365,0.41263812070825556
7100,0.1755262307721947,0.0027323833203665273,0.4090194086162679,0.4127219772911708
7101,0.17601397274999206,0.0027520471372682264,0.40928346485508926,0.4119505152576505
7102,0.17588183596278606,0.0028116240479139627,0.4089933263676392,0.4123132136216608
7103,0.17573623819610024,0.0028748440665255608,0.40958306060412236,0.41180585713325185
7104,0.17593581696734953,0.002833451635858834,0.4095840992565883,0.4116466321402033
7105,0.17570456176651436,0.0028722231777867143,0.4100133585248649,0.41140985653083406
7106,0.17530370192314165,0.0029327313963773615,0.4096845302327856,0.4120790364476954
7107,0.17545731143385104,0.0029466402379246517,0.4092854733994121,0.4123105749288121
7108,0.17540013186714865,0.002963173909946424,0.4098151446892375,0.4118215495336675
7109,0.17586962212206145,0.00295901377577167,0.4100867439975156,0.4110846201046513
7110,0.17572263039075078,0.0029702396924049155,0.40996864765455215,0.4113384822622922
7111,0.17643183497403978,0.003035042895034924,0.4096949245593711,0.41083819757155415
7112,0.17596447714081204,0.0030278161900594487,0.4090792266351976,0.411928480033931
7113,0.17572935682612745,0.0030716272405364635,0.4095040936368243,0.4116949222965117
7114,0.17588338195886294,0.0031195180851524137,0.4084913980213199,0.4125057019346648
7115,0.1763822455537233,0.0030394525474957265,0.40895549617047877,0.41162280572830223
7116,0.17615651274789051,0.0030423689852940006,0.4084830656361338,0.41231805263068183
7117,0.17612012206724031,0.003072077282504524,0.40885665538065147,0.41195114526960364
7118,0.17632207189358834,0.003047985384354945,0.40882154038919544,0.4118084023328613
7119,0.17645284059660676,0.003006703100629856,0.40871853661507523,0.411821919687688
7120,0.1766526131108866,0.002992933565228861,0.40919028837291,0.4111641649509745
7121,0.1765703930131282,0.0029286098983918743,0.40836706395440503,0.41213393313407487
7122,0.17631199518264137,0.002959840044851763,0.4085695916411334,0.41215857313137344
7123,0.17667881740360275,0.0029345546391246063,0.4087072431654975,0.4116793847917751
7124,0.17649605725101897,0.0029665723899925407,0.40819561449281966,0.4123417558661687
7125,0.17690292677450833,0.002869719315624361,0.408072940686112,0.41215441322375534
7126,0.1770435613227905,0.0028699372743481244,0.408006676009436,0.4120798253934253
7127,0.1775427981063525,0.0028567227273352345,0.4073275144717627,0.4122729646945496
7128,0.17709064222640433,0.002885833310652099,0.4078358004615422,0.4121877240014012
7129,0.1771629066090442,0.0028044669691563284,0.40745727477718174,0.4125753516446176
7130,0.17664855645468003,0.002827741068844714,0.40805964574180137,0.4124640567346738
7131,0.17649419596493596,0.0029695476633867252,0.4084297528106622,0.4121065035610151
7132,0.17678395167308367,0.0029881790504832795,0.40867252279753263,0.41155534647890046
7133,0.176611481076394,0.002940266971314712,0.4086475594909098,0.4118006924613815
7134,0.17656569086091561,0.0029432592145781393,0.40810013768357595,0.4123909122409303
7135,0.176150768711759,0.002915780516914473,0.4073776849210876,0.4135557658502389
7136,0.1761489846580114,0.0029028795812874324,0.40757332630108384,0.41337480945961735
7137,0.17603515455412397,0.0029177626239677333,0.4078465495069471,0.41320053331496115
7138,0.17633508579515497,0.0028926406213308853,0.4071742623558361,0.413598011227678
7139,0.1766867476001322,0.002973651037731806,0.4074553242161884,0.41288427714594755
7140,0.1765015134475114,0.00287736656256318,0.40770367102751753,0.4129174489624079
7141,0.17665801192968184,0.0028562301826302755,0.4074826331396572,0.4130031247480307
7142,0.1765561819153642,0.0028725130279091374,0.40747629541409547,0.41309500964263124
7143,0.17633307072739784,0.0029191716630390654,0.40790930074472087,0.4128384568648422
7144,0.17687380692888616,0.0029330407634120008,0.40737336446357963,0.4128197878441223
7145,0.17648227143238435,0.0029478528155292925,0.4080215647657159,0.4125483109863704
7146,0.17657413349101195,0.0029250243016889967,0.40796866054172104,0.4125321816655781
7147,0.17636921209144146,0.0030315617500004085,0.40828361921191964,0.41231560694663844
7148,0.17650982366495357,0.0029974951568960467,0.4083472701789364,0.412145410999214
7149,0.17590654316638443,0.0030254989688876218,0.40863579361720215,0.4124321642475259
7150,0.17516729593583294,0.0030028023103861605,0.40853933467796344,0.4132905670758175
7151,0.17536178951470704,0.0029427737811422417,0.40775524655782647,0.4139401901463242
7152,0.17543820107945052,0.0029492950751196212,0.4079926478471648,0.413619855998265
7153,0.17508948074409386,0.002923268213485659,0.4085435065156441,0.4134437445267764
7154,0.17469524826431324,0.002897382417838537,0.40865721597399285,0.4137501533438554
7155,0.17470654263872235,0.0028254565878434875,0.40856164929492644,0.4139063514785077
7156,0.17455911869585833,0.0028090192748461253,0.408376680931434,0.4142551810978615
7157,0.17449061103425148,0.0028460721218101087,0.40855272371937207,0.41411059312456633
7158,0.17373666896966228,0.0028812019030626996,0.40888432079826764,0.41449780832900746
7159,0.17385517063030792,0.002984501938285619,0.4090385246538579,0.4141218027775485
7160,0.173767357910701,0.0030003422502003383,0.4095872276829038,0.41364507215619495
7161,0.17350557476543466,0.0029439682299501973,0.4096341162272033,0.41391634077741185
7162,0.17408681401869544,0.003046170742746522,0.40959737736045837,0.41326963787809967
7163,0.17412831898776646,0.002988934560061881,0.409979514716129,0.41290323173604265
7164,0.17463976770124795,0.00295007567351991,0.4097131286124589,0.41269702801277325
7165,0.17494223096344144,0.0028629945693722575,0.40992020775022653,0.4122745667169598
7166,0.17507751449209313,0.0029151351348525095,0.40905489278553475,0.41295245758751964
7167,0.1748936153346336,0.002931930365138281,0.4094586595512921,0.41271579474893605
7168,0.17472435692832305,0.0029178196312316636,0.4096008402617802,0.41275698317866516
7169,0.1742864736234698,0.0028657796793515556,0.4096648502852268,0.4131828964119518
7170,0.17460425876437974,0.0028716165996312704,0.40950287851471795,0.41302124612127117
7171,0.17460350429535565,0.0028240281408536804,0.4095158830800883,0.4130565844837023
7172,0.1744197460135944,0.0027960574578624635,0.4103110702193572,0.4124731263091859
7173,0.17402960031993903,0.002843735083618552,0.41092367055369855,0.41220299404274396
7174,0.17359485775663236,0.0028191472898177815,0.41116691946922596,0.4124190754843239
7175,0.17380009017252976,0.0026827383340777373,0.41057749623044115,0.4129396752629514
7176,0.17397766051207872,0.0027119065510067086,0.4108787318046903,0.4124317011322243
7177,0.17374143662805003,0.0027768458782165733,0.41092361575832576,0.4125581017354076
7178,0.17357731888588582,0.0026779925995056492,0.41104423083041164,0.41270045768419683
7179,0.1731689401038374,0.002699373181955826,0.4112497706360497,0.41288191607815705
7180,0.17314059519507535,0.0027646049066825705,0.4114876457344018,0.4126071541638404
7181,0.17326279996040914,0.0028037872704202286,0.41212794662656566,0.411805466142605
7182,0.1730597706292809,0.0027740199272144046,0.41202653107067694,0.41213967837282767
7183,0.1723353355821764,0.0027312238866120343,0.4128686133516325,0.4120648271795792
7184,0.17252070104172393,0.0027744375567917263,0.4133405036277879,0.41136435777369645
7185,0.17258459239246252,0.0026723950356340154,0.4137356110637927,0.4110074015081109
7186,0.1719524689168505,0.002665144377486088,0.4144609036616882,0.41092148304397524
7187,0.17227832882641603,0.0026810194460042194,0.4137092000357977,0.41133145169178204
7188,0.17233683123398996,0.0026632117062921805,0.4138750497205363,0.4111249073391815
7189,0.1730251231257281,0.002593717021666933,0.4144037264747073,0.4099774333778976
7190,0.17285335435293464,0.0024500790245754137,0.41422813593428015,0.4104684306882098
7191,0.17295698094994255,0.0023506232103099457,0.41461480771039466,0.41007758812935285
7192,0.17300187043292775,0.0024121337418304147,0.4151692132947195,0.40941678253052227
7193,0.1727067786818637,0.002391972466248297,0.415959744320263,0.40894150453162503
7194,0.1728885155172733,0.002322484755334863,0.4162448678912939,0.4085441318360979
7195,0.17267711964855398,0.002297992413954555,0.4164580596127765,0.4085668283247149
7196,0.1728693277891895,0.002376946759235703,0.41635740639301455,0.4083963190585602
7197,0.17265440435620033,0.002479584486826044,0.41743381433988186,0.4074321968170918
7198,0.17246619452843256,0.002427718605006132,0.41753931401308647,0.4075667728534749
7199,0.1721964930867556,0.002413521377835553,0.4172783372916539,0.40811164824375484
7200,0.1720862209988886,0.0024338474502318685,0.41776470590347364,0.4077152256474058
7201,0.17175594607532343,0.0024701247184248797,0.41833278041652583,0.4074411487897259
7202,0.17187150318122035,0.0025870555640043528,0.4179404608467925,0.4076009804079829
7203,0.1713386488236492,0.0025614889257430462,0.41831073312335443,0.40778912912725335
7204,0.17117419444302567,0.0025589608463182185,0.41848238843323066,0.40778445627742543
7205,0.17137640152267924,0.0025469238014293244,0.4186511489978398,0.40742552567805157
7206,0.1712380533945444,0.002584848835346614,0.4182809435291045,0.40789615424100445
7207,0.17125515433999391,0.0025891493302723505,0.4189540722622282,0.40720162406750554
7208,0.17134606328002916,0.0025737041564425273,0.41801359246404424,0.4080666400994842
7209,0.17137195538277186,0.0026100330207244836,0.4172865684215468,0.40873144317495685
7210,0.17128208121402316,0.0026495477241082806,0.41755424140677305,0.4085141296550955
7211,0.17166654035160986,0.002578968408738785,0.41716799972773755,0.40858649151191384
7212,0.17147835593146496,0.0025665802951542003,0.4173545610102357,0.4086005027631451
7213,0.17154265483220243,0.0025739381921170102,0.41734444709006546,0.40853895988561517
7214,0.17173743536125174,0.0025269794049654183,0.41661687392884056,0.40911871130494226
7215,0.1715614140895289,0.0025011582485454033,0.41660568421513444,0.40933174344679113
7216,0.17157043885087475,0.0025453905709985855,0.4170190428414763,0.4088651277366503
7217,0.17146365524450694,0.002535899140427957,0.4172099027305685,0.40879054288449657
7218,0.172029564197057,0.0025208376021084227,0.4180544923636452,0.4073951058371893
7219,0.17249583840359134,0.0024901457033479914,0.41842042478884733,0.4065935911042133
7220,0.17301051998929037,0.002332009522617874,0.41883102631515196,0.40582644417293984
7221,0.17291314507595548,0.0023615780617648164,0.4185246870311931,0.4062005898310866
7222,0.17295522931917348,0.0024200493276997524,0.4184017170767268,0.40622300427640007
7223,0.1732472618947208,0.0024167800983931516,0.4185972695176924,0.4057386884891937
7224,0.17293875389756003,0.002472281636083299,0.41799837031091763,0.4065905941554391
7225,0.172670694130749,0.002489694661230592,0.4172001602479945,0.40763945096002585
7226,0.17238881703835016,0.0024854791951317914,0.4167022653419437,0.4084234384245744
7227,0.17241053614377616,0.0024438801976797973,0.41762876034269,0.40751682331585404
7228,0.1724087330671739,0.002330722467224074,0.4172098295327181,0.4080507149328839
7229,0.1728156412198703,0.0023676308601573146,0.4164576736336299,0.40835905428634256
7230,0.1726628090027046,0.0024419248502162046,0.4160590201121436,0.4088362460349356
7231,0.17240470905368654,0.0024241326957391844,0.4165022926032097,0.4086688656473646
7232,0.17248365341253666,0.0024558892252497483,0.41622648477325147,0.40883397258896215
7233,0.1725703067629022,0.0024330639725697197,0.4158855459837197,0.4091110832808084
7234,0.17261007322848038,0.002433306698946953,0.41576352804328714,0.4091930920292855
7235,0.1724490266653084,0.002379534936699436,0.4161524485323729,0.40901898986561946
7236,0.1729859605005416,0.002383737788164936,0.4157945596772576,0.40883574203403594
7237,0.17296721563220144,0.0023455093616072064,0.41633291860660143,0.40835435639958995
7238,0.17317406182783976,0.0022657084671344257,0.41585461971895354,0.4087056099860723
7239,0.17347409214865234,0.0022515889444155645,0.41531728541601465,0.4089570334909175
7240,0.17283195734601411,0.002308037571570572,0.415674466263967,0.4091855388184483
7241,0.17229986794743463,0.002327947488852111,0.41534920160488265,0.4100229829588307
7242,0.17268287102837765,0.0023679529291803602,0.41552552083914734,0.40942365520329477
7243,0.17220842230182742,0.0024318932255699265,0.4158996637807661,0.40946002069183657
7244,0.17210917729613073,0.002366957794814022,0.4163268032273303,0.40919706168172504
7245,0.1722541317968311,0.002319988564269974,0.4158578837257,0.4095679959131989
7246,0.17257874961072456,0.0023703274095317256,0.4162934008227596,0.408757522156984
7247,0.17227601622267813,0.0023125520636210805,0.4159510446392112,0.4094603870744895
7248,0.17218089431828182,0.002316722148272611,0.4162710162688919,0.40923136726455367
7249,0.17186958166938246,0.002362507981121544,0.4158450280956026,0.4099228822538935
7250,0.17199584616869956,0.0023214341950363675,0.4153588524002442,0.41032386723601977
7251,0.1721720669434788,0.002362429149129981,0.4154537488114066,0.4100117550959846
7252,0.1726813528341158,0.002381859934158513,0.41530870260861114,0.40962808462311456
7253,0.17267433218642073,0.002291372595242082,0.4153532809048343,0.4096810143135028
7254,0.17253256872101055,0.0022924093732468002,0.41494124309435315,0.41023377881138956
7255,0.17298241892822647,0.002293541921827594,0.41428629628485236,0.41043774286509366
7256,0.17233467416148723,0.0022171243434191594,0.4150602104475348,0.41038799104755874
7257,0.17230682339945355,0.002209351182291273,0.41508812835617626,0.41039569706207885
7258,0.17224180723179933,0.0021924482779885706,0.4147144747213633,0.4108512697688488
7259,0.17212253153149942,0.0021548235031996483,0.4147623345318408,0.41096031043346015
7260,0.17188874722090156,0.002232633149548836,0.41468626178081724,0.41119235784873237
7261,0.1717780627086066,0.00222336197945475,0.41428185992270866,0.41171671538922994
7262,0.1720543537016908,0.002192660762772491,0.41426341799374466,0.41148956754179206
7263,0.17224647075013919,0.0022020933161629548,0.41486163542385485,0.41068980050984305
7264,0.17256618473155727,0.002205202118603421,0.41493672219026567,0.41029189095957364
7265,0.17315700140329388,0.002282000255854796,0.41493920457159605,0.4096217937692552
7266,0.1738249333787596,0.0022477976358092847,0.4149281953894738,0.40899907359595744
7267,0.17378702142092314,0.002220810147410096,0.41517028268895917,0.4088218857427076
7268,0.17428313163427916,0.0022387212164648044,0.4153984287487904,0.40807971840046564
7269,0.17442611912552433,0.00225009687545429,0.41513255272556904,0.40819123127345225
7270,0.1743087814431982,0.0022538208737757056,0.4146310505818069,0.4088063471012192
7271,0.17484791279823703,0.002269126499841073,0.41432232400232943,0.4085606366995925
7272,0.17506012191267978,0.0022808204188471287,0.41517756318497356,0.4074814944834994
7273,0.17510958560708065,0.002342418718267107,0.41578667174600614,0.40676132392864595
7274,0.17503035009077156,0.0023458089924810596,0.4158642009018359,0.40675964001491155
7275,0.17461331245806072,0.0024195807097521335,0.4156975422159944,0.4072695646161927
7276,0.17426465851054668,0.002401382592398249,0.41597504658042395,0.4073589123166312
7277,0.17414898094834663,0.0023748585432682113,0.4163087733212575,0.40716738718712764
7278,0.17411879711304645,0.0023436793415338515,0.4168070008950468,0.4067305226503728
7279,0.17472306375896082,0.0023147799568184824,0.41632262444791807,0.4066395318363026
7280,0.17459442691873833,0.002330750101115086,0.41616722396425354,0.4069075990158931
7281,0.1748597872343012,0.0023678950534591595,0.41727576047392023,0.40549655723831934
7282,0.17468935134485636,0.0024060154366103044,0.41667282582450715,0.4062318073940262
7283,0.17459613439016572,0.002402315572059663,0.4169199181274422,0.4060816319103324
7284,0.17498813079684755,0.0023562203951914217,0.4169155903563183,0.40574005845164257
7285,0.17506376482177047,0.002358933754095978,0.41669135193599455,0.405885949488139
7286,0.17514756802681675,0.0023766230386055597,0.41598242442815103,0.40649338450642675
7287,0.17559279147787857,0.002373741090983006,0.41632446065051215,0.40570900678062627
7288,0.17601339997677862,0.002402501029572118,0.4162542202907552,0.40532987870289405
7289,0.17667815043833263,0.00240485161986927,0.4162488436996581,0.40466815424214014
7290,0.17727913624458994,0.002391384347107898,0.41572463176023833,0.4046048476480638
7291,0.17784559256374885,0.002425018867772975,0.41580451802304275,0.40392487054543535
7292,0.17817660647710015,0.002393553998289177,0.4157938713132087,0.403635968211402
7293,0.1780542423707052,0.002483356366471152,0.41550584202573654,0.4039565592370871
7294,0.17761748400112756,0.0024294648469023647,0.41558292067088687,0.4043701304810833
7295,0.1781449428562165,0.0024222084092578185,0.41423088774663447,0.4052019609878913
7296,0.17775448855484668,0.002465048588250516,0.4147197253716951,0.40506073748520777
7297,0.1776327279912361,0.0024827156420504986,0.4149102540115951,0.40497430235511833
7298,0.17757056636623,0.0024884688334617473,0.41602082405700624,0.4039201407433019
7299,0.17706749296740446,0.00250393305732644,0.41578029574577313,0.40464827822949595
7300,0.17726131398704806,0.0024741037925489163,0.41645511009424335,0.4038094721261597
7301,0.17742668267684553,0.0024169544254208745,0.416144163032642,0.4040121998650917
7302,0.17728334930959608,0.0023241667445245305,0.41631421981210626,0.4040782641337731
7303,0.17716714224575117,0.0023624492011597707,0.4157444260545848,0.40472598249850433
7304,0.1769095598755222,0.0023499074731448376,0.4156341024940969,0.405106430157236
7305,0.17742862811195598,0.0023942333045786153,0.41541169605590245,0.40476544252756297
7306,0.17717597782490807,0.002429799010124062,0.4158271508481305,0.4045670723168374
7307,0.17738021846721794,0.0023868173398470982,0.4159754808329058,0.4042574833600291
7308,0.17751580204830125,0.0024982604903064495,0.4158387163215543,0.40414722113983803
7309,0.17732135908558158,0.0025725149301229254,0.4158485450241486,0.40425758096014697
7310,0.17728739982178707,0.002485055816055182,0.4160643322565713,0.4041632121055865
7311,0.17741655956746866,0.0025392573549572355,0.4159137784098793,0.4041304046676948
7312,0.17732462126935777,0.002551277515647387,0.4156058563328059,0.404518244882189
7313,0.1771246845555153,0.0026197948909835083,0.41619176497235594,0.4040637555811453
7314,0.17728725162874912,0.00260786824029463,0.41597941186041265,0.40412546827054363
7315,0.17764216448155834,0.0025219397962178134,0.41569289439762036,0.40414300132460346
7316,0.1777571437774372,0.0025782447288503797,0.41553071757949517,0.40413389391421733
7317,0.17775882711268778,0.0025446191797994923,0.415839980151695,0.4038565735558176
7318,0.17826815364221216,0.002432128167073828,0.4158171289040083,0.40348258928670566
7319,0.1786339208572298,0.002435261946628016,0.416141435815812,0.40278938138033016
7320,0.17856890485051546,0.002490710067799175,0.4167187779448092,0.40222160713687616
7321,0.17842320781188073,0.002519679151309825,0.41677586553033474,0.40228124750647465
7322,0.1783087476588956,0.002504900997727115,0.41709446854499993,0.4020918827983774
7323,0.17839403310401822,0.00243808613517595,0.41741449722435214,0.4017533835364537
7324,0.17816966036615617,0.002444541239721265,0.41788422868412844,0.4015015697099941
7325,0.17839811767858008,0.002516498114818935,0.4183330858442657,0.4007522983623354
7326,0.17854586336730727,0.002470926697231439,0.41834678385577984,0.4006364260796814
7327,0.17808410582570708,0.002449992353555433,0.4185356762110142,0.4009302256097234
7328,0.17801261625096865,0.0024420018040139063,0.41824058494219934,0.4013047970028182
7329,0.17760207773898073,0.002472943096082407,0.4187096318816736,0.40121534728326325
7330,0.17771908092988203,0.0024733371699322904,0.418895298127503,0.40091228377268273
7331,0.17770942249826044,0.0024532156404026817,0.4191885374818357,0.4006488243795013
7332,0.17744377689858712,0.002490641130369434,0.41938455729819946,0.40068102467284394
7333,0.1773845961963763,0.0025245274235097055,0.4197265833112544,0.4003642930688597
7334,0.17798732476749457,0.0025169351473716154,0.41967308326071134,0.3998226568244225
7335,0.17804324315437675,0.0025537156344340455,0.4190712422490831,0.4003317989621061
7336,0.17781912414975426,0.0025279320985229594,0.41892075719181215,0.4007321865599106
7337,0.17724811313963668,0.002565995209157995,0.4193322921296162,0.4008535995215891
7338,0.1771793098291925,0.0026077347534597976,0.4199016530429002,0.4003113023744474
7339,0.1770726736458252,0.002657495136364294,0.4199509408465459,0.40031889037126456
7340,0.17756998372448676,0.0026548124216452876,0.41939354212243707,0.40038166173143086
7341,0.17747268796391844,0.002646567753422707,0.41848960983679395,0.40139113444586494
7342,0.17745156946791252,0.0025737384063850574,0.41767255487293375,0.4023021372527686
7343,0.17711546935324674,0.0025204791671339854,0.41744532949276136,0.40291872198685796
7344,0.17740543700613756,0.00247997173418584,0.4168562716458245,0.4032583196138521
7345,0.17777862499008493,0.0024581357505818768,0.4172759150422983,0.4024873242170349
7346,0.17788546706898273,0.0023546439273227845,0.41775516931274514,0.4020047196909493
7347,0.1780097772096018,0.0022936048641146183,0.41661324208237593,0.40308337584390774
7348,0.17792162420288443,0.0023105103112925724,0.4172834893082369,0.4024843761775861
7349,0.17803344040807925,0.0023110745322257706,0.41770397850229796,0.401951506557397
7350,0.17783849867449084,0.0022812787082642414,0.4179468640468743,0.40193335857037055
7351,0.17825242184655127,0.002308983758833734,0.4172926324569943,0.40214596193762076
7352,0.17859645028819993,0.0023910197850288794,0.41838863421077976,0.4006238957159914
7353,0.17794327004247862,0.00232307647286132,0.4180992343224073,0.4016344191622527
7354,0.1778012429986018,0.002282318686855139,0.4186859885923491,0.40123044972219396
7355,0.17732285953559074,0.002227277274962255,0.4193755452991549,0.40107431789029213
7356,0.17786104309175185,0.0022878365397239865,0.42011737071983096,0.39973374964869324
7357,0.17846058741492787,0.0022686137696527825,0.41882215029008973,0.4004486485253295
7358,0.17875951386107025,0.002303800934827926,0.4185917685760492,0.4003449166280526
7359,0.1792918901916225,0.0022936076607595044,0.41868981666582555,0.39972468548179235
7360,0.1786381867453563,0.0023817643116657043,0.4184891322937929,0.4004909166491851
7361,0.17884082493558628,0.002416237173897402,0.4183894086874182,0.4003535292030981
7362,0.17899387120238178,0.0024986617064499546,0.4182588070233909,0.4002486600677774
7363,0.1790016426712579,0.0025340869660134477,0.4181021918692106,0.4003620784935181
7364,0.1790735886508429,0.0025565372629933665,0.41853434939140016,0.39983552469476347
7365,0.17866015931892393,0.002604448154427225,0.41793366370173113,0.4008017288249178
7366,0.17874315823037623,0.0026372353538492593,0.41845978498922004,0.40015982142655443
7367,0.17911382303161313,0.0026425428891192824,0.4173312699944206,0.4009123640848471
7368,0.17930391827916586,0.0027742775545885113,0.41796620592877626,0.39995559823746935
7369,0.17928713702813753,0.0027068178695285267,0.4176723559169269,0.40033368918540707
7370,0.17917456715055952,0.002689488778851386,0.41704248009243755,0.40109346397815154
7371,0.17932227932014674,0.0026709072739380456,0.4165525196017471,0.401454293804168
7372,0.17912889435649157,0.0026756329238733943,0.4159787329563286,0.40221673976330646
7373,0.17920796200390088,0.0027497579005367123,0.41656975631636667,0.4014725237791958
7374,0.17892738297982508,0.0027212214372656245,0.4171584805962378,0.4011929149866716
7375,0.17885049375411893,0.0027598435859362558,0.417454207041804,0.40093545561814087
7376,0.1788054136615521,0.0028368212429678435,0.4171413702846031,0.401216394810877
7377,0.17874764637162815,0.002850510521359945,0.41671436057690225,0.4016874825301097
7378,0.17856387744713037,0.0028618268486462336,0.41741509458586695,0.40115920111835657
7379,0.17839450775189553,0.002906643947773387,0.4172131141216098,0.4014857341787213
7380,0.1784716063665988,0.0028874976538392706,0.4172925011241168,0.4013483948554451
7381,0.17843147156888897,0.002882599429731668,0.4167993151298964,0.401886613871483
7382,0.1781978939273123,0.002888824841137089,0.4165530834204514,0.40236019781109933
7383,0.17811184280858164,0.0029627261632098724,0.4162009048222794,0.402724526205929
7384,0.1779761914068494,0.002929051422390242,0.4164133768680256,0.40268138030273476
7385,0.17801010774306053,0.0029332876135039422,0.4162028347025126,0.40285376994092303
7386,0.17799606503011897,0.0029044305989374066,0.4155733798682835,0.4035261245026601
7387,0.17805701678188304,0.0028458079382231924,0.41509444509848964,0.40400273018140426
7388,0.17797017034335388,0.0027785796016000525,0.41450312346339546,0.4047481265916505
7389,0.17834188938316417,0.002800291472505657,0.41397391807915296,0.40488390106517713
7390,0.17810939010420737,0.0027894550674748496,0.4138599363361971,0.40524121849212075
7391,0.1786426036074853,0.0028177977500819266,0.41328999133972993,0.40524960730270293
7392,0.1789177108106322,0.0029121007818897573,0.41310038634687213,0.40506980206060594
7393,0.17919709621050478,0.002938172918369453,0.4126248929845781,0.4052398378865476
7394,0.17950093725194516,0.002926308774601521,0.41179748197561505,0.40577527199783836
7395,0.17949026892465564,0.0029204376524856455,0.4124273956380563,0.40516189778480244
7396,0.1792579122374526,0.0028625073192868286,0.4118029286119677,0.40607665183129293
7397,0.1795519985229524,0.002873069048033948,0.41220426586394465,0.40537066656506904
7398,0.17969785071016317,0.002762698791364647,0.41177797372779457,0.40576147677067764
7399,0.17934349025342272,0.002720532970057233,0.4120359862216289,0.40589999055489107
7400,0.18006396845129088,0.002635904985905099,0.41241030093820763,0.4048898256245964
7401,0.18001391371010597,0.0026425970239158303,0.4126442027411491,0.4046992865248291
7402,0.17975249686718425,0.0026315139949623554,0.41328308447599166,0.4043329046618617
7403,0.17982916543924793,0.002575576169234691,0.41356483936584115,0.4040304190256762
7404,0.18009956554474266,0.0026730995956669294,0.41297888301773106,0.4042484518418593
7405,0.17991782667466158,0.0027262780971196517,0.4132923571974498,0.40406353803076894
7406,0.1794337815210155,0.0026915807729449405,0.4125822969734324,0.40529234073260706
7407,0.17960766018834146,0.002648585925856103,0.4128498375416977,0.4048939163441047
7408,0.17952199831606114,0.002697370421721359,0.4138311487630547,0.40394948249916274
7409,0.1795074425822621,0.0027116349401742823,0.4140972812001146,0.40368364127744905
7410,0.1794565204803807,0.0027301389817349303,0.4142259990863568,0.4035873414515276
7411,0.1797736413973534,0.0028080235889312503,0.41366304062930304,0.40375529438441227
7412,0.18007512005707432,0.0028405222393605143,0.41348423617794616,0.40360012152561914
7413,0.18019875049593934,0.002902860251145426,0.4131254376003676,0.40377295165254773
7414,0.1802458886257392,0.002940934822958604,0.41293017464795395,0.40388300190334825
7415,0.18026199280929722,0.002969620715508876,0.4130709539811064,0.4036974324940875
7416,0.1803923436201719,0.0029714180207631425,0.41301212758450995,0.40362411077455507
7417,0.18036407093505513,0.002902993199022822,0.4125446181241304,0.40418831774179165
7418,0.180209799672781,0.0029546145728282388,0.4127792432877125,0.4040563424666783
7419,0.1805298809448065,0.002995118445075485,0.4127975868093783,0.4036774138007397
7420,0.18053556415750135,0.002999976764581574,0.4128895501113993,0.40357490896651776
7421,0.18062386650958234,0.0029808331615412227,0.41257061485893215,0.4038246854699444
7422,0.1806601244990373,0.003075121602442085,0.4121112705235725,0.40415348337494805
7423,0.18080747855207044,0.0030238228453907472,0.41226756950902566,0.4039011290935132
7424,0.18102974292372692,0.0030203785846434307,0.41240401775020147,0.4035458607414282
7425,0.18108740856471078,0.003063581984283467,0.4118239408072129,0.4040250686437929
7426,0.18121879489114892,0.00299249090845494,0.4116997498408542,0.4040889643595419
7427,0.18125271328309991,0.003002856702105859,0.41214276098518543,0.4036016690296088
7428,0.18076590698788786,0.002972419127678069,0.411441286924395,0.40482038696003897
7429,0.18153671885192518,0.0029676701087426828,0.41153930350082063,0.4039563075385115
7430,0.18187091048153983,0.003000575022321623,0.4112777927683928,0.4038507217277457
7431,0.18189886246882125,0.002904266704879739,0.41054598527925307,0.404650885547046
7432,0.1818630639468478,0.002998177690894431,0.4105344127621935,0.40460434560006425
7433,0.18205812580786346,0.002948989189881629,0.4100506749165926,0.4049422100856622
7434,0.18189421963650418,0.00298560702837796,0.4100791711295443,0.40504100220557354
7435,0.18166035493210347,0.002989312286378627,0.4099672144586872,0.4053831183228307
7436,0.1811858322025146,0.003043550489329842,0.40931428425501454,0.4064563330531411
7437,0.18117818603004862,0.0029839452663603166,0.4097484446483833,0.4060894240552077
7438,0.1804999459605898,0.0030015989171763855,0.41044656673388574,0.40605188838834805
7439,0.18030512014372174,0.0029865260678655146,0.4106737678250344,0.40603458596337827
7440,0.18045907388874569,0.0029469216714893554,0.41153153396300735,0.4050624704767577
7441,0.1804169524010435,0.0029622525987086637,0.4116349162140579,0.40498587878618986
7442,0.18110341708574515,0.0030056083636157,0.4114109740049333,0.40448000054570593
7443,0.18131412268997835,0.002947462005068069,0.4113824791461348,0.4043559361588189
7444,0.1815344753289418,0.0028811497298018786,0.4108171649459651,0.4047672099952912
7445,0.1815122085024746,0.0028786773011980587,0.41022152659480515,0.40538758760152227
7446,0.18135180510842924,0.00291162497659503,0.4107751430807823,0.40496142683419334
7447,0.18182481374977594,0.0029448556002620377,0.4106965758368023,0.4045337548131597
7448,0.18208489613319112,0.0029393269501848526,0.4106373701523124,0.40433840676431165
7449,0.18254085657567742,0.002848522387300312,0.41081243504565423,0.4037981859913682
7450,0.18243322889611963,0.0029213519256306836,0.4106318254410771,0.40401359373717255
7451,0.18296875906479224,0.0029367341198036647,0.41102943074859066,0.4030650760668135
7452,0.1831157847584319,0.002967655865889729,0.4113237900844717,0.40259276929120674
7453,0.18277325158675187,0.0029227173363522967,0.41112001144426846,0.40318401963262734
7454,0.18266573212130707,0.00294212087378338,0.4113882570095357,0.40300388999537395
7455,0.18250501171173558,0.0029831249664985177,0.4117379325913147,0.4027739307304513
7456,0.18266609141710935,0.002984623880300664,0.41226667707512304,0.4020826076274668
7457,0.18279345877778605,0.0030359162398295005,0.412018863657746,0.4021517613246385
7458,0.18273465053858245,0.002987762920513245,0.4124598850958076,0.4018177014450967
7459,0.18274119714545392,0.0029436048881954753,0.41284209828525054,0.4014730996811001
7460,0.1824433572999445,0.00290832947603714,0.4132702408497284,0.40137807237429
7461,0.18235410049881762,0.003028019106807818,0.41341082862900685,0.40120705176536775
7462,0.18267407963565524,0.0030114353175188435,0.4136860397548162,0.4006284452920098
7463,0.18280866476738894,0.0029401531839180635,0.41441577132714746,0.3998354107215455
7464,0.1828060382066872,0.0029412215134453626,0.4143036863979394,0.39994905388192803
7465,0.18260296812273186,0.0029348176747960447,0.41478829923598254,0.3996739149664895
7466,0.18263909984306198,0.0028439363125985747,0.41456792835268086,0.39994903549165856
7467,0.18259147010073806,0.0028502643729207433,0.41532333664054305,0.39923492888579826
7468,0.18248241422351383,0.0029091996941019724,0.41605514362948437,0.39855324245289975
7469,0.18252408548106613,0.0029522096004213514,0.4159930767115655,0.398530628206947
7470,0.18248478156061312,0.0030120325598546028,0.41603312187557906,0.39847006400395324
7471,0.1820985685516207,0.003022665303209046,0.4163922628367242,0.398486503308446
7472,0.18209881486941512,0.0029800597993134897,0.41695208962366526,0.3979690357076061
7473,0.18193901256028255,0.0029368606759474425,0.4178774742862756,0.39724665247749436
7474,0.181720810270049,0.002981167667929458,0.4183491908313379,0.3969488312306836
7475,0.18151965710344486,0.00297076188075296,0.41771744714142783,0.3977921338743744
7476,0.18103355417908137,0.0030144684396788564,0.4177834297032422,0.3981685476779976
7477,0.1808475010176196,0.003078175241952546,0.41741687570451536,0.3986574480359125
7478,0.18129158677550308,0.003067150550308877,0.4177547886037393,0.39788647407044875
7479,0.18118208469077907,0.0030629173512585965,0.4177814874448906,0.3979735105130717
7480,0.18178121462705893,0.0031113585411283525,0.4179729492295404,0.3971344776022722
7481,0.1814167716286261,0.003098365750676701,0.4184368355649292,0.3970480270557679
7482,0.18140186990839485,0.0030470047521742897,0.4185837013562753,0.39696742398315565
7483,0.18155525290580452,0.0030105640484633556,0.41964469445264985,0.3957894885930822
7484,0.1815956993082472,0.003107363334205227,0.42049790634636314,0.39479903101118435
7485,0.1813034809940563,0.003107214484869691,0.42056689016967874,0.39502241435139523
7486,0.18117328020456133,0.0031599309076133578,0.4204990311872037,0.3951677577006216
7487,0.18095983793636386,0.0031990605750005243,0.42089142140101454,0.394949680087621
7488,0.18039015430314015,0.003157675377809801,0.4205541117260735,0.39589805859297666
7489,0.18053311464592076,0.003155085050261243,0.4201782570949241,0.39613354320889377
7490,0.18060567687343426,0.0031669783534922988,0.4216407610604733,0.3945865837126
7491,0.18038992883875019,0.0032357245783165797,0.42162823524653853,0.39474611133639464
7492,0.18046649197437842,0.003272613457851364,0.4212996191933261,0.39496127537444414
7493,0.18045548492891159,0.003337554006726569,0.4214853396877694,0.3947216213765925
7494,0.1809496005800566,0.0033328999977236887,0.42208424378171194,0.39363325564050766
7495,0.18155526622713158,0.003269107409656806,0.4222240586420686,0.39295156772114304
7496,0.18132660516289087,0.0032980553575464276,0.42213539531485933,0.39323994416470337
7497,0.181162934650274,0.003234302616642065,0.4222320791565428,0.39337068357654115
7498,0.18099700515556255,0.003149216063524957,0.42287406876706185,0.3929797100138507
7499,0.18089528764279889,0.0031659544532478393,0.42256908934803106,0.39336966855592215
7500,0.18080875260504134,0.0030887617392225,0.4220295043058971,0.39407298134983904
7501,0.18025346394382644,0.00311195834560924,0.42199864760324457,0.3946359301073196
7502,0.18071608577725184,0.003192490339293877,0.4217133009182925,0.3943781229651618
7503,0.18122901244264683,0.0033062518131192565,0.42151563363607014,0.3939491021081638
7504,0.1811393648783031,0.003229229339740643,0.42070552088470076,0.3949258848972554
7505,0.18085210928885612,0.0031937202648499876,0.4210734728903268,0.3948806975559671
7506,0.18136089979719056,0.0032000694215569966,0.41993896956541743,0.3955000612158351
7507,0.18171653390631545,0.0032105023440690134,0.41949541873163304,0.3955775450179825
7508,0.1812001458439036,0.0031070556994053653,0.42044117701186234,0.39525162144482867
7509,0.18113608583931085,0.0031046810452934484,0.419967033255323,0.39579219986007275
7510,0.18155199885706663,0.003193990885277136,0.419059227697358,0.39619478256029833
7511,0.18173560722311358,0.003290693183458032,0.41942768831342575,0.3955460112800027
7512,0.1815365935959437,0.0032648767286143207,0.4193587126979915,0.39583981697745035
7513,0.1819235788848911,0.003313171248769062,0.41948618182890296,0.39527706803743695
7514,0.1817886300895728,0.0033481514949116912,0.41929982177793523,0.39556339663758033
7515,0.18136448995032875,0.0033302135483104017,0.4197522764456575,0.3955530200557035
7516,0.18081263096202574,0.0031757158457414183,0.4193902922798931,0.3966213609123398
7517,0.1807510455287275,0.0031794278434997872,0.4201428517570368,0.39592667487073596
7518,0.1806177993130848,0.0031821751113663282,0.4204649183460273,0.3957351072295216
7519,0.1801580598759076,0.003255694985492757,0.4202079874495742,0.39637825768902546
7520,0.18015099617188393,0.003312676914185042,0.4201865169729306,0.39634980994100055
7521,0.18033008745653425,0.0033318092519164003,0.42016293037063257,0.3961751729209168
7522,0.18034374252089228,0.003274535657521501,0.4204347177310951,0.39594700409049116
7523,0.18038528698869966,0.003364199293171683,0.41988986706529313,0.39636064665283544
7524,0.18015527040635304,0.0034009456037320503,0.4199524702028475,0.3964913137870675
7525,0.18029703997236696,0.003435431593162953,0.4210752671669507,0.39519226126751933
7526,0.18055319135612152,0.003394968645192777,0.4210505544812618,0.39500128551742386
7527,0.18067973060805817,0.003374772200718742,0.4209919648564309,0.39495353233479225
7528,0.18014202739210633,0.003379470086682245,0.421680357890547,0.3947981446306644
7529,0.1803030767406428,0.0033341690822593696,0.4219993265059349,0.3943634276711629
7530,0.17997166880087834,0.003266285707886638,0.4232318309341466,0.3935302145570883
7531,0.18009507890229876,0.00325345411160644,0.4235931776919622,0.3930582892941326
7532,0.17974826131720245,0.0032361700385254238,0.4233813013393635,0.3936342673049086
7533,0.17951355588108237,0.0033157721947564543,0.4232977931752089,0.39387287874895227
7534,0.17971235064789345,0.003259011003157547,0.42393910832579557,0.39308953002315344
7535,0.17979384889093347,0.0033729235433083713,0.4239353954381273,0.3928978321276309
7536,0.18002984354736326,0.0034229542449080975,0.4245657907249991,0.39198141148272947
7537,0.18041152121540888,0.0033709659870071475,0.42407191100235436,0.39214560179522967
7538,0.1802409640386682,0.003362334436479876,0.4237018668312905,0.39269483469356137
7539,0.17986566195163595,0.003316078184322355,0.42390067115060626,0.3929175887134355
7540,0.17946995140426175,0.003294846339159383,0.42383739957758076,0.39339780267899804
7541,0.17980776565782822,0.0033818176129301186,0.4235254744188396,0.393284942310402
7542,0.17992584846806084,0.0033650916210146093,0.42370845984525174,0.3930006000656727
7543,0.17970683458593,0.0034671754455362553,0.42418883229828896,0.3926371576702448
7544,0.18007906643460453,0.003457233843346197,0.4235260463097448,0.39293765341230447
7545,0.1802305487340114,0.003358485618859308,0.4238160660194403,0.392594899627689
7546,0.18009948352110466,0.0033747235859847577,0.4241802906900509,0.3923455022028596
7547,0.179718211634247,0.003376898918796817,0.4244792684550207,0.39242562099193556
7548,0.17996403054666654,0.0034151240181517647,0.42488176041578474,0.3917390850193969
7549,0.17965000115318885,0.003378006522498952,0.42494724826694547,0.39202474405736665
7550,0.17940427904845457,0.0034201998804074805,0.4254314048408596,0.39174411623027827
7551,0.17946075912450404,0.003443667900240264,0.42580122405209925,0.3912943489231564
7552,0.17886833554600573,0.0034782740267323897,0.42667047932391605,0.39098291110334593
7553,0.17852811302403632,0.0033961237851925117,0.42758009522673657,0.39049566796403445
7554,0.1785608040765676,0.0033582011936985562,0.42769703107437235,0.39038396365536154
7555,0.17836809837484813,0.0033838487291906875,0.42787469549420853,0.39037335740175266
7556,0.17808908984791222,0.0033662057029228824,0.42804678061480617,0.3904979238343588
7557,0.17797124824907357,0.003383341626039931,0.42810358881166144,0.3905418213132251
7558,0.17770591672564717,0.0034171798425049484,0.4280666138171907,0.39081028961465725
7559,0.17796853222681747,0.003477719641568307,0.4271518325763156,0.39140191555529863
7560,0.1777318680078342,0.003528843454641739,0.4276803741146587,0.3910589144228654
7561,0.17785361487398976,0.003525219458668339,0.42711266614118104,0.3915084995261608
7562,0.1777824206550404,0.0035560698471891207,0.42784294443583315,0.3908185650619373
7563,0.1778095572107817,0.003515546869906382,0.42798223266658253,0.39069266325272933
7564,0.17828359300715876,0.0035464884832331943,0.42735687987907856,0.39081303863052946
7565,0.17828161588525976,0.003622681823492728,0.4270526758417158,0.39104302644953176
7566,0.1777392132262307,0.003628597352788496,0.42701290340467574,0.39161928601630513
7567,0.17757786450476803,0.0036606429014574165,0.42728391625362294,0.3914775763401516
7568,0.1778607146123004,0.003742633244991282,0.4275872931589501,0.3908093589837582
7569,0.178145826583396,0.0038062321631326087,0.4277493741462296,0.39029856710724176
7570,0.17787048968503033,0.0038313769842321143,0.4281659157511878,0.3901322175795498
7571,0.17797088861162164,0.003811365812253728,0.4279933208583639,0.39022442471776075
7572,0.1774988512719546,0.003798586302438034,0.4268182483821602,0.3918843140434471
7573,0.1774750673837169,0.003804286363727603,0.42598850396907084,0.39273214228348463
7574,0.17701910706455942,0.003817624836289653,0.42599777862693167,0.39316548947221924
7575,0.1768413304534159,0.003796731995642337,0.4263434115589817,0.39301852599196
7576,0.17650867407785237,0.0037459331508629505,0.42712131242361595,0.39262408034766866
7577,0.17664385280442502,0.0037970841707175565,0.42684184223469934,0.3927172207901581
7578,0.17680901391853424,0.0037416907865959006,0.42705280338340523,0.39239649191146453
7579,0.1764511294394355,0.0038237229429853733,0.4270161691641077,0.39270897845347147
7580,0.17588853153667325,0.003854372403566172,0.4278364388438799,0.3924206572158807
7581,0.17597659366058202,0.0038615474549428173,0.4277991693680699,0.39236268951640535
7582,0.17590030776964485,0.0037516329049523144,0.4271117477309435,0.3932363115944594
7583,0.1757512311237945,0.003849156043227835,0.4269731112059921,0.39342650162698567
7584,0.1760188077516786,0.0038806939620917662,0.4256363855914122,0.39446411269481735
7585,0.17603510598107794,0.0038761263093361155,0.42557079940174447,0.39451796830784136
7586,0.17619178199313476,0.003877490828703542,0.42436412879319824,0.39556659838496355
7587,0.1760972717769315,0.003989374891943195,0.4243114696180089,0.3956018837131164
7588,0.1765998147215929,0.003983038865202177,0.42447512145540445,0.39494202495780045
7589,0.17679409463722312,0.003991976768826596,0.4248973475452007,0.39431658104874956
7590,0.17643926403969976,0.00400094009927645,0.42514362790194465,0.3944161679590792
7591,0.17665758460742337,0.003973433682280344,0.4254547184388068,0.3939142632714895
7592,0.1768572952388905,0.0039060185303701834,0.42635969916681543,0.3928769870639239
7593,0.17694380047274064,0.003907085227741745,0.4258802509806244,0.3932688633188932
7594,0.1771482982962121,0.0038052396886519915,0.42582445598351015,0.3932220060316258
7595,0.17775670560646267,0.003807157834341453,0.42504087591755974,0.39339526064163616
7596,0.17756935064256357,0.0037790690419381517,0.4245148735015586,0.39413670681393975
7597,0.17749546967150764,0.0037802968740229996,0.42412635997437304,0.3945978734800964
7598,0.17728963467687694,0.0038176117675559965,0.42424273595089906,0.394650017604668
7599,0.1774703599411036,0.003805476427534207,0.4237211050991913,0.39500305853217077
7600,0.17751863312268742,0.003732345191470996,0.4240522686622713,0.3946967530235702
7601,0.1780706486756,0.003669724098195429,0.42388501324102973,0.3943746139851748
7602,0.17807053954384708,0.00364939823643651,0.4239374520002951,0.3943426102194214
7603,0.17788198579112113,0.003626792883116043,0.42404662529724363,0.3944445960285192
7604,0.17814454066160051,0.0035592017046051417,0.42292229256124336,0.39537396507255096
7605,0.1781841869969371,0.00357501661368907,0.42301894623796815,0.39522185015140565
7606,0.17789169630123483,0.00356947101934997,0.42368781894009633,0.39485101373931897
7607,0.17803732329031416,0.0035782404783148876,0.4243621650146009,0.39402227121677
7608,0.17798151772648674,0.003616476244054683,0.42360996105338433,0.3947920449760743
7609,0.17769393395114697,0.0035412040060083575,0.42396695472600243,0.3947979073168422
7610,0.1775733172296003,0.0035716984451256394,0.4240491233611984,0.39480586096407577
7611,0.17743614794547546,0.003574692595809458,0.42442661378361457,0.39456254567510063
7612,0.1771530176410952,0.0036855861042350176,0.42467849994164625,0.39448289631302347
7613,0.17733260010455482,0.003668615343729434,0.42482527106405243,0.3941735134876634
7614,0.17676944497470623,0.003535426967271732,0.4250193527063142,0.3946757753517078
7615,0.1774258281154686,0.003463089571496178,0.42486788570759815,0.3942431966054371
7616,0.177558973802603,0.003561573216063884,0.42516670398880396,0.39371274899252917
7617,0.17752103197071864,0.003644612666159715,0.42478457859263596,0.3940497767704857
7618,0.17763013985516687,0.003603796622081898,0.4252026479989432,0.39356341552380797
7619,0.1776892349997808,0.0035176660387731262,0.4249928811821285,0.39380021777931756
7620,0.17783300632368265,0.003408204914695903,0.4259615433018249,0.39279724545979655
7621,0.17781051460378888,0.0034279978893346497,0.4251304402261156,0.393631047280761
7622,0.17833420014697268,0.0034874574752598404,0.4254005890475547,0.3927777533302128
7623,0.17844880966761892,0.0035427505498932055,0.425289293370591,0.3927191464118969
7624,0.1787569001288867,0.0035411986423199227,0.4255103095546615,0.3921915916741318
7625,0.1790843262894168,0.003578026709074678,0.42589012078642013,0.3914475262150884
7626,0.1789148785868186,0.003521218961159935,0.4262515353058534,0.39131236714616807
7627,0.1787094393267401,0.003483275452589571,0.4270823583633625,0.39072492685730786
7628,0.17862435363284396,0.0034845726725748318,0.42659308164095133,0.39129799205362986
7629,0.17834022817458903,0.003427656311798425,0.4269400547533488,0.3912920607602638
7630,0.17825599258655636,0.00340048539007477,0.4276126203611896,0.3907309016621792
7631,0.1779890819749111,0.003363454202563526,0.42837667307953575,0.39027079074298954
7632,0.17763973420060625,0.0033632925526198057,0.4277176118641953,0.3912793613825788
7633,0.17745234938277404,0.0032815782866182663,0.4276509325576005,0.39161513977300716
7634,0.17800778486255373,0.003276335156412362,0.4269721032818882,0.39174377669914573
7635,0.17802237769291637,0.0032713524822342104,0.4265079142445588,0.3921983555802907
7636,0.17816708349975757,0.003273830062570142,0.42734605657493524,0.3912130298627371
7637,0.17820489005985932,0.003267194748266672,0.42697526675014,0.3915526484417339
7638,0.17856670600566202,0.003331458437963691,0.4260415243096702,0.39206031124670415
7639,0.17828408829511672,0.003320404323169089,0.42618206525023233,0.3922134421314819
7640,0.17820655360355403,0.0032974274384807477,0.42565380565234373,0.39284221330562163
7641,0.17882385199451123,0.0033170548582832264,0.42614538766775345,0.3917137054794521
7642,0.17918235916262187,0.003202559845055568,0.4267199171784144,0.3908951638139082
7643,0.17901465949444478,0.0032292212053737375,0.42624092690619014,0.39151519239399135
7644,0.17915572597093793,0.003216370697371347,0.4263657839711373,0.39126211936055344
7645,0.17888301291848235,0.003118337046696085,0.42730493250609874,0.39069371752872273
7646,0.17894100945785127,0.003198987678901752,0.427616221690336,0.39024378117291103
7647,0.17903210192962402,0.003165753789316183,0.4278723664457692,0.38992977783529054
7648,0.1794600905403264,0.003186234796354679,0.4277990855188178,0.38955458914450103
7649,0.17894857004452935,0.00319994484353038,0.427732807370646,0.3901186777412942
7650,0.17945017942792424,0.0031917817861108477,0.4271221101971389,0.39023592858882605
7651,0.1793058413400186,0.0031719008347034137,0.42624233944937107,0.3912799183759069
7652,0.1795202410049154,0.00310425960773883,0.42656014192858516,0.3908153574587606
7653,0.17935723743276744,0.0030204583395937326,0.4276838861727127,0.389938418054926
7654,0.17919557788001778,0.0030100016984556726,0.42811669197497837,0.38967772844654813
7655,0.17954590466633968,0.0029544617328372677,0.42837703234906116,0.38912260125176185
7656,0.1792801607636942,0.002909523279616633,0.4291673158099048,0.3886430001467844
7657,0.17911234814842092,0.0029485216685576614,0.4291547715289428,0.3887843586540787
7658,0.17905372733337171,0.0030358353905102437,0.4291483582041494,0.38876207907196864
7659,0.1787904215435016,0.0029952142248889334,0.4294532865927886,0.3887610776388208
7660,0.17872474393500065,0.003004773109728183,0.42889045388182134,0.38938002907344965
7661,0.17839480615731798,0.0029758159308834937,0.42910615604356617,0.3895232218682324
7662,0.17825564009158368,0.002919777283967725,0.42974313384271784,0.38908144878173073
7663,0.17872770590015172,0.0029330824463675983,0.4291242665207373,0.38921494513274346
7664,0.17863094594148052,0.0029131908809387607,0.4282391981265851,0.39021666505099556
7665,0.17864444948327787,0.002885841274164254,0.42842716142017256,0.39004254782238534
7666,0.17808610819143317,0.0028582440610787825,0.4282977895593748,0.39075785818811326
7667,0.17795979380031396,0.0029356091481879806,0.42806495115370524,0.3910396458977929
7668,0.1779320038155753,0.003001544671694314,0.4280966574510042,0.39096979406172616
7669,0.17761275097929258,0.0029763986800419367,0.42817408226542425,0.39123676807524127
7670,0.17718987489989932,0.0029681293547086382,0.42798393431297466,0.39185806143241736
7671,0.1774096078718911,0.002892493101618344,0.4283409993376086,0.391356899688882
7672,0.17756820737926954,0.0029568477042489017,0.4281384317899125,0.39133651312656903
7673,0.1777788753662567,0.002938094137306979,0.42773549677945616,0.39154753371698003
7674,0.17760235338274483,0.0029702738903465515,0.427491334979475,0.3919360377474336
7675,0.17731186475575336,0.0030093555688558123,0.4272468781095755,0.3924319015658154
7676,0.17737769314958077,0.003077077914928139,0.4271865620424018,0.3923586668930893
7677,0.177623985689342,0.00304543198051499,0.42707627514114954,0.3922543071889935
7678,0.177367052867272,0.0030091290924971824,0.4273085204125935,0.3923152976276373
7679,0.17720447905386674,0.002925495835918655,0.42703827166227415,0.39283175344794047
7680,0.17728814789341948,0.0028815434835928783,0.427325995659216,0.39250431296377164
7681,0.1777966688011686,0.0029100071406245004,0.42677907986387487,0.392514244194332
7682,0.17746501420828706,0.002914128851057623,0.4265349347315753,0.3930859222090802
7683,0.17768437311303759,0.002890562374172621,0.4267512962295655,0.3926737682832243
7684,0.17772447685953366,0.002858092443236499,0.42675109224221164,0.3926663384550183
7685,0.1775901671938441,0.002890624584596249,0.42673909370493474,0.39278011451662487
7686,0.17759377836921758,0.0028735917578893155,0.42727391174796364,0.3922587181249295
7687,0.1775077325014304,0.0028270978140095774,0.4277989740317847,0.39186619565277536
7688,0.17694559804491625,0.0028638046615683307,0.427986265077705,0.3922043322158104
7689,0.17655235408638795,0.0028856580477378455,0.4281308350833055,0.3924311527825687
7690,0.17669473411328085,0.0029297929993828266,0.4278285235099194,0.3925469493774169
7691,0.1768125696425708,0.0029971904005638276,0.4282840308247464,0.391906209132119
7692,0.17648851317764877,0.0030356299892266283,0.42895229792170964,0.39152355891141494
7693,0.17657152298626017,0.002962589352901208,0.42900849450742556,0.39145739315341305
7694,0.17630011354369612,0.00293427632326656,0.4303425783807743,0.390423031752263
7695,0.1764775909582515,0.0029473834299526195,0.4297536019925799,0.390821423619216
7696,0.17582427424394811,0.0029367469594903575,0.43086952249284394,0.39036945630371755
7697,0.17627788875346445,0.002870611196411636,0.4306345404371723,0.39021695961295166
7698,0.17670353405535583,0.002905210765060251,0.4302884966493525,0.39010275853023135
7699,0.17632153581332935,0.002889570236560047,0.43003325135491866,0.3907556425951919
7700,0.17640384964056463,0.002885221683535426,0.4296162745941675,0.3910946540817323
7701,0.17622035684414616,0.0029316323442975293,0.42912992193175,0.3917180888798063
7702,0.17612761684499628,0.0029259800832086382,0.42951375021483,0.3914326528569651
7703,0.17573119252286812,0.0029721028822594325,0.43009721285055064,0.3911994917443218
7704,0.17592444395863902,0.003049983174280775,0.4291857495306671,0.39183982333641304
7705,0.17573635893327336,0.003050493133885951,0.42929085660571065,0.39192229132713
7706,0.1752287018175132,0.003027800238176589,0.429913193343112,0.3918303046011982
7707,0.17525306076892225,0.0030778912327389185,0.42976434521538354,0.39190470278295536
7708,0.175307092237194,0.0031492357907914196,0.4291263857139073,0.3924172862581072
7709,0.17527462141708955,0.003144007714570586,0.4292318190000003,0.39234955186833964
7710,0.17472889312708845,0.003127384451346961,0.42915405495941145,0.392989667462153
7711,0.17511594099138184,0.003118872272796766,0.4294497305371623,0.3923154561986591
7712,0.17473761951992067,0.0031181793697110235,0.42918216869321835,0.39296203241714994
7713,0.17451935582727623,0.0030572490237866902,0.4293714847690809,0.39305191037985626
7714,0.17408210485010997,0.003067564285136011,0.4289334091340183,0.3939169217307358
7715,0.17422474886527398,0.0029901700357304476,0.4287335441655789,0.3940515369334167
7716,0.17460648438491774,0.002998679906629905,0.42844069389572736,0.3939541418127249
7717,0.1742805207777171,0.0029471176721198554,0.4289724751574706,0.3937998863926924
7718,0.17377641297745522,0.0029412383011655895,0.42872082835210207,0.39456152036927716
7719,0.1745685312287812,0.002951702394239894,0.4282149455518465,0.3942648208251323
7720,0.17464298296695274,0.002970962748809818,0.42787231205787346,0.39451374222636404
7721,0.1745048486292135,0.0029070103067002175,0.42798467867953705,0.39460346238454924
7722,0.17444023481251367,0.0028927421581687054,0.42843060101076186,0.3942364220185558
7723,0.17431780263933377,0.0029061367254354744,0.4285222553267586,0.3942538053084721
7724,0.17374271588189183,0.0029860661280500223,0.42815501776774384,0.39511620022231436
7725,0.17320803999856554,0.002905958865980487,0.4289403303963463,0.39494567073910763
7726,0.1734079207792598,0.002927847762359186,0.4282031945905624,0.3954610368678185
7727,0.1734528249215941,0.0029030277378254625,0.4279482720910652,0.3956958752495153
7728,0.17387336215020222,0.002916365488225258,0.4276906708391519,0.3955196015224206
7729,0.17424542030777057,0.0030189134521038494,0.4277694945702229,0.3949661716699027
7730,0.1739990093835007,0.0030504685092261966,0.42789558624959023,0.3950549358576829
7731,0.1733348219468876,0.0030333027450816477,0.42790579764048664,0.39572607766754414
7732,0.17312462432798909,0.0030109402976206934,0.42756760361340157,0.3962968317609887
7733,0.17315851122697606,0.002990182899267225,0.42773277836432594,0.3961185275094308
7734,0.17334973740772028,0.0029357589768545336,0.4275845381357345,0.3961299654796907
7735,0.17337755789020542,0.002863384066891255,0.42770218086187645,0.39605687718102683
7736,0.17382888786808798,0.00289690410941336,0.42818443050992394,0.3950897775125747
7737,0.17399372836232146,0.002899107181123443,0.42864282956357924,0.3944643348929759
7738,0.1739205654627168,0.0028769796364278974,0.42855128323834163,0.39465117166251373
7739,0.17404704588142256,0.00287871474957573,0.428111482865473,0.39496275650352863
7740,0.17383709055173835,0.0028006442099951538,0.42876890563730424,0.3945933596009622
7741,0.17336102217396118,0.0028161080491811846,0.42956404307186224,0.39425882670499546
7742,0.17335944952449478,0.002890088293381819,0.43044927155858626,0.39330119062353713
7743,0.17319432040318242,0.002816207142452331,0.4304442425118502,0.39354522994251506
7744,0.17352323498515215,0.002703072633951739,0.43018196590529323,0.39359172647560287
7745,0.1736703070201985,0.0027153724776738985,0.4297792272578076,0.39383509324432
7746,0.17384467540807097,0.002580851338152451,0.42998466038305017,0.39358981287072636
7747,0.17380044268422462,0.0025763272563028424,0.4296726535868679,0.3939505764726047
7748,0.17383996183924472,0.0025813584026220904,0.43003579488623067,0.39354288487190264
7749,0.1736220876429157,0.0026987031332746463,0.43055234441457024,0.3931268648092394
7750,0.17333267020190277,0.0027035550847070134,0.4313059034444066,0.3926578712689836
7751,0.17348146519735125,0.002697314531984423,0.43129446810637306,0.3925267521642912
7752,0.17312489394936204,0.002654509301605012,0.4318290210404811,0.3923915757085518
7753,0.17304806532486952,0.002540142808417984,0.43130643683086606,0.3931053550358464
7754,0.1733979682754228,0.0025444875382129905,0.4317463609130246,0.39231118327333975
7755,0.1739479203141597,0.0024493880667744924,0.4308698889233278,0.3927328026957379
7756,0.17354995688716604,0.0024448802817678764,0.4309079346342254,0.39309722819684073
7757,0.17344326142034494,0.0024243959521123397,0.43038907691975653,0.3937432657077863
7758,0.17369402693679498,0.0024598193611232,0.4296987655793183,0.39414738812276356
7759,0.17351120534010941,0.002426801366282502,0.42962310847986485,0.39443888481374323
7760,0.17332150094166282,0.002421767950571022,0.4287533647161421,0.39550336639162403
7761,0.17268007484898207,0.00240155729218441,0.4297849164223674,0.39513345143646605
7762,0.1723554412045046,0.0024291159811305634,0.4303319366074055,0.3948835062069593
7763,0.17206370392925457,0.002462237005594177,0.4305076166041162,0.3949664424610352
7764,0.17200804254011673,0.0024541224560336483,0.43113488733143795,0.39440294767241163
7765,0.17261061033943442,0.0025212274440789546,0.43041097542327417,0.3944571867932124
7766,0.1728635129943601,0.002517359394749265,0.4307127556946977,0.39390637191619293
7767,0.17281266783867452,0.002577133247174052,0.4307927256323367,0.3938174732818147
7768,0.1726124174085217,0.0025011066070018705,0.43130055901637343,0.39358591696810297
7769,0.17290501694762797,0.00247026927087812,0.43074456833073604,0.3938801454507579
7770,0.1728234548639941,0.0025351834868946516,0.43072621630187624,0.39391514534723504
7771,0.17235984683981131,0.0025789580107075626,0.43028351293036654,0.3947776822191146
7772,0.17218244197838514,0.0025435712696017685,0.4297730326196401,0.3955009541323729
7773,0.17178315772168826,0.00252726505894885,0.42989241291406055,0.3957971643053024
7774,0.17182721285118333,0.002493315760842542,0.4301289509500593,0.3955505204379149
7775,0.17174258937843048,0.0025757922673187417,0.430041844704742,0.39563977364950875
7776,0.17168706013986723,0.0025695459500169318,0.42972762446462065,0.3960157694454952
7777,0.1721042583314075,0.0025581764054651785,0.4301266506432129,0.3952109146199143
7778,0.17213812812407442,0.0025709229785801473,0.4301219174220406,0.39516903147530485
7779,0.17209648442554823,0.0025808149785921226,0.4299166096225049,0.3954060909733548
7780,0.17224686598308678,0.002597251262393169,0.42984868527272485,0.3953071974817953
7781,0.17181016788812184,0.0026277430146510257,0.4288325840889785,0.39672950500824866
7782,0.1714934311113187,0.002552862372900564,0.4299221507303198,0.39603155578546106
7783,0.17172146255325943,0.002556549687646151,0.42968281415604964,0.39603917360304475
7784,0.17168787750433528,0.002457945956769889,0.4299981350447122,0.3958560414941827
7785,0.171855823489644,0.0024222473113699227,0.4299464952239721,0.395775433975014
7786,0.17172690050945175,0.002358997186335678,0.42999529250191043,0.39591880980230226
7787,0.17188348836357165,0.002338604823041368,0.43060914335080813,0.39516876346257884
7788,0.17182603297687607,0.0024039320753113783,0.4302427032107496,0.395527331737063
7789,0.1721909739371305,0.0023798947028714885,0.4301809012090514,0.3952482301509466
7790,0.17179861877145913,0.0024278620346545724,0.4303274871010393,0.39544603209284707
7791,0.17179716367996872,0.0023948466542486986,0.42978404853170415,0.3960239411340784
7792,0.17148034734014006,0.00241923868513421,0.43023749774104625,0.3958629162336794
7793,0.17204477216157477,0.0024416354073959383,0.42928438600194463,0.3962292064290847
7794,0.17171211238775239,0.0024569250006654113,0.42959595679643253,0.3962350058151497
7795,0.17226440315450625,0.0025096135114968067,0.43000517238104463,0.39522081095295225
7796,0.1724487525527892,0.002532440747898335,0.4295826760046383,0.39543613069467415
7797,0.17279190404560335,0.002539474992063105,0.42971253348898736,0.3949560874733462
7798,0.17246147033412743,0.0025476739017775947,0.4296507544863065,0.3953401012777885
7799,0.1725063286118213,0.002567220281956238,0.4294346978778316,0.39549175322839086
7800,0.17218741843082946,0.0026270792395330722,0.42970182499210685,0.39548367733753065
7801,0.17188782940697195,0.0026690069880981764,0.42924898465722183,0.39619417894770803
7802,0.17205279575627008,0.0027869657707163447,0.4287394273713783,0.39642081110163535
7803,0.1717657259373065,0.0027725574823964086,0.42855666251732105,0.396905054062976
7804,0.1710520493274612,0.0027779509166257345,0.4285126543405601,0.39765734541535297
7805,0.17045641052192737,0.0027882802031788056,0.42953099878118106,0.3972243104937128
7806,0.17111460712798182,0.002792060911323456,0.42906216422786636,0.3970311677328283
7807,0.1715525300511769,0.002790507605915615,0.4292695102443901,0.3963874520985174
7808,0.17124340781874464,0.002793573256488934,0.4295549970484287,0.39640802187633767
7809,0.17176282865121215,0.0027820772170856984,0.4294756459999366,0.39597944813176544
7810,0.17157405468886616,0.002753383980333218,0.4295609827572361,0.3961115785735645
7811,0.17216126179638755,0.002724801059339057,0.42966019494545427,0.39545374219881924
7812,0.17214075568859952,0.0027682003499031787,0.43067970565027325,0.3944113383112241
7813,0.17158623529817307,0.0027969797147024814,0.4317072996193443,0.39390948536778014
7814,0.17156964066738264,0.0027061030905230514,0.43095948453719074,0.3947647717049036
7815,0.17115018303790097,0.002686286206094818,0.431520991529609,0.39464253922639514
7816,0.17065710491233615,0.002750193398421126,0.4315724854838542,0.3950202162053885
7817,0.1700380812717913,0.0028145769147213872,0.43173566481381853,0.3954116769996688
7818,0.17062743851296175,0.0028608217515909825,0.4318625852944651,0.3946491544409822
7819,0.17073745618992692,0.002861456353223514,0.4308117113739221,0.39558937608292755
7820,0.1712749219702137,0.00276406087422688,0.4302010259381624,0.3957599912173971
7821,0.17130393541597758,0.0028645955547365945,0.4305956066992498,0.3952358623300361
7822,0.17134955233930935,0.002761383961421225,0.4309287157536447,0.3949603479456248
7823,0.17125980376257843,0.002855317281090942,0.43177997686486186,0.3941049020914688
7824,0.17091226555226072,0.002798454185240162,0.43212702520226004,0.394162255060239
7825,0.1712628148621632,0.002791583923705942,0.4310546479403164,0.3948909532738145
7826,0.17105472558345075,0.0028545504678537076,0.431389163408294,0.39470156054040156
7827,0.1708739637598113,0.002902439734594635,0.4317136331393729,0.3945099633662212
7828,0.17036744772171009,0.0028344448878343037,0.43173624541278344,0.3950618619776723
7829,0.17062190991222553,0.0029168831993576783,0.43212565955159166,0.3943355473368252
7830,0.17086338205955773,0.0028132815739722863,0.43167765257704466,0.39464568378942533
7831,0.17077358970490522,0.0028120835926407116,0.43285613629109676,0.39355819041135726
7832,0.17094485160186906,0.0028911768551215704,0.43305822721472237,0.393105744328287
7833,0.1707270028759278,0.0028815727866206564,0.43327513205651674,0.3931162922809348
7834,0.171286058479119,0.0028290959926446416,0.4333909941905632,0.3924938513376731
7835,0.17106722094726684,0.002889861489084441,0.43359543648204557,0.3924474810816031
7836,0.17135933554489535,0.0028538320419154812,0.43382385191797274,0.3919629804952165
7837,0.1718401029651199,0.0029862687210596194,0.43470507856341606,0.3904685497504044
7838,0.17137993433170165,0.0030033404177780432,0.4347044034574104,0.3909123217931099
7839,0.1710067231005144,0.003000038101523654,0.4343166511650372,0.3916765876329246
7840,0.1710970744617683,0.002923274015037884,0.4342591801431901,0.39172047138000377
7841,0.1709074503002551,0.0029463967085167327,0.4338122323691801,0.39233392062204814
7842,0.17058173688191428,0.003021287380988705,0.43435086856876015,0.3920461071683369
7843,0.1705240614708666,0.002991471295482813,0.43446338619144165,0.392021081042209
7844,0.1708008004436007,0.002925703882025375,0.43422897867912164,0.3920445169952524
7845,0.17086719801704645,0.0029333461617216715,0.4339837312477913,0.39221572457344056
7846,0.1711023011641402,0.002884161760890922,0.43405373541870595,0.3919598016562628
7847,0.17131305247906034,0.002869645328165481,0.43277613981962376,0.3930411623731504
7848,0.17155329188678697,0.002844180287675013,0.43225083488818206,0.39335169293735606
7849,0.17196229599735444,0.0029321757307676907,0.4323360635113683,0.39276946476050956
7850,0.17186774993415263,0.0029267824305642502,0.43252538096152604,0.3926800866737571
7851,0.17167201695833742,0.0029598997666596184,0.4316907748775004,0.3936773083975026
7852,0.1717868737327396,0.0029545108878177295,0.4314713537547492,0.3937872616246934
7853,0.1722436005239604,0.0030140901828371383,0.43137146932899595,0.3933708399642065
7854,0.17215800622509292,0.002961766903955036,0.4319462374443318,0.39293398942662033
7855,0.17235164697340927,0.0029960646837287105,0.432301576649979,0.39235071169288305
7856,0.17218857836256332,0.002943385846268498,0.432658492542752,0.39220954324841617
7857,0.1719935365284046,0.002993662319265622,0.4325570835389054,0.39245571761342435
7858,0.17210125714361454,0.0030104728480754364,0.4325291507184611,0.3923591192898489
7859,0.17166293308509056,0.003059568254448911,0.43277577101539944,0.3925017276450611
7860,0.17165950624656778,0.003097768035069552,0.43268216515709357,0.3925605605612691
7861,0.17197059436337964,0.0030664763213308173,0.43194886165581614,0.39301406765947344
7862,0.17182355319491574,0.003000990499055249,0.4321421742246877,0.39303328208134136
7863,0.17189709639798528,0.0029755056040009268,0.4317637273318158,0.39336367066619793
7864,0.17175097897472727,0.003014372132998181,0.4316820924607409,0.39355255643153364
7865,0.1714491990132611,0.0030384163427294246,0.43111067943981335,0.39440170520419615
7866,0.17147512233894613,0.0030233371125371247,0.4313671631961665,0.39413437735235013
7867,0.17159012443444646,0.0030456982852481397,0.43128521311145346,0.39407896416885196
7868,0.17138601858211597,0.003019798076899504,0.4313486977078641,0.3942454856331204
7869,0.17124974886056804,0.0030531364612786374,0.43135360858046956,0.3943435060976837
7870,0.1712711123954788,0.0031175872780363836,0.43200306001970634,0.39360824030677855
7871,0.17125941450080204,0.0030849535084108396,0.4319261127327354,0.3937295192580518
7872,0.1706264685225428,0.003071823533678805,0.4318060820559859,0.3944956258877924
7873,0.17109124645700524,0.003070114772247954,0.4321549391736337,0.3936836995971131
7874,0.17116527732111517,0.0031700758865399205,0.43192164549042555,0.3937430013019193
7875,0.17096951291983167,0.0031689294828186735,0.43196168072229957,0.3938998768750501
7876,0.1710991664047081,0.0030853679738218117,0.43280731513374276,0.3930081504877273
7877,0.1710920869660928,0.003065217870445295,0.4335129571479516,0.3923297380155103
7878,0.17069974020595668,0.0030376247557377138,0.4338910384019422,0.3923715966363634
7879,0.17117325693625798,0.00302880435820473,0.43396736994411544,0.3918305687614219
7880,0.17168490441571693,0.0029867569411352385,0.4343403954895524,0.39098794315359536
7881,0.17128041134080585,0.0029765802176568387,0.43457982834528136,0.39116318009625595
7882,0.17109051498522082,0.003012933696815232,0.4344917320484056,0.39140481926955834
7883,0.1713362322465092,0.003071323732754818,0.43438236063520697,0.39121008338552904
7884,0.17107995134878312,0.0032033120621417443,0.434225459566462,0.3914912770226131
7885,0.17072495789651126,0.0032178867713206515,0.4336036445080862,0.392453510824082
7886,0.17074009810649898,0.003250685433512525,0.43329890933027954,0.392710307129709
7887,0.1714699773103536,0.00325809311247902,0.43361366741044083,0.3916582621667265
7888,0.17131150622069602,0.0032391007227775895,0.43376960067879394,0.39167979237773254
7889,0.17085103902299667,0.003283445146648871,0.4347352338933163,0.391130281937038
7890,0.17069105362743156,0.0032523962613027696,0.434736086887087,0.39132046322417874
7891,0.1704938945780024,0.0032983185994797785,0.43370313968105245,0.3925046471414654
7892,0.17030961627255223,0.0033280506048049855,0.4338880096854603,0.39247432343718247
7893,0.1698824076607083,0.0033042494676830264,0.43432249517640864,0.39249084769520015
7894,0.16969444374137047,0.003291176002114289,0.43409952749800834,0.3929148527585069
7895,0.16902106026180092,0.0032530856434368504,0.4343219846081555,0.39340386948660666
7896,0.16967365834066384,0.0033356943829172966,0.4333859723164307,0.3936046749599881
7897,0.16955983071531114,0.0032820953987323384,0.4332051885268344,0.3939528853591221
7898,0.16912550042651914,0.0031516635378882607,0.43317477947384686,0.39454805656174574
7899,0.16918465278111466,0.0031419698784258925,0.4332507478364194,0.39442262950404017
7900,0.16954327172619713,0.0031093649744459648,0.43325610902034917,0.39409125427900776
7901,0.16995237435454755,0.0030594871634851443,0.43305382956461697,0.39393430891735043
7902,0.17007627805013506,0.003033157315685161,0.43275979395430875,0.39413077067987096
7903,0.17044999051921872,0.00304757189668598,0.43207522626058753,0.3944272113235078
7904,0.17041959830442968,0.003021549315071214,0.4319061250586147,0.39465272732188444
7905,0.17081853733053318,0.003075855673027394,0.43309003513381505,0.3930155718626244
7906,0.17091750359137822,0.0030368119011735272,0.4329452897104364,0.39310039479701187
7907,0.17119765960900818,0.0030229356645033673,0.4326044753648562,0.3931749293616323
7908,0.1714612144712348,0.003090411089790098,0.43254545841426156,0.39290291602471356
7909,0.17163056692865422,0.0031446856952618294,0.4324469105494229,0.39277783682666106
7910,0.17160604624548967,0.0031181356947671073,0.43205021603661165,0.3932256020231317
7911,0.17147417359487832,0.003203823963323611,0.4321436638479013,0.3931783385938967
7912,0.1716535458523649,0.0032251097174808077,0.4318898253301299,0.3932315191000244
7913,0.1715910761094921,0.003288427268368313,0.431905358384738,0.3932151382374016
7914,0.1715228068986513,0.0032601835159299145,0.4312299757735776,0.39398703381184114
7915,0.17162799675926396,0.003244428866503393,0.4318395945819947,0.39328797979223795
7916,0.1716309790487669,0.0032392979214683425,0.4316986983593307,0.393431024670434
7917,0.1717574447810724,0.00324365040066915,0.4314070316740494,0.39359187314420907
7918,0.17184619390039263,0.0032360151419369688,0.43119180596928597,0.3937259849883844
7919,0.17186409304734102,0.003359092405421933,0.43116389976370445,0.39361291478353255
7920,0.17208467743871644,0.0034257903832037315,0.43152480822094985,0.39296472395713006
7921,0.1719596216357942,0.0034983466936148004,0.43208477296420134,0.39245725870638964
7922,0.17209747472911968,0.0034559545374458606,0.4317734907125713,0.3926730800208631
7923,0.17279282802002477,0.003494785486273052,0.4306483345399072,0.393064051953795
7924,0.17288071421553822,0.0035078251288406886,0.43136200940885383,0.3922494512467673
7925,0.17293545190462228,0.003514503061520579,0.43198263786693253,0.3915674071669246
7926,0.17273942137649878,0.0035298551791769946,0.43128395071232184,0.39244677273200235
7927,0.17268687554653028,0.0035615466147478876,0.43032965229509135,0.39342192554363054
7928,0.17279469051517485,0.0036252797886124864,0.43014131078287426,0.39343871891333837
7929,0.1727149049474686,0.0036495522840199676,0.4302419063049303,0.39339363646358105
7930,0.17285374422234312,0.0036765034452633594,0.43000218298943926,0.3934675693429543
7931,0.17271102320296494,0.003619076596947278,0.42925549138220315,0.3944144088178846
7932,0.17276234760119258,0.003579099751147885,0.428790707958854,0.39486784468880554
7933,0.17296195265940445,0.0034644274875848197,0.4287722613020838,0.3948013585509269
7934,0.17269587062135872,0.0035920502695215655,0.4290718281126945,0.3946402509964252
7935,0.17230209382571207,0.003609551546973337,0.429845565565134,0.3942427890621805
7936,0.17231074013304512,0.003594684968593869,0.4303743974177151,0.39372017748064586
7937,0.172001255471033,0.003509895432080206,0.43035529421180135,0.3941335548850854
7938,0.1719491793551199,0.0035936100131754773,0.4305980859413321,0.3938591246903725
7939,0.17275751793624933,0.003622833769590566,0.43084108453807624,0.3927785637560839
7940,0.17265162290855798,0.003667543490987082,0.4303107877512316,0.39337004584922336
7941,0.17260093613089977,0.0037786608835279115,0.4299568165165102,0.39366358646906213
7942,0.17271985752439817,0.0037307604225897935,0.42960402358396993,0.39394535846904205
7943,0.17274787928290672,0.0036865379274907415,0.4295399446496149,0.3940256381399876
7944,0.17263687866429414,0.0036248826920604405,0.42954842990899794,0.39418980873464754
7945,0.17298310423045365,0.003582593047875715,0.4292784912661286,0.394155811455542
7946,0.1728442315642431,0.0036258392132380267,0.42943846561118554,0.39409146361133335
7947,0.17244353546560925,0.0036502381655819072,0.42903596889725604,0.39487025747155285
7948,0.17249583042004563,0.003723788664782479,0.42858856362364284,0.3951918172915291
7949,0.17230953658493767,0.003715023866795683,0.42832611097526796,0.3956493285729988
7950,0.17184400500583852,0.0036660392489674537,0.4290449234279433,0.39544503231725076
7951,0.17152025626947992,0.0037247669514962082,0.42854553264906875,0.3962094441299551
7952,0.17172254818724683,0.0036827447318941884,0.4289083760412217,0.39568633103963735
7953,0.17167599012889684,0.003688307470394131,0.4291505484796524,0.39548515392105676
7954,0.1715383365801632,0.0036891845191965545,0.42782540245500017,0.3969470764456401
7955,0.1717239823746575,0.0037104368079026962,0.4278910294922295,0.3966745513252103
7956,0.17187984688331465,0.0038061033661301153,0.4278635195862714,0.3964505301642839
7957,0.17205461904672506,0.0038225314275008348,0.42708885564526644,0.39703399388050764
7958,0.1724948968810684,0.0038264258678597863,0.42721640175710907,0.39646227549396285
7959,0.17260829711308975,0.0037172118459872726,0.42733730796454344,0.3963371830763795
7960,0.17241721917845695,0.0037410133353214395,0.42757936625221193,0.39626240123400963
7961,0.17188232805358628,0.0037016519941797735,0.42751700832198686,0.39689901163024705
7962,0.17217582495151967,0.0036986654483287633,0.4268512372427547,0.3972742723573969
7963,0.17252808264331718,0.0037743113154045187,0.4268430082563639,0.39685459778491444
7964,0.1722176951583081,0.0037727010165416073,0.4270844127072895,0.3969251911178608
7965,0.1723695696984092,0.003677248780916599,0.42770206910648423,0.39625111241419003
7966,0.17185973172587904,0.0036604769245525423,0.4278956915184159,0.39658409983115256
7967,0.17189971942826182,0.0035480987757081557,0.4276508451525598,0.3969013366434702
7968,0.17174346558001277,0.003557136468564922,0.42762461540022445,0.3970747825511979
7969,0.1720536698627678,0.003553030325590521,0.4265815423584762,0.39781175745316544
7970,0.17227213787740264,0.0034527768138040644,0.42634193304556034,0.39793315226323295
7971,0.17257768502351178,0.003464126689642212,0.42570455816584235,0.3982536301210037
7972,0.1727103805687089,0.0034437113569443616,0.42602474717533967,0.3978211608990071
7973,0.17223424717292687,0.0035055419134354475,0.4266237867845028,0.3976364241291349
7974,0.17200939877455054,0.003481588030820275,0.4270282927965486,0.3974807203980806
7975,0.17176866121686715,0.0035015885256671083,0.42712871756446547,0.3976010326930003
7976,0.17189654758767411,0.003580987614822724,0.4276046512857693,0.39691781351173383
7977,0.17158928759423414,0.003560038050947826,0.4282646215690953,0.39658605278572284
7978,0.1712155863879597,0.0035111532280479433,0.42814190741248953,0.3971313529715028
7979,0.17169017453669888,0.003456890231259501,0.42835854977542054,0.3964943854566212
7980,0.1718785829676556,0.0034430705346118152,0.42760203482217773,0.39707631167555485
7981,0.17194720819816686,0.0034498297406996793,0.427504703023073,0.3970982590380604
7982,0.1716902794552799,0.0033964425454198104,0.42777571835002925,0.39713755964927094
7983,0.1722394918972788,0.003481226244983137,0.42773020968971887,0.3965490721680192
7984,0.1720658614546577,0.003384661055995985,0.428144392388781,0.39640508510056527
7985,0.17206682716757618,0.0033767446707852777,0.42846047376307717,0.3960959543985615
7986,0.1725609158400177,0.003520245966992231,0.42844446961653404,0.39547436857645607
7987,0.17285530783660633,0.003563712725183208,0.42933022270892723,0.3942507567292833
7988,0.17254245096607285,0.003582009076586362,0.42970734617457085,0.39416819378276996
7989,0.1728857729097404,0.0035040490553875695,0.430127042312087,0.39348313572278515
7990,0.1731216176645923,0.003500387903638535,0.42967863446020277,0.39369935997156635
7991,0.1732503355190798,0.003495900841742095,0.4294243447079148,0.3938294189312634
7992,0.1729126346309561,0.0035053547804025018,0.42934786860575463,0.39423414198288675
7993,0.1725711084205185,0.0034566920767588752,0.4294133283599454,0.3945588711427773
7994,0.172821759918854,0.0035141716621802975,0.42898192920899714,0.39468213920996864
7995,0.17290321788953797,0.003553685702154502,0.42872871452819916,0.39481438188010837
7996,0.1725480658980143,0.0035875924698185527,0.42988584398503676,0.39397849764713044
7997,0.17304124693267436,0.0035903854655322197,0.4297534403832171,0.3936149272185764
7998,0.17298152027911295,0.0037168936931321777,0.430259797923345,0.3930417881044098
7999,0.17285360326420088,0.003682505583506514,0.4311052300224829,0.39235866112980966
8000,0.1729421264223293,0.003690708597460693,0.4317428267686888,0.3916243382115211
8001,0.17299376253351798,0.003712053287665647,0.4324507644846897,0.3908434196941266
8002,0.17350846303005146,0.0036802235181132305,0.43191139822280133,0.39089991522903395
8003,0.17394902854338637,0.003722692193881938,0.43198581901608746,0.3903424602466442
8004,0.17422857335983286,0.0036726014898334366,0.4316121830124155,0.39048664213791817
8005,0.17472422344203986,0.0036514827116349256,0.4310861422213185,0.3905381516250067
8006,0.17468263754705687,0.00353426037400503,0.43078414534984494,0.39099895672909313
8007,0.1751139414903316,0.0035620616474800206,0.42998015588523064,0.39134384097695774
8008,0.17488771326217406,0.0035745102983442967,0.4303696584272977,0.39116811801218404
8009,0.17510099002247612,0.003513870983309167,0.43035560381770555,0.3910295351765092
8010,0.17535291909179224,0.0035733564971017332,0.43012822445079085,0.39094549996031536
8011,0.17503680193780874,0.0035276510844454755,0.4303789558511575,0.3910565911265882
8012,0.17521714875615307,0.003562015072260627,0.43033007396136264,0.3908907622102237
8013,0.1753487379206785,0.003590649024522638,0.42980369735873325,0.39125691569606574
8014,0.17526408335772015,0.0036211550579124405,0.43009372270988777,0.3910210388744797
8015,0.17569975430128393,0.0035110970403472814,0.42971821613933037,0.3910709325190384
8016,0.17562298047541786,0.0035253866515412937,0.43025767375709256,0.39059395911594835
8017,0.17621435348655412,0.0034448436037246696,0.4297060367644674,0.3906347661452538
8018,0.17600972209657073,0.0034674854977502076,0.42992505439492285,0.39059773801075615
8019,0.17569548861420453,0.0034643555199268053,0.4300275441870486,0.39081261167882
8020,0.17568936925174505,0.0034308722108988185,0.4294811033878124,0.39139865514954364
8021,0.17562864686198498,0.003384631066087749,0.429472358780915,0.3915143632910122
8022,0.17619849528452863,0.0033338894233405345,0.4292780673504152,0.39118954794171573
8023,0.17598075088631107,0.0033477000609292845,0.4284137207151743,0.3922578283375853
8024,0.17642465345088235,0.0033313425813043585,0.427878053505198,0.3923659504626153
8025,0.17622449680494062,0.0033413929122166446,0.4280861297682111,0.3923479805146316
8026,0.17572196049865677,0.0033575406196748097,0.42786428227420875,0.3930562166074597
8027,0.17552421618157046,0.0033664862028915054,0.42787635496985726,0.39323294264568076
8028,0.1755757697485413,0.003357179314460886,0.4268476642305902,0.3942193867064076
8029,0.1747711469156796,0.003330247934413075,0.4276250334739304,0.3942735716759769
8030,0.1747366634289214,0.0033214177764373243,0.4271421110454468,0.3947998077491946
8031,0.17497341079688197,0.003263830541496327,0.4269530178158048,0.394809740845817
8032,0.17487913647570286,0.0032588784905643086,0.4269389124017292,0.3949230726320037
8033,0.17476726529753234,0.003240728686872535,0.42696548172060245,0.3950265242949927
8034,0.17503865622879133,0.003248072362106451,0.42652498838608066,0.39518828302302167
8035,0.1753592190846197,0.003232628800610654,0.426651200360381,0.39475695175438863
8036,0.17477181330907893,0.0032365609258216835,0.4273781677522921,0.39461345801280734
8037,0.174749584071952,0.003242218882702095,0.4272354358143319,0.39477276123101396
8038,0.17509643374737688,0.0032982370707146684,0.4276120371134297,0.3939932920684787
8039,0.1749118666899256,0.0032619952234626487,0.42805721594136087,0.39376892214525083
8040,0.17481755230843188,0.003246965702407463,0.4280137447618052,0.39392173722735546
8041,0.17513434887159163,0.003138384278646461,0.4288950645905162,0.3928322022592457
8042,0.1749690501135516,0.003170295267631691,0.42872220995562127,0.39313844466319536
8043,0.17485771011543705,0.0030983378108911607,0.42870515980303436,0.3933387922706375
8044,0.17475392352509345,0.003081860185626223,0.4287098371801027,0.39345437910917763
8045,0.1749561185549972,0.0030624913522243288,0.42874278052142945,0.39323860957134904
8046,0.17528220284696236,0.003062628805323293,0.42758267532964844,0.394072493018066
8047,0.17512200581114254,0.0030453474051904622,0.42763943093127976,0.3941932158523872
8048,0.17515345941401686,0.0031035277498555626,0.4276128486769224,0.3941301641592052
8049,0.17456902337847788,0.0030547055939077797,0.42747441798187236,0.39490185304574205
8050,0.17482601911150325,0.0030026871389964753,0.4272716227904631,0.3948996709590372
8051,0.17473180677074845,0.002963965733141667,0.4272309074133792,0.39507332008273066
8052,0.1750408506420342,0.0029303650502192535,0.4273418349443189,0.3946869493634277
8053,0.17513011934373374,0.0028097987008842942,0.4272573653626607,0.39480271659272126
8054,0.17540709441464966,0.0027495319951234935,0.42671858907601834,0.39512478451420846
8055,0.17558534342601068,0.0027345446904268335,0.4263104476185836,0.3953696642649789
8056,0.17549819263572983,0.002727083592384996,0.42571602162902844,0.39605870214285677
8057,0.17519895088959886,0.0027053167183216853,0.4252454300573514,0.39685030233472807
8058,0.17499832380910416,0.0026899788907003746,0.4261461959110052,0.39616550138919016
8059,0.17502765273501297,0.002688398039861906,0.4270000017298374,0.3952839474952878
8060,0.17485889989847325,0.002616830423365415,0.4273358036642974,0.3951884660138639
8061,0.1751812484283318,0.0026160565585872965,0.4269625840725417,0.39524011094053924
8062,0.17526598212531225,0.0026082133669063463,0.4270440572529714,0.3950817472548101
8063,0.17453717584231238,0.0025369978400077236,0.42691073956730785,0.3960150867503721
8064,0.17523858814966645,0.0024446951777758632,0.4271117512469355,0.3952049654256221
8065,0.17482959762873662,0.0025086885264105907,0.4277964102046858,0.3948653036401669
8066,0.17520936301255127,0.0024459617108395907,0.4273106520558418,0.3950340232207673
8067,0.17529363726647174,0.002457251849608456,0.4269582683802886,0.3952908425036311
8068,0.1761047454913892,0.002380549415643917,0.4270920525912274,0.3944226525017395
8069,0.17565110654131535,0.0023854443990929805,0.4275116518256974,0.3944517972338943
8070,0.17634852721712918,0.0023423773070572274,0.4269990080094971,0.3943100874663165
8071,0.17610067236132054,0.002430969174521675,0.4268860556619695,0.3945823028021883
8072,0.17656057933180586,0.0024144253884820937,0.42595869554733506,0.395066299732377
8073,0.1766066606289074,0.002337676568314339,0.42638536277386974,0.3946703000289084
8074,0.1757034418994044,0.0023763872927552608,0.42691244900824826,0.3950077217995922
8075,0.17506908900970744,0.0024261715029211136,0.42706300007677517,0.3954417394105963
8076,0.17514803198553305,0.0024080305201873383,0.4268391250276635,0.3956048124666161
8077,0.1760877297402621,0.0024561328944844776,0.4265168192016742,0.39493931816357924
8078,0.1760180405274773,0.0023964312666480223,0.42678011007823535,0.3948054181276393
8079,0.17593090442659037,0.002329324460830926,0.426406652219518,0.3953331188930608
8080,0.17585238518359575,0.0022738413303329324,0.42647007309407253,0.39540370039199885
8081,0.17607597862422758,0.00228835435736918,0.4268690798958815,0.3947665871225218
8082,0.1758721311197238,0.0022876402413428013,0.42761918596351595,0.39422104267541747
8083,0.17593711254416214,0.0022437277038887997,0.4273825005882168,0.3944366591637323
8084,0.17648504779070978,0.00225253043448283,0.4269508848582692,0.39431153691653825
8085,0.17640339291355997,0.0023010662701357437,0.4262518874638433,0.39504365335246094
8086,0.17610883862470458,0.0022635594327793645,0.42586556480428095,0.39576203713823516
8087,0.17623547558948963,0.0022777164875981302,0.4258833463485616,0.39560346157435056
8088,0.1761436653222926,0.0022970061367490148,0.42499379743875415,0.3965655311022042
8089,0.176028886686124,0.0023965680071723013,0.4250605642354941,0.39651398107120955
8090,0.17625995269243572,0.002457863238311152,0.4244169366587244,0.39686524741052887
8091,0.1764886887190916,0.002402034911430358,0.42395078243048534,0.3971584939389926
8092,0.1761941741796928,0.002395683734092018,0.42350263117770026,0.39790751090851484
8093,0.17617268382781126,0.00231616310730743,0.4229138477789437,0.39859730528593756
8094,0.17621921905284527,0.002318619053471271,0.4229163120892614,0.398545849804422
8095,0.17659157063271183,0.002343362848873287,0.42164830972750467,0.3994167567909101
8096,0.17659453845614753,0.0023009350916624936,0.4217879033774093,0.3993166230747808
8097,0.17749121628546163,0.0024131887032664686,0.4205643241751698,0.3995312708361021
8098,0.17739028023532816,0.0023484718957718542,0.4202808004878175,0.39998044738108246
8099,0.1771441508856978,0.002313570574973918,0.42022432968407053,0.40031794885525773
8100,0.17718384415944327,0.0023037679394017664,0.42110489560417647,0.3994074922969785
8101,0.17766058535631327,0.00221952165413,0.4219514158704296,0.3981684771191271
8102,0.17753660554859213,0.002273733932615132,0.4222836084297207,0.397906052089072
8103,0.17787097349661254,0.002306621807136777,0.4225301936132732,0.3972922110829775
8104,0.17749508673262784,0.0022783658684879895,0.4224231587446214,0.39780338865426274
8105,0.17752799301993977,0.002359370496292632,0.42227941688277804,0.39783321960098955
8106,0.17709597751870848,0.0023638664622930663,0.4227719025844303,0.3977682534345681
8107,0.17716190090470982,0.0024177631606457323,0.4226550296995139,0.39776530623513057
8108,0.1775985304829787,0.002421689948848115,0.4223894296701314,0.39759034989804176
8109,0.17749651234799352,0.0023805429045844276,0.4232632714210315,0.3968596733263906
8110,0.17760581795634772,0.0024063127328679853,0.42323463934248295,0.3967532299683013
8111,0.1778343954398384,0.00237014527030209,0.4226807544017047,0.3971147048881548
8112,0.1776202356803697,0.002271357612838676,0.42273574673091413,0.3973726599758775
8113,0.17785135121286888,0.0022795803122910947,0.4230165532388588,0.3968525152359812
8114,0.17802696817529662,0.002179609570083883,0.42324065162681385,0.39655277062780564
8115,0.1783917163442932,0.0021788161097782087,0.4224686494595658,0.3969608180863628
8116,0.1784182360286482,0.002133543945408774,0.42222723409655166,0.39722098592939137
8117,0.1788870716876749,0.0021895359093397813,0.4214681442094371,0.39745524819354816
8118,0.1782800143757691,0.0022704134664014277,0.42147491748818566,0.39797465466964377
8119,0.17854399131156234,0.0022861033663125396,0.42169979209654196,0.39747011322558307
8120,0.1784683344445746,0.0023286092751882976,0.4214199775131672,0.39778307876706986
8121,0.17795690816038223,0.002296499297191031,0.4214332674637197,0.39831332507870715
8122,0.17823626550158106,0.002267936819946896,0.42065779673282505,0.3988380009456469
8123,0.17841047229727514,0.0021834544686939877,0.42060550513142936,0.39880056810260156
8124,0.17849514170284195,0.002168313502922318,0.42032716517750435,0.3990093796167314
8125,0.17805125779369402,0.002047806708091199,0.42088223010258713,0.39901870539562767
8126,0.17811138303424726,0.0019804739790498078,0.42014159819269714,0.3997665447940057
8127,0.17755655496029804,0.0019919372541701468,0.4207634141248329,0.3996880936606989
8128,0.1771583918584951,0.0019976119961687957,0.421352962767546,0.3994910333777901
8129,0.17728845766754975,0.001987364400754382,0.4217126549848361,0.39901152294685976
8130,0.17720672563078257,0.0019758874867198697,0.4218224000813852,0.39899498680111234
8131,0.1770303414229956,0.0019872804239950076,0.42190671867382157,0.3990756594791879
8132,0.17714485680104458,0.0018919655570812607,0.4225399203573099,0.3984232572845642
8133,0.1774570128480099,0.0018790841009510436,0.42216517698699796,0.39849872606404113
8134,0.1778761505685351,0.0019519137271349109,0.42240292777814475,0.3977690079261852
8135,0.17759989091443532,0.0019660582788927745,0.4228757105773305,0.3975583402293414
8136,0.17713863108827121,0.0020146392016665393,0.4229597026989379,0.39788702701112433
8137,0.17743105685933921,0.002034808498682187,0.42235849322980784,0.39817564141217066
8138,0.17740016928649127,0.0020528962167429133,0.4222047898009003,0.39834214469586543
8139,0.1776868917849952,0.0021418013558982692,0.4220661889573508,0.39810511790175573
8140,0.17822950950989574,0.0021844753695886804,0.42242584446710263,0.397160170653413
8141,0.17814153211113876,0.0021774090522932704,0.42238684046293873,0.39729421837362916
8142,0.17835374207077254,0.002260103269351014,0.4219744104187885,0.39741174424108794
8143,0.1785453127269999,0.0023048428866197512,0.4209784402381094,0.398171404148271
8144,0.1785749000740531,0.002380213983462887,0.4211162397604853,0.39792864618199875
8145,0.17875994076683732,0.002404311886521025,0.4210449216539879,0.3977908256926537
8146,0.17873884632263265,0.0023960986802566693,0.4216953358776096,0.39716971911950105
8147,0.17845608503146876,0.002470504241950893,0.4222106491552114,0.39686276157136896
8148,0.17834637063946593,0.0023936435964449264,0.42263080588659296,0.39662917987749624
8149,0.17850025861312277,0.002401368453985819,0.422969026274908,0.3961293466579835
8150,0.17875374411923325,0.002312928300478758,0.4210872202604931,0.39784610731979486
8151,0.1791342304444839,0.0023334961043841628,0.4207255397648423,0.3978067336862896
8152,0.17893066590124604,0.002350756952819455,0.420189267957905,0.39852930918802953
8153,0.17855305204188604,0.002316968841885098,0.4194936811501064,0.39963629796612254
8154,0.17849424751089363,0.002334891950026496,0.41900620109492975,0.40016465944415014
8155,0.17835889735162577,0.0023518528539007116,0.41793319996869743,0.40135604982577605
8156,0.17830549486157338,0.0024374636281237786,0.4179270607547608,0.401329980755542
8157,0.1780493165606082,0.0024547172228217805,0.4180341733899848,0.40146179282658523
8158,0.1779610951764576,0.0023973722169968858,0.41762247177796014,0.4020190608285853
8159,0.17831315726458835,0.0023609224268615657,0.41757562132056,0.4017502989879902
8160,0.17775106609803343,0.002299193984485748,0.4179060140207221,0.40204372589675874
8161,0.17762335276590663,0.002237519880761933,0.41788242162252365,0.4022567057308078
8162,0.1776217625364763,0.0021823599675814425,0.4167758419024036,0.4034200355935386
8163,0.17752460502395545,0.002116192852522329,0.4170866470874546,0.40327255503606774
8164,0.17758800997219668,0.002084974949053059,0.41711594806832464,0.4032110670104256
8165,0.1779443107104643,0.0021138507504468904,0.41676706907152034,0.40317476946756853
8166,0.1780902769871721,0.0021192908111639665,0.4168946250889515,0.4028958071127124
8167,0.17801302452942727,0.0021410672689721353,0.4162229203972947,0.40362298780430594
8168,0.17782368318008607,0.002132051714861246,0.4167516822420089,0.4032925828630437
8169,0.1780401678614386,0.0021672939867889906,0.416239915810218,0.40355262234155437
8170,0.17797574331649482,0.0021739366587202025,0.4157597780223944,0.4040905420023906
8171,0.1785114934897652,0.002202919294870354,0.41550465644213236,0.40378093077323207
8172,0.17863383817442685,0.0021974489095833794,0.41627397837586455,0.40289473454012514
8173,0.17845989050799033,0.002246223444975587,0.41745753729435026,0.4018363487526838
8174,0.17889629919573166,0.0021158899840856477,0.41726010552005743,0.40172770530012525
8175,0.17934447289467498,0.002056492599427891,0.41700386595049643,0.4015951685554008
8176,0.1796709133024463,0.002065532374212162,0.417309685728754,0.4009538685945876
8177,0.1796369528443573,0.002098495027898348,0.4170278746584907,0.4012366774692536
8178,0.17970224160646156,0.0020624896055186533,0.41600238734078576,0.402232881447234
8179,0.17985754213211183,0.0020273505117265563,0.4153599656572443,0.4027551416989173
8180,0.17991123693675123,0.0019810978297674434,0.4150298338817162,0.40307783135176506
8181,0.17992143948038822,0.0020202263715354716,0.41516476761809235,0.402893566529984
8182,0.17986933663168378,0.0020001936523549864,0.41505001634432137,0.4030804533716398
8183,0.18014929012327077,0.002135901387385778,0.4151712689830255,0.4025435395063178
8184,0.17998738288447763,0.0021510528442254162,0.4147286879334384,0.40313287633785855
8185,0.18035441866176505,0.002137050404600196,0.4154303695701335,0.4020781613635013
8186,0.1797126385773954,0.002118927068354754,0.41561430950067474,0.40255412485357517
8187,0.17959464612471338,0.002121043756554504,0.4158841477141363,0.4024001624045958
8188,0.17951847828919268,0.002151941470986925,0.4159348222441489,0.40239475799567154
8189,0.1793940670674261,0.0021203705699932578,0.41612552549525744,0.40236003686732313
8190,0.17944498279881854,0.0020669569104925256,0.41619185289887073,0.40229620739181826
8191,0.17940737578342253,0.001972450589821893,0.415661192157713,0.4029589814690425
8192,0.17962341396288445,0.0020017250649994366,0.41588672460201376,0.4024881363701024
8193,0.179685860131443,0.0019599143563067824,0.41571779467102477,0.4026364308412254
8194,0.1793058331281376,0.002040243015546747,0.4157983036441131,0.40285562021220256
8195,0.17922953832225383,0.0020081371843704795,0.4151704736189673,0.4035918508744083
8196,0.17904427519245172,0.002003455176621036,0.41470134076376663,0.40425092886716063
8197,0.17870747888544875,0.0019944154360340355,0.4154884232274282,0.403809682451089
8198,0.17884096387066434,0.0020467830365807306,0.4155651898761227,0.4035470632166323
8199,0.17876218866385654,0.0020682385163213915,0.41595522749423697,0.4032143453255851
8200,0.17876047849992055,0.0020940486461832777,0.4165837622937777,0.4025617105601185
8201,0.17904844813123483,0.0020894253403849873,0.4160661374387555,0.4027959890896248
8202,0.17926922935034842,0.002059554385201439,0.41555097987378725,0.40312023639066286
8203,0.17944451573871817,0.002120326243079763,0.41583716142348565,0.40259799659471646
8204,0.17939427051923473,0.002156579103070131,0.41666340637393856,0.40178574400375655
8205,0.1797847578499049,0.0020662452699881702,0.4163772579835337,0.40177173889657325
8206,0.17989920823573105,0.002039480491008259,0.4158214512467387,0.40223986002652196
8207,0.1803950216204046,0.002074514880919689,0.415977386552818,0.4015530769458577
8208,0.1802144369336732,0.0020473356259209027,0.41516164412390105,0.40257658331650487
8209,0.18037827921345445,0.0020267629856089474,0.4146352147432412,0.40295974305769533
8210,0.1805104296960967,0.0018995639384230191,0.41523097779496815,0.40235902857051214
8211,0.18069159173568927,0.001944443395856903,0.4151078971148842,0.40225606775356954
8212,0.18088726073600264,0.0019706716712376985,0.41507515435590125,0.4020669132368585
8213,0.18092501511131406,0.0018759201075072645,0.4140092845265862,0.40318978025459246
8214,0.18110479853996947,0.0018873097109632958,0.41236805128653514,0.40463984046253215
8215,0.18051664778564455,0.0018693494756301305,0.4129370173494259,0.40467698538929947
8216,0.1809431449914761,0.0019553180951438097,0.41279189384013587,0.4043096430732442
8217,0.18071833401388585,0.001870725524217521,0.4124784428949784,0.40493249756691824
8218,0.18064959025036617,0.0019106212009408873,0.4120910939949171,0.40534869455377576
8219,0.1808245900456197,0.0019860877443792302,0.4119902064474079,0.4051991157625931
8220,0.18072507528467238,0.0019451628620750336,0.4121729078289317,0.4051568540243209
8221,0.18028690020011645,0.0020006937300633986,0.41225183969754176,0.40546056637227845
8222,0.18033094524563528,0.002040122326879658,0.4123702959371057,0.4052586364903794
8223,0.18066942888554893,0.002155007429151339,0.4120335471428677,0.405142016542432
8224,0.18043525459381027,0.0020784255114776077,0.41167811483576744,0.4058082050589447
8225,0.1803001665016975,0.0021295492290090705,0.4112318900393069,0.40633839422998663
8226,0.1807107734161555,0.002040612131236239,0.41173946309888637,0.40550915135372173
8227,0.1809769553602269,0.0020047628015443216,0.4120150731763613,0.40500320866186745
8228,0.1806533184489359,0.002006371002860287,0.4115591018197134,0.4057812087284904
8229,0.18077314278448967,0.0020646084071747864,0.4107410950887055,0.40642115371963
8230,0.18020452000255474,0.0020828582125444724,0.41153098304213637,0.4061816387427645
8231,0.18064931734883014,0.0020441964224786053,0.41100598484432654,0.4063005013843647
8232,0.18115828608797985,0.0020012630791795025,0.4099784897192255,0.40686196111361506
8233,0.18139792578292874,0.0019493053346660467,0.40966448390152727,0.40698828498087797
8234,0.18096528212402369,0.001962907071750996,0.40902871383748013,0.4080430969667451
8235,0.18081678915747515,0.0019665920218214705,0.4092844876022402,0.4079321312184633
8236,0.18083094930403615,0.0018653402923887942,0.40959466106420095,0.407709049339374
8237,0.18048914410345468,0.0019128673015835335,0.40910343175070374,0.40849455684425806
8238,0.18053004593095867,0.001896398446507673,0.4088660524431121,0.40870750317942156
8239,0.18083241645431689,0.0018487125680558551,0.4087399780121975,0.40857889296542965
8240,0.18115586588118787,0.00176619256183045,0.4084912347464707,0.408586706810511
8241,0.1811115659245997,0.001767583843790765,0.4079544070067283,0.40916644322488127
8242,0.1816337127042966,0.0017772838798234367,0.4078438586736226,0.4087451447422574
8243,0.18157766824388064,0.0017508986055552443,0.4076266978249679,0.40904473532559626
8244,0.1812306389128183,0.0017232609510644133,0.4076234973594799,0.4094226027766374
8245,0.18156374549788865,0.0016771689397024527,0.40710774316008347,0.4096513424023255
8246,0.1821181846799195,0.0017045355600651658,0.4066759334016026,0.40950134635841273
8247,0.18164972736584442,0.0017207832184240953,0.4073973971617984,0.4092320922539331
8248,0.18136006325350665,0.0016791236513119458,0.40816454006198616,0.4087962730331953
8249,0.18135019326084195,0.0016290339389767854,0.40892916842558147,0.40809160437459974
8250,0.18100626317608706,0.0016006366418038359,0.40929283170039665,0.4081002684817124
8251,0.18052480785737604,0.001566422459269035,0.4098889320546791,0.40801983762867583
8252,0.18042678210094737,0.0017215373596128076,0.410474736405743,0.40737694413369685
8253,0.18068863915618102,0.0016617406031297292,0.40998518889036734,0.4076644313503218
8254,0.18028971824507167,0.001665471196791868,0.41026504588513557,0.40777976467300103
8255,0.18066032214784394,0.0016143818224213073,0.4097814723622267,0.40794382366750803
8256,0.18115646426945792,0.0016866166080838848,0.4090164898870616,0.4081404292353966
8257,0.18160305604551183,0.0017841289441297397,0.40840541944073366,0.40820739556962476
8258,0.18175928618494072,0.0018154115562237564,0.4086673323604524,0.4077579698983832
8259,0.18154450066387742,0.0017753103172319137,0.40866008555696515,0.4080201034619254
8260,0.181672427950228,0.0017444930650095368,0.40847751474743427,0.4081055642373281
8261,0.18194280121612766,0.0018429574172906947,0.4083229831010374,0.4078912582655443
8262,0.18227442914427847,0.0017880992916688178,0.4091706096383244,0.4067668619257283
8263,0.18249081259574837,0.0018575257972075817,0.4091936352721771,0.40645802633486683
8264,0.1826536071943085,0.0018825099901716778,0.4090648209860045,0.4063990618295154
8265,0.18309214185851772,0.0018980812311635126,0.4090227211149678,0.4059870557953508
8266,0.18273611443512844,0.001949501642802446,0.4097123192524855,0.40560206466958365
8267,0.18281066717617897,0.0018693088717564275,0.4089426500661616,0.406377373885903
8268,0.1826596928699541,0.0017968517046143394,0.40900628500382474,0.40653717042160675
8269,0.18292480785080528,0.0018270180501894552,0.4092538704294578,0.4059943036695475
8270,0.1827522656152254,0.0018611871985173666,0.40883678427032877,0.40654976291592854
8271,0.18247646622451735,0.0018506292094711576,0.4087770883697711,0.40689581619624027
8272,0.18226286160273739,0.0018568852176839407,0.40919177513997473,0.4066884780396041
8273,0.18234106125303456,0.001924730632416814,0.4077823778885075,0.4079518302260411
8274,0.18251611244971166,0.0019017311287303196,0.4079698807459212,0.40761227567563674
8275,0.18240829844556058,0.0017939985735694996,0.4079228892483992,0.4078748137324707
8276,0.1822610775112657,0.0017609357895419404,0.40819128129368315,0.4077867054055092
8277,0.18231361543241273,0.0017580020718970823,0.40726358993158324,0.40866479256410687
8278,0.18216218410511292,0.0017338313415795107,0.40745620398521093,0.4086477805680966
8279,0.18204954814192234,0.001682457280456356,0.4078866425200747,0.40838135205754655
8280,0.1823959776982432,0.0017209154591289598,0.4078396975222057,0.40804340932042216
8281,0.18265879026590537,0.0016765557252932256,0.4073005065105041,0.4083641474982972
8282,0.18299584387449724,0.001754745104911417,0.4071472253048104,0.40810218571578094
8283,0.18294545985275953,0.001750207113340133,0.4068945386007191,0.40840979443318126
8284,0.18264870169501113,0.0017709395749623785,0.4069870775517034,0.40859328117832305
8285,0.18241251527349375,0.001821411255874711,0.4068957575031531,0.4088703159674784
8286,0.1825212460099826,0.0017880507586449444,0.4068159775090742,0.4088747257222982
8287,0.1821685628042522,0.0017100558070387499,0.4065999424301122,0.40952143895859683
8288,0.18247942826246827,0.0017482446490845287,0.40646669345385106,0.40930563363459627
8289,0.18222893401201024,0.0017767954353979105,0.4067504351136909,0.4092438354389009
8290,0.18229546618408438,0.0017864328823210026,0.4064916984221993,0.40942640251139534
8291,0.18170609722676478,0.0017797208820777726,0.40696250516452864,0.4095516767266288
8292,0.1815278909927029,0.0018702154656564489,0.4068848214757022,0.4097170720659385
8293,0.18118311003535845,0.001854852054314364,0.4071712725015346,0.40979076540879256
8294,0.18105637953610493,0.0018007674400554736,0.4068840187595065,0.41025883426433307
8295,0.18092439710833313,0.0018672656398102904,0.40709225765175105,0.41011607960010565
8296,0.181044157409663,0.001881417107763917,0.40562132184253147,0.41145310364004156
8297,0.1807314802207189,0.0019169568961052575,0.40593090654887753,0.4114206563342983
8298,0.18089948332905512,0.001915439833022462,0.40679401753637184,0.4103910593015508
8299,0.18056190554478568,0.0019037651716110528,0.4064982242082912,0.4110361050753121
8300,0.18096291052220956,0.001934947909030561,0.40558207522470757,0.41152006634405225
8301,0.18136255680577001,0.0020018846032664648,0.40588686978221417,0.4107486888087494
8302,0.18094329579609308,0.0021130450070516124,0.40569666988071323,0.4112469893161421
8303,0.18122095959729645,0.0021084012020278634,0.40436697896979024,0.41230366023088544
8304,0.18114382307452243,0.0021411380602650012,0.40459041425900333,0.41212462460620924
8305,0.18036901360329508,0.002254579650305129,0.40470647655814734,0.4126699301882525
8306,0.18012241815940794,0.0022810059266749443,0.40492120556135475,0.4126753703525624
8307,0.1807171830698219,0.002253847644620923,0.4047529639712013,0.4122760053143558
8308,0.1807426033786647,0.002234664902725707,0.4051791669830953,0.4118435647355142
8309,0.18120542589524652,0.0022613155575816565,0.4049845253851115,0.41154873316206037
8310,0.18125265343138042,0.0023094006746947025,0.4056363685405423,0.4108015773533825
8311,0.18161361961204228,0.0023615517334090357,0.4051255446824394,0.41089928397210923
8312,0.18109021880233286,0.0023289813472919954,0.40561095349864595,0.4109698463517292
8313,0.18141682923111888,0.002268239771742781,0.4053189567543889,0.41099597424274936
8314,0.18153517997403423,0.0022910860086668124,0.4047803316447595,0.41139340237253946
8315,0.181158837916158,0.0022630220439960234,0.4052116250686176,0.41136651497122845
8316,0.18132249875759487,0.002215846745321849,0.4047061575553689,0.4117554969417144
8317,0.18169724303872448,0.00214773906869739,0.4049726581594951,0.41118235973308304
8318,0.18182060830967986,0.002030954040481138,0.40485601964194495,0.41129241800789396
8319,0.18210528741400775,0.002013900886647705,0.4043176905663045,0.41156312113304006
8320,0.18188307850957403,0.002080247252968192,0.40377485189341156,0.4122618223440462
8321,0.18140642775049876,0.002030387674397974,0.40411107172592314,0.41245211284918015
8322,0.18159939668590946,0.0020141792964011576,0.4033451994808793,0.41304122453680997
8323,0.18131303977455876,0.002038627688722104,0.40256266072734537,0.4140856718093738
8324,0.18097601326831803,0.0019785946991524883,0.40325346871569884,0.4137919233168306
8325,0.1814080153842827,0.001989026691313466,0.4028365587256527,0.41376639919875113
8326,0.18153732967873015,0.0020012218492525278,0.4024097508753813,0.41405169759663607
8327,0.1813641901251744,0.0021035653331617087,0.40327858173100556,0.41325366281065834
8328,0.18133381180240976,0.002137493354848913,0.4043005940419076,0.4122281008008336
8329,0.1813058089433971,0.002176733753877505,0.4045022207167577,0.4120152365859678
8330,0.18131219309321284,0.0021690352357959203,0.40448652889846104,0.4120322427725302
8331,0.18090599042498634,0.0021177952617108245,0.4046896784359033,0.41228653587739955
8332,0.1809577124170217,0.002217207207719102,0.4042677518385764,0.4125573285366829
8333,0.18127603762533767,0.002244362434959527,0.40379593784956286,0.41268366209013996
8334,0.18136900563665517,0.00227880954606128,0.4035894158508791,0.41276276896640446
8335,0.18153959611658657,0.002212203032445795,0.4032204494897297,0.413027751361238
8336,0.1819705443364855,0.0023174477822278253,0.4033380985000152,0.41237390938127155
8337,0.18171588005613643,0.0023256209024053636,0.40373441159915774,0.4122240874423005
8338,0.1815738760478699,0.0023458537390696026,0.4039361676201496,0.41214410259291084
8339,0.181065571238564,0.0023341824835208394,0.404486270610614,0.4121139756673012
8340,0.18117743604554115,0.002380385557946534,0.4043092384728514,0.41213293992366096
8341,0.1809731909363331,0.0024765932492821913,0.4045944884516187,0.411955727362766
8342,0.18095755229890603,0.0025500530646537867,0.4045961034812036,0.4118962911552364
8343,0.181118788307439,0.0025264196221257453,0.4048629454092546,0.41149184666118066
8344,0.18102772628899724,0.0024570661361120417,0.4054932101319822,0.41102199744290857
8345,0.18083137815807276,0.002488669070096136,0.40618423740851856,0.41049571536331253
8346,0.18025053722632073,0.0025059932372583213,0.4060763713036254,0.4111670982327955
8347,0.18057803617629437,0.0024205646358926207,0.4062289345983995,0.4107724645894136
8348,0.1808173812581418,0.002440317922024383,0.40633526046439244,0.4104070403554414
8349,0.18032536388125048,0.0024528935023999552,0.4060981827140477,0.41112355990230187
8350,0.18092186442824842,0.0025504080310268205,0.40478362350949054,0.41174410403123424
8351,0.1807006964804539,0.0025318705633077575,0.4051056985818491,0.41166173437438935
8352,0.18092284183139748,0.002592353253863075,0.40513963251328394,0.41134517240145546
8353,0.18067200794217034,0.002588302775414784,0.40464159590080273,0.4120980933816122
8354,0.18136226591757804,0.0025729999261997942,0.4044794676294995,0.4115852665267227
8355,0.18165652519313127,0.0026964115023121694,0.40517121952411533,0.41047584378044116
8356,0.1814331278760535,0.00275103843313124,0.40457539017833355,0.4112404435124818
8357,0.18173265441366818,0.002778357945147208,0.40499955074571703,0.4104894368954676
8358,0.18209223423437607,0.0027803681601782718,0.4044645254289427,0.410662872176503
8359,0.1812439808574559,0.0027188826975338178,0.4041429762160689,0.41189416022894143
8360,0.18111282672425366,0.002765908169801853,0.4038177454451322,0.41230351966081236
8361,0.18103353878847916,0.002745155545135231,0.4047444613857273,0.41147684428065834
8362,0.1806069320764788,0.0028111601308971872,0.40417827894131414,0.4124036288513099
8363,0.18036626081697393,0.002809687492838728,0.4043042344653376,0.41251981722484965
8364,0.18051052799856843,0.0028160543443445612,0.40292793719083664,0.4137454804662505
8365,0.18093701628302272,0.0028285970850651454,0.40250740841362964,0.4137269782182825
8366,0.1810798325769734,0.0028152495390307963,0.40213328538150855,0.4139716325024872
8367,0.18096803580869125,0.0027515935322849094,0.40292090851297147,0.41335946214605246
8368,0.1813265818094582,0.002770042528298587,0.4035376087969599,0.4123657668652833
8369,0.1813464394601359,0.0027703999918833946,0.4039279289123396,0.4119552316356411
8370,0.1812555301923136,0.002807972288098968,0.4041198805837503,0.41181661693583715
8371,0.18119676535673898,0.002881980720020056,0.4043189012410967,0.4116023526821442
8372,0.1815391867814531,0.0030052257966723477,0.4047853652983406,0.41067022212353405
8373,0.18169556857436664,0.003000923990904153,0.4045676437342065,0.4107358637005227
8374,0.18184796658120744,0.002953488796306972,0.40482226811891353,0.410376276503572
8375,0.18167539750753034,0.0028189376409486085,0.4043389192209988,0.41116674563052236
8376,0.18163855005346058,0.002805227402131051,0.4043836253968653,0.4111725971475432
8377,0.18157907185831873,0.0027271523985525803,0.40419367358609515,0.4115001021570336
8378,0.18174753942100338,0.002678097307219561,0.4035091486805954,0.41206521459118167
8379,0.18203889840886056,0.002654503282710381,0.4039934277373942,0.4113131705710348
8380,0.18154225615691094,0.0026124233438755014,0.4034962595437598,0.4123490609554537
8381,0.1814549287958316,0.0026817588065637657,0.40429371928453434,0.41156959311307045
8382,0.18139101803915045,0.0026813478181862646,0.40404766088872923,0.41187997325393394
8383,0.18146340881536363,0.002738209355997333,0.4028787002792572,0.41291968154938186
8384,0.18164199128240482,0.002749006434593227,0.4024954012531091,0.41311360102989286
8385,0.18142016054624704,0.0026570546544781646,0.40286655951612926,0.41305622528314556
8386,0.18085602314248428,0.0026838815128325754,0.40303568330440803,0.41342441204027514
8387,0.18064918210544673,0.002722449643614073,0.40276149024751434,0.4138668780034248
8388,0.1806506928289861,0.002689136658704957,0.40238006947593075,0.41428010103637813
8389,0.18039394917420104,0.0026637963800338143,0.4017172976435299,0.41522495680223515
8390,0.1803517590327873,0.0026538485673825796,0.40120979406759555,0.41578459833223447
8391,0.18035110803079307,0.002756552925089641,0.40103897852680603,0.41585336051731125
8392,0.1803826625761629,0.002847519840159441,0.40029281334472727,0.4164770042389504
8393,0.18041310699884586,0.0028270053091961587,0.4006200643852205,0.41613982330673743
8394,0.1809087233598184,0.002813751636536977,0.4001865648249129,0.4160909601787318
8395,0.18081325254718836,0.002830234237616859,0.40008810821892526,0.4162684049962696
8396,0.17997674209122333,0.002834177824914655,0.4010455099452387,0.41614357013862335
8397,0.17980273595318963,0.002842856672827072,0.4004679809396414,0.41688642643434176
8398,0.18026795829139863,0.0027926781500703392,0.40071360649281296,0.41622575706571807
8399,0.18038980735923058,0.002967386446065548,0.40063615106096,0.41600665513374385
8400,0.18088608467154457,0.003077663753060295,0.4002933668195269,0.4157428847558683
8401,0.1812300435093958,0.0030950326961018417,0.40006647071412366,0.41560845308037864
8402,0.18150437873934702,0.003158997753057265,0.4000511214411727,0.4152855020664231
8403,0.18102411941668223,0.0031186117622922596,0.40037235956773476,0.4154849092532908
8404,0.18127162601403343,0.0032429483907739343,0.4003874507988159,0.4150979747963768
8405,0.18119724205459634,0.0032498261521175047,0.4008570400622628,0.4146958917310234
8406,0.18144749854902706,0.0032891313491655006,0.4009763826307656,0.4142869874710417
8407,0.18195814081001918,0.003405399563603513,0.4004361920837848,0.4142002675425925
8408,0.18141612163173768,0.0033537840825516836,0.40103774698718375,0.4141923472985269
8409,0.1814754601887855,0.003284772859838317,0.4008399914005708,0.4143997755508053
8410,0.1812117728890513,0.0032360501861432357,0.40100748351473836,0.41454469341006706
8411,0.18076377867802668,0.003209902706555797,0.4005883337160016,0.4154379848994158
8412,0.1801598760459484,0.0032031426507110007,0.40145678565418086,0.41518019564915976
8413,0.18042748765989058,0.0031407334069380025,0.4011208148162332,0.4153109641169383
8414,0.18072112717078243,0.0031275098852242417,0.4015167263339935,0.41463463660999994
8415,0.1806757931416941,0.0032106636233654854,0.40162344192589483,0.41449010130904557
8416,0.18106122736432934,0.0032129789300504737,0.4012483628545187,0.4144774308511015
8417,0.18138901966256174,0.0032063107724699448,0.4014008625003318,0.41400380706463646
8418,0.18166236293089064,0.0031789358732964524,0.4011319626357065,0.41402673856010647
8419,0.18194570816303912,0.0032250980125891017,0.40098568555404934,0.4138435082703224
8420,0.1817547098389689,0.0033003249411930565,0.40118517027189277,0.4137597949479453
8421,0.18134108903366344,0.0033475230840586457,0.4017449572766013,0.4135664306056766
8422,0.18102200290033166,0.0033961788353243883,0.40146687996948743,0.41411493829485646
8423,0.1809758274912106,0.0033598637181769747,0.4016535456974898,0.41401076309312257
8424,0.181007503859736,0.0033467971786222267,0.4018273793164614,0.41381831964518045
8425,0.18130712691331122,0.0033378186984456847,0.4021220272256933,0.41323302716254984
8426,0.18075821045894544,0.003302798151741482,0.4027116227106144,0.4132273686786988
8427,0.18096647175786143,0.003239660254230705,0.4021184528425598,0.41367541514534806
8428,0.1814356190746386,0.0032343474336655443,0.40218406944785173,0.41314596404384407
8429,0.18088699502985373,0.0032810147693510087,0.40224997896821246,0.41358201123258287
8430,0.18077288227519334,0.0032847692180921714,0.4025171206228987,0.4134252278838158
8431,0.1811431000649335,0.0032771565794743607,0.40273521847084853,0.4128445248847436
8432,0.18085773645799577,0.003316913308513273,0.40257461659424354,0.4132507336392474
8433,0.1801836404535692,0.003413729037777127,0.40293548892506437,0.4134671415835894
8434,0.18016888536845016,0.003284383715342092,0.4027494448091227,0.41379728610708505
8435,0.18000139798718748,0.003320434451979378,0.40325231843042947,0.41342584913040376
8436,0.17975000713237282,0.003447151025869884,0.40396655564261624,0.4128362861991411
8437,0.17935540281859694,0.0034729444165752426,0.404533357060693,0.4126382957041348
8438,0.179171264384202,0.0034958878061360477,0.40424411638648017,0.4130887314231818
8439,0.1790809921143545,0.0034563310747556053,0.40446637147070225,0.41299630534018766
8440,0.17872180431436657,0.003429041357963248,0.40437153765235057,0.4134776166753197
8441,0.1785080609910483,0.0034056724658240597,0.4048587113508252,0.41322755519230236
8442,0.1786893705747233,0.003412108411184063,0.4041459393116962,0.4137525817023964
8443,0.17846615047378978,0.0034500160822802245,0.40383751131571477,0.4142463221282152
8444,0.17859486805865737,0.003398159854064333,0.40383963683708873,0.4141673352501896
8445,0.17871240330268914,0.003361902188087963,0.4043465111968005,0.4135791833124224
8446,0.17825705279728682,0.0034645271002284464,0.4044364070417389,0.41384201306074575
8447,0.1782448752621772,0.003513514282082998,0.4046891176187658,0.41355249283697393
8448,0.17800420059343725,0.003445966058897914,0.4041671867795219,0.414382646568143
8449,0.17851360600344318,0.003376181139441472,0.40358767431878884,0.4145225385383265
8450,0.17887142428218666,0.0033726942190498584,0.4032051167037475,0.41455076479501607
8451,0.17844904082457186,0.003417207197588667,0.4026895702062288,0.4154441817716107
8452,0.17787967122729215,0.003398249543948928,0.40354079274849053,0.41518128648026853
8453,0.17829709245765465,0.0034617200511663526,0.40318598763637564,0.4150551998548034
8454,0.17840992091103708,0.003480491698270894,0.40311054344964087,0.41499904394105114
8455,0.17834308175912533,0.003458898431840882,0.4028266292758804,0.4153713905331534
8456,0.17837851000943047,0.00348902471758257,0.4030562514540047,0.41507621381898224
8457,0.17846645723376392,0.003582884695423559,0.4027406181045423,0.4152100399662701
8458,0.17872302400073536,0.0035492200243113572,0.4024946315462019,0.4152331244287514
8459,0.17871211163135223,0.0035319507409150254,0.4015945391365626,0.4161613984911702
8460,0.1792483663219147,0.003471164665378967,0.40039935393214776,0.41688111508055864
8461,0.17922892826320855,0.0035152516020377673,0.400136146564377,0.4171196735703767
8462,0.1794948186325428,0.003467431599873999,0.4002773183654833,0.41676043140209995
8463,0.17908287539899223,0.003401941956262597,0.4007010510766841,0.4168141315680611
8464,0.17882367868689575,0.003369747543129219,0.40164136374044,0.416165210029535
8465,0.17857390905318593,0.0034601157423891486,0.40134686018235416,0.4166191150220707
8466,0.17821592592638408,0.003435322846504158,0.40144242316704115,0.41690632806007055
8467,0.17754713687751672,0.003476518522792934,0.40175840185766687,0.4172179427420235
8468,0.17758676940320858,0.0034280709215910705,0.4017422689381087,0.41724289073709164
8469,0.17718496577002915,0.0035627613923343337,0.4023085463373226,0.41694372650031397
8470,0.1775413523385277,0.003591228821774449,0.4015580227178117,0.41730939612188606
8471,0.17780133140362328,0.0036681694382291186,0.402237407381833,0.41629309177631446
8472,0.1776781179261037,0.0037460375631713284,0.40300226203177714,0.41557358247894793
8473,0.17769218196992498,0.003779255136752728,0.40339170907057015,0.4151368538227521
8474,0.1776116857717846,0.0038194806682107377,0.40373257044913347,0.41483626311087124
8475,0.1771628381176969,0.003727096707372198,0.4035728980975846,0.41553716707734634
8476,0.17706571117719425,0.0037263093075928,0.40383495396534225,0.4153730255498707
8477,0.1778023232198851,0.0037080804468141645,0.4035880144137914,0.4149015819195093
8478,0.1776638076800437,0.003705566700965388,0.40322268347070594,0.41540794214828497
8479,0.17806362502879983,0.003738675946527962,0.40288540551357865,0.4153122935110935
8480,0.17844935775765883,0.003789051858110908,0.40250055327019857,0.4152610371140316
8481,0.17893007962376292,0.003786050816212097,0.40256590699332573,0.4147179625666991
8482,0.17898145194068577,0.003812211389543277,0.4024707058282166,0.4147356308415543
8483,0.17898913935083707,0.0037175403917493895,0.40193693057530905,0.4153563896821044
8484,0.17899612664401812,0.003743790883063868,0.4020745102735795,0.41518557219933855
8485,0.1790612801012057,0.0038219297213266624,0.40181963508026247,0.4152971550972051
8486,0.178422214542828,0.003883781507155952,0.4030291430491452,0.41466486090087074
8487,0.1787052918753774,0.003910113726064397,0.40320602624923535,0.41417856814932286
8488,0.17893138634270647,0.0038622335305815115,0.4027868819361965,0.4144194981905156
8489,0.17838593726194327,0.003850136914468969,0.4030726707813422,0.4146912550422456
8490,0.17833861062375628,0.003801306238943375,0.4033577340099357,0.4145023491273648
8491,0.17781672922053338,0.0037234145503585725,0.4036195375752588,0.4148403186538491
8492,0.17771037500414938,0.003770638386618493,0.40373493718683573,0.41478404942239644
8493,0.17751138248383286,0.003726416382790069,0.4034913105070359,0.41527089062634126
8494,0.17707221034497475,0.0037352535841807476,0.4037385342548948,0.41545400181594977
8495,0.17693913211234016,0.0038242188511006516,0.40379985048157374,0.4154367985549854
8496,0.17648967408699218,0.0038060566828266723,0.40385094223134377,0.4158533269988374
8497,0.17671322320956812,0.00379666237321144,0.403875966195014,0.41561414822220655
8498,0.1766454954946582,0.0037209727576071813,0.4042369361180307,0.41539659562970394
8499,0.1764664284686926,0.003714826006544212,0.4044522621877622,0.4153664833370009
8500,0.17669547923026566,0.003628645471148902,0.40428290476519874,0.41539297053338675
8501,0.1765069321634721,0.003610065161280319,0.40325469735089337,0.4166283053243543
8502,0.1763326056622391,0.003468453784024996,0.4018446488561221,0.4183542916976138
8503,0.17654057083368146,0.0034922856221024736,0.4009810423241326,0.4189861012200834
8504,0.1769724160650556,0.003450469740334238,0.40065496124469935,0.41892215294991086
8505,0.17703316616056783,0.003457409630044696,0.40158943956891935,0.4179199846404681
8506,0.1770355491380268,0.0034814189928556415,0.40146460037482345,0.4180184314942942
8507,0.17697438589497957,0.0035662436469234933,0.401510297261136,0.4179490731969609
8508,0.17700605202957995,0.003627308636486023,0.40169020226804664,0.41767643706588736
8509,0.17660692250692428,0.003676622020233726,0.40215963323854753,0.4175568222342944
8510,0.17649506873936555,0.0036266270473998066,0.4019349020186044,0.4179434021946301
8511,0.17607875069033638,0.0036196777295460156,0.4020360549631768,0.41826551661694095
8512,0.1762554281895416,0.0037325989832944655,0.4021321257104149,0.417879847116749
8513,0.17611518885031902,0.0037359660847499183,0.40164873329445755,0.4185001117704735
8514,0.17623582589412812,0.003805505502486199,0.40151316661988307,0.41844550198350267
8515,0.17648884353062305,0.003831883802161415,0.4021505543606594,0.4175287183065562
8516,0.17649058979393778,0.0038911990996247257,0.4022045318186664,0.41741367928777107
8517,0.17683732461128132,0.003894272397355447,0.402011670106751,0.4172567328846123
8518,0.17687568155114194,0.0037870570593296115,0.40217425845132776,0.41716300293820074
8519,0.17721334558644228,0.003760888511267768,0.4020276393437123,0.41699812655857765
8520,0.1775817366640731,0.00377963338115809,0.401486116112045,0.41715251384272384
8521,0.177602135811823,0.0037549938419044735,0.4016882196428136,0.4169546507034589
8522,0.1776889669045038,0.0037980512074299545,0.401448426959463,0.4170645549286034
8523,0.17814288358186864,0.0038208009629062322,0.40129481260203387,0.4167415028531912
8524,0.1784413465580663,0.003799784139329007,0.40090237535128803,0.4168564939513167
8525,0.1785897815629517,0.003802460989765889,0.4001549097990809,0.4174528476482015
8526,0.17864134316688562,0.003916455932431404,0.4000804246701864,0.4173617762304966
8527,0.17850462035391118,0.003941495414326972,0.39963206027987275,0.41792182395188904
8528,0.17838333138263449,0.003927409263377908,0.3990415013881404,0.41864775796584724
8529,0.17816777705195602,0.003935126567293034,0.39881553033817113,0.41908156604257985
8530,0.17845482656849762,0.0038597555604718376,0.39935785243356764,0.4183275654374629
8531,0.17847888895044545,0.003962149116355787,0.39950580313604867,0.41805315879715
8532,0.1783417797498065,0.0038839293603514873,0.4001346310567852,0.4176396598330568
8533,0.17779158557312577,0.003835536179436656,0.3997520417165376,0.4186208365309
8534,0.17748115416773605,0.0039120047403801384,0.3999810153142898,0.4186258257775939
8535,0.1772412929031499,0.003907881953318429,0.39942617932790414,0.41942464581562755
8536,0.17742532529706115,0.004006220285722138,0.3982407538725025,0.42032770054471413
8537,0.1772391663304066,0.0038626627118254825,0.39856846579347416,0.4203297051642937
8538,0.17678693943593793,0.003900033203281144,0.39902111876746776,0.4202919085933131
8539,0.17680160883655432,0.003901730233546371,0.39897269559213544,0.42032396533776384
8540,0.1770000040624035,0.0038261092726797077,0.3984957256098532,0.4206781610550636
8541,0.1772439292093942,0.0038202237000207555,0.39862864189117,0.4203072051994151
8542,0.17675938758892826,0.003733373311141451,0.39931294015414787,0.4201942989457824
8543,0.17637344840309985,0.003716908979993828,0.3995365238075391,0.4203731188093672
8544,0.1756550998686892,0.003752034564672263,0.40043495462878254,0.4201579109378561
8545,0.1755607578406146,0.0037218735743407678,0.4003252252331061,0.4203921433519386
8546,0.17556174258205864,0.003731364201889302,0.40027630239257556,0.42043059082347645
8547,0.17579992047981632,0.0037073794936509975,0.4000144637490869,0.42047823627744585
8548,0.1754805591052066,0.0037065510493523622,0.4000060325430227,0.4208068573024183
8549,0.17545383072379647,0.0036598823248895442,0.3999382671388787,0.42094801981243524
8550,0.17554823442309747,0.0036435668600609886,0.39973961428420196,0.4210685844326396
8551,0.17528770955501383,0.0035940758020774413,0.40046174356112996,0.4206564710817788
8552,0.17507938865692443,0.0036250961754167774,0.40003075723877607,0.42126475792888274
8553,0.17525512224343515,0.0036466580126222198,0.4004522686701943,0.4206459510737483
8554,0.17491323965087963,0.003578485735730513,0.4010434028991968,0.42046487171419306
8555,0.1752365667429937,0.003615401471927903,0.4016309202821534,0.4195171115029249
8556,0.1752583999901059,0.003678144021637253,0.4021609787707795,0.41890247721747736
8557,0.17488569030494633,0.0036895012465396454,0.40233741978299714,0.41908738866551687
8558,0.17431518036623278,0.003715021910111002,0.40244514511393115,0.4195246526097251
8559,0.17446192409053204,0.0036500395487875418,0.40233870049539117,0.4195493358652893
8560,0.17415385994325866,0.003583948642428593,0.4029991528237217,0.4192630385905911
8561,0.17391355738879416,0.0035793420354193286,0.4027371398265533,0.4197699607492331
8562,0.17436132179685102,0.003660176353756619,0.40239655950190284,0.41958194234748947
8563,0.1743638671818606,0.0037025604690285366,0.40249242946974173,0.4194411428793693
8564,0.1747484991445736,0.003728276500376841,0.4015311165862787,0.41999210776877083
8565,0.17450768117610502,0.003735258210316341,0.4015525514763234,0.42020450913725516
8566,0.17491816312196545,0.0037893789209857516,0.40129703321803456,0.4199954247390142
8567,0.17493824933212143,0.0037016177869914567,0.40140619472009276,0.4199539381607944
8568,0.17533688266674846,0.0036843969558859268,0.4016240492577074,0.4193546711196582
8569,0.17572569171989294,0.003644125871079584,0.4016960824646739,0.41893409994435366
8570,0.1751878720056032,0.0035102750855803577,0.40153820619470404,0.4197636467141124
8571,0.17470647200822914,0.0034646520657627966,0.4023960397276468,0.41943283619836125
8572,0.17460277113530961,0.003516677919586972,0.4024146044331968,0.41946594651190655
8573,0.17480789811620084,0.003434722638651854,0.4021410964398595,0.4196162828052878
8574,0.1744137317772896,0.0033713344742424484,0.4025859654042934,0.4196289683441746
8575,0.17473020130128997,0.003393315307891271,0.4016914513430634,0.4201850320477553
8576,0.17458251422108567,0.0034606021529641567,0.4022728148403479,0.41968406878560216
8577,0.174658125554685,0.003299476708741532,0.401107756060134,0.42093464167643957
8578,0.17431231437438746,0.0031707532966367526,0.40130652717900483,0.42121040514997093
8579,0.1743252745726828,0.0031164528298729837,0.4015595865493573,0.4209986860480869
8580,0.17388620101970703,0.0031447327214041885,0.40150646238024734,0.4214626038786415
8581,0.1734335634930381,0.003183603190942498,0.40161411671233954,0.4217687166036798
8582,0.17325684411080636,0.003165218773581459,0.4020256901374644,0.4215522469781477
8583,0.17321336692990347,0.0032461612182228317,0.40238076319955074,0.421159708652323
8584,0.1732276423817138,0.003166467344258954,0.40107112611006623,0.422534764163961
8585,0.1732606345064011,0.003166266463249307,0.4010902966902147,0.4224828023401349
8586,0.172810160297809,0.0031551007508748624,0.4005316988787634,0.42350304007255285
8587,0.1732377858945903,0.0031486172953645334,0.4006169138905003,0.42299668291954484
8588,0.17389350218586994,0.003179851190098225,0.40034545079019707,0.42258119583383474
8589,0.17441765876795293,0.003254601877833537,0.4006430371192445,0.42168470223496907
8590,0.1738145124486053,0.0031785400883908516,0.4006246991793717,0.422382248283632
8591,0.17355645746979742,0.003126529873914554,0.4002728017731466,0.4230442108831415
8592,0.17407875146623106,0.0030937389907591756,0.39995727216202165,0.4228702373809881
8593,0.173907399857961,0.0029721005785059112,0.39985010280234135,0.42327039676119177
8594,0.1743141544621886,0.0029101297684992803,0.40022520956026175,0.4225505062090503
8595,0.17397219303735584,0.002870948611032695,0.4008381173444966,0.4223187410071148
8596,0.1738210850260488,0.0028468339331637884,0.40124704204951067,0.4220850389912768
8597,0.17363959921607114,0.0028620549442137056,0.40197592571121443,0.4215224201285007
8598,0.17400060593633443,0.0027895583019147832,0.40180538760893303,0.4214044481528177
8599,0.17413092533297644,0.0028246712279683633,0.40144041861362734,0.42160398482542777
8600,0.17385306318271324,0.002777452996382141,0.40117319575392035,0.4221962880669842
8601,0.17399410235477072,0.002666710424025244,0.40069239133183593,0.42264679588936815
8602,0.17391791706004364,0.0027279625448936324,0.40125707117276477,0.4220970492222979
8603,0.17376588617985367,0.0026577462854190342,0.4008497537750747,0.42272661375965265
8604,0.17370468812614012,0.002752673596515007,0.40040795897567516,0.4231346793016697
8605,0.17325276797531927,0.002729748352612791,0.3995398419872552,0.4244776416848127
8606,0.17351468003724785,0.00270963695876335,0.4001238422015338,0.42365184080245505
8607,0.17271615365936452,0.0027452124866397683,0.3998573208601625,0.42468131299383316
8608,0.17309732521991159,0.002797242627119529,0.39988300979399194,0.424222422358977
8609,0.17300272435451122,0.002744938552738661,0.3999875029925112,0.4242648341002389
8610,0.17296168141559773,0.0027502701582360354,0.40094893125813663,0.4233391171680296
8611,0.17260705879017518,0.0027143732645154065,0.4004433974174472,0.42423517052786214
8612,0.17324438797093045,0.0027120937344798602,0.39899610262058544,0.4250474156740043
8613,0.17318607054963603,0.0025680173956576856,0.39923855446728923,0.4250073575874171
8614,0.17302596946277785,0.002572515139896296,0.39974963921933887,0.42465187617798683
8615,0.17283480107152963,0.002654066458783022,0.40014626926370045,0.4243648632059869
8616,0.1733213776784947,0.0026727689294665596,0.4001259212148109,0.42387993217722775
8617,0.17261773570382505,0.002685060038066903,0.4011024647138677,0.4235947395442404
8618,0.17279751649620206,0.00265803205084404,0.40148596154475014,0.42305848990820366
8619,0.17270155023055078,0.002677840303618016,0.40171551951943807,0.42290508994639325
8620,0.1729505858625401,0.0027215247969635567,0.4011163757027151,0.42321151363778126
8621,0.17235138605756506,0.0026791047081641205,0.4021050461844763,0.4228644630497945
8622,0.172042231195616,0.002661279074671507,0.401816620319856,0.4234798694098564
8623,0.17194737959255277,0.0025695478742088426,0.40192153007749043,0.4235615424557479
8624,0.17168559894476262,0.0025919551753640115,0.4021613886692107,0.42356105721066273
8625,0.17197848613903333,0.0025934482343316035,0.4026454429794414,0.4227826226471937
8626,0.1720025963441147,0.002559156869556185,0.40290487617313164,0.4225333706131975
8627,0.17150504474600936,0.0025008577869862735,0.40258318417246847,0.4234109132945359
8628,0.17092055723219693,0.002505728645844494,0.40280676910475843,0.42376694501720014
8629,0.17107051530242173,0.0025826761581494643,0.40237890855795094,0.4239678999814778
8630,0.1708291929366822,0.002612317554835811,0.4023861332653949,0.424172356243087
8631,0.17061580131269402,0.002524984486627312,0.4020979875477747,0.42476122665290406
8632,0.17075683345706003,0.0025958095859616595,0.40240223397519337,0.4242451229817849
8633,0.17057047921821664,0.00251844105528242,0.4019515772448896,0.4249595024816113
8634,0.17098392618401867,0.0025604048059293784,0.40260389224840676,0.4238517767616452
8635,0.1709004590394767,0.0025955978666121734,0.40352321693131143,0.42298072616259963
8636,0.1712531299247781,0.002588759766533457,0.4040423974634564,0.4221157128452321
8637,0.17168903982262745,0.0024811829339418923,0.40380700810085957,0.4220227691425711
8638,0.1716901137706282,0.0025223337994747185,0.40379605845709465,0.42199149397280256
8639,0.17185988981006,0.002636580840110858,0.4036346453290404,0.42186888402078876
8640,0.17173302977546265,0.0026333879702137315,0.4041178772611237,0.42151570499319996
8641,0.17176474073703335,0.0025814955591124573,0.40450398536417953,0.4211497783396746
8642,0.17237595961585886,0.0026356329291308254,0.4042833297893411,0.42070507766566917
8643,0.17225036668921861,0.0026467320257739296,0.40523619596870536,0.4198667053163021
8644,0.1720546854469352,0.0026760364627562384,0.4060191845318877,0.4192500935584209
8645,0.1717142687809306,0.0026365489302513116,0.4058984523935414,0.41975072989527673
8646,0.17126940972119148,0.0025852774823184503,0.40660786349237626,0.4195374493041138
8647,0.1710384970189997,0.0026219407084947543,0.4069979050207267,0.41934165725177885
8648,0.1705423599109281,0.0025492093077628735,0.40664371430038126,0.4202647164809278
8649,0.170476233640018,0.002581996041167156,0.4067585759943003,0.42018319432451456
8650,0.17015920361199546,0.0025043788088019107,0.4077426476624394,0.4195937699167631
8651,0.1703720818097842,0.0024725357882056575,0.4075475939277521,0.4196077884742582
8652,0.17053904375221682,0.0024332351935837946,0.40755499643060655,0.41947272462359286
8653,0.17041141342915994,0.002369183318715515,0.4078858150015291,0.4193335882505954
8654,0.1702254488021336,0.0023166401213693963,0.40811570331923874,0.4193422077572582
8655,0.17012236243234752,0.00228567324060991,0.4080574431511983,0.4195345211758442
8656,0.17078676024454048,0.0023264719002647318,0.4076699528487743,0.41921681500642044
8657,0.1709639411326545,0.002357614142086858,0.4077302066797518,0.41894823804550685
8658,0.17098272937617187,0.002255228891427855,0.4080222124019066,0.4187398293304937
8659,0.17115617726089327,0.0022478210824824776,0.4080688520533724,0.41852714960325194
8660,0.17071113634872565,0.0022889231609817266,0.40821602391613626,0.4187839165741565
8661,0.1702658884718296,0.0022140233480434095,0.408145118424138,0.41937496975598904
8662,0.17037613010459657,0.0022396425012245415,0.4075713199946242,0.41981290739955474
8663,0.17060211643727718,0.0022319387831231156,0.4072348854691693,0.4199310593104304
8664,0.17064825190671823,0.0023195683542290573,0.4064478027338425,0.4205843770052102
8665,0.17039805029192867,0.0023281598718911103,0.40686994389031206,0.4204038459458682
8666,0.1702302296564989,0.0022961638331764496,0.40681809513991285,0.4206555113704118
8667,0.17053938470925903,0.002251073228350271,0.4062426811625728,0.4209668608998179
8668,0.17031134710470655,0.0022845364191086703,0.40672366450770825,0.4206804519684765
8669,0.17091428674047343,0.002302778993724157,0.40638877558839503,0.4203941586774073
8670,0.17133528906101966,0.002284231972565049,0.40501452439755664,0.42136595456885867
8671,0.17117925962254193,0.002303617759420889,0.4058013914286283,0.42071573118940897
8672,0.17089026021946846,0.0023031797059966603,0.4061594141758159,0.42064714589871893
8673,0.17094549713925855,0.0023346699905807014,0.4062552471277804,0.42046458574238044
8674,0.1706207359818804,0.002386781685588342,0.4067694260791413,0.42022305625338996
8675,0.17041766853566437,0.0025037857155821505,0.4063626376031945,0.420715908145559
8676,0.1705815378976729,0.002551255831308906,0.4061646461127008,0.4207025601583173
8677,0.17126602071699565,0.002547148550974235,0.4058369297609918,0.42034990097103836
8678,0.17120006970370216,0.0025513350657436823,0.40546517497827417,0.42078342025228005
8679,0.17116422039041787,0.0025342792894153068,0.4051269022343096,0.42117459808585717
8680,0.17140249888659187,0.0026359393041226133,0.40486974551550486,0.4210918162937807
8681,0.17093946294235834,0.0026422712531034313,0.4058445680241117,0.4205736977804266
8682,0.17049900797081502,0.002633416260477288,0.4059546301359422,0.4209129456327655
8683,0.17056614690827113,0.0026079242501435276,0.4064318572251791,0.42039407161640624
8684,0.17093869969548925,0.0025009272410377,0.4067567818655295,0.4198035911979435
8685,0.1712246884038617,0.002458801649719903,0.4067323790301547,0.4195841309162637
8686,0.17058017770972606,0.0025082090004192453,0.4071640639469771,0.4197475493428776
8687,0.1705592242340634,0.0025558789412947884,0.4071724023134699,0.41971249451117193
8688,0.17079189495308977,0.0027208138655891202,0.4071453072742043,0.41934198390711697
8689,0.1705769536296708,0.002683873229253224,0.40704289134628546,0.41969628179479057
8690,0.1709189709109294,0.002754321219464631,0.406748218848357,0.419578489021249
8691,0.17058330210334488,0.002729648848499347,0.406236100295655,0.4204509487525009
8692,0.17087362728610128,0.002694615729362383,0.40517041619127064,0.4212613407932656
8693,0.17088545978900913,0.0025843024714444526,0.4058966985368073,0.4206335392027391
8694,0.17077577987043596,0.002659846100025616,0.4062544197344353,0.42030995429510315
8695,0.17083362614022574,0.0026126222460422215,0.40583603068251034,0.42071772093122173
8696,0.17034613971958007,0.002609206967994093,0.4058701442016557,0.42117450911077026
8697,0.17060822036848344,0.002647278528172519,0.4061881681822923,0.4205563329210517
8698,0.17004311577056336,0.0026584509879846565,0.40588986632765034,0.4214085669138016
8699,0.17090111032605196,0.002727777114643001,0.4056375576444016,0.42073355491490344
8700,0.17106949737065227,0.0028435746752125198,0.4053602054020636,0.4207267225520715
8701,0.17114858852351544,0.002941530926711867,0.4057287920445575,0.42018108850521524
8702,0.1703510893411561,0.002924822804444237,0.40578770652699153,0.4209363813274082
8703,0.17037350619673822,0.002897702865504919,0.40664644187016935,0.42008234906758746
8704,0.17005616799317466,0.0029002491280469543,0.40767288271419855,0.41937070016458
8705,0.170086477640993,0.0028797372767901857,0.4083884565836843,0.41864532849853264
8706,0.16983316249480895,0.0028743772363768313,0.4094977573648066,0.41779470290400766
8707,0.17016379751512015,0.0029426102942087607,0.4089619839876898,0.4179316082029813
8708,0.16998742988723617,0.0029554064785775316,0.40943612209987723,0.41762104153430907
8709,0.17053324848986068,0.0029130505915415223,0.4093496555848636,0.4172040453337342
8710,0.1705176140268074,0.002851035567854847,0.40877421852209384,0.4178571318832439
8711,0.170903952086159,0.002856668857481322,0.4077690642591211,0.4184703147972386
8712,0.17084432019428966,0.002775543872070637,0.40786342964471556,0.41851670628892423
8713,0.17069924141800058,0.00272947620816288,0.4075913117259474,0.41897997064788906
8714,0.17085578696566459,0.00272181939129671,0.4082754796584053,0.41814691398463344
8715,0.17090483097149484,0.0026997544713440293,0.4081666221108711,0.4182287924462901
8716,0.17091007170145456,0.002699420268632623,0.408174338235321,0.41821616979459186
8717,0.1710620776986278,0.0027635102149239027,0.40789997140616097,0.41827444068028735
8718,0.17127213069386338,0.002711490766119165,0.4075089498966887,0.4185074286433288
8719,0.17093293421312908,0.0027737892749457923,0.4074329329339628,0.4188603435779624
8720,0.17104994539766394,0.0027283014077759244,0.40788111793106296,0.4183406352634972
8721,0.17126527554922896,0.00270075398457549,0.4080005435578006,0.418033426908395
8722,0.17139959023567644,0.0027451645781611787,0.40694583625347713,0.41890940893268525
8723,0.17158115546687114,0.0027382332938114145,0.40708460351177245,0.41859600772754496
8724,0.17171437220224067,0.002776402343215883,0.4082300502105328,0.4172791752440107
8725,0.17157571502438024,0.0027189653282391007,0.40774337355755863,0.41796194608982207
8726,0.17166157299802143,0.002664484820835487,0.4076327986658363,0.41804114351530675
8727,0.1718823491271237,0.0025863374344452226,0.407614402848373,0.41791691059005814
8728,0.17204574232250908,0.002593716101368311,0.4075075001955223,0.4178530413806003
8729,0.17190115269266476,0.0027929540266271144,0.40783374850295645,0.4174721447777518
8730,0.17199105232600265,0.0028009265866586306,0.40734039999474847,0.4178676210925902
8731,0.17254895393811404,0.002744717839429583,0.40702613829881384,0.4176801899236426
8732,0.17308358480160563,0.002791372879356839,0.40745365868038175,0.4166713836386558
8733,0.17378262570788028,0.002764380562624128,0.4076205220619357,0.41583247166755993
8734,0.17366235631175192,0.0028068272075034047,0.4075143771865103,0.4160164392942344
8735,0.17373148427460766,0.0028262501618208954,0.4072764039416602,0.4161658616219112
8736,0.1737860256183379,0.0028077008707490443,0.4072509905511364,0.41615528295977666
8737,0.173934667939049,0.0028679835757718704,0.4064189673854502,0.416778381099729
8738,0.17329178097063264,0.002979188653785466,0.4062309306916088,0.41749809968397306
8739,0.17349047910596044,0.003004779781637314,0.4058441191514136,0.41766062196098863
8740,0.17339560752836233,0.002997049572568272,0.40566743458910864,0.41793990830996075
8741,0.17320530287669222,0.0030906531725501717,0.4052187291759674,0.41848531477479023
8742,0.17319481831105044,0.003024883058296178,0.4047554996625998,0.4190247989680536
8743,0.1734283524793291,0.003126282970334964,0.40422084377322093,0.41922452077711514
8744,0.17363513440809783,0.0030802942661806213,0.40489698146370046,0.41838758986202107
8745,0.17360519788333437,0.003182859587620177,0.4048629958727882,0.4183489466562572
8746,0.17364902480677882,0.003166812962872769,0.40353964877290904,0.4196445134574393
8747,0.17367281451016398,0.003219348970439605,0.40423887372572836,0.418868962793668
8748,0.17306032883260056,0.003187411866504183,0.40477306071344155,0.41897919858745364
8749,0.17290079328578767,0.003090230768127373,0.40514704669137824,0.41886192925470667
8750,0.17303832762197266,0.003119077717735533,0.40536822476371165,0.4184743698965801
8751,0.17323906075710713,0.003014748395717334,0.405123806883363,0.4186223839638125
8752,0.17275652413945294,0.002974241429192468,0.40429849914088756,0.419970735290467
8753,0.17315305487166988,0.003038033327977428,0.4044290452406088,0.41937986655974396
8754,0.17367722404915062,0.0030382081193989696,0.4039311321790204,0.41935343565242994
8755,0.1736288066597763,0.0031478933227991794,0.4037288150706308,0.41949448494679376
8756,0.17364261771457085,0.0031138355733588063,0.40319354416689085,0.4200500025451796
8757,0.17387968395644066,0.0030234307408355645,0.4029414556190124,0.4201554296837113
8758,0.17423990991135946,0.003005710080433117,0.40199834641422216,0.4207560335939853
8759,0.17407959742969553,0.0030017864091831437,0.40182083685715175,0.4210977793039695
8760,0.17475807015517691,0.003027883155047411,0.40233659382619164,0.41987745286358413
8761,0.17430473681522912,0.002878422074829113,0.40296467674680025,0.4198521643631416
8762,0.17492590484397433,0.0028513443380518777,0.4024630041013414,0.41975974671663235
8763,0.17514182039439113,0.002864815255093327,0.40251590705982443,0.4194774572906911
8764,0.17515284133886477,0.0028216788182283846,0.40280479168668115,0.41922068815622576
8765,0.17485658004210006,0.0028313731199174188,0.4031985385725422,0.41911350826544036
8766,0.17428840987969732,0.002773639836682708,0.40368536705565805,0.41925258322796194
8767,0.1743593698260066,0.0027146137776941507,0.4039885815693786,0.41893743482692064
8768,0.17483911209151845,0.0027043868430893054,0.4037683754435856,0.4186881256218067
8769,0.17511737626445734,0.0027501704811713225,0.40283382588546524,0.419298627368906
8770,0.17503196146391375,0.002742489746445487,0.40278133079338563,0.4194442179962551
8771,0.17499375519531832,0.0027819161703024125,0.40270639317939966,0.4195179354549795
8772,0.17536266081774732,0.0026944366841084796,0.4032302765239003,0.41871262597424386
8773,0.17533321215892195,0.002715266794397808,0.4029612991687991,0.4189902218778812
8774,0.17549520394467205,0.0027164371086629753,0.40232516448391176,0.41946319446275326
8775,0.17546659430825257,0.0027823038923394357,0.4023232353523918,0.41942786644701613
8776,0.17581319134667905,0.002761247425951145,0.40232462313264056,0.41910093809472926
8777,0.17563649225258504,0.002644112556806982,0.402694025470247,0.4190253697203611
8778,0.17657479106225657,0.002666519082686382,0.40239234121564627,0.4183663486394109
8779,0.17663062495270998,0.0027479616016547605,0.4015397271900566,0.4190816862555787
8780,0.17662453990968915,0.0027405936297096372,0.4008300376849753,0.41980482877562597
8781,0.17605915329500915,0.0028087915589805495,0.4010432395801898,0.42008881556582056
8782,0.17645886451880002,0.002806183934778836,0.3995011030394931,0.4212338485069281
8783,0.17643018480884137,0.0028148559778221924,0.39896582792258656,0.4217891312907499
8784,0.17629434104268313,0.0028257648325790475,0.399946319334085,0.4209335747906529
8785,0.17641217011154559,0.002778206466808527,0.3993455159064523,0.4214641075151936
8786,0.17626647984689334,0.002727879148508692,0.3992973272161796,0.4217083137884184
8787,0.17651953806786178,0.0026298201265922707,0.3997271697603767,0.4211234720451692
8788,0.17642821632837274,0.002539786706477692,0.39932153947416305,0.42171045749098646
8789,0.1768618876248968,0.002569903835457825,0.3988156972342474,0.42175251130539787
8790,0.17774428915376525,0.002553233367847288,0.3986894857448868,0.4210129917335007
8791,0.17741273857254386,0.0025057066000082604,0.3986452264054517,0.4214363284219963
8792,0.1771784805884312,0.002457668662969841,0.3986188918959816,0.4217449588526173
8793,0.1770107958671363,0.002408646494890652,0.3985104321380335,0.4220701254999396
8794,0.1767635154275955,0.00241961959923017,0.3987206691406836,0.42209619583249064
8795,0.1768068062277556,0.002411362586303713,0.3986771615486667,0.42210466963727394
8796,0.17651144992837,0.002417550839464398,0.4000292285664635,0.42104177066570214
8797,0.17715447687305166,0.0024009441711891296,0.4001116935477132,0.42033288540804614
8798,0.17698406011085083,0.0024681798783073696,0.4010396712456609,0.41950808876518086
8799,0.1767413636268581,0.002503704567192213,0.40084697133973035,0.41990796046621937
8800,0.1770845977399028,0.0024672998424067837,0.40070128525348603,0.41974681716420437
8801,0.17703496990068254,0.0023749574348177456,0.3999655009172354,0.4206245717472643
8802,0.17721175209174878,0.002444136496244242,0.39967194291460173,0.42067216849740524
8803,0.17778613549306813,0.0024949741591902093,0.3993862631870319,0.42033262716070985
8804,0.1777265038857848,0.002509665045256618,0.39959139535382177,0.42017243571513674
8805,0.17753275333318697,0.0025989703452807844,0.39944564005432237,0.4204226362672099
8806,0.17776429700921065,0.0025570187358342844,0.3994391707420025,0.42023951351295263
8807,0.1771883936341862,0.002487697073650171,0.39979561553728143,0.4205282937548821
8808,0.176850673022695,0.0025102987032610572,0.40050817199251326,0.42013085628153063
8809,0.17668801059421585,0.002480353283592756,0.40060744857210634,0.4202241875500851
8810,0.17719845553919583,0.0024953932341936318,0.40018593872788477,0.4201202124987257
8811,0.17769853121657775,0.002615664804808054,0.4008774793581781,0.41880832462043627
8812,0.17820651367600338,0.0026690032030555555,0.40116688498801756,0.41795759813292366
8813,0.17775491126592408,0.0025734793444566204,0.40136553861134666,0.41830607077827275
8814,0.17752062150059342,0.002581536268795142,0.4012498617905127,0.4186479804400987
8815,0.17755460308477627,0.00259624759543744,0.40101047325006983,0.41883867606971653
8816,0.1775873249632442,0.0026260583448431546,0.40059008264773094,0.41919653404418167
8817,0.178060508529628,0.0026263948186662895,0.40063083462201743,0.41868226202968833
8818,0.17832683976786085,0.002711431116688519,0.39966056656710913,0.4193011625483415
8819,0.1774084989009396,0.0028011662979209755,0.3997306821498484,0.42005965265129097
8820,0.17690710440993995,0.0027172063725373076,0.3999417473380533,0.4204339418794694
8821,0.17727019463343624,0.0026948929275710702,0.4002052843955416,0.41982962804345114
8822,0.17779143951847284,0.0026435457838598843,0.4005139058329025,0.4190511088647648
8823,0.1778957896467183,0.0026763872199487616,0.4001695912430826,0.41925823189025035
8824,0.1780088261387312,0.0026234258069211197,0.4006695768927572,0.4186981711615904
8825,0.1782552313267865,0.002540812122581116,0.40031192950313566,0.41889202704749684
8826,0.17822274956420847,0.002612407932731107,0.40029440598061905,0.4188704365224414
8827,0.17813079398366846,0.0026201437111647565,0.4003703743701158,0.41887868793505084
8828,0.17775626052143548,0.002526587655231927,0.4003658962259899,0.41935125559734276
8829,0.17804545894907806,0.002583121133618213,0.40014364266143454,0.4192277772558691
8830,0.17792626249182392,0.0025701140535302875,0.4011148648381059,0.4183887586165399
8831,0.17811544174496124,0.002582782343983267,0.40090957843827973,0.4183921974727758
8832,0.17857792787038554,0.0025891395837611894,0.4005956155664007,0.41823731697945243
8833,0.17856316298072775,0.0026257244156903284,0.4006204714044753,0.4181906411991066
8834,0.17845327563547245,0.0026158272822719318,0.400231953024962,0.4186989440572937
8835,0.1785866221589375,0.0026012498663704107,0.400532313710083,0.41827981426460903
8836,0.17858618946321975,0.002601929815555389,0.3998030590483784,0.41900882167284664
8837,0.17857784798837945,0.0025609325291976954,0.4000736133956849,0.418787606086738
8838,0.17839211622397003,0.002624676048570114,0.39986517968035595,0.41911802804710385
8839,0.178216028059249,0.0026540173192534404,0.4002512404951422,0.41887871412635536
8840,0.17829768361316037,0.002644714225386581,0.3994887988776303,0.41956880328382284
8841,0.17823285829786162,0.0027023209691891454,0.39941243157487616,0.419652389158073
8842,0.1783834161220737,0.0027184964597091812,0.4000846074247478,0.41881347999346924
8843,0.1783897090025302,0.002708348433268299,0.4004002107072024,0.4185017318569991
8844,0.1786385296709198,0.0026740200226923116,0.40052310078754677,0.41816434951884107
8845,0.17886162075357667,0.0027066932123257425,0.40077401041138866,0.4176576756227089
8846,0.1782533060478058,0.002727546169127019,0.4010591725917819,0.41795997519128525
8847,0.17871684707068947,0.002718744901648169,0.4002592065944871,0.4183052014331753
8848,0.17820219721904468,0.002726627276148744,0.4011499755687614,0.4179211999360451
8849,0.17847779563212796,0.0027542287422051117,0.40129430398636845,0.41747367163929844
8850,0.17841188494670598,0.0028055325975559356,0.4013033743194286,0.4174792081363095
8851,0.1776792757241831,0.0028314619948496176,0.4010245320511127,0.41846473022985453
8852,0.17761717275620142,0.0028964938063739654,0.40137420580534366,0.4181121276320809
8853,0.17846743365501977,0.002902762121603696,0.4008313775921195,0.41779842663125705
8854,0.17810598397988073,0.0029620105083021965,0.40166674811590636,0.4172652573959107
8855,0.17836084814492778,0.003005470490906514,0.40201854448036817,0.41661513688379753
8856,0.17832615759020992,0.003039980358867963,0.40161781076425884,0.4170160512866633
8857,0.1783738171025489,0.0030364184819280902,0.4013019977509343,0.41728776666458867
8858,0.17772303875234818,0.003142318368619457,0.40175953657033653,0.4173751063086958
8859,0.17790221285024063,0.0031725905300335117,0.40221774588632425,0.4167074507334016
8860,0.1781955854686857,0.003115265978436044,0.4016987832208433,0.41699036533203504
8861,0.1778899976979106,0.0031934371478581415,0.4025102996648543,0.4164062654893771
8862,0.17781745679397123,0.00318791889094696,0.40191687226965583,0.41707775204542596
8863,0.17843375951108853,0.0031770337879993443,0.40122739748353153,0.41716180921738066
8864,0.17789979417846313,0.0032010503310012013,0.4009664264352498,0.4179327290552859
8865,0.17818330340897198,0.0031148929206958526,0.4014385596198993,0.4172632440504328
8866,0.17776544502599784,0.0030589626464074685,0.40249435581213466,0.4166812365154599
8867,0.17774957966022203,0.0030102255554751408,0.40281434652373027,0.4164258482605726
8868,0.17775930013718289,0.003098476302515268,0.4027957667178204,0.4163464568424814
8869,0.17795216445057807,0.003148343201090044,0.4025904314086941,0.4163090609396377
8870,0.17771560203776637,0.0031809530048597795,0.4028445319654551,0.4162589129919187
8871,0.1777919352764447,0.003217667783759752,0.4036174916788153,0.4153729052609802
8872,0.1774864712952014,0.0032997932014753152,0.40349198918967444,0.4157217463136488
8873,0.1777713779296069,0.0033044191225106894,0.403592914818441,0.4153312881294414
8874,0.17741073155539883,0.0033262027817270714,0.40467028235470054,0.41459278330817356
8875,0.1773996939026099,0.003345648903885222,0.40470944692882693,0.41454521026467805
8876,0.17801004550760288,0.0032600017531528003,0.4035656532654965,0.4151642994737478
8877,0.17826415901901646,0.0031773177442578995,0.4028943778662467,0.41566414537047897
8878,0.17839173613548623,0.003253940079942355,0.4026943714507084,0.4156599523338631
8879,0.1793153950466107,0.003133389057455498,0.402208527857145,0.41534268803878877
8880,0.17952763433999785,0.003136834797248387,0.40191449599169493,0.41542103487105886
8881,0.1798089350652887,0.0032413749325393053,0.40239697452989276,0.41455271547227923
8882,0.17977845693651257,0.003200035737061338,0.4025562178617735,0.41446528946465266
8883,0.17944405637360505,0.0031766299387378334,0.40192839830832544,0.4154509153793316
8884,0.1794936568738396,0.0031096492765645325,0.4021186073239174,0.41527808652567855
8885,0.17876158537337897,0.003014656546901547,0.4026494426574305,0.41557431542228895
8886,0.17885025555278095,0.002937033162461403,0.40262767209448425,0.41558503919027345
8887,0.17860756637149855,0.002977945996228723,0.40282111481155186,0.41559337282072073
8888,0.17865341205933588,0.002987931334136205,0.40374675633556645,0.41461190027096145
8889,0.17816577200923744,0.002984572111207939,0.4040194038040874,0.41483025207546725
8890,0.17818475827970034,0.0030084238306560427,0.4046062021419374,0.41420061574770617
8891,0.178314834665565,0.003084304158574527,0.40461811671463394,0.41398274446122646
8892,0.17835278338147126,0.003138099878720809,0.40415481792850494,0.41435429881130303
8893,0.1780267705527555,0.0030871916911373127,0.40382522774774393,0.4150608100083632
8894,0.17751142208591125,0.003056227662126287,0.4045196982380389,0.4149126520139236
8895,0.17775262312246887,0.0030446233673260365,0.40475239314655875,0.41445036036364646
8896,0.1773095155440541,0.0030494715760871643,0.404613852124024,0.4150271607558347
8897,0.1775593469012842,0.002965466431412017,0.40496954771800275,0.41450563894930104
8898,0.17777243823106492,0.0029143800524364235,0.40509656561559015,0.4142166161009085
8899,0.17835544755196558,0.0030066168891714324,0.40494431150044835,0.4136936240584147
8900,0.17781183203405487,0.0030211595528907694,0.405767855050781,0.41339915336227334
8901,0.17759320079552737,0.0031007212988030455,0.40562460843910514,0.41368146946656453
8902,0.17823487328126986,0.0030230310417815923,0.40600394033196785,0.41273815534498065
8903,0.17819205312769834,0.0029786275534053126,0.40626203875745415,0.4125672805614422
8904,0.17818488862407725,0.0028733881551685305,0.4066596909295808,0.4122820322911734
8905,0.17854122689970767,0.0029070074427411828,0.40655267209196155,0.41199909356558956
8906,0.17873377136763371,0.0028680606959222274,0.4058106149900885,0.4125875529463555
8907,0.17944091031445505,0.0028783097978481937,0.4049644069171058,0.41271637297059083
8908,0.17900044954031347,0.0029291367920583644,0.4049845657171753,0.41308584795045294
8909,0.1787485933572536,0.0029525686881457036,0.4043582058420522,0.41394063211254845
8910,0.17865611440491663,0.0029248377362355435,0.40336603117645636,0.41505301668239136
8911,0.17829639763039187,0.002938820860790687,0.40324376311958365,0.4155210183892339
8912,0.1784825761278011,0.0030456747911983563,0.40232535159351823,0.4161463974874823
8913,0.17847311921382616,0.0029733562455566166,0.40279588096747093,0.4157576435731462
8914,0.17803079183007556,0.0030367313049812473,0.4033445353060133,0.41558794155892986
8915,0.17780039948235635,0.003146787190654527,0.4035524969925726,0.4155003163344165
8916,0.1781091309825838,0.0030713810134992297,0.4034949985782683,0.41532448942564865
8917,0.17817366010226704,0.0030997073817520667,0.40267820121358755,0.41604843130239344
8918,0.17821904560688862,0.0030448271521688816,0.40309486769442116,0.41564125954652137
8919,0.17775308641162507,0.003108185754214615,0.40303725010017477,0.41610147773398554
8920,0.17743404900157206,0.003045275439328519,0.4034720541476422,0.4160486214114572
8921,0.17700360927496755,0.0030441307747408894,0.4034366090034448,0.4165156509468467
8922,0.17659184333654288,0.003183694440940544,0.40410410661282975,0.41612035560968685
8923,0.17644500860281212,0.0031533185201923462,0.4046106445774306,0.41579102829956494
8924,0.17615737399289333,0.003198515912294711,0.4063898746430087,0.4142542354518034
8925,0.17605697219912414,0.0031750694986608504,0.4061719688657875,0.4145959894364276
8926,0.17607820091357623,0.003223539979663734,0.4067920452191827,0.4139062138875773
8927,0.1762267322513411,0.0031852870111237783,0.4074447568629189,0.41314322387461616
8928,0.1765266702618875,0.0031346852485050897,0.4081918233378398,0.4121468211517675
8929,0.17669039239449624,0.0031065936908454502,0.40871467398941547,0.4114883399252428
8930,0.17709683109649538,0.003038690589520833,0.4081755628002804,0.41168891551370335
8931,0.17714760057095535,0.0029813461777387223,0.407980924521487,0.411890128729819
8932,0.1775621095488506,0.0029156720860130584,0.40779398720312726,0.4117282311620091
8933,0.17726022132043054,0.002935334225468427,0.40799089397886645,0.41181355047523455
8934,0.17713541848057301,0.00302166324348041,0.40798520658056436,0.41185771169538227
8935,0.17684097912438954,0.0029492599380746332,0.4083235720783492,0.41188618885918665
8936,0.17611489648075077,0.0030009988059308294,0.40983807175172765,0.4110460329615907
8937,0.17567193192137834,0.0029558143054397358,0.410290871649606,0.41108138212357603
8938,0.17582501795645983,0.0029936614754390834,0.4096968401933047,0.4114844803747963
8939,0.1756901432572435,0.002965743987593866,0.40967246479996416,0.4116716479551984
8940,0.1758366748588009,0.002913030035949441,0.40948842065435376,0.41176187445089596
8941,0.17583496424054465,0.002926422928434652,0.40965327443514143,0.4115853383958793
8942,0.17615451447678668,0.0028528726497679714,0.40918278101932337,0.4118098318541219
8943,0.17637463362114977,0.002886448901521191,0.4086576933668523,0.4120812241104767
8944,0.1762670387764646,0.0029365881237698012,0.4087141012311646,0.4120822718686011
8945,0.17564942566006944,0.0029264399828926903,0.409185236650071,0.41223889770696687
8946,0.17560540181231615,0.00287047458128569,0.40895663575205854,0.4125674878543396
8947,0.17535117843429485,0.002833272949057104,0.40946047115043616,0.4123550774662119
8948,0.1752108925209994,0.0027500650060670747,0.41003406142177995,0.4120049810511536
8949,0.17522936353633548,0.0027141760951361815,0.4095606722108992,0.4124957881576291
8950,0.17563244899285466,0.002699144830431962,0.40988916916293805,0.4117792370137754
8951,0.17592916985007734,0.0027292281491498914,0.4104451132885438,0.41089648871222895
8952,0.17581181880366664,0.002803002334442069,0.4107720275629497,0.4106131512989416
8953,0.1758714785435548,0.002818658074170333,0.4113630825617249,0.40994678082055
8954,0.17526185457728963,0.0028963793191274143,0.41166743387371263,0.4101743322298703
8955,0.1752967284131553,0.0028335235133728964,0.41114189010828445,0.4107278579651874
8956,0.17561909268564282,0.002906633355594119,0.41034898577628304,0.41112528818248
8957,0.1756454804637761,0.002891426047897866,0.4100878097267467,0.41137528376157934
8958,0.17566221705991747,0.002880330034109512,0.41018134322514105,0.41127610968083184
8959,0.1757112468439202,0.0028678879680300168,0.4111960712996881,0.4102247938883618
8960,0.17527279392985762,0.0028283829870702527,0.4118402630481464,0.4100585600349257
8961,0.17485405564471018,0.0028127559700779634,0.411303537948262,0.41102965043694983
8962,0.17481264563614393,0.0028668115717323207,0.41160054821824366,0.4107199945738801
8963,0.17450226260097837,0.002717705908203866,0.41202147549504253,0.41075855599577515
8964,0.17451156619189184,0.0027272163632812182,0.411843921244811,0.41091729620001605
8965,0.17392566579278548,0.002680521424933354,0.41276309706376135,0.4106307157185197
8966,0.17383537417649925,0.002705909176498245,0.4122839036772846,0.411174812969718
8967,0.17372771934731113,0.0027651122249733374,0.4122470786589808,0.41126008976873474
8968,0.17423364106953737,0.002697279853019179,0.4122021882815764,0.41086689079586697
8969,0.17428972054575997,0.0027896709118130137,0.4122530487253881,0.4106675598170389
8970,0.17445443914306832,0.0027553693762825482,0.41220446307979086,0.4105857284008582
8971,0.17429330497782158,0.002801356762129237,0.4128429292353287,0.4100624090247205
8972,0.17387259315322487,0.0028518669980082617,0.4130592394590803,0.4102163003896867
8973,0.17405379392443848,0.002814165793576501,0.41304646735379347,0.4100855729281915
8974,0.17422123949668628,0.0028735224661131376,0.4130780442331698,0.4098271938040308
8975,0.17446699221901335,0.0028783774179801545,0.4120502955077803,0.41060433485522624
8976,0.17493496909178383,0.0028938466621612406,0.4129435273130107,0.40922765693304425
8977,0.17522559067482674,0.0029094534953008275,0.4121408801721076,0.40972407565776486
8978,0.17440979445354943,0.0029011053196399154,0.41236036037828727,0.4103287398485234
8979,0.17491109524304385,0.002878044622694525,0.4117353632634367,0.41047549687082474
8980,0.174884762909093,0.002775966384215721,0.41180095718786147,0.41053831351882997
8981,0.17460970093928924,0.0027770018941172653,0.412233315147596,0.4103799820189974
8982,0.17451388345131633,0.002884657935651948,0.4115495885197634,0.41105187009326827
8983,0.1744024277298618,0.0028618028205113404,0.4110969893255733,0.41163878012405347
8984,0.17494539158159353,0.0028204834907853884,0.4111007807480025,0.41113334417961866
8985,0.17525202142978086,0.002746235822663528,0.4110184208160346,0.410983321931521
8986,0.17532749204408837,0.002726240141463477,0.4111377020517898,0.41080856576265845
8987,0.17527400470163265,0.0027592535283850208,0.4114863149732656,0.4104804267967167
8988,0.1752874095081824,0.0027057718829185803,0.4121703594002728,0.4098364592086262
8989,0.1754877788868735,0.002782564999726261,0.41193206635289287,0.4097975897605074
8990,0.17515096401863484,0.0028379637949735676,0.4111024590280916,0.4109086131583
8991,0.17553945204426724,0.002828603091265735,0.41111891508085086,0.4105130297836162
8992,0.1759263642711622,0.0028054837770066414,0.41116922142993284,0.4100989305218984
8993,0.17584040311566548,0.0029449011472594037,0.4109762588769451,0.4102384368601301
8994,0.17595315738220138,0.0029290506871956314,0.4115435419374768,0.4095742499931262
8995,0.17628131068782213,0.0027952126421590803,0.411686410486379,0.4092370661836398
8996,0.17615305143745066,0.0027354097298394665,0.4106963964678627,0.41041514236484716
8997,0.17690897858597343,0.0027146026879739183,0.41029289897999144,0.4100835197460612
8998,0.17678106986170933,0.002757924071247528,0.4105097109486587,0.4099512951183845
8999,0.17698323321265175,0.0028801717805667696,0.4106529830981125,0.4094836119086689
9000,0.17684093080658636,0.0029547885696670586,0.41088904048356156,0.4093152401401851
9001,0.1763525297269703,0.002896347300884089,0.4111101683288549,0.40964095464329076
9002,0.17618985040742757,0.003025231104967337,0.4110190597024122,0.4097658587851929
9003,0.17679554752535115,0.0030317854477594883,0.41065173978468666,0.4095209272422028
9004,0.17716308124634703,0.003102090728019276,0.4110307167903847,0.408704111235249
9005,0.17751477117474224,0.0031623774930323936,0.41040611025881,0.4089167410734153
9006,0.17782456711895342,0.0031644487029513966,0.41030232383673537,0.40870866034135983
9007,0.1768532506756672,0.003140001031158504,0.4099645998324849,0.4100421484606894
9008,0.17732424442762632,0.0031104419089959265,0.4105148197841265,0.40905049387925124
9009,0.17730619684932952,0.0030315573952219054,0.4098132633789988,0.40984898237644973
9010,0.17716097795947833,0.003052649122589142,0.4105416038276619,0.40924476909027063
9011,0.17769239977982434,0.0030032026350763842,0.40977022910578764,0.40953416847931157
9012,0.17811591179882486,0.0030125097098337604,0.4102883514427086,0.4085832270486328
9013,0.17811622510939418,0.002988647391283299,0.4113602866314209,0.4075348408679017
9014,0.17823941357436315,0.003049383536409282,0.4101516374936395,0.40855956539558813
9015,0.17800756847877472,0.002971589325912901,0.410221519201414,0.4087993229938983
9016,0.17792556234098855,0.0030682952855525373,0.4097163299989079,0.409289812374551
9017,0.17790823079815016,0.0030693636603248177,0.41022741622860187,0.40879498931292313
9018,0.17817426395370004,0.002983270600285371,0.4107441920562801,0.40809827338973453
9019,0.17849069087138908,0.0029985926992174886,0.41019051231855197,0.4083202041108415
9020,0.17818713141715667,0.0028619291729052175,0.4096200212309964,0.4093309181789418
9021,0.17869174107058378,0.0028512218907696786,0.40919704805867135,0.4092599889799752
9022,0.17885878348898313,0.002912139934552242,0.40896780047447895,0.4092612761019856
9023,0.17919738743540767,0.002916083626903545,0.40978064717645274,0.40810588176123597
9024,0.17905796542867353,0.0029434812623795542,0.41012449353584657,0.40787405977310043
9025,0.17899911711524963,0.0028982976347025646,0.4100397899496119,0.4080627953004359
9026,0.1784120153995267,0.002958238203741211,0.41041239542053515,0.4082173509761969
9027,0.17822493840267364,0.0029838199065159465,0.4102492215183734,0.4085420201724371
9028,0.17826068538000808,0.003061737445243918,0.4101344220324532,0.4085431551422949
9029,0.17812999962938353,0.003033521685778901,0.4100314768728414,0.40880500181199614
9030,0.17792122912412198,0.0029766685344703404,0.4104724842890651,0.40862961805234266
9031,0.1777910926604545,0.003032276467346107,0.41127990829845906,0.4078967225737403
9032,0.17773215881402646,0.0029924116763060163,0.41150225288007614,0.4077731766295914
9033,0.17737730634347523,0.00301050827302318,0.41070623975189857,0.40890594563160293
9034,0.1780810241819982,0.0030525960673927223,0.4108963116036719,0.40797006814693704
9035,0.1778422330635331,0.0031130862173440366,0.4108876879937153,0.4081569927254076
9036,0.17791686318620614,0.0031669717558184644,0.41074002313027347,0.40817614192770196
9037,0.1776812649728473,0.0031625283005796874,0.41081620671077623,0.4083400000157968
9038,0.1775816561459554,0.003125665124357968,0.41084242074210325,0.4084502579875834
9039,0.17706501122645524,0.003127017981281553,0.4104769762479702,0.40933099454429306
9040,0.17729219981160227,0.0030947993886256565,0.41037796049972347,0.4092350403000486
9041,0.1768104855373222,0.003120409274245875,0.4107919689191332,0.4092771362692987
9042,0.17677594710928707,0.003152984497252035,0.4107214891153248,0.4093495792781362
9043,0.17641731456135384,0.003142185838924329,0.41105011643413125,0.4093903831655905
9044,0.1759333754659994,0.003163880198345713,0.41107651059604117,0.4098262337396138
9045,0.17585298088660198,0.0032391573498171703,0.41012223169098344,0.4107856300725975
9046,0.17632638994638591,0.0032512356641651225,0.41022595344423085,0.41019642094521813
9047,0.17598330831875758,0.0032742439410926014,0.41018953466468666,0.41055291307546327
9048,0.17590658143866486,0.00328883322153746,0.4102927267910636,0.41051185854873407
9049,0.17552149580552037,0.0033366247790669696,0.41053415137040855,0.410607728045004
9050,0.17535614651638573,0.0031932427720864458,0.41005665604159125,0.4113939546699365
9051,0.175709259337857,0.0031708827816579995,0.4086084902014161,0.41251136767906893
9052,0.17580962507138548,0.0032274513997452613,0.40776332632749834,0.41319959720137095
9053,0.17554340649466277,0.003202878118381882,0.40705272636151807,0.41420098902543734
9054,0.17555483722111406,0.003310799678362693,0.40670791302302434,0.4144264500774989
9055,0.17663629582584878,0.00332873871098236,0.40679789438467706,0.4132370710784918
9056,0.1763475165482078,0.0032730181796340406,0.4064120853014776,0.41396737997068056
9057,0.17591302951357568,0.0031318411654369773,0.4062179952024046,0.4147371341185827
9058,0.17604110631279976,0.0031142181808281964,0.40616432658475415,0.41468034892161787
9059,0.17624383007106956,0.0030363313754752973,0.40604679167235413,0.414673046881101
9060,0.1762059498287177,0.003099397942504526,0.40658027328498586,0.4141143789437919
9061,0.17640274860861777,0.003155831564640618,0.4065196102315281,0.4139218095952136
9062,0.17704907496974762,0.0030760017440463415,0.4065951617428755,0.41327976154333046
9063,0.17673919079468908,0.0031271807211738917,0.40777368926261837,0.4123599392215186
9064,0.17719294345604442,0.0031144262461519625,0.40751389044676856,0.41217873985103504
9065,0.17714348966003673,0.003139709676179501,0.4081952434091705,0.4115215572546133
9066,0.17699743810125596,0.003113232605153172,0.4086131558933717,0.4112761734002192
9067,0.17726088478291963,0.0031122879440824104,0.409399987013871,0.4102268402591269
9068,0.17738865321959346,0.0031030959401564585,0.40954357221354415,0.40996467862670605
9069,0.1775812643361367,0.0030564615621034843,0.4088412992171248,0.41052097488463507
9070,0.1770598195378885,0.0030721368315106963,0.40934894399875255,0.41051909963184824
9071,0.17716676677488433,0.0030306013801246153,0.41043820933246744,0.4093644225125236
9072,0.1770399888622268,0.003066804880986253,0.4106732105471028,0.4092199957096841
9073,0.17706038007649819,0.003059132758170807,0.411280557430055,0.40859992973527604
9074,0.17660239769965785,0.002914011226154306,0.4116691582787291,0.40881443279545876
9075,0.17620605168938508,0.0029308171483069115,0.4122010126323864,0.4086621185299216
9076,0.1758836221066435,0.002867820276700998,0.41209215418953155,0.4091564034271239
9077,0.17563819750613338,0.0027997604660796654,0.41236440068778996,0.4091976413399971
9078,0.17482134769127053,0.0028463075130623974,0.41266035551799707,0.40967198927767007
9079,0.17442282775474358,0.0027818668331692216,0.4131725422822048,0.40962276312988244
9080,0.17466076134983893,0.0028025726465875267,0.4136297310900571,0.40890693491351654
9081,0.17493220951230612,0.0028021164973174393,0.41291742686860256,0.40934824712177376
9082,0.17539260398070447,0.0028197430040621265,0.412161664047758,0.40962598896747543
9083,0.17503587795051873,0.0028623419447575847,0.4124016918980737,0.40970008820664994
9084,0.17513032007515797,0.0028961171740147047,0.4126160272966922,0.40935753545413506
9085,0.17522354614065025,0.0030576165194803216,0.41188914812826305,0.40982968921160634
9086,0.17505654685198893,0.002985498517545747,0.41226424597492867,0.40969370865553667
9087,0.17572467223915206,0.002917904604483456,0.4119398696335409,0.4094175535228234
9088,0.1753082236327324,0.0028644005870173427,0.412284611133458,0.4095427646467923
9089,0.1754768094667249,0.002881239507432142,0.4119284329578248,0.40971351806801815
9090,0.17530362323476978,0.002873869382462128,0.41229743920961265,0.4095250681731555
9091,0.17539000090320886,0.0029064248702160046,0.41259180872828854,0.40911176549828665
9092,0.1753929321042408,0.0028713029975443046,0.41345357293700635,0.40828219196120863
9093,0.17511128202116777,0.0028245214394892874,0.4147470234758952,0.4073171730634478
9094,0.17526374800972155,0.002842385775010903,0.41428803966274214,0.4076058265525254
9095,0.17489183071069564,0.0028246689457405967,0.41432592032661314,0.4079575800169505
9096,0.1750361014767364,0.002764865999998073,0.41514680209285626,0.40705223043040933
9097,0.17463488216485165,0.0028035249552946645,0.41521286613347286,0.4073487267463808
9098,0.1744318725850436,0.002763682807480073,0.4155875437835288,0.40721690082394746
9099,0.1743887271714178,0.0027876835018190833,0.41594550558206533,0.4068780837446978
9100,0.1742981348638895,0.0028028874625549566,0.41560092961750456,0.40729804805605097
9101,0.17456631321259952,0.002809628428587769,0.41562321141620523,0.40700084694260746
9102,0.17488954790556338,0.0026866436156579563,0.415824386381866,0.40659942209691274
9103,0.17482831815859465,0.002657273220619959,0.41662877090440187,0.4058856377163835
9104,0.17423323786920453,0.0025630171107470555,0.4166333241584965,0.406570420861552
9105,0.17417110184327295,0.00244209756064021,0.416878886760514,0.40650791383557283
9106,0.17404438158801486,0.002484287473865608,0.4163318074093116,0.4071395235288079
9107,0.1737819435353323,0.0024371476758928536,0.41665286445552924,0.4071280443332457
9108,0.17296829034574995,0.0024627909105625462,0.41762213436970275,0.4069467843739848
9109,0.17329059062262625,0.00250061566410918,0.4172863572571875,0.4069224364560771
9110,0.1734490584710708,0.002594301087895249,0.41691946797719537,0.4070371724638385
9111,0.1732579774298117,0.002625842766179705,0.41738401871737185,0.4067321610866367
9112,0.17341969526292006,0.0026259772006127515,0.41719244280776857,0.4067618847286987
9113,0.17330282135102446,0.00265778865970445,0.41764993066145645,0.4063894593278146
9114,0.17382476576059683,0.0026821085976401872,0.41780540572810104,0.40568771991366204
9115,0.1738887871293598,0.0025879024454786076,0.4172007907280416,0.40632251969712013
9116,0.1737660150671093,0.0025968004605108406,0.41688639582209486,0.40675078865028497
9117,0.17370270843849547,0.0026115041961427324,0.4175997817892367,0.4060860055761252
9118,0.17356641029080222,0.0026030738547771714,0.417890065257981,0.40594045059643963
9119,0.17340979440319657,0.0025452339042229097,0.41770016652093506,0.40634480517164545
9120,0.17354521405775727,0.002525006656160992,0.41785969705412124,0.4060700822319605
9121,0.1734829246430067,0.0025382557648644813,0.41732709785096234,0.4066517217411666
9122,0.17325382677399226,0.0025256894768541003,0.4174978090488537,0.4067226747003
9123,0.17315698819116634,0.0025354686344620362,0.4182265094603804,0.40608103371399124
9124,0.17292741191762864,0.0024505344501587656,0.4175025920111798,0.40711946162103274
9125,0.1728285290572245,0.002486209823776913,0.4175813022236417,0.40710395889535683
9126,0.172967114316197,0.0024427291583235754,0.41741991000280876,0.40717024652267064
9127,0.17332446819158193,0.0024339099577063107,0.41692418814424437,0.40731743370646745
9128,0.17356791875142955,0.0023987739475762153,0.4169418706055465,0.4070914366954478
9129,0.17334534660358242,0.002408862112527043,0.4165179028740649,0.40772788840982555
9130,0.1730348859022735,0.0024500235837239238,0.4167186797979324,0.40779641071607015
9131,0.17324881022686614,0.0024944482249003555,0.41676307414863006,0.4074936673996034
9132,0.17352405422174488,0.002451641470409025,0.41661958628045337,0.40740471802739286
9133,0.17324420058277618,0.002476519606634202,0.416839904368695,0.4074393754418947
9134,0.17317277745557264,0.0024322657648770557,0.41631112016647753,0.4080838366130727
9135,0.1726572438615851,0.0024485955972266236,0.41626502025542056,0.4086291402857677
9136,0.17278343632486778,0.0025595464299386387,0.41605838331142886,0.4085986339337647
9137,0.17292199528011806,0.002463063453344699,0.41615343121588566,0.40846151005065157
9138,0.17303424353057273,0.002519155758472524,0.4165486836073013,0.4078979171036535
9139,0.17308817379585364,0.0025276720716285207,0.416458670982892,0.40792548314962584
9140,0.1729475145688081,0.002444171486563863,0.41624392560572954,0.4083643883388984
9141,0.1738270982676536,0.002512598985073539,0.4160835258721772,0.4075767768750957
9142,0.17354202178083533,0.0025404335340054847,0.4164615880156176,0.4074559566695416
9143,0.17415955837742222,0.002645899726822298,0.4160519325445165,0.40714260935123897
9144,0.17451032649516776,0.0026327229185665523,0.4163107487448771,0.40654620184138857
9145,0.17451740979007352,0.0026860957061814184,0.4152058958303798,0.4075905986733653
9146,0.1741501399492002,0.0026998135141350155,0.41474846804971904,0.40840157848694575
9147,0.17438204646698577,0.0027434847071039956,0.41513488653155106,0.40773958229435914
9148,0.17467946435926934,0.0027415563371200923,0.4146281141917032,0.40795086511190737
9149,0.17483859636524898,0.0027897261529728004,0.4144747740949561,0.40789690338682216
9150,0.1744919215729976,0.0028388405136584366,0.4136573071229496,0.4090119307903944
9151,0.17444855795346545,0.002870592729764938,0.41282568362835786,0.40985516568841174
9152,0.1740030834931114,0.002939775417574305,0.4135035323232711,0.4095536087660432
9153,0.17420321140347508,0.0028916994934545036,0.4134236584899214,0.409481430613149
9154,0.17386028398798606,0.002830321287371325,0.41310785450702187,0.4102015402176208
9155,0.17344365603561523,0.0027901456789959788,0.4135507056354804,0.4102154926499084
9156,0.17330923816594573,0.0027925938365050045,0.4140974148089119,0.4098007531886374
9157,0.17327939746530646,0.0027429470443134743,0.41493656335988804,0.409041092130492
9158,0.17301031645144022,0.002741675308739761,0.41566382799756035,0.40858418024225973
9159,0.17275108838798223,0.002647984771237323,0.41574406611808357,0.40885686072269695
9160,0.17310543432101375,0.0026110464021248682,0.4160398238021136,0.4082436954747478
9161,0.17260808487162765,0.0026106874149550373,0.41597417367549044,0.40880705403792683
9162,0.17279811319682753,0.0026233419896136575,0.4161314654104828,0.4084470794030759
9163,0.1728967992990172,0.002623418134938605,0.4157980360806707,0.4086817464853736
9164,0.17262821805943487,0.0025791346957542275,0.4160745147200883,0.40871813252472255
9165,0.17278195542583985,0.0025847208103918643,0.4160893136812337,0.40854401008253455
9166,0.17305167777856256,0.002652348856402632,0.4156233786162333,0.40867259474880147
9167,0.1728695053249058,0.0026832498098038025,0.41494937811123567,0.40949786675405464
9168,0.1730927323291423,0.0026944326119131418,0.4148832528051775,0.40932958225376714
9169,0.17257072274270943,0.002710079683578993,0.4141004936083649,0.41061870396534667
9170,0.1726488271377875,0.0026507373755504213,0.41390050648213583,0.4107999290045262
9171,0.1723706150531926,0.0025921769429325036,0.41339906675721894,0.411638141246656
9172,0.1725016254168635,0.002578896848561731,0.41413079795108654,0.4107886797834882
9173,0.17181193817117923,0.0025146399725675577,0.41433189495023487,0.4113415269060183
9174,0.17189024928423813,0.0025598094317800446,0.41450231941526566,0.4110476218687162
9175,0.17208533004196683,0.0025398278589913365,0.4147422364451797,0.4106326056538621
9176,0.17193423215458284,0.0025117936607279233,0.4142431673748308,0.4113108068098585
9177,0.17152146920857078,0.0024849504078093857,0.4148555343576453,0.41113804602597465
9178,0.1711825840650014,0.0025180259347717428,0.41503300050645464,0.41126638949377226
9179,0.1715667800422278,0.0024728546228898834,0.4142725298800163,0.411687835454866
9180,0.17151791049561155,0.0024360266969480136,0.4145690371719154,0.411477025635525
9181,0.1713119770812101,0.002472182778096263,0.4148869766466766,0.41132886349401704
9182,0.17073202446149943,0.0024459621485985947,0.4156431540248063,0.4111788593650957
9183,0.1708634223133851,0.0024804524057145142,0.41605015809751505,0.41060596718338543
9184,0.17056359903325322,0.0025822895280997226,0.4164428424428811,0.41041126899576597
9185,0.1705024594108202,0.0025560935962917323,0.4171493120595252,0.4097921349333628
9186,0.170234902132888,0.0025145623140866136,0.4172222393591826,0.41002829619384284
9187,0.17035500048422442,0.0026201539069787283,0.41700089122934836,0.4100239543794485
9188,0.17064183695547425,0.0026229086266029394,0.41645514827402136,0.4102801061439014
9189,0.1707720824035393,0.0026658128473198523,0.4170888326095361,0.4094732721396047
9190,0.1704742966288772,0.0026452233573595997,0.4172901759320033,0.4095903040817599
9191,0.1705548624541898,0.002672304209688237,0.4171073475642159,0.40966548577190603
9192,0.17014893283767613,0.002664347156988142,0.41760574296115527,0.40958097704418056
9193,0.17039171297265593,0.0025845399701575457,0.41795784313054335,0.4090659039266432
9194,0.1706030794552116,0.0025220689088186407,0.41793187577104296,0.4089429758649269
9195,0.17094149889789714,0.002465538989886505,0.4177451185410918,0.4088478435711245
9196,0.17078140364278913,0.0024175765674890456,0.41723347566720087,0.40956754412252094
9197,0.17047668730936155,0.0023623611756194984,0.4177487874007169,0.409412164114302
9198,0.16967069475368612,0.002483777205173593,0.4180636711309684,0.409781856910172
9199,0.16946052912990278,0.002583439452210521,0.41751760792047116,0.41043842349741555
9200,0.1694256270791727,0.0025871215319298066,0.41757353719526036,0.41041371419363726
9201,0.16944784957115425,0.002583901345252184,0.41779196369816934,0.41017628538542417
9202,0.1700842519302714,0.0026589800750752186,0.4179189618723235,0.4093378061223299
9203,0.1701307896842786,0.0026255818275396597,0.4175231206028057,0.40972050788537595
9204,0.17045463893583576,0.00270405208067927,0.4170442985115804,0.4097970104719044
9205,0.17052404307212635,0.0027236803677265615,0.41709764432566077,0.4096546322344864
9206,0.17043472668680182,0.0027989046973617426,0.41726025162920716,0.4095061169866293
9207,0.17032554767062935,0.0027872024668585287,0.4174858263148639,0.40940142354764825
9208,0.1704099627190525,0.002787746144039455,0.41717780619181905,0.4096244849450891
9209,0.17030063542991586,0.002689985241358571,0.4175028360637699,0.4095065432649556
9210,0.16988049732402696,0.0026625209428298336,0.4179789446799635,0.40947803705317976
9211,0.17026157976769304,0.0025679242274044252,0.4185230867370269,0.4086474092678756
9212,0.17020840253057987,0.0025698586258678666,0.418281033365891,0.4089407054776612
9213,0.17030647696575046,0.0025434739239368833,0.41816443980289436,0.4089856093074184
9214,0.17080942922947887,0.0024657013492920105,0.41785207753008596,0.4088727918911431
9215,0.17099795063045997,0.002493220256253801,0.4177788151263474,0.4087300139869387
9216,0.17083858757609388,0.002502563691265316,0.4177560615118653,0.40890278722077544
9217,0.17128941471188333,0.0025398386243099943,0.41823417349149705,0.4079365731723096
9218,0.17140142533245983,0.0025540353560534177,0.41758007643241485,0.4084644628790718
9219,0.17129304176611984,0.0025599591589125104,0.4179687987299349,0.40817820034503277
9220,0.17107612168496567,0.002545847560790871,0.4188652042029575,0.407512826551286
9221,0.17117286892628,0.002591737900670036,0.4186857300672643,0.40754966310578566
9222,0.17065792105588473,0.0024377766903225977,0.4183250145639111,0.40857928768988155
9223,0.17062886008393746,0.0024083505136954187,0.41797626693117584,0.40898652247119127
9224,0.1704828981171744,0.002445633521256463,0.41802796400397624,0.40904350435759296
9225,0.1701798654881332,0.0024720732944709086,0.41855283572369945,0.40879522549369646
9226,0.16996146046394212,0.0024875539066926814,0.4189315515821863,0.4086194340471788
9227,0.1702397345546536,0.0025028509169293645,0.41837373374102976,0.40888368078738724
9228,0.16979958854457045,0.0025669164103840673,0.4186364073726203,0.40899708767242515
9229,0.17029990343418108,0.0025045638712999163,0.41877104604257076,0.4084244866519482
9230,0.17006622555802342,0.002400015558741787,0.418855929678037,0.4086778292051978
9231,0.1701905501344734,0.0024524307659031888,0.41883749534953874,0.4085195237500847
9232,0.170288755019187,0.0024520318788078194,0.4190917252154874,0.40816748788651785
9233,0.16978173664563992,0.0024653079317216537,0.41944962659166835,0.40830332883097
9234,0.17016031801125941,0.0024864328290104625,0.41965876283429593,0.4076944863254342
9235,0.1704030825330749,0.002371080657096545,0.41955638550691293,0.40766945130291565
9236,0.1707557640167859,0.002312886205815314,0.41859068934500226,0.40834066043239653
9237,0.1709472730142384,0.002284356751139761,0.41860462778073576,0.40816374245388615
9238,0.17117897776821206,0.002275500767220063,0.4192678238824182,0.40727769758214966
9239,0.1707462664604314,0.0022785726613461753,0.4199757598058135,0.40699940107240895
9240,0.17110459946885329,0.0021165065169741195,0.4191810624554938,0.4075978315586789
9241,0.17093817776361991,0.002104640404802239,0.41995687729266323,0.40700030453891467
9242,0.1715352445001726,0.0020978532893880368,0.41996294201098633,0.4064039601994532
9243,0.1714163249974208,0.002039584328963776,0.41991879965391965,0.40662529101969574
9244,0.17137629127959,0.0020577913731259804,0.4202545936675118,0.4063113236797723
9245,0.17096264411812517,0.00211220071432103,0.42017910376573,0.40674605140182374
9246,0.17099247237650833,0.0021578525642187043,0.419597803571287,0.4072518714879859
9247,0.17039949938084725,0.002111873664280262,0.4199512806534481,0.40753734630142435
9248,0.17007971475482814,0.0021696700173230036,0.42122079472008134,0.4065298205077674
9249,0.16997667203965963,0.002199303263273311,0.420873057563335,0.4069509671337321
9250,0.16996225797448652,0.002176414583354304,0.42100256993676116,0.40685875750539796
9251,0.16984065511654406,0.002249242629604239,0.42119599837634636,0.4067141038775054
9252,0.16949052877819387,0.0023657806209868527,0.4207165710633557,0.4074271195374635
9253,0.1692510059562035,0.0024200649382204497,0.42075667454013954,0.4075722545654365
9254,0.16863181336637367,0.002358595521761241,0.4203764283879229,0.40863316272394223
9255,0.16845201309778393,0.0022857065219395413,0.41983224819519604,0.4094300321850805
9256,0.16748398527139943,0.002348938086770164,0.4206260799995845,0.40954099664224575
9257,0.16776313883459432,0.002259271260283858,0.42060099039486404,0.40937659951025784
9258,0.1675546683928359,0.002319105187437489,0.4207622773416276,0.409363949078099
9259,0.16761652966595414,0.0022777541550214678,0.42177526549117045,0.408330450687854
9260,0.1673986677467531,0.0023223418924366085,0.4214548750588062,0.4088241153020042
9261,0.16743473366820372,0.002379190597653849,0.42259582851153354,0.40759024722260884
9262,0.1675802168958876,0.0022984759165586796,0.42230342239586927,0.40781788479168435
9263,0.16766369620301252,0.0023259747233432106,0.42291346982919187,0.4070968592444523
9264,0.16732436445386073,0.002321979142945311,0.42311345406060025,0.4072402023425937
9265,0.16759414707910975,0.0023282640906448285,0.42331468772733427,0.4067629011029112
9266,0.16785375261442081,0.0023402949157078213,0.4230283585213104,0.4067775939485611
9267,0.16767473015866513,0.002322319869262316,0.4225843971202134,0.40741855285185924
9268,0.16749550766442195,0.002297397255560592,0.4220701098960191,0.4081369851839983
9269,0.16746640201722796,0.002232444106002343,0.42162886106810105,0.40867229280866874
9270,0.16743145213426194,0.002329786462335197,0.4216111007877851,0.4086276606156177
9271,0.1674681577274172,0.0023325891540174437,0.4215314200615793,0.4086678330569861
9272,0.16767057053189727,0.002296454873297572,0.42111668469773866,0.4089162898970665
9273,0.16738764827173647,0.002336392032982577,0.42127249426231916,0.40900346543296184
9274,0.1674697074891013,0.0023304472211099717,0.4207864562137461,0.4094133890760426
9275,0.16790719772757884,0.002305735494336642,0.4201556431811329,0.40963142359695165
9276,0.16779347847920995,0.0023020117122343822,0.4195458603383061,0.4103586494702496
9277,0.16808341986988315,0.0023164605528210123,0.42043589874382176,0.4091642208334741
9278,0.1683568789238465,0.002216877567054351,0.42023460797399326,0.4091916355351059
9279,0.16837071405292228,0.0021193262855208695,0.42027343292938857,0.4092365267321682
9280,0.1675931478765595,0.0021303276952646796,0.4205335751258472,0.40974294930232863
9281,0.16729683189745986,0.002164245635597668,0.4196657035772323,0.4108732188897101
9282,0.16730148193585087,0.002081522111996018,0.41990389442361103,0.410713101528542
9283,0.16679441702013698,0.0020381544007108975,0.42034124417389085,0.41082618440526125
9284,0.1670530690756644,0.0021113511363561963,0.4206619964478276,0.4101735833401519
9285,0.1669403792095129,0.0019695619007164,0.4206771821670167,0.41041287672275395
9286,0.16717816746518915,0.0019770827637487524,0.4208407413576946,0.4100040084133675
9287,0.16761177647345873,0.001890087491062802,0.42141424283796913,0.40908389319750926
9288,0.16726124494087088,0.0018635589441243889,0.42078836524854957,0.4100868308664552
9289,0.16775194468713267,0.0018361502026209742,0.41983363783433514,0.4105782672759113
9290,0.16796635294482942,0.0017623811810762616,0.41981060326268665,0.4104606626114077
9291,0.16766690976222984,0.0017346845903247262,0.4191021641402718,0.4114962415071736
9292,0.1681270684484416,0.0017276474803883419,0.4189830144092235,0.4111622696619467
9293,0.16808954519265462,0.0016695113609508962,0.41976932400926437,0.41047161943713
9294,0.16760485656799556,0.0017070412059860484,0.4194552325401535,0.411232869685865
9295,0.16805726348835423,0.0017445584293840672,0.4194826189354841,0.4107155591467775
9296,0.1688206845159731,0.0017556073523130819,0.4187017569235045,0.41072195120820937
9297,0.1688814983278946,0.0017519230199757763,0.4185909138688707,0.4107756647832589
9298,0.16871101487898982,0.0017722192651721924,0.41844528477679327,0.4110714810790447
9299,0.16912273554770124,0.0017279075252670522,0.4187085853526762,0.4104407715743556
9300,0.16929798612800143,0.0017053960347401774,0.41870071239291223,0.41029590544434624
9301,0.1696799431828244,0.0016875309020357825,0.4183809859679859,0.4102515399471538
9302,0.17007899708128352,0.0016491697424279208,0.4179885189450684,0.41028331423122016
9303,0.1702816730187201,0.0015875925691845795,0.41733064614588483,0.4108000882662105
9304,0.17009692466141796,0.001527282348305305,0.4179711027410188,0.41040469024925796
9305,0.1702503627313162,0.0014912569440896008,0.41770956240744017,0.41054881791715403
9306,0.16967903349332547,0.0014900398032585708,0.4181808870456704,0.4106500396577455
9307,0.16968952080901584,0.0014781628612198679,0.4185214559925436,0.41031086033722064
9308,0.169409418372383,0.0014396239749947604,0.418998739106242,0.4101522185463802
9309,0.16960437548275137,0.0013997699943238077,0.41917561995176306,0.4098202345711618
9310,0.1695058779584261,0.0014648275720702518,0.4196756037059304,0.4093536907635732
9311,0.1697876604448769,0.0014410955793551174,0.4196732112887684,0.4090980326869996
9312,0.16996729463704893,0.001385916657272783,0.42006060503470205,0.40858618367097643
9313,0.17013104797480208,0.0014484091668253278,0.4210551969542573,0.4073653459041152
9314,0.1701513184822167,0.0013995499057384941,0.42116144825564417,0.40728768335640064
9315,0.17058367730953083,0.0014298856892565929,0.41988020588896646,0.40810623111224603
9316,0.17054097720890932,0.0015152572467473345,0.4191291471629433,0.40881461838140015
9317,0.170824678330981,0.0015162698522554442,0.41938975183832056,0.4082692999784429
9318,0.17059167034027206,0.0016151529632923655,0.41965875377377887,0.4081344229226567
9319,0.1710158034566985,0.0014921401444687242,0.41872067400766994,0.4087713823911628
9320,0.17075628336215792,0.0014138548529041444,0.4192730342290779,0.4085568275558601
9321,0.1703551987918025,0.0014736030100188833,0.41911834796594505,0.4090528502322336
9322,0.1697920854196638,0.0014979179395649802,0.4189344047984712,0.4097755918423001
9323,0.16957790348238738,0.0015839616035028322,0.4177577912541846,0.4110803436599252
9324,0.1696094619538706,0.0015004779669878993,0.41696854571785663,0.41192151436128494
9325,0.1700033658499957,0.0014957943259139997,0.41628563655714734,0.41221520326694294
9326,0.1704810459858061,0.001446015159941564,0.41604037810388317,0.4120325607503691
9327,0.17057952996637094,0.0014676812983760918,0.4151209406062379,0.4128318481290151
9328,0.1706273476528205,0.0014264276050742898,0.4148979479647778,0.4130482767773273
9329,0.17030549819973884,0.001455442839024573,0.414931068215342,0.4133079907458946
9330,0.17062838034165778,0.0014493077830863355,0.4143109264539914,0.41361138542126447
9331,0.16985810402565987,0.0014043316998936374,0.41436482149595993,0.41437274277848657
9332,0.16973829553836667,0.0013715979965036157,0.4148172551940584,0.4140728512710713
9333,0.1699771629054252,0.0014294621101479947,0.41463679582329827,0.4139565791611287
9334,0.17034637330732744,0.0014656904928396879,0.41409701701304663,0.4140909191867862
9335,0.1698814104341484,0.0014182123958119811,0.41460040600582265,0.414099971164217
9336,0.16984465847767777,0.0014496190029737275,0.4138362952805884,0.41486942723876
9337,0.16988223595241733,0.0014523787181041656,0.4135737731987656,0.41509161213071294
9338,0.1694635532900452,0.0013761488613208252,0.41417666966743755,0.4149836281811964
9339,0.16905816441510998,0.0014283685369628689,0.41465648600788096,0.41485698104004615
9340,0.16845451575013942,0.0013896054185443527,0.4146019857810372,0.41555389305027896
9341,0.16886571212162954,0.0014077394448798962,0.41496631879045287,0.4147602296430377
9342,0.16862128509511426,0.0014653499034025502,0.41512093125576577,0.4147924337457174
9343,0.16834194968321248,0.0014666394206333268,0.41529997907663174,0.4148914318195224
9344,0.168194025022441,0.001411489434782079,0.41572409980062375,0.41467038574215315
9345,0.16804879898717703,0.0015127090792149906,0.4158130566335373,0.4146254353000707
9346,0.16795732443444364,0.0015020635871252955,0.415239765695868,0.4153008462825631
9347,0.1679498381683934,0.0015153409031274864,0.415341345087399,0.4151934758410801
9348,0.16820028609891274,0.0015992943864611866,0.4150846125209914,0.41511580699363454
9349,0.1683292818200771,0.0015283991503532018,0.41469613045866566,0.415446188570904
9350,0.16827300876138526,0.0014778348258078738,0.4151716349209106,0.4150775214918963
9351,0.16845502739844198,0.0014316485851434573,0.41542042214950803,0.41469290186690666
9352,0.16864147194306184,0.0013547815749387082,0.41463518878655703,0.41536855769544234
9353,0.1691099094392256,0.0013322140532018504,0.4143173818455986,0.415240494661974
9354,0.16930855475767775,0.0013456375956975811,0.4144152865198231,0.41493052112680157
9355,0.16930625761674775,0.0013371111575326223,0.41362726590603643,0.4157293653196832
9356,0.16914950679813595,0.0013157906990257685,0.41337989822150645,0.4161548042813318
9357,0.16887860866795065,0.0012568224162619619,0.41465029219359845,0.4152142767221891
9358,0.1685265391124157,0.001260668095059974,0.4158302613602264,0.414382531432298
9359,0.16901166033964754,0.0012926058943593163,0.4152660703652959,0.4144296634006973
9360,0.16922683749738449,0.0013383480321997147,0.4150310873290389,0.4144037271413768
9361,0.16959514954633023,0.001403732191239424,0.41543918252562173,0.41356193573680855
9362,0.1699689499187238,0.0013731346006746483,0.415128093813232,0.41352982166736957
9363,0.16931371785181248,0.001428180707344747,0.41589582496728433,0.41336227647355833
9364,0.16978050742073042,0.0014445448779611988,0.4156110300329664,0.413163917668342
9365,0.16980981449586102,0.0014128471652869808,0.41566200383915464,0.41311533449969734
9366,0.16966602311132345,0.0014581860408544995,0.41508559679424695,0.4137901940535751
9367,0.1696952260389876,0.0014289760289392238,0.4149374094909545,0.41393838844111863
9368,0.16969810261399446,0.0014418588512873215,0.415844807556028,0.4130152309786902
9369,0.16913509007590466,0.001460728418518713,0.41618622812174877,0.41321795338382794
9370,0.1697301500067161,0.001418828915733161,0.41557981552806106,0.4132712055494897
9371,0.16984428317163763,0.0014630977105176636,0.415047115499828,0.4136455036180168
9372,0.16963758315909194,0.0014512090052489917,0.4148923960904269,0.4140188117452322
9373,0.16989711566222204,0.0014738120866016919,0.4143745978530641,0.41425447439811214
9374,0.16993067917580623,0.0015156144238524616,0.4144792047666714,0.4140745016336699
9375,0.17002188225723808,0.001531427782641905,0.41426937419286586,0.41417731576725425
9376,0.17006534580217578,0.0015234653799763992,0.4139289916722375,0.41448219714561035
9377,0.1704733879338218,0.0015142313045748556,0.41364215101687163,0.4143702297447316
9378,0.17043086156186538,0.0016408523390365596,0.4140554338517375,0.4138728522473606
9379,0.170243535652819,0.0016569003040873657,0.41489854416274585,0.4132010198803478
9380,0.17070813005964586,0.0016940634429798373,0.41374896849648773,0.4138488380008865
9381,0.17105750605501532,0.0016347391698179642,0.41348196957123984,0.41382578520392677
9382,0.17144359257073405,0.0016233076241026934,0.41330025098414414,0.41363284882101903
9383,0.17151178309415188,0.0016069186827494177,0.4144108168960761,0.4124704813270226
9384,0.1714035601992005,0.001498513189062523,0.4151994404464568,0.4118984861652802
9385,0.17127221800873227,0.001582647674363457,0.41538609578265956,0.41175903853424456
9386,0.17168965845245188,0.0015463328466771818,0.4153319498893541,0.41143205881151673
9387,0.17145781107209426,0.0015254965804855425,0.4159208544379517,0.4110958379094686
9388,0.1716475557924321,0.0014648048616000588,0.4152326007700152,0.4116550385759526
9389,0.17220866806761684,0.001389703328719956,0.41479141476813436,0.41161021383552876
9390,0.17235306246849408,0.00141211895800276,0.4144436314069903,0.41179118716651286
9391,0.1719669685895859,0.0013578140912255813,0.4149078776376426,0.41176733968154594
9392,0.17201672528573442,0.001352591609200644,0.41426751781219745,0.41236316529286743
9393,0.17266286805818953,0.0012297118639264348,0.41475975782972335,0.4113476622481607
9394,0.17254726573117452,0.0012813680616536138,0.41560780993324603,0.4105635562739258
9395,0.17244035540534838,0.0012921397084323253,0.4150316929662804,0.41123581191993896
9396,0.1720558217966669,0.0012669784635565822,0.41543164373399166,0.4112455560057849
9397,0.1720672917060854,0.0012926484798982051,0.4160848126460806,0.4105552471679358
9398,0.17244091463347455,0.0013784613341138719,0.4163591422497162,0.40982148178269534
9399,0.17219518882267315,0.0013404284950730167,0.41617757224847607,0.41028681043377785
9400,0.17233532600681972,0.0013758605463443378,0.41651208566356723,0.4097767277832687
9401,0.17218547946916807,0.0013638597276396803,0.41629470624373016,0.410155954559462
9402,0.172671651172246,0.0013168976671890504,0.41624155741600344,0.4097698937445616
9403,0.1730806814913113,0.0013601926234231075,0.4164431934126311,0.4091159324726344
9404,0.17307123965798177,0.001364008541775243,0.4161795992907226,0.40938515250952034
9405,0.1721391966803072,0.0013821843072070218,0.4168244560644908,0.409654162947995
9406,0.17187295798696084,0.0013534497756138156,0.4178691744351147,0.4089044178023108
9407,0.17207397384098777,0.001392923284614022,0.4181017475232891,0.4084313553511091
9408,0.17246942708692456,0.0014646617612403046,0.41834670680248554,0.4077192043493496
9409,0.1720450051313162,0.001465383963882629,0.41724635421890177,0.4092432566858994
9410,0.17138239327232854,0.0014450488953100728,0.4186357470143943,0.40853681081796706
9411,0.17188620824793938,0.0014894058649788824,0.4184291104945722,0.4081952753925095
9412,0.17143605409740575,0.0014907774196192022,0.41806848996116874,0.4090046785218062
9413,0.1715151657770526,0.0014371788644746274,0.4175801131179594,0.40946754224051346
9414,0.17181644242757038,0.0014525584001523532,0.4170294561425731,0.40970154302970413
9415,0.1715889474886037,0.0014699509638510702,0.41807504214361313,0.40886605940393206
9416,0.17195407554073458,0.0015159554198199948,0.418080182683076,0.4084497863563695
9417,0.1714460426961087,0.0014858370467163756,0.4190211091391765,0.40804701111799846
9418,0.17148797336886312,0.0015573087272574323,0.4190143900969673,0.40794032780691214
9419,0.1716987464368386,0.0015903473058686238,0.41845808464794165,0.4082528216093511
9420,0.17144201632975228,0.0016046850317533675,0.4194558631710324,0.407497435467462
9421,0.17161508930096744,0.0015602958248414223,0.42011389616208705,0.40671071871210396
9422,0.17140698103830906,0.0015611165551759807,0.42070011982972694,0.40633178257678815
9423,0.17149400260018832,0.0015576780776553052,0.42006541913835155,0.40688290018380496
9424,0.17108278111726039,0.001649308074511473,0.4200663332438948,0.4072015775643333
9425,0.17122597182481267,0.0017359190732784788,0.4203318168624799,0.4067062922394289
9426,0.17142142592108545,0.0017806731870888652,0.4210171801315804,0.4057807207602453
9427,0.17189184524827086,0.0017648282008274664,0.42031049163552625,0.4060328349153755
9428,0.17169972567242658,0.0018010248948570646,0.4198118721003191,0.40668737733239724
9429,0.1716121423210711,0.001796592278498721,0.42046420649514216,0.406127058905288
9430,0.1715124796565793,0.0018560239512177962,0.42062229284121405,0.40600920355098874
9431,0.17196276468157345,0.0018868586645998202,0.4204320157667437,0.405718360887083
9432,0.17149228394888946,0.001898224851823538,0.42113603712497116,0.40547345407431584
9433,0.17072429618053603,0.0018553460711801077,0.4207086432774356,0.4067117144708483
9434,0.1707937753669801,0.001771937503029433,0.4207850147707338,0.4066492723592566
9435,0.17092535420563387,0.0017892006962142604,0.4205433129901862,0.4067421321079657
9436,0.17087714187666897,0.0018392692475034645,0.4200591361031304,0.4072244527726972
9437,0.1711764925707659,0.0018922397403789847,0.4204309314162081,0.40650033627264703
9438,0.17138726222913125,0.0019471096170279225,0.41942921333772293,0.4072364148161179
9439,0.17132876660043664,0.001933699011499512,0.41916104755398614,0.40757648683407766
9440,0.17077361264064153,0.0020182882398979756,0.4195198067914153,0.40768829232804527
9441,0.17082724050857298,0.002021269296463637,0.41998575668867033,0.4071657335062929
9442,0.17132280490969068,0.0020500988427516655,0.41971542636629655,0.40691166988126104
9443,0.17167691683898884,0.001964388831504859,0.41956511873836827,0.40679357559113793
9444,0.17209170550703018,0.001999357548893522,0.41912737093504215,0.4067815660090341
9445,0.17241857497635593,0.00203941569830475,0.4190816052976313,0.40646040402770794
9446,0.17194795835000815,0.0020394923167803363,0.4196760052694041,0.4063365440638075
9447,0.17203721771353747,0.002084912692993143,0.41936275015941205,0.4065151194340574
9448,0.1726580153361062,0.002081621024167719,0.4190651362094052,0.4061952274303208
9449,0.17268913127962637,0.0020537406819049345,0.41951316437761593,0.40574396366085264
9450,0.17255761863935898,0.002112128309444238,0.4197486196152725,0.40558163343592424
9451,0.17249372756390277,0.0020969429132611512,0.4194731760166345,0.4059361535062015
9452,0.1727229724207412,0.0020305640708391296,0.41973227493291415,0.4055141885755055
9453,0.1724098681191746,0.0019993893815355495,0.4199535250029678,0.40563721749632203
9454,0.17237786929098348,0.001953619969906919,0.4201560125227375,0.40551249821637214
9455,0.17274807634828043,0.0019696959873770872,0.4203800797622496,0.40490214790209283
9456,0.17270847382150972,0.0019292503340022054,0.4205541921127091,0.404808083731779
9457,0.1726675725347422,0.0019278961089653531,0.42109268309860565,0.4043118482576868
9458,0.17264333022069386,0.0019699375038205297,0.4215688800708198,0.40381785220466576
9459,0.17245192429160427,0.002003677105934627,0.4219320720702776,0.4036123265321835
9460,0.1724408456893137,0.0020343883625652598,0.42234511879972086,0.4031796471484001
9461,0.1730009442960765,0.002024580171562725,0.42214769528526014,0.40282678024710067
9462,0.1721076326559293,0.0020735477773523394,0.42247926872040703,0.4033395508463113
9463,0.17221605947941337,0.0020068379078445986,0.4226186693732551,0.40315843323948697
9464,0.17225971921245287,0.002028978655342673,0.4220845364222977,0.40362676570990674
9465,0.17217262841150852,0.002003782836352855,0.42201398183785327,0.40380960691428547
9466,0.17262109085811064,0.002029089112648471,0.4213240643400152,0.4040257556892256
9467,0.172705661196342,0.0021000259976798894,0.4209895233127982,0.4042047894931799
9468,0.17315171360808343,0.002005250565212674,0.42024918851724624,0.40459384730945763
9469,0.1731244881798501,0.002005229717647144,0.42046116109658643,0.40440912100591636
9470,0.17258463694658763,0.0019621689678423356,0.4204805189897667,0.4049726750958034
9471,0.17289100867190338,0.001999388496916115,0.4204716192750192,0.40463798355616126
9472,0.1727215338583154,0.0019221462362392304,0.4206595400795791,0.40469677982586616
9473,0.1727601763795315,0.0019505885477523704,0.41979347304416653,0.40549576202854964
9474,0.17244000681458233,0.0019066708624842729,0.41937778379281737,0.4062755385301161
9475,0.17248551017736527,0.0019276657554306367,0.41908435781610337,0.40650246625110065
9476,0.17216281355347698,0.0018756625920651343,0.4187388666304429,0.407222657224015
9477,0.17190330916259874,0.0018682704327823443,0.41952578406888286,0.40670263633573606
9478,0.17196862307679545,0.0019790371987359607,0.4197381546562725,0.4063141850681961
9479,0.17241671109097878,0.0020234768975468643,0.41934392794933517,0.40621588406213915
9480,0.17202254360930888,0.0020082735594664477,0.41965430189656505,0.4063148809346596
9481,0.171975444501498,0.0020257615129062843,0.4197080939777937,0.40629070000780204
9482,0.17202350385222703,0.0020081864837719963,0.41967826703197,0.40629004263203095
9483,0.17187968543443236,0.002028536951838646,0.4194623165561981,0.40662946105753084
9484,0.1721298642712689,0.001971686469799598,0.4192789147964026,0.4066195344625291
9485,0.17197080428522354,0.002055456658537935,0.4183847098023496,0.407589029253889
9486,0.1728142277748764,0.002062048609963046,0.4175748718516032,0.4075488517635574
9487,0.17263690879521792,0.0020079879716684104,0.41805876515778684,0.40729633807532684
9488,0.17241327170769777,0.001994008560467563,0.4182752548579477,0.407317464873887
9489,0.1728715803647151,0.0019408963282837393,0.41847128008705947,0.40671624321994165
9490,0.17271603190329848,0.001884167124870406,0.41809660977036234,0.4073031912014688
9491,0.17287481546446676,0.0018902136060369972,0.4182225926853926,0.40701237824410363
9492,0.17272950676958565,0.0018687604077342029,0.41771457219471475,0.4076871606279654
9493,0.17271814242780326,0.0020320656330466693,0.41718001776559727,0.4080697741735528
9494,0.17297241353963166,0.0021112274078737944,0.41726671428482076,0.40764964476767374
9495,0.17321129786647393,0.0020653028215124165,0.41767790042795144,0.40704549888406216
9496,0.17298605073529755,0.002083430202354504,0.41779960159719415,0.4071309174651538
9497,0.1732810182164834,0.0020245854959203367,0.4166020385803376,0.40809235770725866
9498,0.17354228004851754,0.002005599330538996,0.41662511951440406,0.4078270011065393
9499,0.17361214475563247,0.0019757514208551506,0.41628586330145617,0.40812624052205626
9500,0.17343122211692996,0.0019904987481922285,0.4165439867511436,0.4080342923837342
9501,0.17322195134392881,0.0019338742747439421,0.41620316925594947,0.4086410051253778
9502,0.1732321201295649,0.001864924849489754,0.41691374992251096,0.4079892050984345
9503,0.17340634735140342,0.0018398745924054689,0.4167234836708791,0.40803029438531196
9504,0.17376375279984727,0.0018908673892982578,0.41624092429909637,0.40810445551175806
9505,0.1740460137137217,0.0018882162701363541,0.415493043184256,0.40857272683188606
9506,0.17443954468996237,0.0018584295509274824,0.4148749675909341,0.408827058168176
9507,0.17443237690535826,0.001834926100364406,0.41516037270840433,0.40857232428587303
9508,0.17447233589117167,0.001851918160080171,0.41533188065519483,0.40834386529355343
9509,0.17466581238310136,0.0018065324155233438,0.41538877514855416,0.4081388800528213
9510,0.17447605312044284,0.0018397671840575628,0.415036428459066,0.40864775123643354
9511,0.1742668479204842,0.0018090575694063456,0.41548980508929023,0.4084342894208192
9512,0.1743679408770027,0.0017714202821740605,0.415470887278373,0.40838975156245017
9513,0.17457032952111698,0.0017203038354440272,0.4158612359283357,0.4078481307151033
9514,0.17486311554274014,0.0017572511598875104,0.41559227059207837,0.407787362705294
9515,0.17485688535580257,0.0017915207097276582,0.4156237082281722,0.4077278857062976
9516,0.17495241296132363,0.0018194104906788882,0.41524588981286287,0.40798228673513454
9517,0.17506897372882596,0.0018873157171951152,0.4161971399146071,0.40684657063937174
9518,0.1750549156975644,0.0018833118930759469,0.4157131550987404,0.40734861731061933
9519,0.1748629558344056,0.001879955636219158,0.4147758667702662,0.4084812217591091
9520,0.17517060064959075,0.0018749495811129688,0.41419985384532565,0.4087545959239707
9521,0.17508245507755144,0.0019448330087541376,0.414749847038688,0.4082228648750065
9522,0.1745558350076403,0.0018865599240970247,0.4154430823653204,0.40811452270294224
9523,0.17443849876910417,0.001873390258474326,0.4158402859126791,0.4078478250597423
9524,0.17395485401301508,0.0019175425398228272,0.41632803053130496,0.40779957291585694
9525,0.1738195756796848,0.00191483883852424,0.4163667654444242,0.40789882003736677
9526,0.17414420199564082,0.0018866459320342976,0.4158869114566547,0.4080822406156702
9527,0.17433932260370527,0.0018550137098538653,0.41628251356308865,0.40752315012335216
9528,0.1747548677525979,0.0019647105628587103,0.41576701164261787,0.40751341004192554
9529,0.17517920216203628,0.0019583124088591204,0.4159416926888192,0.4069207927402855
9530,0.175187687419287,0.002047262946541286,0.4159388816149866,0.4068261680191851
9531,0.17539915703057646,0.002045981532900628,0.41448201029010895,0.408072851146414
9532,0.17551367368663082,0.002108646650975291,0.41458964285212563,0.4077880368102682
9533,0.17548005759249447,0.002103938643188562,0.41503112707357454,0.40738487669074247
9534,0.1749614508674988,0.002205416247703452,0.41457972611082283,0.408253406773975
9535,0.17445039250502586,0.0022260014854186883,0.41581002904545417,0.4075135769641013
9536,0.17539679042981166,0.0022219314161207255,0.4158370419774606,0.40654423617660695
9537,0.17539240389030802,0.0022530135665137898,0.4155096456931937,0.4068449368499845
9538,0.1747891901468518,0.002219242133997752,0.41518219278418905,0.40780937493496144
9539,0.1746886663545701,0.0021443678177463267,0.4160940039153657,0.4070729619123178
9540,0.17485687704556335,0.002244746996888624,0.41601504807472994,0.40688332788281817
9541,0.1748355397214116,0.0022935956984578175,0.4157125654548149,0.4071582991253157
9542,0.175228637040929,0.002348517347499127,0.4156814355910143,0.40674141002055764
9543,0.17563184622285438,0.002346136806342654,0.41567725098178077,0.40634476598902225
9544,0.17575710661698782,0.0023724262872324856,0.4149263618069824,0.4069441052887973
9545,0.17549636750745173,0.0023751405246531074,0.41498340132782596,0.4071450906400692
9546,0.17555175942214152,0.0023834908855006735,0.415103049520998,0.40696170017135974
9547,0.17587384501173947,0.0023455079817750408,0.41557743539100456,0.4062032116154809
9548,0.1764227909331662,0.002381957607752542,0.4159492756170783,0.40524597584200295
9549,0.17696054556415436,0.0023571438449669947,0.41576370661267104,0.4049186039782076
9550,0.17729284257076686,0.0023138489844734223,0.41605407359786345,0.40433923484689627
9551,0.1775733454572345,0.0023327357594418764,0.41599392281510505,0.40409999596821866
9552,0.17726977831767038,0.002273961639885308,0.41649905235840484,0.4039572076840394
9553,0.17724298394625645,0.0022384331103072067,0.4163063617107934,0.40421222123264283
9554,0.17735301580849033,0.002268069003451832,0.4164262405518316,0.4039526746362263
9555,0.17725843054786233,0.0023213218406322456,0.4167052414512229,0.40371500616028244
9556,0.17720786142662454,0.00238028018972964,0.41739921025625926,0.40301264812738663
9557,0.1770157453737214,0.0023797701762788186,0.41683430384209846,0.40377018060790126
9558,0.1773516895082015,0.002397834744744026,0.41675277106065317,0.4034977046864013
9559,0.17702333786633684,0.002352916458582905,0.41649747975933177,0.40412626591574846
9560,0.17684681143312278,0.002368687670991755,0.4168531214772687,0.40393137941861673
9561,0.17643541024959525,0.002342948924423845,0.417639171871978,0.40358246895400274
9562,0.17681229163598716,0.0023156059082615503,0.41754941520125854,0.4033226872544928
9563,0.17670732373600895,0.0023332426344250317,0.41763466387574366,0.40332476975382237
9564,0.17694308866738734,0.0023417009139775763,0.41748010530999774,0.40323510510863725
9565,0.1770308953768524,0.0024018836495718738,0.4175997707881449,0.40296745018543084
9566,0.17738813221410035,0.00238949688630946,0.41734618152581504,0.40287618937377506
9567,0.1773218663039469,0.0023530439166559703,0.41788389085231764,0.4024411989270796
9568,0.17655132851985772,0.00232946138936853,0.41831476533657036,0.4028044447542033
9569,0.1761194259192131,0.00226978105288731,0.41832089300047803,0.40328990002742165
9570,0.17632731855525557,0.0022916476074196935,0.41934185866041834,0.4020391751769064
9571,0.17636902970671467,0.002298818510640195,0.4189121882396221,0.40241996354302295
9572,0.17640792170019307,0.002320018141480144,0.4187852144725559,0.40248684568577087
9573,0.17621594962200726,0.0023044709706656857,0.41908967687236415,0.402389902534963
9574,0.17618823664304423,0.0022054205201640685,0.4190132418759955,0.40259310096079615
9575,0.1762584482957035,0.002247934903148843,0.4189432924641646,0.4025503243369831
9576,0.17638424959030727,0.002265433379079803,0.4194948328876503,0.40185548414296257
9577,0.17628843118699122,0.0022675917424640887,0.41995509920028384,0.4014888778702609
9578,0.17579935551061543,0.002300738859765739,0.42030729525744714,0.4015926103721716
9579,0.17603592451828926,0.002309231693293015,0.4201778083315636,0.4014770354568541
9580,0.17516279421676478,0.0024630338850394648,0.42007154740975733,0.40230262448843834
9581,0.17484496943957928,0.002476364619661169,0.4203257793011835,0.40235288663957613
9582,0.17474880566876289,0.0024620423771383277,0.41993795916755927,0.4028511927865395
9583,0.17487387775051286,0.002399729855807685,0.42065412123135887,0.4020722711623206
9584,0.17511230635698305,0.0023418546029867903,0.42099224153098136,0.40155359750904873
9585,0.17546355604817307,0.002248750364577864,0.42063103182463496,0.40165666176261416
9586,0.1754538574262981,0.002281186468514397,0.4191295909045431,0.40313536520064436
9587,0.17580793217011906,0.002282894024100466,0.4186885907433999,0.40322058306238057
9588,0.17575925589554783,0.002257415772438453,0.418522499134456,0.40346082919755766
9589,0.17569946343331871,0.002287027844921518,0.41854392916161354,0.40346957956014623
9590,0.1755855222453545,0.002390725008167254,0.41862781385054076,0.40339593889593744
9591,0.1758333120200674,0.0023522214587190097,0.4187156903241503,0.4030987761970632
9592,0.1755368932186064,0.0023821405073908967,0.41937147365007377,0.4027094926239288
9593,0.1753576732415425,0.002452727144663383,0.41945653915284586,0.40273306046094814
9594,0.1754494722471954,0.0023977809209284407,0.41943823966640637,0.4027145071654698
9595,0.17526014295358155,0.0023325533397005617,0.41941805826051626,0.4029892454462017
9596,0.17493814505599978,0.002404100021278604,0.4192025966699415,0.40345515825278006
9597,0.17522690727197146,0.002378547030399211,0.41884868541631287,0.40354586028131634
9598,0.1749641429826138,0.002419734450834988,0.4186833300946324,0.40393279247191877
9599,0.17500388037990444,0.002481928321334292,0.41928848636457616,0.4032257049341851
9600,0.17537490724506885,0.0024575130378523013,0.41918032326967725,0.4029872564474017
9601,0.17534690364308572,0.002458572545895882,0.4188187226007719,0.40337580121024647
9602,0.17584147213031512,0.0024869957609663053,0.419245081051545,0.4024264510571737
9603,0.17500480426003454,0.0025184219465123033,0.41942183317461623,0.4030549406188369
9604,0.17519396208276886,0.0025223955062417614,0.4193921531188233,0.40289148929216595
9605,0.1753335471489797,0.0024521818526403267,0.4193951874518927,0.40281908354648727
9606,0.17520495088354618,0.0026049206415443447,0.41958510812423633,0.40260502035067314
9607,0.17511024037349462,0.002545307633410873,0.41988023709265165,0.40246421490044276
9608,0.1750837959375411,0.002638545515961588,0.4202887083796304,0.40198895016686703
9609,0.17450799010263643,0.0027853541925195622,0.42090758153701924,0.4017990741678247
9610,0.1743810342178862,0.0027877580085980498,0.42132125712650026,0.4015099506470154
9611,0.17495039040418991,0.0028655877312559223,0.42123892209958935,0.40094509976496473
9612,0.17538017234452083,0.002847351609892791,0.4204305569531739,0.4013419190924125
9613,0.17494865609244528,0.0028591089363824724,0.41983202560889293,0.40236020936227934
9614,0.17499812673180778,0.0028432883170202237,0.4200710449471134,0.40208754000405855
9615,0.1753233967094185,0.0027396713702286597,0.41984389218411666,0.4020930397362362
9616,0.1754166580897054,0.0026937413023996938,0.4194749458947995,0.4024146547130954
9617,0.17548372817989435,0.00264809917570924,0.4190973130952459,0.4027708595491505
9618,0.17569682533384806,0.0025614401741555874,0.41870422718351374,0.40303750730848265
9619,0.17579095747270007,0.002611687550238098,0.4186526340529598,0.40294472092410205
9620,0.1759130456027199,0.0025442804589160426,0.41892620233939065,0.4026164715989734
9621,0.1757887481450874,0.0026057114594945597,0.4187457554017839,0.40285978499363423
9622,0.17600495752306516,0.0026259533134388225,0.41888227228142405,0.4024868168820719
9623,0.17611248641458757,0.00267480043687006,0.4195479266174629,0.4016647865310795
9624,0.1756409308275207,0.0026849127502437016,0.4198277092950396,0.4018464471271961
9625,0.17555654939967377,0.0026680098621913026,0.42030666160698604,0.40146877913114887
9626,0.17528227045684425,0.0026527438423278207,0.41992192746827933,0.4021430582325487
9627,0.17526795276735083,0.002552833855281365,0.41978892626689196,0.40239028711047586
9628,0.17514791651430897,0.002664798902700911,0.4199081820860133,0.40227910249697685
9629,0.17472032588643685,0.0027325427481969984,0.4197273708050745,0.40281976056029156
9630,0.1743841578223984,0.002783774994782015,0.41951846938110177,0.4033135978017178
9631,0.1749632516487675,0.0026764425199637893,0.4188873481703085,0.40347295766096014
9632,0.17512199607524115,0.0026281223881686067,0.4186524268199677,0.40359745471662256
9633,0.17482922112351823,0.0026317431603845483,0.4179327728109268,0.40460626290517043
9634,0.17437001615251926,0.002766124205412899,0.4181347255905906,0.40472913405147726
9635,0.17464743103425315,0.002743628977334985,0.4179397475155797,0.40466919247283206
9636,0.1743982201293333,0.0026735274957446825,0.41798164919287917,0.4049466031820428
9637,0.17411738491908105,0.002708091770521692,0.4190773411277916,0.40409718218260576
9638,0.17468703946107478,0.00269661517708162,0.41861640198214156,0.40399994337970213
9639,0.17483535986896961,0.0027134818275172034,0.41881633774219357,0.4036348205613195
9640,0.1751536351517605,0.0027566943740558562,0.41807590995149074,0.4040137605226929
9641,0.17515369738646194,0.0027609629564569528,0.41816804373766575,0.40391729591941533
9642,0.17504828112588355,0.00263623826851339,0.4186650293813655,0.40365045122423754
9643,0.17518952275398494,0.002688304849205428,0.4185192035182874,0.4036029688785222
9644,0.17526499497853076,0.0025911199115305405,0.41877262342211596,0.4033712616878228
9645,0.17514424541837073,0.0026367015559176127,0.4191469230108259,0.4030721300148857
9646,0.17399841468002414,0.0026609030453815133,0.4200500688796615,0.4032906133949329
9647,0.17400536040666265,0.0026168620299056337,0.420239955001158,0.40313782256227365
9648,0.17422343950415436,0.0027363908586107146,0.4197125265293554,0.4033276431078795
9649,0.17423055527497786,0.0027725099994223225,0.4185942887866137,0.40440264593898617
9650,0.17384411209720327,0.0028504360153972586,0.4189055627483766,0.40439988913902286
9651,0.17336788748578644,0.0028666055657333993,0.41926921074492024,0.40449629620355987
9652,0.17298533523515922,0.0029615057400294784,0.4194513338334539,0.40460182519135746
9653,0.1732862799102119,0.0029938210381398257,0.4200549157453386,0.40366498330630973
9654,0.17326175448780043,0.0030201074116296706,0.4193863742475913,0.40433176385297853
9655,0.17321728188924804,0.003092789069893944,0.41895118421107913,0.40473874482977895
9656,0.17381835985723226,0.0031302461759618394,0.4191352814388596,0.40391611252794635
9657,0.17382600427313172,0.003121447494763004,0.419853472395009,0.4031990758370963
9658,0.17421972123267532,0.0031031494790413464,0.4192642899753,0.4034128393129833
9659,0.1745021188388082,0.0030358398487078746,0.4192057109475889,0.4032563303648951
9660,0.17431232175229114,0.0030539713179743794,0.4182490467733107,0.4043846601564239
9661,0.17430227963429096,0.0030901777823422335,0.418777210198834,0.4038303323845328
9662,0.17375026691160003,0.0031092395052637603,0.4181932032788147,0.4049472903043217
9663,0.17404280049401066,0.0030854408194093776,0.41846446607234683,0.4044072926142331
9664,0.17341997752527577,0.003134923340600765,0.418155668650981,0.40528943048314237
9665,0.1736055997703104,0.0031011641067548506,0.4178751658616292,0.40541807026130544
9666,0.1736323594064442,0.003127552167336426,0.4176387992229612,0.4056012892032581
9667,0.17418917651514,0.0031601985162895544,0.41675081971730654,0.40589980525126385
9668,0.17433923796584372,0.003217454506766171,0.4165148088694558,0.40592849865793423
9669,0.17489485675609237,0.0032703747462708302,0.4164023167554151,0.40543245174222164
9670,0.17491412925494937,0.0032865708898254624,0.4167924097215968,0.40500689013362845
9671,0.1748714118947849,0.0032710404151284865,0.41646318946751987,0.4053943582225667
9672,0.17513010427269932,0.003168269705847835,0.4160940455497128,0.4056075804717401
9673,0.17486713239058582,0.0031187139772744475,0.4161407330858037,0.405873420546336
9674,0.17476122533173788,0.0031913424698951373,0.415314867609887,0.40673256458848
9675,0.17464385988504533,0.0032068301278958813,0.4156116904415831,0.4065376195454756
9676,0.17471263287524386,0.0031742663723173235,0.4155336934134829,0.40657940733895587
9677,0.17443406913618403,0.0032880536921908845,0.4167801773569666,0.4054976998146585
9678,0.17440286317612233,0.0033423651642591513,0.41706790240073177,0.4051868692588868
9679,0.17411831973059763,0.0033452412422909695,0.4170981240140441,0.4054383150130674
9680,0.17385607004463682,0.003311306145139072,0.4173279908878912,0.40550463292233296
9681,0.17467730961845812,0.003375785186255266,0.41687186914803087,0.40507503604725564
9682,0.17439341013120865,0.00348678109331986,0.41695916857903514,0.4051606401964364
9683,0.17444611297549856,0.0034465229205325556,0.4167603348897361,0.4053470292142327
9684,0.17487074590733234,0.003511881154067549,0.41649486128326973,0.4051225116553304
9685,0.17508628232958512,0.0034996496654038714,0.41636533457670594,0.40504873342830494
9686,0.17529732268669332,0.003491807336845316,0.4156514340300995,0.4055594359463619
9687,0.1752934327228978,0.0034914224654852533,0.41516295745694604,0.40605218735467086
9688,0.1758172095174527,0.0034952549371113995,0.41416934068756034,0.4065181948578756
9689,0.17593012200329966,0.0034908828413630667,0.41309944036128493,0.4074795547940523
9690,0.17697308046125598,0.0035198400284858974,0.4121482769618449,0.4073588025484132
9691,0.17641017576096996,0.0034664178854857176,0.4123651079314021,0.40775829842214223
9692,0.1765039436907023,0.003429284924888784,0.41253529776723347,0.40753147361717545
9693,0.17671600081193817,0.0034360200360156502,0.41288991334569836,0.40695806580634786
9694,0.1771249388614266,0.003373495065207251,0.4116547577443079,0.40784680832905823
9695,0.17686785524006868,0.0034295150782568283,0.41207849191130536,0.4076241377703692
9696,0.1768453873767696,0.003401780685554523,0.4119280566660083,0.4078247752716676
9697,0.176566456073901,0.003445338216787859,0.4127184694831364,0.40726973622617474
9698,0.17664540022991,0.003512693893408357,0.412695881745684,0.40714602413099765
9699,0.17679839184600638,0.0035802763674084763,0.4128474331684693,0.40677389861811586
9700,0.17688949619033317,0.0035402187535770596,0.4130977994604077,0.4064724855956821
9701,0.17723619496559473,0.0035775763043395213,0.4139312008103567,0.405255027919709
9702,0.17710819512216167,0.0036880871102515263,0.41323164926775774,0.40597206849982903
9703,0.17648034507661006,0.0037594294215302975,0.4136027393430416,0.4061574861588181
9704,0.17649621409604319,0.00378062942631806,0.41319143047054235,0.4065317260070963
9705,0.1767211713784266,0.003780340255225699,0.4122755546971638,0.4072229336691839
9706,0.17671730474342573,0.0037405216270078568,0.4125267461154737,0.40701542751409264
9707,0.17675371595846087,0.0037248757972825177,0.41249631358090044,0.40702509466335624
9708,0.17700762584708038,0.003757351648004189,0.4118681904872032,0.40736683201771207
9709,0.17653304858408947,0.0037218071095666758,0.41165824880733615,0.4080868954990077
9710,0.17631236724137805,0.003873654916104968,0.41125613790376025,0.40855783993875666
9711,0.17612429745294564,0.0038408256456504567,0.41203104129610246,0.40800383560530146
9712,0.17571272682073508,0.0038033939199528743,0.412887873199751,0.40759600605956103
9713,0.17501338927072702,0.0039053744533289183,0.4126678760210159,0.4084133602549283
9714,0.17546988587865758,0.003918366647127523,0.4115296251735413,0.40908212230067365
9715,0.17588094610947508,0.003979933995028676,0.4110393195648868,0.4090998003306095
9716,0.17557990696219755,0.004065051159076832,0.4119192122616755,0.40843582961705016
9717,0.17577440114367957,0.004090024263725464,0.4120303591589014,0.40810521543369366
9718,0.1761457052260597,0.004199221975676632,0.4113118756426277,0.408343197155636
9719,0.1756694220545295,0.004053837702177183,0.4115312865088299,0.4087454537344633
9720,0.17558422471326157,0.004023854428014945,0.4119200190943023,0.4084719017644212
9721,0.1756195938868763,0.004012942074153604,0.41133242528511627,0.40903503875385383
9722,0.17608996954627054,0.004087823400906985,0.4106817194102844,0.409140487642538
9723,0.1763349542452701,0.00406698006636137,0.4109600476351395,0.40863801805322897
9724,0.1768706742788982,0.004207754313870951,0.41043290255806236,0.4084886688491684
9725,0.17686277657125932,0.0042559181281922286,0.4104414280138574,0.408439877286691
9726,0.17716814442116244,0.004187646716171346,0.41054929712184907,0.4080949117408171
9727,0.17711405573327837,0.004181190063703702,0.4111575421975564,0.40754721200546157
9728,0.17759693619616562,0.004166928744994603,0.41132273032756766,0.4069134047312721
9729,0.17752055734066535,0.004122219105526255,0.41215288026837105,0.4062043432854375
9730,0.17780499008717263,0.004138712596213766,0.412527287986092,0.40552900933052155
9731,0.17805470700508155,0.0040944519830512244,0.41228784584497824,0.40556299516688893
9732,0.17775905295906078,0.004120770694789071,0.41319097690732864,0.40492919943882155
9733,0.17791262639153105,0.004073044039522071,0.4121101509365773,0.4059041786323695
9734,0.1781608092295114,0.003986179371697241,0.4119054769426997,0.40594753445609155
9735,0.17874166830652233,0.003976077392104824,0.41139511260559514,0.40588714169577755
9736,0.1787381583694621,0.004004390708249027,0.41151711187421736,0.40574033904807144
9737,0.17898723002253597,0.004002174498742151,0.4119149977870674,0.40509559769165443
9738,0.1790921711750932,0.003869624301526891,0.41176994111371057,0.4052682634096693
9739,0.1788882136257695,0.0038523481108843917,0.41204208410774806,0.405217354155598
9740,0.1790171885837789,0.003822490586654361,0.4109233491139063,0.40623697171566037
9741,0.1783246140444204,0.003759869723129153,0.4110672651709238,0.4068482510615266
9742,0.17805031170952304,0.003770491053653351,0.4106565640794419,0.4075226331573817
9743,0.17784187335091867,0.003861645166257524,0.4107999507747041,0.40749653070811964
9744,0.17839644125401422,0.0038306252485464007,0.4101188236362593,0.40765410986118
9745,0.17881348219627888,0.003790398954827293,0.410446896801135,0.40694922204775885
9746,0.17852836884237283,0.0038021765879778188,0.41109407838088396,0.4065753761887653
9747,0.1788410810440959,0.003875615582325998,0.41137136603077884,0.40591193734279923
9748,0.17903827212517193,0.0038379542778457336,0.4118916718808812,0.40523210171610113
9749,0.17911053336394836,0.0037635216288754566,0.4121015231232281,0.4050244218839481
9750,0.1796096068118273,0.0038875628457350022,0.4108271766301931,0.4056756537122446
9751,0.1795132865558045,0.003874319198889021,0.4102082451572186,0.40640414908808786
9752,0.1786319524647763,0.003866333221467128,0.41060021916962164,0.406901495144135
9753,0.1788982796356464,0.0038634593454050375,0.4100179457243911,0.40722031529455743
9754,0.17914699139017856,0.0037859998319809767,0.4100669023890102,0.4070001063888301
9755,0.17902395535814036,0.003789748918183821,0.4095830159388737,0.40760327978480204
9756,0.1792026336009646,0.0038140769933000867,0.41023327918124597,0.40675001022448926
9757,0.1790104653818495,0.0037678400532173096,0.4102986703958317,0.4069230241691015
9758,0.17902261853299412,0.003724436121780176,0.40972134222343104,0.4075316031217947
9759,0.17909852614776398,0.003716893304553474,0.40942451992143825,0.4077600606262443
9760,0.1796207862857088,0.0037569184578915755,0.4098985611058602,0.4067237341505394
9761,0.17995861403715377,0.0036132109208751777,0.40913409949828433,0.4072940755436867
9762,0.17968335348658954,0.0035418678428841563,0.4089737941731092,0.40780098449741714
9763,0.179852782742846,0.003557822340997318,0.409398884641481,0.4071905102746757
9764,0.1800156698020027,0.0035831797553500092,0.40884585977405885,0.4075552906685885
9765,0.17933338595643475,0.0035788129408813483,0.40857647258665886,0.40851132851602506
9766,0.17930672242656073,0.0036073059384124965,0.40831861238462414,0.40876735925040275
9767,0.17941330681094297,0.0037431365107561164,0.4083682052387251,0.4084753514395759
9768,0.17936755724182338,0.0036899115813471455,0.40847374435549877,0.4084687868213308
9769,0.17927958947254677,0.003629996790615661,0.4088261596666015,0.40826425407023603
9770,0.17930479130198404,0.003679669912998434,0.40852905828125446,0.4084864805037632
9771,0.17928421341886042,0.003649481195758778,0.409231177297969,0.4078351280874119
9772,0.17925242802766825,0.003584229436546394,0.4102599168747753,0.40690342566100995
9773,0.1792669029503957,0.0036642964925375026,0.40966513643405167,0.4074036641230151
9774,0.17893221043048899,0.0036183108804093574,0.4100623939604219,0.4073870847286797
9775,0.17928800030362263,0.00359208855460139,0.4107115405619811,0.40640837057979484
9776,0.17936074524139858,0.0036360658063506702,0.4101966927383304,0.40680649621392034
9777,0.17936608352792532,0.0036648407578443606,0.4115880000981254,0.40538107561610487
9778,0.17953154153660225,0.0036402203713424056,0.4110393390567458,0.4057888990353097
9779,0.17969061955604193,0.0036004541690003314,0.41126404026787267,0.40544488600708506
9780,0.17943801806281945,0.0035905751349780135,0.41119116552862706,0.40578024127357554
9781,0.17880904703037973,0.003475865072140648,0.4123855676828877,0.4053295202145919
9782,0.17874070411544654,0.0034586102294692734,0.41226664703107263,0.40553403862401166
9783,0.1788219061215718,0.003462733733061122,0.41155201855481094,0.4061633415905561
9784,0.1788480890194599,0.0034671489012149115,0.4112070112134008,0.4064777508659244
9785,0.17902499790551463,0.003446459916941348,0.41109266112095605,0.40643588105658807
9786,0.1789564972830644,0.003459268143604359,0.4108757587265887,0.4067084758467425
9787,0.17933234164793993,0.0034203459526713368,0.4110243132931447,0.40622299910624415
9788,0.1793212845867112,0.003399543222229137,0.41049939023093207,0.40677978196012765
9789,0.17915039965256813,0.003516615411642057,0.41081887607846046,0.4065141088573293
9790,0.17899994970947425,0.0034026120220461676,0.41096303051449884,0.40663440775398085
9791,0.17902855938615053,0.003342109636805427,0.41194512532815086,0.4056842056488931
9792,0.17892954241403342,0.0034490863295822865,0.41221103357658295,0.4054103376798013
9793,0.17924040347378037,0.003463887105476552,0.41284596369889426,0.4044497457218488
9794,0.17944753943482245,0.0034733058074498447,0.4116606086225172,0.40541854613521056
9795,0.17935742985597955,0.003522594812163679,0.4120304129021791,0.4050895624296776
9796,0.17940828240550757,0.003483972093026637,0.41209267642249053,0.4050150690789752
9797,0.17981114980071844,0.003486130979723541,0.4107082155385108,0.4059945036810473
9798,0.17966956434448733,0.0034713015361416597,0.4103834665366083,0.40647566758276266
9799,0.17980104798923285,0.0033935952712856447,0.4099802753866221,0.40682508135285944
9800,0.17908015625979506,0.003407251811831856,0.41044129300348997,0.4070712989248831
9801,0.17896177336194982,0.003550010631829121,0.4105331715879954,0.40695504441822566
9802,0.17837402511192924,0.003702116522256934,0.41055969341493653,0.40736416495087724
9803,0.17858115824804874,0.003783136562538823,0.41074147819439516,0.4068942269950173
9804,0.17860736424324253,0.0037259753579283227,0.4107803721807448,0.4068862882180844
9805,0.1782984070352103,0.0038027073435012598,0.4109066795935301,0.4069922060277584
9806,0.17807788217729542,0.003692797658481127,0.41103327552329877,0.4071960446409248
9807,0.17777802417855867,0.0036658339575972457,0.4112766421435752,0.40727949972026894
9808,0.17775981464636376,0.0036866138964780385,0.41107321800327556,0.40748035345388256
9809,0.178322182619264,0.0037559181152994254,0.41076571758692,0.4071561816785166
9810,0.1790834225957296,0.0037581941812489536,0.41098776125654685,0.4061706219664746
9811,0.17956069649558548,0.0038137992868034383,0.4105675711247293,0.40605793309288185
9812,0.17958509134376696,0.003794382324734947,0.4110899051800495,0.4055306211514485
9813,0.1793915137787792,0.003818024474801776,0.4115414453016622,0.4052490164447568
9814,0.1791275053091187,0.0038005827929435366,0.41178485064684534,0.4052870612510925
9815,0.17915798438034644,0.003803085228113725,0.41104327827968296,0.40599565211185684
9816,0.17902472098124467,0.0037786370583507665,0.4105181807231809,0.40667846123722373
9817,0.17879850612451534,0.003865769997101078,0.41066789810865634,0.40666782576972726
9818,0.17893523360964597,0.0039014645903181814,0.4107652344638251,0.40639806733621076
9819,0.17912893603131946,0.004000392361072901,0.4105542662590317,0.4063164053485758
9820,0.17924399950312084,0.0039371668986727185,0.41071875721455964,0.40610007638364676
9821,0.1790962177090863,0.003866755093916441,0.4106571178641622,0.4063799093328351
9822,0.17918940343639625,0.003955695635457666,0.410308629258706,0.4065462716694401
9823,0.17880837412691047,0.004016632713268754,0.41073932632152055,0.40643566683830024
9824,0.17822418696685294,0.004080733193223503,0.4108206572613421,0.4068744225785815
9825,0.1785035641228175,0.0040445566337782846,0.4104336240853428,0.4070182551580614
9826,0.17828777362923426,0.00399577557797207,0.41055808202331684,0.407158368769477
9827,0.177738312074694,0.003942779793166582,0.41060747701842504,0.40771143111371433
9828,0.17752477235237266,0.003939239981455284,0.4107848713094285,0.40775111635674355
9829,0.1780009434907495,0.0039074543584927315,0.41061157627289263,0.40748002587786514
9830,0.17792342344795412,0.00390855458561999,0.41038911911591247,0.40777890285051344
9831,0.17778290831026655,0.0038452464594091753,0.41068255420210364,0.4076892910282205
9832,0.17815571935888308,0.0038693318292788567,0.41070626804392507,0.407268680767913
9833,0.17763764887008965,0.003928826205610209,0.41043762192478717,0.40799590299951294
9834,0.17769165641850354,0.003968137872688421,0.4107996916099975,0.4075405140988105
9835,0.177552360834042,0.004030084493078407,0.41122092773866437,0.4071966269342152
9836,0.17764665907428392,0.004109659740891266,0.4112558396798683,0.4069878415049565
9837,0.1777756601446132,0.004082921630549966,0.41168891217602965,0.4064525060488073
9838,0.1776456745464746,0.0040396405033579445,0.4114084578266658,0.4069062271235017
9839,0.17777493013231807,0.004064050415863029,0.4115239927092267,0.4066370267425922
9840,0.1777104661246974,0.00394319398064652,0.41125152938170545,0.40709481051295066
9841,0.1778424916254941,0.004018230193491028,0.411458550845483,0.40668072733553184
9842,0.17809210550367366,0.003981438703950488,0.4115952095867959,0.40633124620558
9843,0.17789463180334222,0.004025024861097532,0.4114007339560697,0.4066796093794906
9844,0.17781392844720273,0.004079176392458284,0.4111127927500438,0.40699410241029516
9845,0.17744121255759118,0.004074598725058801,0.4116346669370633,0.40684952178028677
9846,0.17796775311562985,0.004033560636595648,0.41143419938802406,0.4065644868597504
9847,0.1780022215732618,0.0040786344060441794,0.41129258781589134,0.4066265562048028
9848,0.17784628884689038,0.004106175157195263,0.41162233170681367,0.40642520428910067
9849,0.17783900757832005,0.004105250955435494,0.4111665413543858,0.4068892001118587
9850,0.1777414702684214,0.004076357361857459,0.4109805974282188,0.4072015749415023
9851,0.17815127547505744,0.004048258127677394,0.4106000616599682,0.4072004047372969
9852,0.17796409771668223,0.004062999846541701,0.41076901605762883,0.40720388637914723
9853,0.17775448454778825,0.003980219413513598,0.41064293153655596,0.4076223645021422
9854,0.17825137500137508,0.003990833994040903,0.4105495150108004,0.40720827599378373
9855,0.1784960389764884,0.004009045610597793,0.41071223510389493,0.40678268030901893
9856,0.17820013968369372,0.00403701221080602,0.41060095611596975,0.4071618919895304
9857,0.17811884705768202,0.004040910975550788,0.4102035752605495,0.40763666670621773
9858,0.17862699614601835,0.004013390825261467,0.4102833879741043,0.4070762250546158
9859,0.1789794979220997,0.003998038013229785,0.4099172609319296,0.407105203132741
9860,0.17929889504776628,0.004068504757006943,0.4091998092473307,0.4074327909478961
9861,0.17939883520951017,0.004041494484205749,0.4089961691003715,0.40756350120591256
9862,0.17902457625523688,0.003981942698734,0.4097433603645585,0.4072501206814706
9863,0.17930585869404284,0.0038696171094562146,0.4095000067684764,0.40732451742802445
9864,0.17951371693857385,0.003859844927832668,0.4092339074275822,0.40739253070601134
9865,0.17937421287275934,0.0038510336513919775,0.4094734965687309,0.4073012569071178
9866,0.17955505342147202,0.0038263895578672,0.40917102655998827,0.4074475304606725
9867,0.1794299836759427,0.00382147674807897,0.40970668421707346,0.40704185535890486
9868,0.17938752447533662,0.0038854846696919423,0.4100409407239467,0.40668605013102477
9869,0.17943288478241604,0.00385323652669371,0.41030976787646817,0.4064041108144221
9870,0.17917367859782596,0.003818347387494537,0.4106985865858911,0.4063093874287883
9871,0.1794000202671931,0.0038793884248743546,0.41062457413661174,0.4060960171713209
9872,0.17915819319709664,0.003927039836113612,0.4103947327951394,0.4065200341716505
9873,0.17920853649371607,0.003918402384294153,0.4099603457857232,0.40691271533626655
9874,0.1794703442534912,0.00396113557696323,0.41042650397707314,0.4061420161924724
9875,0.17912579124706401,0.0038811929059897284,0.4111153980278589,0.40587761781908743
9876,0.1789955590270947,0.0038723379347940625,0.41098751894447344,0.40614458409363774
9877,0.17929493509122554,0.0038452982751859322,0.4110867431808393,0.4057730234527492
9878,0.17888654372583376,0.0038974730576917193,0.4112647778477686,0.4059512053687059
9879,0.17871580892852004,0.003914440503156763,0.411414376247357,0.4059553743209661
9880,0.17830463605586216,0.003933609832874265,0.4117974057630547,0.40596434834820894
9881,0.17895574406616274,0.0039478311810879985,0.41122046809238455,0.4058759566603648
9882,0.17865644976701917,0.003907674720817616,0.41133771676484,0.40609815874732336
9883,0.1784274950780262,0.0038669294697933074,0.41125328484806756,0.40645229060411303
9884,0.17871060609980957,0.0038230650244605764,0.4108707219867477,0.40659560688898216
9885,0.17887601760013289,0.0037813309383505035,0.41090550543657783,0.40643714602493886
9886,0.17902469768134482,0.0038175452636015615,0.411182490209948,0.4059752668451056
9887,0.1787789812163307,0.003771522457646455,0.4118763656605783,0.40557313066544454
9888,0.17834030191227776,0.003808058374092954,0.412383476435308,0.4054681632783213
9889,0.17836283945984627,0.003834868721623453,0.4128599528301907,0.4049423389883396
9890,0.17811330365656705,0.003840802650938414,0.41252519839911184,0.4055206952933827
9891,0.1782993740983949,0.0038409800426497964,0.41251260984276905,0.4053470360161862
9892,0.17865474011558993,0.003831005950802198,0.4122044836064401,0.40530977032716775
9893,0.1785466354721564,0.0037981590350133114,0.41316251676146737,0.404492688731363
9894,0.1784478259703217,0.003775590070796608,0.4131979971498422,0.40457858680903946
9895,0.1785575234558179,0.003690962117163242,0.4133373816957713,0.40441413273124754
9896,0.17832887350700138,0.003686927373758705,0.4132604239909285,0.4047237751283115
9897,0.1780633018137651,0.003639160955878855,0.4127929434767939,0.4055045937535621
9898,0.178100417440085,0.003636604241622053,0.41309092473291315,0.4051720535853797
9899,0.17851463474166568,0.003596419980393191,0.41232308211489654,0.4055658631630446
9900,0.1784101219607046,0.003615265980663715,0.412439639249905,0.40553497280872663
9901,0.1788869163895268,0.0035129936557906786,0.4123333636435376,0.40526672631114485
9902,0.17888629019720553,0.0034816350112163025,0.41295597085592545,0.4046761039356528
9903,0.17934399552880945,0.0035083848041773265,0.41174210502711056,0.4054055146399026
9904,0.1793124453296888,0.003508932259237571,0.411636188881617,0.40554243352945657
9905,0.1796925287708442,0.0035240983968632665,0.41195562864432966,0.40482774418796297
9906,0.17928346093648842,0.00354921449218302,0.4127988084245729,0.40436851614675556
9907,0.17908257672192351,0.003538433374402586,0.41304407043290475,0.40433491947076927
9908,0.1793407806774691,0.003551212067690673,0.4130298319591379,0.4040781752957024
9909,0.1793048612640691,0.0035778033558545854,0.4128209677777422,0.40429636760233423
9910,0.18000615967610675,0.0035541442507354996,0.4124126037938227,0.4040270922793351
9911,0.18034678791507447,0.0035043544197712767,0.4121359494356322,0.40401290822952207
9912,0.18011436935556177,0.0035515014351668794,0.41192514331241303,0.4044089858968582
9913,0.1803420379160981,0.0035030602525056736,0.41133502892028284,0.4048198729111133
9914,0.18031540798579873,0.0035127804474037808,0.4111105712693844,0.4050612402974131
9915,0.18024334546249293,0.0035046740934393346,0.4108301680983035,0.4054218123457642
9916,0.180306420155942,0.0035376954752298164,0.41053065201991445,0.4056252323489137
9917,0.18072368951183765,0.0035001352664098782,0.41086240619286585,0.4049137690288866
9918,0.18096204845911884,0.003468390859548994,0.41030529921576575,0.4052642614655664
9919,0.1808478780830148,0.003437167504656613,0.41055073882372445,0.4051642155886042
9920,0.18109575777927134,0.0034137644246455866,0.4105479200614012,0.40494255773468196
9921,0.1815234124132497,0.0034301817880908634,0.41109732773677327,0.4039490780618863
9922,0.18175287388199698,0.003395390232947478,0.4105471559230963,0.40430457996195923
9923,0.1821701461511041,0.0032770735533506055,0.4099519980677515,0.40460078222779383
9924,0.18234488285495823,0.0032603095945529176,0.40969217099061267,0.40470263655987615
9925,0.1823193902631928,0.0032307013442915214,0.40942515074903374,0.4050247576434819
9926,0.18204523582295656,0.0032919416075273024,0.4099691126588995,0.40469370991061665
9927,0.1821539980368074,0.003252835014877048,0.4097925506696349,0.4048006162786807
9928,0.18249410875872002,0.003237500107382426,0.40914159516818865,0.4051267959657089
9929,0.1823124990144423,0.00318913844859095,0.4093615031063133,0.40513685943065336
9930,0.1824497953897549,0.0031347116203073616,0.40963517170751695,0.4047803212824208
9931,0.1823994023384981,0.0031829088096057773,0.4093071643360909,0.40511052451580537
9932,0.18238416581978373,0.00313670890443469,0.4097560899623668,0.40472303531341475
9933,0.18261326321319335,0.0031367330827010015,0.40964924642247735,0.4046007572816282
9934,0.1825393971374858,0.0031200641820912237,0.4091470126147363,0.4051935260656868
9935,0.18226603147546,0.0031885040039361786,0.40950633576082895,0.40503912875977477
9936,0.18208591923310685,0.003177942896295108,0.4093223112255006,0.40541382664509734
9937,0.18213684219147788,0.0031931280784704336,0.40917938970957357,0.4054906400204782
9938,0.1821138715785414,0.0031983366832482986,0.4096718753882434,0.405015916349967
9939,0.18254829377590234,0.003181829567503832,0.40986127922953497,0.40440859742705887
9940,0.1820481106926842,0.003144766764044022,0.40988707994924284,0.4049200425940289
9941,0.18237207440268322,0.0031611263229560952,0.4093359650306896,0.4051308342436711
9942,0.1822279098805593,0.0031438123851138407,0.40952820465001716,0.4051000730843096
9943,0.18213431399231444,0.003181450206445657,0.4091575457832299,0.40552669001801006
9944,0.18214256194313966,0.0031769631867006125,0.4091804560715654,0.4055000187985943
9945,0.18196773332039873,0.003194726183352445,0.41016365696598445,0.40467388353026434
9946,0.18197749342342062,0.0032436932842338055,0.4105174377457101,0.40426137554663555
9947,0.18224301025859088,0.0032339798005043643,0.4103815194387558,0.4041414905021489
9948,0.18201084290246083,0.0033051929730381854,0.41000801768152373,0.40467594644297716
9949,0.1816552517303473,0.0032433082604439445,0.40969204893192623,0.4054093910772825
9950,0.1816843923513148,0.003263421946391491,0.4098524919070597,0.4051996937952341
9951,0.18192891984064313,0.0032440771533450443,0.4097633927311109,0.40506361027490084
9952,0.1816498162488744,0.0032801056348513115,0.4096927221602219,0.4053773559560524
9953,0.18150457554912489,0.0033697093874035604,0.4098272306374463,0.4052984844260251
9954,0.18139954586538204,0.003339852122471449,0.4102079737868469,0.4050526282252996
9955,0.18197277151830438,0.0033151128244017767,0.4096472698543444,0.4050648458029495
9956,0.18140120293215717,0.003321185164820946,0.41043734549021577,0.40484026641280624
9957,0.18126312618305204,0.0032894596800206607,0.4098768509365569,0.4055705632003703
9958,0.18117918509970873,0.0032263855585953002,0.4099008367313669,0.4056935926103292
9959,0.1807013664264273,0.0032133203966084843,0.40999344285895206,0.40609187031801214
9960,0.1808092581088065,0.00324254829012218,0.4100751940216858,0.4058729995793856
9961,0.1806758731992591,0.003194669147146014,0.40987287561144176,0.4062565820421532
9962,0.18088353753736414,0.0031724784241789934,0.40983171087390363,0.4061122731645533
9963,0.1808821896790878,0.0032058895753074683,0.40946125399472955,0.4064506667508752
9964,0.18071831686440226,0.0032289518576869127,0.40974443443459163,0.4063082968433192
9965,0.1809635086513663,0.0031636116822115765,0.4096050934057156,0.4062677862607066
9966,0.181011358524184,0.0031137913663210615,0.40931736489062115,0.4065574852188737
9967,0.18111916580331322,0.0030904895911398537,0.4090847539980726,0.4067055906074743
9968,0.18106898641943076,0.0030843503602017166,0.4090210862655546,0.4068255769548129
9969,0.18090275054747612,0.0029969062798299926,0.4088763451917191,0.40722399798097486
9970,0.18059333137199823,0.0030085415997252313,0.40874210303993735,0.4076560239883392
9971,0.18013331195241455,0.0029639470750742708,0.4088970467408709,0.40800569423164035
9972,0.1801403192924083,0.0030270089390195846,0.40875153966833333,0.4080811321002389
9973,0.18019370461516887,0.0029737709033877554,0.40926359272076296,0.40756893176068043
9974,0.18007785644342159,0.002941710859804074,0.40910468130457145,0.4078757513922029
9975,0.18007849876422027,0.002965508853038998,0.40951006810445645,0.40744592427828435
9976,0.18036750767929322,0.0029107167481516615,0.4096408157518203,0.4070809598207347
9977,0.1802263643348661,0.002935892190706517,0.40980649007699743,0.40703125339742996
9978,0.1804707082430761,0.0028967025242695723,0.40855041527607366,0.4080821739565807
9979,0.18052771677238086,0.0029736213211698477,0.40835421727187765,0.4081444446345716
9980,0.1807361207818071,0.0030400894512373324,0.40801545311656334,0.40820833665039225
9981,0.18057604014378287,0.003031515586459893,0.40824982674339105,0.40814261752636616
9982,0.18092560050018383,0.0030741744773604015,0.40812908251741586,0.40787114250504
9983,0.1807504744916271,0.003067466132886402,0.4090546955305177,0.4071273638449687
9984,0.18063210019954482,0.0030353721393745602,0.40797528641043035,0.4083572412506502
9985,0.18046778369764188,0.0030357383401386938,0.4071920988426555,0.40930437911956385
9986,0.1808889486091819,0.003124651975699562,0.4075033479106954,0.40848305150442304
9987,0.18113182801043853,0.0030487474981243444,0.40784519953395443,0.4079742249574826
9988,0.18079219959208356,0.002969053131307163,0.40876089565205725,0.407477851624552
9989,0.18087954635006048,0.0029390859549978314,0.40884356227328905,0.40733780542165265
9990,0.18072541954132584,0.0028978710581139266,0.408586457311405,0.4077902520891552
9991,0.18072317346099617,0.0028646784003394108,0.4085388326805989,0.40787331545806554
9992,0.18060785215081593,0.0028638854175821182,0.4082936026294222,0.40823465980217977
9993,0.18052820620693097,0.002900115180366817,0.4080155184029854,0.4085561602097168
9994,0.18082386336735534,0.0029722728123828426,0.4077889659794785,0.40841489784078355
9995,0.18121144905116357,0.002989232118140588,0.40772117263743135,0.4080781461932645
9996,0.18148602969809774,0.0029534962107398413,0.40828938797000697,0.4072710861211554
9997,0.18166400793328383,0.0029448894481593586,0.4081001817900002,0.40729092082855667
9998,0.18154859758551378,0.0029530837897221176,0.4083836407002446,0.40711467792451933
9999,0.1811123738352941,0.0029130214500608293,0.407997230043703,0.4079773746709421
10000,0.18112349412285741,0.0028367535183679545,0.4080204741126151,0.40801927824615947
