epoch,nrmse_data,nrmse_ic,nrmse_phy1,nrmse_phy2
1,8.945690006017685,9.073236674070358,9.00766235589981,8.943807274103165
2,8.944691267311574,9.108933211565018,9.028927925646306,8.9274396507442
3,8.939129003769757,9.127844505602122,9.026732894992888,8.89794203434959
4,8.929973316598762,9.123154009310932,9.003780131860125,8.861842880155663
5,8.918282558345805,9.101615503185878,8.965077266282124,8.826439437725634
6,8.903778290911875,9.070165126452963,8.915125615348398,8.797377855202754
7,8.889365649493568,9.032366799548734,8.862205442966351,8.769715436416957
8,8.877290192623425,8.995340672854873,8.814077807328164,8.73947557074577
9,8.867056017173061,8.962024309993458,8.771130760049852,8.70490429507133
10,8.857034023645147,8.932102472649882,8.732856560517629,8.671228489705964
11,8.846160184989909,8.903686644893424,8.698289804093932,8.638216173521576
12,8.83495463060065,8.876521048024523,8.664893384844923,8.604521879546382
13,8.823515463972791,8.849517609044762,8.631515159098672,8.569761291690245
14,8.811784600870308,8.821603567638027,8.598010635695008,8.533560549711025
15,8.799947490697289,8.792969620929993,8.564181049100458,8.496456943668287
16,8.788087668264284,8.76328712895344,8.529854674926277,8.45999885249016
17,8.775659680445875,8.732317555684409,8.495018434064924,8.425646113898734
18,8.762278125395104,8.700273169696201,8.45967978898841,8.391980713068095
19,8.748017785239522,8.667410109020045,8.423541712264306,8.357864743949328
20,8.733271844917265,8.633644575882839,8.386048579938794,8.32292336650088
21,8.71830120376573,8.598857236861033,8.346947188227864,8.287325146623033
22,8.703175234421515,8.56328932918017,8.306409753237313,8.251453551613727
23,8.687991351851995,8.527300905804042,8.264654081941671,8.216196540468555
24,8.673018991417921,8.49093764731,8.22183420536703,8.181706315136207
25,8.658253911294839,8.454205915805366,8.178091134188985,8.147298619724285
26,8.643629726590698,8.417390408838076,8.13357801490973,8.112852793831712
27,8.629228669919907,8.380712375055413,8.088487219991018,8.078165120025067
28,8.615144571275811,8.34418528282206,8.042903081527806,8.043068940226128
29,8.601189102192798,8.307995616555642,7.996710770949519,8.008283976450533
30,8.587152047126649,8.272165845249722,7.949899304687404,7.97406651456286
31,8.573008976104678,8.236705791143136,7.902705080094901,7.940172471500773
32,8.558818373103316,8.20173907588583,7.855435664758569,7.90636119021262
33,8.544556194288866,8.167088347838408,7.808305707592118,7.872462565148064
34,8.530175722982337,8.13257005684103,7.761422304997066,7.83849831210769
35,8.515705097686409,8.098262405923634,7.714918419170773,7.804600424625087
36,8.50120249176345,8.064142449397814,7.668866015322265,7.771020747991721
37,8.486621355719896,8.030228875334537,7.623298462097174,7.737683505349813
38,8.471915291424708,7.996455003265736,7.57826988563267,7.704580364605577
39,8.457149667702877,7.962630978298164,7.533841805285913,7.671602859512852
40,8.442409897502698,7.9287848288234235,7.489857879380699,7.638642092365828
41,8.427701732106133,7.8949744090283,7.446198876977576,7.605682380715721
42,8.413018572892694,7.861221312276508,7.402806926858076,7.572925242067491
43,8.398393501181221,7.827596008477634,7.359688426701235,7.540423421283274
44,8.38384561572486,7.793983459621208,7.316834308697254,7.508177349521329
45,8.369351786587098,7.760442257671346,7.27423982772481,7.476054513137382
46,8.354897017070682,7.727033135215486,7.231860312477537,7.443987413880663
47,8.340498391111147,7.693746598522311,7.189646099236804,7.411983419596403
48,8.326152443391893,7.660628295094414,7.147534796384581,7.380159481906447
49,8.311818789376625,7.62769676540781,7.105542640607649,7.348534721504485
50,8.297474497131448,7.594947788621153,7.063704331379182,7.317104102575761
51,8.283130084012745,7.562413088046153,7.022041466795821,7.285826019095343
52,8.268787948574353,7.530072063361432,6.9805915201899165,7.254671472324657
53,8.254440935551283,7.497920632589909,6.939372610750832,7.223623988403538
54,8.240097934866904,7.4659507792471915,6.898347365435081,7.192721066933663
55,8.225771156524846,7.434160486948756,6.857540412374421,7.161986552349211
56,8.211455794910668,7.402549655250516,6.817009072082924,7.131431697441264
57,8.197148720835248,7.371077736498661,6.776756285834952,7.101040116538563
58,8.182865345700353,7.339742221539555,6.736781034597937,7.070768996434419
59,8.168619100715043,7.308542629966946,6.697104545382737,7.040618483012143
60,8.15440629886229,7.277473568107051,6.657732100814027,7.010612734274365
61,8.140223907626726,7.246540544792449,6.618657362494603,6.9807762866226
62,8.126076790752673,7.215731228985004,6.579879692608614,6.951100710723015
63,8.111964314069887,7.185047972470149,6.541416763881442,6.921574638113127
64,8.0978827255654,7.154497080771402,6.503236558628341,6.892175547476235
65,8.083834041966227,7.12408331571483,6.465317291340346,6.862913399596656
66,8.069817547414305,7.093811842608164,6.427657243723538,6.83379443559681
67,8.055824381256873,7.06368750760324,6.390255578920307,6.804828007750377
68,8.041849385411028,7.033713872876965,6.353098782271252,6.776013918801151
69,8.027895699361029,7.003897274825937,6.316209219960884,6.7473419816976605
70,8.013965245920643,6.974237894830601,6.279565139802333,6.718802928688863
71,8.000057242119857,6.944740978343695,6.243117040701402,6.690396654222335
72,7.986173630725283,6.915404871728115,6.206911892392774,6.662133918753122
73,7.972316093274948,6.886213811360759,6.170946762550522,6.634018079085251
74,7.958483573521117,6.857168415573585,6.135209535330065,6.606046161914751
75,7.944677331061651,6.828268992642971,6.099741228725653,6.578207157483261
76,7.930900527582037,6.799512457054565,6.064497307969132,6.550501196129529
77,7.917152997541802,6.770904859200816,6.029486844813593,6.522932652806929
78,7.903433060968916,6.7424229327035174,5.994734366264579,6.495503343373351
79,7.889741172504773,6.714081215533243,5.960222035939446,6.468213241615557
80,7.876077696653332,6.685872212831441,5.925964608841028,6.4410566005975705
81,7.862441686006567,6.657803953841669,5.891947134248928,6.414032272602255
82,7.848833060033874,6.62988677146491,5.85817376592768,6.387140088175346
83,7.835251684512913,6.602073390979015,5.824677134099401,6.360381511057552
84,7.82169601363457,6.574423733005872,5.79138780329724,6.3337585218937305
85,7.808165419463632,6.5468865778413425,5.758326419465155,6.30726815608642
86,7.7946607798612,6.519498100741225,5.7255042929147715,6.280907894057671
87,7.781182346693211,6.492242586447993,5.692894256147163,6.254676392533606
88,7.76773000677986,6.465116860792069,5.660536924963385,6.22857456644767
89,7.7543043220710945,6.438133889648719,5.628404834742778,6.202603737430687
90,7.740905535938626,6.411280547695693,5.596467779033686,6.176762013179392
91,7.727533490426183,6.384568766868859,5.5647453543560035,6.151047872428713
92,7.714188556407796,6.357989244298305,5.533250355494739,6.125460458288585
93,7.700870894237197,6.331542097352927,5.501965157266769,6.099999447815165
94,7.68757997301037,6.305233245699475,5.470915132365405,6.074665212806843
95,7.674315573097481,6.279046311781631,5.440057520172562,6.049456844832399
96,7.661077772913943,6.252987794535157,5.409422919728215,6.0243732175284315
97,7.647866348999632,6.227068630525979,5.378993505496591,5.99941329591954
98,7.634681174483634,6.201269050470159,5.348779039069014,5.974576490161984
99,7.621522258140726,6.17562282478413,5.318778088826546,5.949863110187628
100,7.60838931720182,6.150081816798677,5.288983276030062,5.925272602942549
101,7.595282170314424,6.124669188428718,5.259410888221715,5.900803625247307
102,7.582200968069389,6.099377251762106,5.23005382810035,5.876455256753286
103,7.569145735914458,6.074218911093935,5.200884291249917,5.852227169787938
104,7.55611642998588,6.049180103492391,5.17192389381168,5.828119119453901
105,7.543113147174593,6.024267855545773,5.143165257434568,5.804130572027199
106,7.530135875041649,5.999487014730364,5.114603327455617,5.780260653204224
107,7.517184540018613,5.974818781697742,5.086246830111046,5.756508540215064
108,7.504259185777509,5.9502854640837235,5.058092204702002,5.732873777172425
109,7.491359755141368,5.925866142817134,5.03012765362491,5.709355901006212
110,7.478486087275887,5.901573258194581,5.002357204667999,5.685954344492886
111,7.465638123264549,5.877407388752191,4.974783982279785,5.662668394456928
112,7.452815804129855,5.853350498732092,4.947399386500107,5.639497310592305
113,7.4400190309281395,5.8294284587491365,4.920214396122738,5.6164406213861735
114,7.427247771998649,5.805614281561163,4.893215916066189,5.593497921236706
115,7.41450197515055,5.781937861613289,4.866399247719107,5.570668557050139
116,7.40178155354788,5.758357686674591,4.839781725613618,5.547951768506069
117,7.389086495660005,5.734918435575183,4.8133482181369125,5.5253469861697715
118,7.37641679212512,5.711574106102991,4.787097601158965,5.502853739789704
119,7.363772386691285,5.6883697840992395,4.761056978044017,5.480471502978525
120,7.351153246703297,5.665261999990211,4.7351643241071155,5.45819967129104
121,7.3385593298259035,5.6422982764438165,4.709475032175291,5.4360376142470175
122,7.325990570354093,5.619415234742998,4.683961860992427,5.413984732905337
123,7.313446929297938,5.596671080576725,4.658608842938453,5.392040499492399
124,7.300928352248281,5.5740173233622405,4.633441399396425,5.3702044060098055
125,7.288434758321113,5.551488139923286,4.608444166958272,5.348475862435062
126,7.2759660957322465,5.529060182226094,4.583625393093109,5.326854263814391
127,7.263522320132436,5.506757137890786,4.558983636142429,5.305339095465085
128,7.251103377634982,5.484551676191439,4.534508033311292,5.283929843787732
129,7.238709224623551,5.462465192762178,4.510204070746813,5.262625930099646
130,7.226339806959416,5.440484611052002,4.486070097816323,5.2414267674356845
131,7.2139950651285,5.41862527464175,4.462104318249234,5.220331806485236
132,7.201674960209949,5.396868635934314,4.438307402406188,5.199340532796241
133,7.189379450827554,5.375231816369406,4.414672994766567,5.17845242644228
134,7.177108487909452,5.35369059679719,4.391204354047633,5.157666928075284
135,7.164862029634481,5.33226904828472,4.367900575018623,5.1369834864338415
136,7.15264002782782,5.3109461805356295,4.344758201567314,5.116401574843047
137,7.1404424310433345,5.289737639742801,4.321777658045774,5.095920680362735
138,7.128269192884968,5.268619758961718,4.29896025193316,5.075540270265698
139,7.116120258049155,5.247617290504505,4.276300148653529,5.05525979452081
140,7.103995572326414,5.226707449214946,4.253799069456387,5.035078729167419
141,7.0918950885894265,5.205912558663889,4.2314550282184324,5.014996563146476
142,7.079818757748767,5.185217161264875,4.209267464738357,4.99501277312757
143,7.067766532303305,5.16462669624927,4.187234922139882,4.97512684115366
144,7.055738367260902,5.144137215040844,4.165356542147016,4.9553382432893205
145,7.043734215186205,5.123765200416851,4.143632169687229,4.9356464745355755
146,7.031754029811614,5.103482610250915,4.122059737240884,4.916051027352049
147,7.019797764366022,5.083313978919465,4.100638240057671,4.89655138444261
148,7.007865367999534,5.063231047290596,4.079366125084056,4.877147028936937
149,6.995956791483877,5.0432554086213734,4.058243035599762,4.857837450944905
150,6.984071987119745,5.023368198614776,4.037269259606696,4.838622155270286
151,6.972210906945602,5.003600775174053,4.016445948222372,4.819500635781787
152,6.960373504377335,4.983914626863492,3.995764940951585,4.800472391113945
153,6.948559730778233,4.964343517681716,3.9752285639837375,4.781536925909898
154,6.936769537459846,4.944849591664925,3.9548396674367017,4.762693743713291
155,6.9250028773510195,4.925478332396738,3.9345884485114833,4.74394235069906
156,6.913259703176718,4.906179122642289,3.9144854053634144,4.7252822447824325
157,6.901539967279619,4.8869955327143595,3.8945162341241333,4.7067129342121685
158,6.889843622514946,4.867889003689108,3.8746887281763143,4.688233925970494
159,6.8781706216534015,4.848911977784179,3.8549995953471456,4.669844738296408
160,6.866520917977377,4.8299950285667785,3.835454890299695,4.6515448802893165
161,6.854894466442222,4.811204148311917,3.8160379675027487,4.6333338729653635
162,6.84329122051385,4.7924899634864,3.796758960353114,4.615211230943929
163,6.8317111341088745,4.773878850639893,3.7776127132794364,4.597176472463389
164,6.820154160252598,4.755367754137047,3.758601394182439,4.579229109602758
165,6.80862025203447,4.736928677155921,3.7397226185925736,4.561368664778272
166,6.797109362727167,4.718590294884024,3.720974932262166,4.543594658547257
167,6.78562144566702,4.70032417393083,3.7023601432421027,4.525906621910877
168,6.774156455058543,4.682167623870302,3.683875245206532,4.508304073835669
169,6.762714345436266,4.664089108467663,3.665518414344893,4.490786550370983
170,6.7512950709190065,4.646108260463438,3.6472915300348805,4.473353571557493
171,6.739898585866356,4.628222485986559,3.6291906602183057,4.456004690755579
172,6.728524844520572,4.610426015510333,3.6112224066933076,4.438739438077834
173,6.7171738011558215,4.592738182614149,3.5933745034781417,4.4215574482082545
174,6.705845410107923,4.575110047224713,3.57565702907737,4.40445836734317
175,6.694539625327184,4.5575722775536125,3.5580715100477978,4.387442378399617
176,6.683256401124233,4.540140447896615,3.540595590719309,4.370510383702175
177,6.671995692169297,4.522769481830285,3.523258896153356,4.35366711267389
178,6.660757453402079,4.505515927064442,3.506025617034055,4.336926306856815
179,6.649541640061018,4.488330833557331,3.488937162322642,4.320331728776572
180,6.638348207027039,4.47122868930883,3.471949373277129,4.303979405451493
181,6.627177108973285,4.454201700368612,3.4551014282851984,4.287763734628989
182,6.616028300603947,4.437284466518655,3.4383566547184907,4.271364659885945
183,6.604901737309853,4.420432298242277,3.421719086201834,4.255011643609683
184,6.593797374302829,4.403684406717549,3.4052127491311475,4.238908349661107
185,6.582715167241907,4.387006888755888,3.3888069371968617,4.223084610792135
186,6.571655071636379,4.37040123486905,3.3725377553925893,4.206941049130434
187,6.560617043024917,4.353903943386343,3.3563692349281307,4.191181142605857
188,6.549601037273532,4.337460363026692,3.340311401872813,4.175426585182675
189,6.538607010366307,4.321105024959298,3.3243613984857565,4.1595254987891535
190,6.52763491754089,4.304827789402926,3.308524342924142,4.143789874728912
191,6.516684714750305,4.2886338290445405,3.2928099012344436,4.128248439014269
192,6.505756357916458,4.272522537294829,3.277192530913906,4.112639256667506
193,6.494849803615656,4.2564888275830794,3.2616956055001127,4.097046461909666
194,6.4839650076765905,4.2405364855908365,3.2462920466111957,4.081644830553339
195,6.473101926642141,4.224659380049418,3.231006040619168,4.06624337711569
196,6.462260516993092,4.2088656343244075,3.215830583666989,4.05086566570146
197,6.451440734880032,4.19315411382779,3.2007477348796147,4.035651154616768
198,6.440642536988287,4.177523375378998,3.1857903291177108,4.020445308375158
199,6.429865879463958,4.161972910089112,3.170935457673233,4.005289513797918
200,6.41911071919651,4.146489221079352,3.1561677266522996,3.9902623225119735
201,6.4083770131020215,4.131086013671841,3.141517955154101,3.975243909778465
202,6.397664718003925,4.11575491795669,3.126968309813033,3.960316065678157
203,6.386973790841811,4.100524542946431,3.1125336875662777,3.9454736063982163
204,6.376304188432771,4.085349366319894,3.098202607106621,3.930655751660922
205,6.365655868246509,4.070252697494086,3.083948319597994,3.9159428089512205
206,6.355028787241741,4.0552326733344035,3.0698122443912896,3.9012815789237174
207,6.344422902522873,4.0402855550250285,3.055751525126235,3.8866778197313625
208,6.333838171727136,4.025411951008029,3.0418108155856527,3.8721647932393504
209,6.323274552218856,4.0106118648253615,3.027957593359181,3.8576908585818446
210,6.312732001626448,3.9958829908428313,3.014216052699015,3.843299049536872
211,6.302210477633266,3.9812285838488175,3.0005875676745872,3.8289723939532894
212,6.2917099380370995,3.9666486681772883,2.9870314517493624,3.8146989308646004
213,6.281230340392318,3.9521482128418732,2.97361547447676,3.800507328042033
214,6.270771642725611,3.937720285562144,2.9602383079633365,3.7863657035907106
215,6.2603338030284075,3.9233623914161613,2.9470237463948843,3.772294359821836
216,6.249916779286743,3.9090700839835497,2.933823278233017,3.758288937888211
217,6.239520529689895,3.8948490094297825,2.9207932625311743,3.7443376139464553
218,6.229145012540561,3.880704714163932,2.907787043743277,3.730459914518819
219,6.218790185926812,3.8666252251349578,2.8949025526003975,3.7166375188617495
220,6.208456008586784,3.8526167519493177,2.8820830743736465,3.7028784941380866
221,6.198142438774896,3.8386777036999917,2.8693494808125353,3.68918451905667
222,6.187849434948267,3.824815352822063,2.8567401861367343,3.6755448833775235
223,6.177576955855716,3.8110231039816083,2.844173672129829,3.6619715882235124
224,6.167324960209356,3.797315401137319,2.8317336374112054,3.6484556228596854
225,6.157093406595261,3.7836615980555064,2.819357113262312,3.634998880006422
226,6.146882254010157,3.7701092208608986,2.8070779252318085,3.6216044911907725
227,6.136691461532776,3.7565974422255235,2.7949389602203834,3.608264295902926
228,6.12652098826409,3.743202339392829,2.7828218249342296,3.5949853386768127
229,6.116370792999436,3.729816844913382,2.770865799204153,3.581762853106557
230,6.106240835153003,3.7165353133268693,2.7589048318039704,3.5685958962654025
231,6.096131073922131,3.703307889756322,2.747112367815527,3.5554884373406446
232,6.086041468943391,3.6901138041342065,2.7353104270019983,3.5424345939619912
233,6.075971979457242,3.6770225629811626,2.723655803879422,3.529436577753947
234,6.065922565083689,3.6639779750036316,2.712028342021664,3.5164943962789996
235,6.055893185106261,3.6509841352015218,2.70053219155513,3.5036042631516793
236,6.04588379960518,3.6380642961922223,2.68915247843713,3.4907692412382056
237,6.035894368382875,3.6251959414934736,2.6777734928286874,3.4779868592219016
238,6.025924850904941,3.612407839730118,2.666567028775424,3.4652560284534575
239,6.015975207224678,3.5996689871972407,2.6553613644600986,3.4525778524722144
240,6.006045397654097,3.587011965130317,2.64439861639825,3.439949603650198
241,5.9961353820481404,3.57443453704762,2.6333686220927643,3.427371570954084
242,5.986245120491054,3.561884756274723,2.622666794863902,3.4148436569342144
243,5.976374573415136,3.5494345243878804,2.611785381213734,3.402363578106292
244,5.966523701123203,3.5370115894106133,2.6013563044882595,3.3899318495911372
245,5.956692463967662,3.5246700849619477,2.5906533128957614,3.377547248842756
246,5.94688082252923,3.512448564539804,2.5804745312533854,3.3652080857199707
247,5.937088737318449,3.500213635930023,2.569915651049223,3.3529147473350234
248,5.92731616889504,3.488100650239744,2.560031184588516,3.340665886306583
249,5.917563077837997,3.476056381381665,2.549628157602153,3.328459863296449
250,5.907829425132982,3.4639992307082106,2.5401414708813994,3.316296648590906
251,5.8981151719032905,3.4520337310933087,2.529831922137273,3.3041744804393227
252,5.8884202787837285,3.440094897261808,2.520558258782772,3.2920919554810646
253,5.87874470684546,3.42824757768809,2.510374300688218,3.280048660550914
254,5.869088417326912,3.416430289702899,2.501190641987962,3.2680432382512383
255,5.8594513712162115,3.404714027997355,2.4911861585203434,3.2560735708596162
256,5.849833529907333,3.393015946305511,2.481696535126096,3.244138922670607
257,5.840234854662848,3.381427265211874,2.471906624156133,3.23223751954459
258,5.830655306912207,3.3699420425990314,2.4621815483862863,3.2203673012441567
259,5.821094848072598,3.358417197444101,2.4529483730382764,3.208526857539936
260,5.811553440025804,3.3470291410944553,2.4432088705880974,3.196714707693159
261,5.802031044193402,3.3356283564355356,2.434036452310547,3.1849282081060566
262,5.792527622431754,3.3243483967027516,2.4244592379243213,3.1731648128139267
263,5.783043136226474,3.313047695319776,2.4151923448071937,3.161422709723587
264,5.773577547885262,3.301867423872272,2.405865572322853,3.1496990215776104
265,5.764130819105753,3.2907066250622465,2.396517568660221,3.1379906659362464
266,5.754702911870798,3.2796252166237725,2.387482751603538,3.126294295704619
267,5.745293788388298,3.2687197539986435,2.3782102585993656,3.1146067110574984
268,5.735903410882131,3.2577699657988903,2.369297849716178,3.102924391998585
269,5.726531741562322,3.2469017507909532,2.360159099979561,3.0912422401426904
270,5.717178742505858,3.236308652909339,2.351231971941568,3.079555442770827
271,5.707844376580828,3.2258016586879705,2.3423633587213777,3.067858460060066
272,5.698528605984529,3.214991583151312,2.3334310450026843,3.0561455011603726
273,5.68923139337729,3.2045907414000014,2.3247563050224747,3.0444101027038
274,5.679952701285507,3.194437129707195,2.315915982767157,3.0326450155654916
275,5.670692492459531,3.1838867867678426,2.3073124536259004,3.020844154586094
276,5.66145072966461,3.1737617058720757,2.298624366168613,3.0090035792088
277,5.65222737559145,3.163980560814414,2.289984012267911,2.9971555577631803
278,5.643022393482212,3.1537292260463023,2.281431893378069,2.985536244052791
279,5.633835746175736,3.143908863886427,2.2728965292925465,2.975580963646822
280,5.624667396585182,3.134509478704244,2.264440506620302,2.97175675786006
281,5.615517308144923,3.1242017200068926,2.2560387713299517,2.9634607894538365
282,5.606385443855819,3.114802782458456,2.2476749105203373,2.95268954207519
283,5.597271767239768,3.1050023369975683,2.2393923761713093,2.941054466646604
284,5.588176241384979,3.095959434591021,2.231169432270697,2.9307749186856387
285,5.579098829930327,3.0860804788359744,2.2229758798371693,2.9200339566248976
286,5.570039496289383,3.0772565576660926,2.2148579106376474,2.908777423980378
287,5.560998203978695,3.0679772456350083,2.2068032883580906,2.898445529481898
288,5.551974916915602,3.0598628360592173,2.1987949690357396,2.887233868914271
289,5.54296959861277,3.050197969736659,2.1908415398019154,2.8766468021264053
290,5.533982212685647,3.041679093547357,2.1829379475941733,2.865847734955492
291,5.525012723329083,3.0319801705689775,2.175085141459372,2.8548874108550994
292,5.51606109451152,3.0230067287806164,2.167296244487039,2.8441059735482197
293,5.5071272898562285,3.0139597819098705,2.1595595463299526,2.8330797968884243
294,5.498211273953302,3.0042860924472046,2.1518646507009356,2.822203251966539
295,5.489313010539783,2.9952568666809087,2.1442287544304803,2.81117229283597
296,5.4804324641106925,2.9859074744224468,2.136643345309835,2.800466048048359
297,5.471569598814829,2.976445567526094,2.129114402892655,2.789356748153557
298,5.462724379021706,2.967389157944007,2.1216389253561982,2.7785289944115688
299,5.453896769291306,2.9581507036590753,2.1142145206055556,2.7676052621601914
300,5.445086733926665,2.9487600636786877,2.1068461803649727,2.7563798420618872
301,5.436294237749252,2.939606855685028,2.099529877670455,2.745157938055788
302,5.42751924517405,2.9303564668920044,2.092255832990282,2.733806683270466
303,5.418761721044845,2.9211271287520995,2.0850391378448316,2.7224871294250983
304,5.4100216302459305,2.911967597515649,2.077869439374684,2.7111316714851204
305,5.401298937523215,2.902836554970056,2.070750941730062,2.6995697162248
306,5.392593607901734,2.893741725590906,2.0636824340991615,2.687949297874055
307,5.383905606208248,2.8846859545146883,2.0566641017568936,2.676559578710434
308,5.375234897518681,2.875638573128212,2.049690669715347,2.6668294002383637
309,5.366581447336433,2.866649357864695,2.042766672540071,2.6625167214742147
310,5.357945220429232,2.8577357061679067,2.0358880816928386,2.6661941410056245
311,5.349326182469739,2.8488336440011888,2.029060223963719,2.659190221448415
312,5.340724298633023,2.8399347205613656,2.0222811084608168,2.667270399729982
313,5.3321395339253845,2.8310952415522266,2.015545612816869,2.670263318034581
314,5.323571854495996,2.8223070756151323,2.0088659121604215,2.663741871713111
315,5.315021225429243,2.8135387876655926,2.002228059729275,2.66368093103023
316,5.3064876126244,2.8048073096703625,1.9956391356059058,2.6567689179361103
317,5.2979709816317095,2.796133136740623,1.989103418246554,2.6504453947132167
318,5.289471298308736,2.7875027585390626,1.982605303818044,2.647707241111538
319,5.28098852840251,2.778892159012119,1.9761540143595124,2.6422757022051746
320,5.272522637728571,2.770325108393455,1.9697435891443136,2.633722375050822
321,5.26407359246885,2.7618202722860397,1.9633773899866092,2.627876129860243
322,5.25564135845568,2.7533485127994473,1.9570575029487804,2.62331267056762
323,5.2472259017089415,2.7449004639031003,1.9507813843776334,2.6170939641804427
324,5.238827188525089,2.7365017011907997,1.9445465339810373,2.608898201030778
325,5.230445185267986,2.7281532177847194,1.9383587884809164,2.601858942136244
326,5.222079858100547,2.7198345590704642,1.932209113108143,2.5961827381034204
327,5.213731173402371,2.711551910035669,1.926108542844609,2.5900282531094163
328,5.205399097441484,2.7033171154219855,1.920049611482621,2.5824275334195343
329,5.197083597060017,2.6951236167473747,1.9140307453943548,2.5746268332668607
330,5.188784638510764,2.6869639292834737,1.9080577703207278,2.5678659526174386
331,5.180502188471643,2.678844446520124,1.9021224505410905,2.5615378061609264
332,5.172236213836226,2.6707691446018353,1.8962315297841401,2.5546333102612113
333,5.163986681087461,2.6627328239974153,1.89037843689147,2.546969670671947
334,5.15575355728197,2.654733372914919,1.8845657655279795,2.53942541539732
335,5.1475368092144365,2.6467752046855173,1.8787936927418105,2.532512634260089
336,5.139336403894967,2.63885723059719,1.8730617671369922,2.5257855654669976
337,5.13115230831024,2.6309772451750284,1.8673684447204366,2.5186633739032955
338,5.122984489542761,2.6231372961830783,1.861714759434355,2.511143528699161
339,5.114832914681269,2.6153388455892137,1.8561038699371986,2.5037523825346284
340,5.106697551029336,2.6075776974566387,1.8505288168973733,2.4967422732494233
341,5.098578365896321,2.599855912964202,1.844993468170434,2.4898509459980374
342,5.090475326627163,2.592174847175135,1.8395010400441827,2.4827429576617086
343,5.082388400483101,2.5845318632853096,1.8340429335283388,2.475409238937705
344,5.074317555118673,2.5769233397438533,1.8286248345336338,2.468142736336781
345,5.066262757925287,2.569354235463881,1.8232575465805225,2.461113911111442
346,5.058223976597984,2.5618258537470058,1.8179143032779221,2.454188109793356
347,5.050201178985821,2.554332950960662,1.8126104717573002,2.4471574863804384
348,5.042194332704138,2.546874416077942,1.8073534669831028,2.44000072330812
349,5.03420340543304,2.539452787631538,1.8021189047930786,2.432882055370276
350,5.0262283650662845,2.532068986531911,1.7969355129917346,2.4259148630049063
351,5.018269179442633,2.524722493656112,1.7917817310903315,2.419036372957975
352,5.010325816942007,2.5174112162319773,1.7866572013029403,2.412120058895209
353,5.002398245262509,2.5101365414630683,1.7815846716597918,2.4051356574021314
354,4.994486432643682,2.5028987000668503,1.7765331167855458,2.398170870698683
355,4.9865903473289865,2.4956972921821508,1.7715165855672406,2.391304484552549
356,4.97870995741678,2.488531631237106,1.7665423037003618,2.3845126032716775
357,4.970845231188432,2.481401833465504,1.7615950769008601,2.377718447212111
358,4.9629961370781555,2.474308080234084,1.7566983546128525,2.370895100678913
359,4.955162643493889,2.4672496082377076,1.7518216530674178,2.364089817335887
360,4.947344719145173,2.460226702484656,1.746976356081379,2.357353431361943
361,4.939542332267688,2.4532371512097146,1.7421643342620203,2.3506780988138307
362,4.931755451697086,2.4462838089999375,1.7373903710696843,2.3440180769096397
363,4.923984046003519,2.4393651691281923,1.7326447993239134,2.337351693439278
364,4.916228083849804,2.432479056409807,1.7279335772804745,2.3307030973674396
365,4.908487534408465,2.425626971178603,1.7232562961381317,2.324104872639212
366,4.900762366287833,2.4188104153564427,1.718608686384184,2.3175564255652397
367,4.893052548337836,2.4120277328030664,1.713998492979235,2.3110311539576336
368,4.88535804953031,2.4052788186741587,1.7094245982649563,2.30451424715895
369,4.87767883901835,2.3985633949020855,1.7048862924283008,2.2980189005681737
370,4.870014885897541,2.3918819605640027,1.7003799829586868,2.291565131818068
371,4.862366159653102,2.385235280090053,1.695899446286618,2.2851534613881883
372,4.854732629086221,2.3786208320329707,1.6914532088106018,2.278767725901783
373,4.84711426365653,2.372038676959949,1.6870407909448033,2.2723978066162225
374,4.839511032676128,2.365489966049357,1.6826509776257494,2.2660508576976635
375,4.831922905637698,2.358973803115578,1.6782965744530376,2.2597391473082347
376,4.824349851767112,2.3524913037893453,1.6739820252309492,2.2534635389093065
377,4.8167918408286265,2.3460449042520812,1.669684269773672,2.247214571026195
378,4.809248842587366,2.3396297292449955,1.6654140921845793,2.2409862855179035
379,4.801720826332484,2.333243708367764,1.6611745127347963,2.2347832105514813
380,4.794207762010599,2.3268929676739782,1.6569664690077008,2.2286126056857527
381,4.786709619390019,2.320569951111651,1.652794112849975,2.2224744760592663
382,4.7792263682697165,2.314275740614239,1.6486449693273735,2.2163626013032482
383,4.771757978360049,2.3080166515812777,1.644520935619753,2.2102732864561405
384,4.764304419670375,2.3017913857519603,1.6404380619222394,2.204209393884243
385,4.7568656623892425,2.2955913366747773,1.6363758906778305,2.198175215564543
386,4.749441676735021,2.289422442591539,1.6323369205545597,2.192170495711925
387,4.742032432419398,2.283288566272427,1.6283306168891345,2.1861914842312995
388,4.7346378999895,2.277184015771711,1.6243547696834517,2.1802364220212436
389,4.727258049425508,2.2711050730989966,1.6204130935691747,2.1743073878527266
390,4.719892851453097,2.2650581933246414,1.616483370270013,2.1684066937368494
391,4.712542275873015,2.2590460153917897,1.6125829851200575,2.1625335339030998
392,4.705206293589487,2.253057285362276,1.6087100213688017,2.1566853075926273
393,4.697884874819876,2.247099588406805,1.6048614346563768,2.150861077577496
394,4.690577990049723,2.241174039236963,1.6010381247535241,2.145062234481445
395,4.683285610270634,2.2352750334216145,1.5972414590044168,2.1392899750400285
396,4.676007705489149,2.229404627597096,1.5934724168562377,2.133543545180068
397,4.668744246993692,2.2235667986364995,1.5897318084922831,2.127821478225428
398,4.661495205236041,2.2177588560460384,1.5860181351967841,2.1221235712247593
399,4.654260551293312,2.2119760470526404,1.5823286692514928,2.116450772089572
400,4.647040256091852,2.20622349954171,1.5786664244804192,2.1108034394937727
401,4.63983429052675,2.2005081071768244,1.5750387753866608,2.1051806771302406
402,4.6326426254916955,2.194818074166027,1.5714276834777732,2.0995814798500603
403,4.625465231878991,2.189152301337273,1.567841724849798,2.0940058357750706
404,4.618302080966977,2.1835158741533967,1.5642787223140184,2.088454285994088
405,4.611153144031834,2.1779063467860134,1.560738072285476,2.0829268398992626
406,4.604018392198574,2.172321898744157,1.557225738367435,2.077422857890213
407,4.596897796858574,2.166767817478004,1.5537335270247756,2.071941890350616
408,4.58979132934122,2.1612393162964976,1.5502687252855982,2.066484084617573
409,4.582698961033238,2.15573635834531,1.546830095698,2.0610496344536746
410,4.575620663438186,2.150261387252665,1.5434142115956684,2.0556382241505737
411,4.568556407937803,2.1448147561636937,1.5400351591212964,2.0502492657696267
412,4.561506166060466,2.1393938492640787,1.536664327939579,2.044882480530747
413,4.554469909480909,2.1340006799747955,1.5333305252725953,2.039537949346169
414,4.547447609870908,2.1286343548639772,1.5300153408460944,2.0342156624970342
415,4.5404392390483,2.1232937776172593,1.526728588756426,2.0289153113212803
416,4.5334447689468975,2.117980606442572,1.5234889530863247,2.023636569477656
417,4.526464171228815,2.1126950753484683,1.5202348610679108,2.01837934315011
418,4.519497417791658,2.107434567028358,1.517051601509587,2.0131436126779128
419,4.512544480529631,2.102200942991181,1.513848053596053,2.0079291603877003
420,4.505605331750781,2.0969972443274796,1.5106866665545722,2.0027356157654808
421,4.498679943162884,2.091817665451137,1.5075549516388351,1.9975627138619139
422,4.491768287156153,2.086663258782626,1.5044346455112512,1.9924103556357315
423,4.484870336056808,2.0815367951721377,1.5013677274338193,1.9872784319610475
424,4.4779860615907685,2.076438108305809,1.4982868678853636,1.9821667134091876
425,4.471115436404767,2.0713631749397257,1.4953190989994334,1.9770749520290885
426,4.464258432663801,2.0663094384764142,1.4922691105454566,1.9720029906654206
427,4.457415022946167,2.0612789453295903,1.4892826897868372,1.9669506923201412
428,4.4505851797359925,2.056274368482023,1.4862801941343224,1.9619178263558463
429,4.443768875334019,2.0512939244723354,1.4833146611177246,1.9569041015230066
430,4.436966082454014,2.0463388051306164,1.4803751744198854,1.9519092780217364
431,4.430176773685503,2.0414108408030254,1.477417733436473,1.9469331869140774
432,4.423400921732436,2.0365084937387405,1.4745022629673168,1.9419756461741757
433,4.41663849923415,2.031628564498606,1.4715909342517515,1.9370364270770968
434,4.409889478825094,2.0267696903390426,1.468697953123471,1.9321153033081293
435,4.403153833581881,2.021938433583729,1.4658247077895505,1.9272120786668938
436,4.396431536307145,2.0171312886322257,1.4629706014565895,1.9223265432563692
437,4.38972255994732,2.0123470225538305,1.4601394239104455,1.9174584387571647
438,4.383026877413543,2.007589383633183,1.4573307460561802,1.9126074910051503
439,4.376344461909544,2.0028558530585867,1.4545413351837102,1.907773458499456
440,4.3696752863648225,1.9981463953739422,1.451771241675399,1.9029561210632828
441,4.3630193238226225,1.993463737752198,1.4490211540309867,1.8981552424098755
442,4.356376547678124,1.988807672581303,1.4463011766236369,1.8933705708191173
443,4.349746931200905,1.9841697653130907,1.4435904238718762,1.8886018588842304
444,4.343130447714003,1.9795552655852078,1.4409020234693415,1.8838488565611686
445,4.3365270704746,1.9749625286184012,1.4382280429872356,1.8791112923318354
446,4.329936773031782,1.970387970573569,1.435573246417222,1.874388870033198
447,4.323359528540503,1.9658387353678846,1.432942651771916,1.8696813001239405
448,4.3167953107458485,1.961313668132524,1.43031636622247,1.8649883037491723
449,4.310244093296402,1.9568057311321265,1.4277238838123285,1.8603096000955168
450,4.303705849804041,1.9523215458026768,1.4251319192450518,1.8556448954485492
451,4.29718055375461,1.947863065392284,1.4225736344996158,1.8509938890687547
452,4.290668178985,1.9434215821073013,1.4200280394203526,1.8463562731521488
453,4.284168699295026,1.939002144486639,1.4175003986899786,1.8417317212426936
454,4.2776820884474915,1.9346076653750524,1.4149893082276304,1.8371198893686387
455,4.271208320257678,1.9302334349672026,1.412489749595091,1.832520426486408
456,4.264747368742246,1.9258789414925799,1.4100164437058897,1.827932982041044
457,4.258299207850616,1.9215497784355888,1.4075524361299463,1.8233571997797837
458,4.251863811673712,1.9172451446430794,1.405108134523771,1.8187927120436
459,4.245441154145666,1.9129563446816829,1.402680281506689,1.8142391379615885
460,4.239031209550759,1.9086885759579284,1.4002717556861686,1.8096960817288872
461,4.2326339520458935,1.904445106864016,1.3978708027851077,1.8051631248582363
462,4.2262493558396566,1.9002197820491,1.3954931339848171,1.8006398332224303
463,4.219877395162417,1.896014692843325,1.3931296099562975,1.7961257544503095
464,4.213518044296081,1.8918374924839192,1.3907791411761596,1.7916204351543144
465,4.207171277872015,1.8876765883451452,1.388445096575515,1.787123390313681
466,4.200837070035881,1.8835330560955725,1.3861299409337378,1.782634142995191
467,4.1945153954022825,1.8794146218525922,1.3838291137308343,1.7781521560654152
468,4.18820622845778,1.8753141952489236,1.3815435736038517,1.7736769248789135
469,4.1819095438293665,1.8712324475466955,1.3792752389984948,1.7692078272846197
470,4.175625316075574,1.8671740994695476,1.377022671125678,1.7647443662082274
471,4.16935351986542,1.8631362806572946,1.3747832700961744,1.7602857909843468
472,4.163094129948387,1.8591152029594145,1.3725598888820845,1.7558318059825817
473,4.156847121124459,1.8551202750080387,1.370352074257121,1.7513814713088671
474,4.150612468422833,1.851142571165581,1.3681600581341231,1.7469356394609172
475,4.144390146594822,1.847181092689879,1.3659809680529547,1.742494413988427
476,4.138180130323029,1.8432434926782997,1.3638200092549995,1.7380673181394266
477,4.131982394817528,1.8393278442276695,1.3616754074830038,1.7336733704728513
478,4.125796915099552,1.8354264574339898,1.3595422724901294,1.7293932207269487
479,4.119623666389306,1.8315435196663397,1.357427379347734,1.7253473073247871
480,4.113462623420112,1.8276835938768516,1.3553231218872939,1.7211465244147959
481,4.107313761631476,1.823838038039659,1.3532429193757518,1.7168029725681258
482,4.101177056184199,1.820012245380374,1.3511676612809724,1.712370772210743
483,4.0950524822887635,1.8162125096812594,1.3491112770341058,1.7079454961943092
484,4.088940015354238,1.8124281777555022,1.347070290816854,1.703570294579846
485,4.082839630660062,1.808656675820172,1.3450450761207136,1.6992057821502065
486,4.076751303803336,1.804905887855686,1.3430382327831363,1.694762166419926
487,4.070675009982932,1.8011739967331581,1.3410334677825768,1.690303132309423
488,4.064610724834754,1.7974583565915592,1.3390581929327137,1.6858775710285072
489,4.058558423924225,1.7937646136608065,1.3370861361399888,1.681432723948783
490,4.052518082865638,1.7900898118115176,1.3351295672780048,1.6769389938808272
491,4.046489677202846,1.7864302679151522,1.3332003527129979,1.6724568698147242
492,4.040473182677627,1.7827907539237515,1.3312660561931704,1.6679612242303896
493,4.034468575110079,1.7791736906662416,1.3293607137783414,1.6634289587196702
494,4.02847583013024,1.7755684882119653,1.327451300151026,1.6588779042744348
495,4.022494923834121,1.7719835852401238,1.3255688698452586,1.6543126687736105
496,4.016525831948307,1.7684198561303515,1.3236920020582617,1.649710967655394
497,4.010568530247933,1.7648676414318616,1.3218236186386272,1.6450741806306806
498,4.004622994824801,1.7613326054694847,1.3199768697771586,1.640418499344088
499,3.99868920193774,1.7578211205128018,1.3181325923109337,1.6357190480185844
500,3.9927671273566205,1.754323865104573,1.3163189056405777,1.6309737159313291
501,3.986856747317005,1.750841317353857,1.3145000061143566,1.6261920101726077
502,3.98095803804238,1.74738335866662,1.312712256675351,1.621362228711208
503,3.975070975654774,1.7439392888062941,1.3109306937341199,1.6164721930743868
504,3.9691955365921916,1.7405102529968994,1.309147293161662,1.611527175411384
505,3.9633316968629253,1.7370986480218118,1.3073870245841863,1.6065180985145535
506,3.9574794329702847,1.733701613099221,1.3056283139137554,1.601430740785867
507,3.9516387213453643,1.7303253486187156,1.3038875854509562,1.596271634845047
508,3.945809538347187,1.726962186079099,1.3021599751236048,1.5910248506758295
509,3.939991860382057,1.7236153178860443,1.3004535539459539,1.5856761085689282
510,3.934185664171688,1.7202854166410813,1.2987456648386293,1.5802303028317009
511,3.928390926245931,1.716971995178117,1.2970515645876444,1.5746737734825071
512,3.922607623330588,1.713673839280543,1.2953661239081196,1.5689835097411178
513,3.9168357317509765,1.7103939871867395,1.2936979071092642,1.5631686063646084
514,3.9110752285056103,1.7071319562967118,1.2920461615166559,1.5572221628058565
515,3.905326090132368,1.703884730767371,1.2904102913886113,1.5511359628262587
516,3.899588293603482,1.700660966864234,1.2887868121676995,1.5448748417637104
517,3.893861815818031,1.6974498535353448,1.2871610332494439,1.5385235702198392
518,3.8881466336020867,1.6942495140565152,1.2855655463688278,1.532256335385207
519,3.8824427237982655,1.6910703394529274,1.283960788301392,1.5262664532569306
520,3.876750063414708,1.6879038909473483,1.2823923665432149,1.5207597417411924
521,3.8710686296545513,1.6847492745420807,1.280832113050518,1.5162280495726896
522,3.8653983992598855,1.6816127193666464,1.2792839729483287,1.5138115889117136
523,3.859739349615363,1.6784922011676908,1.277754899633874,1.5145931934072165
524,3.8540914579422516,1.675384962841229,1.276231686388988,1.5143244240959308
525,3.84845470117955,1.6722910697141633,1.2748118133045534,1.5084109916447026
526,3.8428290565806003,1.669213889331117,1.2733158877106925,1.5062013254153361
527,3.837214501623052,1.6661527506500904,1.2719025550522538,1.50092967531678
528,3.83161101371039,1.6631060360352667,1.270392827617175,1.4980997825730735
529,3.8260185698740585,1.6600727877157997,1.2689555655519738,1.4932142394675363
530,3.820437147727883,1.6570597025188187,1.267472319981095,1.4894984091474692
531,3.814866724751645,1.6540590997060356,1.2660395915591443,1.4859366749503524
532,3.809307278529772,1.6510722117019312,1.2645821828719714,1.481259814436676
533,3.80375878651271,1.6481053045650973,1.2631492442501786,1.4776343647914774
534,3.79822122643442,1.64515213352485,1.2617369930472881,1.4738689311649658
535,3.7926945756263626,1.6422098442031274,1.2603452844513678,1.4694225024744596
536,3.7871788118825673,1.6392832766267422,1.2590247241150907,1.4656600658999783
537,3.7816739130712773,1.6363716626357336,1.257663958033833,1.4618813586614894
538,3.7761798567473717,1.6334751669238352,1.2564420258070892,1.4575454942306334
539,3.770696620987458,1.6305898029408843,1.255132996343613,1.4536377562493932
540,3.7652241834947566,1.6277216917830686,1.25398476302119,1.4498101519340076
541,3.759762522315105,1.6248713518008777,1.2526159206811136,1.445517605176551
542,3.7543116150614124,1.6220318845312858,1.2515086175645451,1.4414612652141134
543,3.748871439778792,1.6192060251081049,1.2501430206997737,1.4375287138444075
544,3.743441974824487,1.6163977240372536,1.2490981066225986,1.4332052085356692
545,3.7380231978241674,1.6135963793421382,1.2477542778890358,1.4290077252178388
546,3.7326150871337043,1.6108101199910514,1.2467284111871064,1.4249262528294377
547,3.727217620824431,1.6080438771239165,1.245435648017415,1.4205078546792949
548,3.7218307771903527,1.6052835392454552,1.2445368384851172,1.4161599074818423
549,3.716454534241061,1.602537035019377,1.243266585004769,1.4118845704985303
550,3.711088870536768,1.5998074161021147,1.2424622422702265,1.4073032009178081
551,3.7057337642633326,1.5970860564980103,1.2412059366428276,1.4028042116995465
552,3.7003891937694506,1.5943787624241736,1.240539481719867,1.3983017871717247
553,3.695055137506727,1.5916857937626856,1.239289572921566,1.3935125427534119
554,3.6897315737314424,1.589004967913484,1.2387352660293993,1.3888441354090457
555,3.6844184809519835,1.586340146297145,1.2375026119719592,1.3840354447716687
556,3.679115837719719,1.583691317810375,1.2369950968632948,1.3790429258672836
557,3.6738236226587166,1.5810512403934098,1.2357575545906605,1.3741755159404676
558,3.6685418142867854,1.5784242778308644,1.23508937886836,1.369004552175429
559,3.6632703914329197,1.5758147238831735,1.233835235599294,1.3638937058416778
560,3.6580093323724086,1.5732157270506333,1.2330465645502702,1.3586816013560628
561,3.6527586162286543,1.5706277336620624,1.231861737677884,1.3533010287684604
562,3.647518221719776,1.5680516439391792,1.230788542864984,1.3480463798676323
563,3.6422881275170518,1.5654894460067204,1.2297778373708308,1.3424712588096877
564,3.637068312453624,1.5629389256816033,1.2286016821096073,1.3371389724420202
565,3.6318587554943775,1.560399004144273,1.2276729045733932,1.3315125594430823
566,3.6266594354972552,1.5578720768850922,1.2264900315191496,1.3261559864823214
567,3.621470331481693,1.5553585648595363,1.2256448468791887,1.3205890651930838
568,3.6162914223004727,1.5528566222398255,1.2244568164814364,1.3152431390963515
569,3.6111226871764948,1.5503665304038654,1.2235573176343413,1.3097686025322584
570,3.6059641052550058,1.547890594688501,1.2224133278720157,1.304489576871892
571,3.600815655544147,1.5454268356233924,1.2213573400459716,1.2991090293332157
572,3.5956773170046366,1.5429728669990839,1.2203012960128043,1.29388660549881
573,3.5905490692353177,1.54053232126975,1.2191697765909881,1.288568699786694
574,3.58543089127979,1.5381043826120717,1.218222052470504,1.2833908503204416
575,3.580322762461985,1.5356870903278128,1.2170861853473873,1.2781131948580426
576,3.57522466196837,1.5332823721454751,1.2160960917284387,1.272943106777701
577,3.5701365692356575,1.5308905301984925,1.2150033947992351,1.2676830649498074
578,3.5650584637416864,1.5285105581287837,1.2139075399048975,1.2625155769112064
579,3.559990324766922,1.5261401200620606,1.2128587733063694,1.2572617866184057
580,3.5549321319014875,1.5237817325201266,1.2117586222848418,1.252081833173614
581,3.549883864508107,1.5214364496336976,1.2106944391974006,1.2468334427404726
582,3.5448455023484056,1.519100953924583,1.209664198717401,1.241656842229136
583,3.5398170248966605,1.5167778630196918,1.2085807814600062,1.2364204420004103
584,3.534798411638398,1.514468095242398,1.207559270649272,1.2312502637517495
585,3.5297896425770094,1.5121673849043447,1.2065118679982363,1.2260398782429083
586,3.5247906971300322,1.5098774066848668,1.2054544739847246,1.2208986716395913
587,3.519801554994586,1.507601993295222,1.2044256507510334,1.2157260941084889
588,3.514822196236222,1.5053343182579737,1.2033814280033417,1.210615775849281
589,3.5098526007219424,1.5030770488577267,1.202353025523693,1.205489705341835
590,3.504892748031189,1.5008365711129898,1.2013321850623047,1.2004239551460647
591,3.499942618201478,1.498605380287211,1.200311764070181,1.1953482174090768
592,3.4950021910122264,1.4963812170488522,1.199306124717858,1.1903204958509568
593,3.4900714464919096,1.4941725900642644,1.1983007852842116,1.1852930041009493
594,3.4851503647089457,1.4919715948917676,1.1972956410306133,1.1803101909503377
595,3.4802389258610225,1.489784691172651,1.1963084171313676,1.1753299596814624
596,3.4753371097980024,1.4876124916678892,1.1953152961172604,1.1703820295042067
597,3.4704448966782695,1.4854454679206208,1.1943383445552465,1.1654436957100271
598,3.465562266550879,1.4832870926956951,1.1933630396127697,1.160537629242037
599,3.460689199862416,1.481145825651101,1.1923901982829566,1.1556399130344073
600,3.455825676740945,1.479009230492987,1.1914283016166602,1.1507645458245854
601,3.450971677235064,1.4768854242917748,1.19047022896902,1.1459062233530737
602,3.446127181910112,1.4747814481253492,1.1895174543572562,1.1410758427568715
603,3.4412921711616806,1.4726772755206716,1.188573067226957,1.1362522244457898
604,3.43646662503714,1.470587714296777,1.1876339740207573,1.1314476881553206
605,3.4316505243986266,1.4685185274365424,1.1866998321626807,1.1266843584908868
606,3.4268438494610987,1.4664447881061302,1.185775668545219,1.1219755187514082
607,3.4220465806578977,1.464386698816426,1.1848597878871232,1.117290755070323
608,3.4172586984913025,1.4623311970414086,1.1839494902914032,1.1127557279738673
609,3.412480183711202,1.4602911423606133,1.1830437858037242,1.108535919409248
610,3.4077110165099405,1.4582619478511456,1.1821455608137612,1.1047976682108107
611,3.402951178013545,1.45623675049907,1.1812560328121848,1.100232296491549
612,3.3982006486705374,1.4542372377341808,1.1803743396250344,1.0961088760329893
613,3.393459408968541,1.4522393963602873,1.1794901704161962,1.0919963858043595
614,3.3887274400898546,1.4502425997712567,1.178618741046589,1.0880865956652033
615,3.3840047224199488,1.4482683657568756,1.1777569856962788,1.083780426373713
616,3.3792912368901615,1.4462927365171165,1.1768898690565606,1.0801886304196513
617,3.374586964469968,1.444329587911359,1.1760397632172117,1.0761508648278229
618,3.3698918860476965,1.4423733049912428,1.17518475725707,1.0722302231350047
619,3.365205982371083,1.4404281239521264,1.1743414878888467,1.0683717016868501
620,3.3605292344051834,1.438495548542112,1.1735066694451604,1.0645878428787239
621,3.3558616230637153,1.4365671396413358,1.172672790475309,1.0606937107441223
622,3.3512031296561973,1.4346558287300784,1.1718431021544404,1.0569006372255494
623,3.3465537349930874,1.432749145590795,1.1710197115870968,1.0529278524139125
624,3.3419134202510485,1.4308498191800865,1.1702080453374115,1.0490737279386824
625,3.33728216652518,1.4289634049710946,1.169394973014152,1.0453164718827455
626,3.3326599548887867,1.4270838867300182,1.1686029493785852,1.0413137411146804
627,3.3280467666914455,1.425211941432959,1.1678057378537572,1.0376647607628602
628,3.3234425830220116,1.4233499954947293,1.1670173734272586,1.033525557645994
629,3.318847385066766,1.4214955493911523,1.1662285913761608,1.0298923796884154
630,3.3142611544966525,1.4196495026080704,1.1654490632571775,1.0257188930724637
631,3.3096838724232263,1.4178130559802307,1.1646750143655829,1.022086480989208
632,3.3051155200256224,1.415985041982616,1.1638995225318542,1.0179744367405568
633,3.30055607881864,1.4141666506290949,1.1631283356381112,1.0142613262764386
634,3.2960055302944444,1.4123575216271196,1.162364424807551,1.0101900475996348
635,3.2914638561014264,1.4105559667059804,1.1616055378932988,1.0064019671220306
636,3.286931037269028,1.4087669778822343,1.1608498204898736,1.0024261389631062
637,3.2824070556394935,1.4069851911627937,1.1600978875247476,0.9985733480017124
638,3.2778918927635567,1.405207767405199,1.1593506890395506,0.9946481144807672
639,3.273385530079838,1.403445307161904,1.1586119723324189,0.9907188385700211
640,3.2688879493919067,1.4016874503123404,1.1578754370669702,0.986853627686714
641,3.264399132360911,1.3999397114090624,1.1571432154688595,0.9828905678002932
642,3.2599190607144792,1.3982019821948448,1.15641894137404,0.9790658395988596
643,3.2554477160826734,1.3964691777423923,1.1556963280953254,0.9750575240560212
644,3.2509850802813074,1.3947547368505524,1.1549813962503737,0.9712618302953541
645,3.2465311350731563,1.393046001477781,1.154276375895619,0.9672543824247061
646,3.2420858621829645,1.3913382671866064,1.1535742277814927,0.9634787130657714
647,3.2376492436551483,1.3896428284476476,1.1528748071540975,0.9594977827543877
648,3.2332212612720115,1.3879534708701695,1.1521818622176982,0.9557298246414947
649,3.2288018968522945,1.386270505657485,1.1514943195815446,0.9518001175261567
650,3.2243911326385297,1.3845978460792079,1.150808541651717,0.9480349686225598
651,3.2199889504617296,1.3829309827757832,1.1501254912519636,0.9441914963745021
652,3.215595332397861,1.3812728402504912,1.1494470428993357,0.940425118193808
653,3.211210260379926,1.3796254110686126,1.1487716200976632,0.9366480695233781
654,3.20683371666018,1.3779816231420023,1.1480997673310698,0.9328758714562564
655,3.202465683392266,1.376347877684626,1.1474323123282586,0.9291833349169373
656,3.1981061424078905,1.3747215264666837,1.146770268116324,0.9254118426514738
657,3.1937550760966382,1.3731013761868693,1.1461126156974746,0.9217706035081256
658,3.189412466644895,1.3714909718211554,1.1454601072659703,0.9179971191238552
659,3.185078296513093,1.3698878440953475,1.1448170194334661,0.9144144439410601
660,3.1807525475857963,1.3682945336330627,1.1441758927913235,0.9106544839819646
661,3.1764352024096483,1.36671228290613,1.1435414641162995,0.9070986470126086
662,3.1721262433724835,1.3651330336492302,1.1429088219044423,0.9033580185587463
663,3.167825652837757,1.3635668755559363,1.1422799270559898,0.899833953696706
664,3.163533412965778,1.3620067885749834,1.1416573001266603,0.8961262715847562
665,3.159249506384669,1.3604494751222065,1.14103787272253,0.8926085929002676
666,3.1549739153400633,1.358901310798873,1.1404173509247584,0.8889445898919485
667,3.1507066225452367,1.3573636464706686,1.1398121802077403,0.8854420817816492
668,3.1464476105692247,1.3558268991529414,1.13920248599343,0.8818198108476514
669,3.1421968619116165,1.3543067923617733,1.1386017502708439,0.8783135113662087
670,3.137954359226211,1.3527877750421773,1.1380051509592595,0.8747408889043208
671,3.1337200848587736,1.3512820016158704,1.1374069836985357,0.8712447158169088
672,3.1294940215927096,1.3497867224622786,1.1368177622497606,0.867709522899288
673,3.12527615203724,1.3482902113168413,1.1362340365857824,0.8642097682421571
674,3.1210664591492927,1.3468036043893428,1.1356530339028306,0.860717509022538
675,3.1168649254430445,1.3453249973366534,1.1350744159571653,0.8572312141826035
676,3.112671533750766,1.3438477443256305,1.1344998513620554,0.853767375637435
677,3.108486266670842,1.3423795859232877,1.1339275455988178,0.8502867978184386
678,3.1043091072834956,1.3409215466344613,1.1333583136698715,0.8468561888175328
679,3.100140038509074,1.339464699763401,1.1327958520173038,0.8433976583857024
680,3.0959790430338634,1.3380161929484724,1.132240013321993,0.8399870506972363
681,3.0918261039662074,1.3365740465188758,1.1316806844457705,0.8365502736272951
682,3.0876812041800115,1.3351386677353991,1.1311227604879563,0.8331651543908841
683,3.083544326389719,1.3337116851333546,1.1305757060257287,0.8297591892965743
684,3.079415453731775,1.3322899784499556,1.130026436914547,0.826389619679269
685,3.075294569242239,1.3308759060874462,1.1294794883281558,0.8230184431944407
686,3.0711816561550136,1.3294685857234405,1.1289389698265906,0.8196712301199632
687,3.067076697528916,1.3280663154129502,1.1284003356078272,0.8163325258910529
688,3.0629796762480304,1.3266722360299326,1.1278627988284977,0.8130034835674635
689,3.0588905756479043,1.3252863024474248,1.127331490024929,0.8097015075080674
690,3.05480937903781,1.3239070779211382,1.126803026593794,0.8063973265322163
691,3.0507360692835643,1.3225379278606597,1.1262786159069242,0.8031226792075935
692,3.0466706297769908,1.3211758351469727,1.1257574737784113,0.7998462836218884
693,3.0426130437792156,1.3198154688441721,1.1252398011735905,0.7966033448076889
694,3.0385632945699426,1.3184629600456503,1.1247273307719097,0.7933561233114612
695,3.0345213653431062,1.3171159404868973,1.1242175043003277,0.7901348208369567
696,3.030487239594475,1.3157727107369221,1.1237087146385394,0.7869231102454757
697,3.026460900629307,1.3144412705340487,1.1232083624921516,0.7837289512008582
698,3.0224423318756575,1.3131121840768365,1.1227073829390624,0.7805458819550428
699,3.0184315165116042,1.311789942131424,1.1222078395178807,0.7773731287951263
700,3.0144284384939257,1.3104761569045527,1.1217167088384286,0.774225097433534
701,3.0104330808578132,1.309165374010884,1.1212245913229277,0.7710792293430643
702,3.0064454273876433,1.3078631440969632,1.1207387279608565,0.767955401048548
703,3.0024654613488804,1.3065660916041797,1.120259958462988,0.7648365216396347
704,2.998493166561999,1.3052790184726424,1.1197841249966374,0.7617435130552584
705,2.99452852658181,1.3039985900680775,1.1193108369243447,0.7586528778658066
706,2.990571524936409,1.3027230038774762,1.1188412187066652,0.7555813645740673
707,2.9866221452613417,1.3014574375361292,1.1183749992175904,0.7525219257318202
708,2.9826803714484003,1.3001960768776177,1.1179088959757824,0.7494787297301001
709,2.9787461868255463,1.2989370840494487,1.1174469963159848,0.7464463357702389
710,2.9748195753054287,1.2976824940359721,1.116985234088556,0.7434265361610917
711,2.970900520668959,1.2964333163559982,1.1165322700784486,0.7404247139793583
712,2.966989006565573,1.295189658430839,1.116074847824212,0.737433128802348
713,2.9630850168860245,1.2939533102308576,1.1156379732373438,0.7344562022800267
714,2.9591885354936815,1.2927234726405035,1.1151952284140287,0.7314915489804442
715,2.9552995460159637,1.2914989508906614,1.1147609813759685,0.7285430984316703
716,2.9514180326643786,1.2902838189781718,1.1143612495664468,0.7256062997651939
717,2.94754397914557,1.2890751129770386,1.1139228707137192,0.7226826316739351
718,2.943677369377582,1.2878674644283639,1.1135058454149374,0.7197738747402632
719,2.9398181874149296,1.286673383232149,1.1130882148258978,0.7168776278249006
720,2.935966417418526,1.285481307168416,1.1126696411572796,0.7139953930648737
721,2.9321220429104105,1.2842913223984973,1.1122962621148706,0.7111254946875284
722,2.9282850482800415,1.2831162666941405,1.1118703392133322,0.7082703363987576
723,2.9244554174265596,1.2819419353839154,1.1114554265773606,0.705427340115836
724,2.920633134609132,1.2807797017334117,1.1110554959594068,0.7025979573289574
725,2.9168181837309772,1.2796181715056323,1.1106404896761304,0.6997821698196823
726,2.913010548921223,1.278456737015883,1.1102795597098298,0.6969789394389272
727,2.9092102143854417,1.277305766460467,1.1098661606270823,0.6941890235190518
728,2.905417164286289,1.2761617458309558,1.1095149825677715,0.6914121682779444
729,2.901631383145921,1.2750195994638998,1.109114632526118,0.6886488789031675
730,2.897852854936304,1.2738903221975046,1.1087332956696003,0.6858975939707803
731,2.894081563825373,1.2727685553036954,1.1083371459201494,0.6831594678426721
732,2.8903174941468377,1.2716511728159399,1.1079428848946324,0.680435110175832
733,2.8865606302359383,1.2705390097034823,1.1075593295765878,0.6777227231089674
734,2.8828109561761224,1.269425350887198,1.1071618414006084,0.6750229628457531
735,2.879068456708519,1.2683184755546903,1.106767380244422,0.6723362782793527
736,2.8753331160087288,1.2672126845160665,1.1063746778109071,0.669662815301808
737,2.8716049183287047,1.2661223022005303,1.1059878023229865,0.6670009745595071
738,2.8678838485628435,1.2650288189770815,1.1056199056754994,0.6643517133436503
739,2.8641698906969797,1.2639368077213988,1.1052393172453379,0.6617159181188983
740,2.860463029330121,1.262856339995558,1.10486333389984,0.6590919044719696
741,2.8567632490622765,1.2617744140392269,1.1044900336530512,0.6564800252559684
742,2.853070534330538,1.2606966674728093,1.1041177301492333,0.6538808466626517
743,2.8493848696478277,1.2596278856943928,1.1037400419328447,0.6512942317634345
744,2.845706239498438,1.2585613800483075,1.1033715845922767,0.6487193737947169
745,2.8420346286063074,1.2574982147197071,1.1030102190313416,0.6461566963224343
746,2.838370021442806,1.2564485748634977,1.1026424589474115,0.6436065695719508
747,2.834712402614668,1.2553994473940246,1.1022732366681178,0.641068319632501
748,2.831061756863723,1.2543550339629732,1.1019132017536124,0.6385419779612334
749,2.8274180689027117,1.2533191133294532,1.1015567136841078,0.6360278326608978
750,2.8237813232961364,1.2522833597719927,1.1011937707678277,0.6335255560654204
751,2.8201515048181833,1.251255816400047,1.1008389406964865,0.6310351401657772
752,2.8165285983330954,1.2502281501135188,1.1004879684866198,0.6285566240992851
753,2.8129125882734516,1.2492202268610153,1.1001594924469176,0.6260898830670961
754,2.809303459848022,1.248209727241288,1.0998099726234483,0.6236347611036603
755,2.8057011973414876,1.2472031823511143,1.0994822235626027,0.6211914832729495
756,2.8021057859044225,1.2462070518142623,1.0991464130342,0.6187598996760775
757,2.7985172102104614,1.245206402290822,1.0987990508878402,0.6163396299441971
758,2.794935455783455,1.2442164406589826,1.0984637593906466,0.6139310223539065
759,2.7913605064029694,1.2432320608680547,1.0981265803368463,0.6115341418690105
760,2.7877923481161844,1.2422423746700262,1.0977915011833341,0.6091483771559434
761,2.7842309640924596,1.2412645398659108,1.0974587067722579,0.6067739640513362
762,2.7806763423627916,1.2402889855640316,1.0971212577627087,0.6044111634293676
763,2.7771284633825233,1.2393165541984137,1.0967855369114223,0.6020595191943257
764,2.7735873193733003,1.238356577280264,1.0964543216335674,0.5997189325325162
765,2.7700528852124733,1.2373932066197053,1.0961239891655787,0.597389668153853
766,2.766525164840198,1.236435471184222,1.0957964718943527,0.5950716170739955
767,2.763004120197278,1.2354839718502086,1.0954728608907711,0.592764463908992
768,2.759489792246986,1.2345388382951932,1.0951512511603416,0.5904683568343735
769,2.7559821259965998,1.2336008873114104,1.0948306794901843,0.5881833224969123
770,2.7524813100930574,1.232660306632168,1.0945098045129156,0.5859091182020435
771,2.7489873782362593,1.2317248710482802,1.0941899938493933,0.5836458025780612
772,2.745501329966875,1.230793005188012,1.0938721941558713,0.5813933224063002
773,2.7420245458161387,1.2298646833796356,1.093555638876722,0.5791515503122014
774,2.7385636432644334,1.2289382346190572,1.0932422833187934,0.5769205673035492
775,2.7351312799602003,1.2280164712994268,1.092934076507663,0.5747002486963101
776,2.7317672573449765,1.2271087586936678,1.0926367950768638,0.572490450350556
777,2.7285124449150473,1.226198718344871,1.0923331389819633,0.570291272257527
778,2.725443281277048,1.225309633854752,1.0920475734646207,0.5681026990298669
779,2.722384512035985,1.22443197016965,1.0917710769108395,0.5659244435786027
780,2.7191673460003947,1.223534014903758,1.0914833956436256,0.5637566254453757
781,2.7157572635523897,1.2226670588034767,1.0912264844359565,0.5615992784000129
782,2.7126276513790484,1.2217907400383041,1.0909416950054505,0.5594521603720096
783,2.709614836078255,1.2209037916606882,1.0906585845076429,0.5573152754343945
784,2.706346039439803,1.220032222927857,1.0903744899903063,0.5551886824900744
785,2.7032501405046725,1.2191632563838786,1.0900887366879588,0.5530722304461935
786,2.7000662951921632,1.218288319865324,1.0898086903523767,0.5509658670196579
787,2.6967602647460205,1.217428330775758,1.0895256163264457,0.5488696098982838
788,2.6936340246759323,1.2165656840559613,1.089246725867594,0.546783328000456
789,2.690321767581914,1.2157104972479729,1.088973484843564,0.5447070723495445
790,2.6871640707799864,1.2148532650034227,1.0886953146236387,0.5426407036448349
791,2.6838090962963874,1.2140076207125978,1.0884178139249887,0.5405842212296158
792,2.680629456520476,1.2131564464688076,1.0881420722532316,0.5385375025775876
793,2.6773272114807734,1.2123187907325401,1.08786614895081,0.5365008049118456
794,2.6741004358131426,1.211481106320842,1.0875900414297377,0.5344734784441959
795,2.6708150172887186,1.2106450788474328,1.0873159971507815,0.5324566439317299
796,2.667587430638932,1.2098258184477453,1.0870532710130731,0.5304489297754068
797,2.664275220821437,1.2089954023410223,1.0867800096764455,0.5284550432990434
798,2.6610584790374405,1.208178447368254,1.0865143562886743,0.5264748335149552
799,2.657748495916112,1.2073619722814333,1.0862568893884512,0.5245355499613118
800,2.654521013705755,1.2065469616595423,1.0859889161887675,0.5226696597109182
801,2.651239067413417,1.2057380524996715,1.08572776999541,0.5210222061338119
802,2.648000840701472,1.2049305893466054,1.085479766962554,0.519809949145494
803,2.644728312908705,1.2041330807604147,1.085221605903668,0.5189872519990298
804,2.641491332420764,1.2033348910343413,1.0849692388374759,0.5173377778578689
805,2.6382356972014103,1.2025406886806196,1.0847220029037357,0.5164892028040335
806,2.634990051183518,1.2017511360865587,1.0844703427118014,0.5163578468576384
807,2.63176502502345,1.2009681987868392,1.0842138753368276,0.5160993716493484
808,2.6285126124019444,1.2001906504200013,1.083963066180704,0.5170411363212625
809,2.62529252086745,1.1994005073970837,1.0837179078671106,0.5175546122832614
810,2.6220533698741293,1.1986208549109054,1.0834653034443338,0.5200445985473493
811,2.618838625365874,1.1978384106618283,1.0832167655778167,0.5231564872959169
812,2.6156168928940615,1.1970622786895244,1.082979857242939,0.5259099239688533
813,2.612406226257197,1.1962875039399394,1.0827364179309402,0.5290355278709044
814,2.609199772810134,1.1955143578316396,1.0824936294949532,0.5334366086065985
815,2.605990146084748,1.1947453994679746,1.0822488603786333,0.5352606444880879
816,2.6027988071492856,1.1939783705008682,1.0820059515119724,0.5401506001729656
817,2.599598820597037,1.193215268097221,1.0817607515525385,0.5440514838798836
818,2.5964162210016686,1.1924605840997793,1.081516606783595,0.5446036074383532
819,2.5932333680461306,1.1917112904473257,1.0812768278603717,0.5482587204629539
820,2.590056384110999,1.190959910278091,1.0810362714547286,0.5519541522684779
821,2.5868864679093586,1.1902191554764374,1.0807961683166265,0.5541355280298959
822,2.5837179103799577,1.1894721088988747,1.0805567720798048,0.5547805448500192
823,2.5805598927785254,1.1887374374709774,1.0803204789690695,0.5567942838894563
824,2.5774026227973694,1.1880054057811735,1.0800868317761017,0.5602345374844572
825,2.574256920224113,1.1872677916555765,1.0798518908283161,0.5630085791234165
826,2.5711130496748997,1.1865379475501991,1.0796204445804378,0.5641381963549623
827,2.5679742159441052,1.1858079243335207,1.079388467726996,0.5650061739073471
828,2.5648430763255505,1.185080520817629,1.0791568986873679,0.5671929845435763
829,2.5617146274461153,1.184357129679567,1.078929152784223,0.5699228099313605
830,2.558595343664465,1.1836369998064777,1.0787033813055282,0.5718407297949584
831,2.555479668484834,1.1829217365109033,1.07847543252686,0.5728495502716788
832,2.5523708487161936,1.182211110718001,1.078250932632159,0.5736439232354618
833,2.5492665814419313,1.1815034922245287,1.0780320971833695,0.574754004831476
834,2.5461678706870083,1.1807977020642884,1.0778095955957612,0.5763237609263124
835,2.5430759216605696,1.180098245625915,1.077591874327508,0.5777998682485901
836,2.539988241285936,1.1793971391616225,1.0773716932677861,0.578745171556249
837,2.5369080746943493,1.1787038150119253,1.0771579693089557,0.5792383842703978
838,2.533832242984095,1.1780114973757696,1.0769394126264569,0.5797548267068557
839,2.5307624652452483,1.177321179672893,1.0767321027687409,0.5804343224275095
840,2.5276982562281964,1.1766379653861048,1.0765232377111533,0.5813022785588545
841,2.524639194238703,1.1759526415221564,1.076309450529973,0.5821007509071052
842,2.5215865595126785,1.1752780487522392,1.0761047243888375,0.5825701476080446
843,2.518539118492471,1.1746034879568201,1.0758996303465458,0.5827667548098675
844,2.515497935611426,1.1739276594457593,1.0756945447144297,0.5829425920962611
845,2.512461585484765,1.1732582728619256,1.075487569025682,0.5832268533428234
846,2.5094309746001726,1.1725883770885173,1.0752972770990588,0.5835660092416529
847,2.5064059897936404,1.1719303032217019,1.0750955812977578,0.5838350579064299
848,2.503386505938338,1.1712682689681952,1.0749010994023978,0.5838678829666578
849,2.5003732069033116,1.1706124266215194,1.0747214500664664,0.5836767102065306
850,2.49736497438454,1.1699636645492801,1.074522927224346,0.583440130731335
851,2.4943623726291495,1.1693069415827597,1.0743517186800342,0.5832621668050353
852,2.491365061506986,1.1686592413388,1.0741619736019554,0.5830514409590081
853,2.488373415214567,1.1680115296528035,1.0740079952153898,0.5827726903116777
854,2.4853874058819443,1.1673655930076905,1.073825612923823,0.5822435987883104
855,2.4824068573985536,1.1667365427365197,1.0736748692139915,0.5815720472265111
856,2.479431936822165,1.166097338504845,1.0734747612901248,0.5808414013893587
857,2.476462203862732,1.1654658802893934,1.073319163002245,0.5800616178415842
858,2.4734980629039414,1.1648328776016275,1.0731268639019416,0.5792685006146743
859,2.4705392630617125,1.1642036835084526,1.0729612838475633,0.5782702844902563
860,2.467585982064094,1.1635836205116428,1.0727814943025498,0.577114784385449
861,2.4646382335795227,1.1629555007343848,1.0725926484621542,0.5757892058018426
862,2.4616958580976047,1.1623313443236285,1.0724359485333441,0.5744478897348009
863,2.4587588909169225,1.1617112959713607,1.0722561731383704,0.5730692004526146
864,2.455827147085904,1.161096433427375,1.07210187015577,0.571624416345126
865,2.452900839049419,1.1604844570689492,1.0719288252031838,0.570009942829706
866,2.4499799033645813,1.159871486209872,1.0718076043725395,0.5682659958801639
867,2.4470644362770253,1.1592636040808038,1.0716615327553531,0.5665592290636859
868,2.444154286808444,1.158657418469734,1.071583506827363,0.5649120571080424
869,2.4412493501184573,1.1580624941450817,1.0715076325915802,0.56332881719413
870,2.4383497116853827,1.1574672735626648,1.071508329162247,0.5616021249884355
871,2.4354553503328815,1.156866971801785,1.0713314125904463,0.5599333534735459
872,2.432566370186129,1.1562794406764825,1.0713372656255202,0.5582522365597414
873,2.429682663535759,1.1556867408261053,1.0712030747979275,0.556743168218115
874,2.4268042071687916,1.1551075419056243,1.071283488702103,0.5551257661146553
875,2.4239309391458512,1.1545185081726796,1.0711891325133096,0.55354793158738
876,2.4210628863431536,1.1539413710339521,1.0714549480293523,0.5519068261844948
877,2.418200071023405,1.1533570816371972,1.0714999710277149,0.550372469587497
878,2.415342465098468,1.1527864236735168,1.0720673606377982,0.5487975095560702
879,2.412490088875747,1.1522127163516829,1.0721679059856204,0.5471830429535408
880,2.409642867850646,1.15163634275365,1.073119526336165,0.5455372226701968
881,2.4068007966003515,1.1510647366165447,1.073334792304004,0.5438873410477697
882,2.4039638389121945,1.1504927435587577,1.0748945398476013,0.5422620637519346
883,2.4011320193532617,1.1499278074528156,1.0748627858989301,0.5405753185338448
884,2.398305351504054,1.1493685913230234,1.0764325758208269,0.5388756529327966
885,2.39548381977124,1.1488023266727254,1.076450995453865,0.5371397254772537
886,2.3926673810106243,1.1482481841451777,1.077464302664727,0.5354404479953662
887,2.3898559814950704,1.1476872682110288,1.0777998103486797,0.5337149962946326
888,2.3870496391900735,1.1471329208898684,1.0776755600820769,0.5319849905832338
889,2.384248361132449,1.14657960566925,1.078382277004245,0.5302171565208741
890,2.3814521604991183,1.1460260427433429,1.0782809422242015,0.5284764906345146
891,2.3786609934288054,1.145479088331857,1.078365219321507,0.5267367364839162
892,2.375874822778975,1.1449331468632526,1.0785697066613544,0.525009205098308
893,2.3730936329688515,1.144395222406512,1.0784430027685274,0.5232621893580557
894,2.370317427894834,1.1438532433064985,1.078332984207763,0.5215275436857663
895,2.3675462115349375,1.1433224615798838,1.0784215134803283,0.5198024572835093
896,2.3647799649859387,1.142788077136846,1.0782122966504952,0.5180960692002075
897,2.362018670887437,1.1422714132242069,1.0781511760114495,0.516384098006887
898,2.359262300007726,1.1417426017902097,1.0781508651062202,0.5146716304701912
899,2.3565108414721876,1.1412129572274181,1.0779606414206386,0.5129613250361815
900,2.353764282386494,1.1406872595236384,1.0778546699862668,0.5112617346475622
901,2.3510226228014135,1.1401636999111626,1.0778212858088931,0.5095692927431017
902,2.3482858552127235,1.1396490183725903,1.077654513270476,0.5078759424529468
903,2.3455539587201653,1.1391245354233854,1.0774596937278538,0.5061817991836652
904,2.342826905104106,1.1386074441545784,1.0773943488523536,0.5044919153390592
905,2.340104675231457,1.1380864194566223,1.0772173321348524,0.502811978424497
906,2.3373872694683118,1.137574008477384,1.0770102328895907,0.5011390767883092
907,2.334674685676636,1.1370646249908116,1.076902634857248,0.4994618056867396
908,2.3319669109342316,1.1365523807157691,1.076755179727518,0.49778546944738483
909,2.32926391572995,1.136046092519151,1.076540125581714,0.49611312938435526
910,2.3265656798950887,1.1355374004989283,1.0764232372799325,0.4944536841411405
911,2.3238721952669135,1.1350388758944143,1.0762714557438986,0.4927925017194468
912,2.321183458959127,1.1345341678608294,1.0760645144931245,0.49113401240810106
913,2.3184994589418912,1.1340306558229616,1.0759492031967148,0.4894795539415958
914,2.3158201758035504,1.1335320017216604,1.0758199031799889,0.4878369568797347
915,2.3131455903947895,1.1330382733564188,1.0756156120002576,0.4861986372575
916,2.3104756876726094,1.132548201181045,1.0754164753891235,0.48456115586422993
917,2.3078104568113234,1.1320589394192528,1.075239610736315,0.48292689302984676
918,2.305149887051599,1.1315671829647351,1.0750327525092078,0.4812985441140998
919,2.3024939683857797,1.1310840197280245,1.0748238074958367,0.4796774620771314
920,2.2998426842697137,1.130593865837735,1.0746387704335434,0.47806006692077774
921,2.2971960159422613,1.1301212074880318,1.0744478130115989,0.4764465060233069
922,2.2945539461401196,1.1296409612111145,1.074239684587469,0.47483926005085286
923,2.2919164647423664,1.129160832860652,1.0740426332966786,0.47323983466983216
924,2.2892835641368143,1.1286885099521184,1.0738488824077235,0.4716456962949641
925,2.2866552311087633,1.1282095203425833,1.073644421515011,0.47005504133216786
926,2.2840314458091235,1.1277489105292375,1.073445274405701,0.4684684608067342
927,2.281412189233166,1.127273349412389,1.0732515323909242,0.46688882548839766
928,2.278797449656135,1.1268172359028128,1.0730497092923377,0.4653136726093517
929,2.276187218222847,1.1263478641043974,1.072852282898069,0.4637439516483858
930,2.273581482623858,1.1258940798152703,1.0726616229784545,0.46217938931597957
931,2.270980225075814,1.1254314113382171,1.072468939791009,0.4606206513632548
932,2.2683834286355915,1.124988126266008,1.072274507851696,0.4590676606120682
933,2.2657910788228404,1.1245253922248535,1.0720826514998048,0.45752014592177237
934,2.2632031635107546,1.1240829768524694,1.0718983683625753,0.4559780243214183
935,2.2606196698666237,1.123635329234838,1.0717170653119104,0.4544402075103503
936,2.258040584055223,1.1231785361132007,1.0715271250310339,0.4529077208363884
937,2.2554658906298704,1.1227352321088488,1.0713371473741011,0.4513810288749391
938,2.252895573012486,1.1222814609051222,1.0711564519081649,0.449859802077392
939,2.2503296157310304,1.1218331093334428,1.0709702491052566,0.4483440536304597
940,2.2477680060117162,1.1213818212170954,1.0707823425186282,0.4468341816729866
941,2.2452107317768553,1.1209394709984917,1.0705981876030601,0.4453303623654177
942,2.242657778439718,1.1204927629442867,1.0704148882673195,0.44383225539790505
943,2.2401091285072185,1.1200478435934382,1.0702300093946544,0.4423397022892493
944,2.2375647655792408,1.1196029105359209,1.070046088176076,0.4408516035972695
945,2.2350246767157356,1.1191618571411592,1.0698662696824122,0.43936900524893574
946,2.232488849226051,1.1187210667960215,1.0696889191623358,0.4378921851138887
947,2.2299572685375675,1.1182817557591405,1.0695102911589083,0.43642077180718525
948,2.227429917707725,1.1178518985899801,1.0693370721079662,0.43495481700075433
949,2.224906780543103,1.117415649808104,1.0691676704772701,0.433494751556922
950,2.22238784270061,1.1169853405665078,1.0689949525105529,0.43204046234954196
951,2.2198730902383708,1.1165527171421215,1.0688155275214335,0.4305917538465704
952,2.2173625085420374,1.116121857856266,1.0686422205177168,0.42914833645215505
953,2.214856081789695,1.1156964332829709,1.068469305027899,0.42771003808915536
954,2.212353794384789,1.1152711927211225,1.0682949487468116,0.4262771974212996
955,2.2098556300914027,1.1148519017765284,1.0681243449351996,0.4248500800238089
956,2.20736157380878,1.1144330329921857,1.0679598933242258,0.423428223749673
957,2.204871611211423,1.114020001872468,1.0677941569668075,0.42201195278721276
958,2.20238572755545,1.1136123835287168,1.0676268778273608,0.420601445656145
959,2.1999039061446135,1.1131963219489123,1.0674681129341266,0.4191966274461585
960,2.1974261303905633,1.1127875733687715,1.067303745289539,0.4177973389083922
961,2.19495238442358,1.1123729364944164,1.067134428800658,0.41640318367456464
962,2.1924826537914908,1.1119686648536027,1.0669669889857818,0.41501429738322587
963,2.190016923102452,1.111554767823404,1.0668025762653646,0.4136309491890032
964,2.1875551755499925,1.111153315286343,1.0666374409556967,0.41225284922013655
965,2.1850973942122405,1.1107426185176794,1.0664726972232321,0.41088024207341695
966,2.182643563274052,1.1103361955803825,1.0663091170233991,0.4095132323276483
967,2.1801936669668147,1.109931858997999,1.066144425804457,0.4081518010715644
968,2.177747689344838,1.109524654915781,1.0659806682726696,0.4067958645240491
969,2.1753056137790665,1.1091193726738264,1.0658172750455666,0.40544516297696237
970,2.1728674237631087,1.1087154554922949,1.0656541427070547,0.4040998059210615
971,2.17043310209343,1.1083171575329276,1.0654907769922402,0.4027597333996444
972,2.168002632107543,1.1079186525460347,1.0653294247672198,0.4014248889502291
973,2.165575997787232,1.1075191114230636,1.065169570424084,0.4000954042031563
974,2.163153182192643,1.1071242993140484,1.065009782488027,0.39877129725897564
975,2.1607341681942858,1.1067316788225317,1.0648506850912716,0.39745275728154017
976,2.1583189381008814,1.1063568943738937,1.0646948626407131,0.3961395409419422
977,2.1559074744651494,1.105969426009059,1.064539309103565,0.394831696397882
978,2.153499760783676,1.1055832882852703,1.0643823576310891,0.39352906665667864
979,2.151095779960205,1.1051991207381777,1.0642254486991207,0.39223164867592497
980,2.148695513710777,1.10482126405992,1.0640692532326825,0.39093936180268957
981,2.146298944443652,1.1044363069807699,1.0639155417704766,0.38965229661514866
982,2.143906054050931,1.104053777116918,1.063763452132942,0.3883705446728245
983,2.141516824833459,1.1036724162226832,1.063614323757568,0.38709406744665253
984,2.139131238978468,1.1033002928709275,1.063468342132689,0.38582288942723436
985,2.1367492782766817,1.1029188239039194,1.063320011349092,0.38455693451629597
986,2.1343709239889987,1.102542737493307,1.0631692428126027,0.3832963073373579
987,2.131996157652214,1.1021629654840068,1.0630178445580554,0.3820406557312374
988,2.129624960482421,1.1017923956918774,1.0628679869517614,0.3807903008436596
989,2.1272573138524904,1.1014200028557595,1.0627195659577167,0.3795448257806086
990,2.124893199157647,1.1010494900142274,1.0625719610041597,0.37830563102459136
991,2.1225325969064515,1.100676504451349,1.0624286687328333,0.3770718218101064
992,2.120175487601744,1.1003056679814287,1.0622870158912974,0.37585021146176356
993,2.1178218515767444,1.0999498630142195,1.0621488308946194,0.3746471558024278
994,2.1154716698000513,1.0995860294255717,1.0620123237398886,0.37349869031046745
995,2.1131249223842565,1.0992221056818305,1.0618743341413568,0.37245721808690074
996,2.110781588960186,1.0988566237615884,1.0617328893699942,0.37167030130237494
997,2.1084416495123293,1.0984993785011476,1.0615901181328085,0.3714428268287391
998,2.106105083618171,1.098135326898671,1.0614457169992915,0.3723965809297305
999,2.103771870687425,1.0977746720598083,1.0613048503045668,0.37350319998204534
1000,2.1014419899921717,1.0974198039480558,1.0611660592794139,0.3724668989167226
1001,2.0991154202797038,1.0970590991852651,1.0610280604857645,0.3728636830536211
1002,2.096792140220609,1.0967008513994594,1.0608901655769898,0.37270673156681117
1003,2.094472128632443,1.0963418578553836,1.060749860730159,0.3726210957586561
1004,2.092155363689672,1.0959942688516178,1.0606101710612605,0.37217788154787773
1005,2.089841823610415,1.0956432692926665,1.0604745095026418,0.3728247449907901
1006,2.0875314861050094,1.09529282898783,1.0603382998145183,0.3730954703969435
1007,2.085224328600548,1.094942914295434,1.0602025923572487,0.3742468855675323
1008,2.0829203284947635,1.0945965925246457,1.0600711265037863,0.3757976237572016
1009,2.0806194630517787,1.0942611767841408,1.059943762309213,0.3768121053445933
1010,2.0783217087765253,1.0939126690226857,1.0598149144636109,0.3792804437796528
1011,2.076027042220926,1.0935705071040067,1.0596893954901505,0.37863478829519487
1012,2.0737354395516654,1.093224043935173,1.0595579542595355,0.38099965633160127
1013,2.071446876565862,1.0928920731327783,1.0594223790757915,0.38175122775435666
1014,2.069161328960029,1.0925495513160965,1.05928631972465,0.38261732427886347
1015,2.0668787720471524,1.092209166456316,1.0591514095140968,0.3843590862926658
1016,2.0645991803998314,1.091866485949068,1.0590178542318107,0.38405082733829143
1017,2.062322529073653,1.0915248663970134,1.0588850419095441,0.38477280716938106
1018,2.060048792041605,1.0911837099134485,1.0587545619049357,0.385632289905728
1019,2.0577779433138277,1.0908466617265207,1.0586273678530471,0.38520295422979617
1020,2.05550995628189,1.0905084378693368,1.0584966110369058,0.38541421189109365
1021,2.0532448042415643,1.0901761377317702,1.0583646957685777,0.38591561257569873
1022,2.0509824597969746,1.0898467268015624,1.0582375791627125,0.38571159411996836
1023,2.0487228953984205,1.0895206633347623,1.058107743833388,0.3855358192839482
1024,2.046466082761539,1.0891929551335833,1.0579771884756362,0.3861777904501227
1025,2.044211993658536,1.0888818483254112,1.057848268191788,0.3861904913938357
1026,2.041960598830288,1.0885558814105682,1.0577226186659814,0.38610781824911955
1027,2.039711868763266,1.0882386590387232,1.0575966852339918,0.3870630708917349
1028,2.037465773868856,1.0879103855137107,1.0574689917326752,0.3868060942586708
1029,2.0352222836937512,1.0875964860632874,1.0573411574535427,0.3870722038463717
1030,2.0329813671600974,1.0872771042845928,1.0572137085734652,0.38773103299254036
1031,2.0307429929988756,1.086963780077395,1.0570865706306571,0.3869450583810735
1032,2.028507129213844,1.086638604368107,1.0569618486813666,0.3871924202423645
1033,2.026273743187299,1.0863182985946636,1.0568389171757098,0.3870738984572337
1034,2.0240428017260244,1.0859926350980278,1.0567159601973506,0.38626530444575435
1035,2.021814271300857,1.085678663976881,1.0565921564980867,0.38591156788243175
1036,2.0195881174960184,1.0853612489921387,1.0564707063370873,0.38521946687882597
1037,2.0173643053983183,1.085040206942501,1.0563492672726305,0.3842548722603771
1038,2.01514279924052,1.0847235838148739,1.05622722120138,0.3833933432629663
1039,2.0129235628202817,1.0844061992914356,1.0561066329794586,0.38261622481617363
1040,2.0107065590986957,1.0841002706179144,1.0559840613946554,0.3817518321336077
1041,2.008491750023148,1.0837845810151774,1.0558641059244493,0.3807410292213125
1042,2.006279097438314,1.0834886244294242,1.0557418748759733,0.3801502086890775
1043,2.004068562028386,1.083171717057666,1.0556206500657739,0.37937235647759565
1044,2.0018601034385983,1.0828779303494995,1.0555027386303188,0.37850796206792314
1045,1.9996536806498386,1.082571610326229,1.0553840486288224,0.37807485439012567
1046,1.9974492518905669,1.0822678114146842,1.0552638305290136,0.37713263690712023
1047,1.9952467743104956,1.0819579790304104,1.0551513452810197,0.37649705299676217
1048,1.9930462042807706,1.0816551160309364,1.055035526841459,0.3759561036278412
1049,1.9908474970528016,1.0813588621652306,1.0549197563256327,0.37489055122344267
1050,1.988650606835007,1.0810512089678643,1.0548123516583865,0.3743472895675056
1051,1.9864554867799986,1.0807567681649577,1.054694780161859,0.37355748385388526
1052,1.9842620890612004,1.0804555562436935,1.0545809249646714,0.37265862097191693
1053,1.9820703646363862,1.080168988437837,1.054477698733735,0.3720017992655301
1054,1.979880263250113,1.0798689635974454,1.0543772119883852,0.37098122058648514
1055,1.977691733287134,1.0795851693869012,1.054271959044926,0.37016128912565066
1056,1.9755047221774513,1.0792914103680626,1.0541652832765818,0.36932990367633073
1057,1.973319175727672,1.0790108029154646,1.0540611400980815,0.36827980521043
1058,1.9711350385116853,1.078712187651512,1.053954150552115,0.3674045237154391
1059,1.968952253500599,1.078415344637134,1.0538502612467997,0.36641910437761477
1060,1.9667707623639687,1.078119312752377,1.0537376219386954,0.365405353284862
1061,1.9645905048465517,1.0778249856620485,1.053622608587604,0.3644521760407601
1062,1.9624114195917204,1.0775278553993015,1.053514984989189,0.3634145263596074
1063,1.9602334429813748,1.0772286816713568,1.053405517692183,0.36239190757223744
1064,1.9580565098855236,1.076935939821697,1.053295689408313,0.3613757413069311
1065,1.9558805532480747,1.0766479815109884,1.0531949477655096,0.3603354790081783
1066,1.9537055044185143,1.0763677707651251,1.0531030002009436,0.359304721019924
1067,1.9515312920822103,1.0760977840505341,1.0529961168072783,0.3582790664649993
1068,1.9493578431300096,1.0758243569187211,1.0529019735899616,0.35725126271649255
1069,1.9471850823787042,1.0755614641914395,1.0528106724399844,0.35622346502098473
1070,1.9450129319791332,1.0752785006380656,1.05270439390662,0.35520410583151146
1071,1.9428413119728571,1.0750115343650675,1.0526001493016126,0.3541924497535239
1072,1.940670139789738,1.0747219456187778,1.0525078573376028,0.3531757829339711
1073,1.9384993299998416,1.0744613583671185,1.052403943842673,0.3521784099408886
1074,1.936328794915205,1.0741851421602762,1.0522957865211184,0.351188938973502
1075,1.934158443238346,1.0739138371940606,1.0521970497167237,0.35018306543354183
1076,1.931988181127465,1.0736326577474846,1.0521003483931177,0.34920602301644155
1077,1.9298179113819693,1.0733556333878758,1.0519989924774125,0.34821996109088194
1078,1.9276475334789938,1.0730775839990008,1.051901702897304,0.3472339455169234
1079,1.9254769433118237,1.0728084660739798,1.0518005420246102,0.34628076825662296
1080,1.923306033003348,1.0725244908119484,1.0516918996296354,0.34529720775351647
1081,1.9211346908986984,1.0722441936599532,1.0515862949864838,0.344333800326093
1082,1.918962801453596,1.071973365445135,1.0514836370487548,0.3433795125436559
1083,1.9167902444374674,1.0716992756622057,1.0513792522125205,0.34240295677654603
1084,1.914616895315346,1.0714279054793254,1.0512767950059125,0.3414655946339299
1085,1.912442624898853,1.0711481726414536,1.0511756317193928,0.34050899937134527
1086,1.9102672988339642,1.070875341019565,1.0510766967625411,0.3395513429055327
1087,1.9080907774474274,1.0706020467106765,1.0509756816317195,0.3386157428861325
1088,1.905912915787204,1.0703394781064137,1.0508716068316826,0.33765563501479345
1089,1.9037335626346483,1.0700587040964353,1.0507645028549217,0.3367234962131263
1090,1.9015525610534836,1.069812585487929,1.0506593841357785,0.3357886507944219
1091,1.899369747238945,1.069544193908167,1.05055695848539,0.33484100525322286
1092,1.8971849504719138,1.0692727592843463,1.050454265667363,0.3339153647813351
1093,1.8949979932072503,1.0690136109413109,1.0503506537485225,0.33297507229980683
1094,1.8928086898208476,1.0687463432275548,1.0502511124834069,0.33204776699686217
1095,1.8906168466257904,1.0684845892066437,1.0501491400149936,0.33112805719057664
1096,1.8884222613073347,1.0682113818935854,1.0500514556804936,0.33019591586185537
1097,1.8862247227613493,1.067948109194561,1.0499578122934463,0.3292782910261162
1098,1.8840240099049008,1.0676761247128246,1.0498563479143654,0.32835701107600235
1099,1.8818198917707167,1.0674161983304171,1.0497581926229562,0.327439546870026
1100,1.8796121263944667,1.0671521647680882,1.0496605721287195,0.32653242617326367
1101,1.8774004605089303,1.0668880612069902,1.0495603052538691,0.3256187865697344
1102,1.8751846287917422,1.0666173004545236,1.049462198370469,0.32471197199165175
1103,1.8729643531742477,1.0663533856268006,1.04936469478875,0.32380801307554197
1104,1.870739341794111,1.066084054079781,1.0492642025032173,0.3229048641888616
1105,1.8685092885162633,1.0658222800689878,1.0491692042230945,0.3220106541862315
1106,1.8662738720971812,1.0655661514269266,1.0490881607252582,0.321115838417309
1107,1.8640327550230098,1.0653236789169527,1.0489938212514913,0.3202235703144252
1108,1.8617855828566507,1.0650639095529222,1.0488999646216064,0.31933643656300115
1109,1.8595319831242194,1.0648163701177817,1.0488164849410715,0.31845030622137066
1110,1.8572715642931352,1.0645499408598518,1.0487285819936742,0.31757061910090556
1111,1.8550039144691353,1.064297581596076,1.0486367083557373,0.31669389681257726
1112,1.8527286008111488,1.0640375162000308,1.0485697230060051,0.31581823797071207
1113,1.850445167874458,1.0637847960105218,1.0484789404150483,0.31494761613820005
1114,1.8481531369257491,1.0635256319080912,1.0483888301229976,0.3140791345179075
1115,1.845852004425067,1.063278230015531,1.0483203562781878,0.3132153007981473
1116,1.8435412411515568,1.0630325993390621,1.0482354755160082,0.3123559424111552
1117,1.8412202912266458,1.062788669853338,1.0481544720175038,0.3114977407689055
1118,1.8388885706176374,1.0625516805708248,1.0480859426292652,0.31064367072969523
1119,1.8365454672387236,1.0623229901980897,1.0479918229032998,0.30979252822254
1120,1.8341903394424688,1.0620982394801164,1.047913189311554,0.3089450573489679
1121,1.8318225161534394,1.061870652308628,1.0478249375727493,0.30810221559991785
1122,1.8294412971952798,1.0616183784665787,1.047724223043896,0.30726127335979936
1123,1.8270459531253977,1.06137987536955,1.0476439574808205,0.3064237629449032
1124,1.8246357272753506,1.061138648017787,1.0475583169752531,0.3055896154704475
1125,1.8222098375189315,1.0608850086315673,1.0474614222732102,0.30475877582574584
1126,1.819767479511932,1.0606331209849598,1.047373319650462,0.3039322164430914
1127,1.817307832086096,1.0603825982768065,1.0472745495884392,0.303108250986494
1128,1.81483006334754,1.060152435121629,1.0471731291973423,0.3022872643659538
1129,1.8123333400263315,1.0599117163554876,1.0470755556073272,0.30146973674111827
1130,1.8098168392213563,1.0596642961171636,1.0469760589981636,0.3006554203705509
1131,1.807279764577142,1.0594120641889209,1.04688055833998,0.2998450879909482
1132,1.8047213654383647,1.059164974837534,1.0467824988929126,0.2990378277081596
1133,1.8021409626417655,1.0589287771833809,1.0466821019693333,0.2982333909492151
1134,1.7995379797848137,1.0586766349482146,1.0465823747585425,0.2974323221106433
1135,1.7969119818377104,1.0584277860916227,1.046484605889034,0.2966344245237666
1136,1.7942627208754292,1.058198325617471,1.0463872472798508,0.2958402060429498
1137,1.7915901903758664,1.0579587245180624,1.0462932090722712,0.29504922543358736
1138,1.7888946858615993,1.0577463329656367,1.0462008448846987,0.2942610817583399
1139,1.7861768699503118,1.0575017159650055,1.046110245429575,0.29347619033056865
1140,1.7834378375582438,1.0573129164767248,1.0460205732764778,0.2926944948049126
1141,1.7806791703636045,1.0570864287569148,1.0459297006198867,0.29191626142985416
1142,1.777902971759749,1.0568663778420542,1.0458340589289883,0.2911413181833342
1143,1.7751118625781952,1.0566352179898495,1.045735577595872,0.2903692528771218
1144,1.7723089226097717,1.0564183968452023,1.045636476878001,0.2896002962456169
1145,1.7694975647553635,1.0561843310054808,1.0455391100779654,0.28883449410097717
1146,1.7666813426860553,1.0559453654324398,1.0454434084190263,0.2880719991097692
1147,1.7638637053778852,1.0557041133289742,1.045347142393617,0.2873127794066562
1148,1.76104774574493,1.0554624501139902,1.0452509155675784,0.2865564971040186
1149,1.7582359639610303,1.0552374264850841,1.0451556366075456,0.28580324579041644
1150,1.755430148318394,1.0549907866416726,1.0450605878620998,0.285053097007723
1151,1.7526312828187487,1.0547693885993819,1.0449639709079195,0.2843061309925577
1152,1.7498400927190076,1.054529578479002,1.044875149719411,0.2835623552352191
1153,1.7470591634127381,1.054312121432931,1.0447855005005464,0.2828215275708214
1154,1.7443142122004087,1.0540612265756737,1.0446891920168289,0.28208366152919667
1155,1.7417719014934407,1.0538378973965403,1.0445952166611248,0.2813488413763265
1156,1.7401108604674342,1.0535900543072556,1.0445009673484003,0.280617123562009
1157,1.7410849579851622,1.053364654823049,1.044405881219993,0.27988852557596694
1158,1.7472492814146907,1.053121290186231,1.0443166558129717,0.27916287126836026
1159,1.7527141571008429,1.0528918618920333,1.044226107759659,0.2784401220370294
1160,1.7537766835057078,1.0526456807939284,1.044132989666403,0.27772034044216243
1161,1.7534624249022615,1.0524105246502788,1.044040763256341,0.2770035707705906
1162,1.75517359049726,1.0521685577864883,1.0439456101385238,0.2762898343774103
1163,1.7562871671246019,1.0519221639830132,1.043849971322178,0.2755790168777789
1164,1.7560988838407867,1.0516810276599993,1.0437564054434134,0.2748710684126995
1165,1.7545224952085423,1.0514362568979272,1.0436618144869307,0.2741660303906252
1166,1.7537540908881863,1.05120650075358,1.0435755948722942,0.27346393478356024
1167,1.753659713198382,1.0509644788058543,1.0434858379708805,0.2727647915315381
1168,1.7538266770082505,1.0507382000331267,1.0433908205480824,0.27206851926459297
1169,1.7537593266818636,1.0505045589551292,1.0433025484723537,0.2713750654901401
1170,1.7527186440935538,1.0502768537462985,1.0432100594629439,0.27068445719635575
1171,1.7512038880363887,1.0500389780134887,1.0431166435540185,0.26999672444953826
1172,1.74996497445387,1.0498104536586281,1.0430223370138447,0.26931187736573653
1173,1.7492409512763836,1.0495924171887845,1.042928823560162,0.2686298607759294
1174,1.7488150732253875,1.0493702599652206,1.0428346202210346,0.26795062414553056
1175,1.7481831204058542,1.0491382444477437,1.042741670548688,0.2672741757681599
1176,1.747155075637449,1.0489141777161237,1.0426479133485678,0.2666005345782392
1177,1.7457880114487938,1.0486695724803665,1.0425541098292956,0.2659297063118094
1178,1.744334744493384,1.0484316483798688,1.0424602899386142,0.2652616546968663
1179,1.7431723550916298,1.0482276660188785,1.0423728355188784,0.2645963407929186
1180,1.7422000383345946,1.0480157169774005,1.0422789223363675,0.26393376614784864
1181,1.741261393465464,1.047789861178344,1.042193775460033,0.26327394439036633
1182,1.740194780624498,1.0476361387658772,1.042100682454123,0.2626168775000419
1183,1.738860277976191,1.047410568254214,1.0420150438146154,0.26196253669893294
1184,1.737416504560217,1.0473757851160928,1.0419225990813956,0.26131088675922276
1185,1.7360285587617041,1.0472705474443411,1.0418322420087152,0.26066192194726856
1186,1.734789027171658,1.0470586396150232,1.0417477305993366,0.2600156516827743
1187,1.7336437466050505,1.0469380220282056,1.0416596405308516,0.25937207950826613
1188,1.7324585486581634,1.0467751130467096,1.0415667292493447,0.25873118695071834
1189,1.7311580539536924,1.0466385018309368,1.0414754379430153,0.2580929448773512
1190,1.7297480434249703,1.0463961386256428,1.0413822477026051,0.2574573437330945
1191,1.7283213417838734,1.0462370375747627,1.0412900531762364,0.2568243857639441
1192,1.7269512481737632,1.0460284023886293,1.0411983069734978,0.25619407394972415
1193,1.725659246346752,1.045829558701152,1.0411084106736885,0.25556639412833737
1194,1.724383106530902,1.045614599420806,1.0410245223487709,0.25494133032722543
1195,1.7230707652467439,1.0453792231783363,1.0409371995900847,0.25431889606485963
1196,1.7217025867406284,1.0451582133191395,1.0408558605330143,0.2536992583718682
1197,1.7202889302155522,1.044919352704831,1.0407707279532588,0.2530829801824864
1198,1.7188870350841268,1.044697308584725,1.040682339932538,0.25247290849282994
1199,1.7175193142337537,1.0444720255205548,1.0405919150473224,0.25188336933431954
1200,1.7161836893131384,1.0442601593867114,1.0405039726237273,0.25137930694238886
1201,1.7148517985719947,1.0440192966061328,1.0404178064857956,0.25122240364031456
1202,1.713494101528262,1.0437922736908503,1.040327928648638,0.25145526871536256
1203,1.7121080189051303,1.0435694725911795,1.0402371865247126,0.2510727528207184
1204,1.7107108746711284,1.043336226778028,1.0401552829605636,0.25160635284387245
1205,1.7093269842082641,1.0431133158784247,1.0400635819378554,0.2513506154077168
1206,1.707963558011249,1.042879197129829,1.0399797582077839,0.2526653020737202
1207,1.7066137702654296,1.0426476517702907,1.0399036611352088,0.2546451906474275
1208,1.705259055442384,1.04240926504521,1.0398164241410381,0.25523003310077225
1209,1.7038908104058879,1.0421832084992178,1.0397262340664672,0.25691804829500386
1210,1.702512759760704,1.04194533327589,1.0396374739576029,0.2604855795258875
1211,1.7011343622884103,1.0417256603079308,1.0395495925498075,0.26362905120420677
1212,1.69976726824657,1.041505290450164,1.03946522357444,0.2648245853631733
1213,1.6984102371415162,1.041287969613672,1.039392488231295,0.27164739642409413
1214,1.6970576192482811,1.041049380100546,1.0393240320442354,0.27833833667137814
1215,1.6957023550027026,1.0408267372864424,1.0392358803981472,0.27953373966749606
1216,1.6943408824041988,1.0405925467285364,1.0391629541669578,0.28786170386021753
1217,1.6929773797424073,1.0403844366867825,1.0390736195366592,0.2928366413040131
1218,1.6916172834894827,1.0401616890129932,1.0389961635312004,0.29564977115110097
1219,1.69026449645027,1.0399243468694885,1.0389265305294475,0.3026378477721111
1220,1.688917437611178,1.0397171132494742,1.0388415547920689,0.3063974724941604
1221,1.687572223583181,1.039487639923005,1.0387504918539952,0.3087431171535936
1222,1.6862255452414756,1.0392665374873213,1.0386634690962513,0.3143173038318246
1223,1.684877307643863,1.0390308661441148,1.0385716716859204,0.3182003456312137
1224,1.6835304728473341,1.0388004385669272,1.0384823697349,0.31975897567152267
1225,1.6821876112831102,1.038569469871426,1.0383987410980247,0.3239374921927441
1226,1.6808497306976757,1.0383469832183847,1.0383108527490454,0.3284702317792714
1227,1.6795147965381039,1.038114134769213,1.0382198171200112,0.3306599482441095
1228,1.6781809959520335,1.0378909643779886,1.0381304658896808,0.3329160578470853
1229,1.6768476836872117,1.0377256179957823,1.0380366574436382,0.33695349927587503
1230,1.6755151809450022,1.0374881709077646,1.0379464586719855,0.3400394129670062
1231,1.6741852393918872,1.037292601618806,1.0378581668236821,0.34147584521540164
1232,1.6728587161611808,1.037111567103735,1.0377648579802987,0.34399587088176925
1233,1.6715354531098474,1.0369105610108893,1.0376747871063936,0.34708856523019643
1234,1.6702145035585654,1.0366949933014549,1.0375864924490876,0.3491573606191343
1235,1.6688948427170367,1.0364786435421334,1.0374933807750466,0.3504822732395902
1236,1.6675765419027002,1.0362726956118888,1.0374065733923539,0.352664584416155
1237,1.6662601431968558,1.0360689588598606,1.0373255941267019,0.35504694819501437
1238,1.6649464815518482,1.0358781125467158,1.0372344939921538,0.35652937759807846
1239,1.6636358368358912,1.035641879641963,1.037145531144355,0.3577077580342877
1240,1.6623276070282835,1.0354324017961158,1.0370599782018342,0.35959538898228977
1241,1.6610213108047769,1.0352211301350929,1.0369691106934984,0.3613915078188238
1242,1.6597167728156403,1.035006777375958,1.0368884869751156,0.36234805511271273
1243,1.6584141682689324,1.034803302164248,1.0368057408539915,0.3633139594564948
1244,1.6571138406587367,1.03457222813864,1.0367274920819407,0.3647580443172915
1245,1.6558160481684545,1.0343679911874428,1.036642876100387,0.365873991758378
1246,1.6545207725403184,1.0341472323956868,1.036553593684259,0.3663316768300512
1247,1.6532276850426793,1.0339774817965097,1.0364691567605333,0.3670383367074051
1248,1.6519365646363924,1.0337427465829212,1.0363794707874754,0.3679966450747704
1249,1.6506474325553364,1.0335874683329853,1.036295022983348,0.3684253006837538
1250,1.6493604363825713,1.0333480279183433,1.0362033092519272,0.368466838162488
1251,1.648075795035873,1.0331773181094097,1.0361089369988288,0.36890407489393107
1252,1.6467935448880906,1.0329791938251953,1.036015606493403,0.3691871327779758
1253,1.64551350834806,1.0327728510212668,1.0359228898730426,0.3688602192510126
1254,1.6442355414093888,1.0326433357308515,1.0358290677019977,0.36870174932901195
1255,1.6429596366993222,1.0323991652902622,1.0357369637256642,0.3686730155277452
1256,1.6416858502344895,1.0322177318676091,1.0356436578582147,0.3681983770910462
1257,1.6404142404079811,1.0319769045242724,1.0355494367548195,0.367505378710592
1258,1.6391448789816514,1.0317612082239402,1.0354584146326868,0.3671678934508834
1259,1.6378777506106548,1.0315214618691833,1.0353701043540822,0.3667049757484796
1260,1.6366127411861366,1.0313035971696958,1.0352799641878092,0.36580917110889966
1261,1.635349802109447,1.0311244687578982,1.0351906201224672,0.3653639124979135
1262,1.634088965181491,1.0308901736101703,1.035103727587986,0.36497789291677957
1263,1.632830265939368,1.0306928135073574,1.035011181892917,0.3641715405116219
1264,1.631573750086201,1.0304547026858537,1.0349210041630583,0.36369627666384874
1265,1.630319406907318,1.030257593962578,1.0348311026645935,0.3632559380024805
1266,1.6290671641378769,1.0300338937999436,1.034740236752725,0.3625232319742127
1267,1.6278169947186778,1.0298209274849117,1.0346526355713823,0.36197786521227515
1268,1.6265689099704257,1.0295736443117873,1.0345612269676752,0.36141925816838744
1269,1.6253229077801388,1.02938745559355,1.034467606648581,0.36068900062421244
1270,1.6240790015958737,1.0291514399190236,1.0343797339423928,0.3600053078493514
1271,1.6228372115443135,1.0289641540772507,1.0342955227161905,0.3593225122246378
1272,1.6215975154521947,1.028770934558824,1.034202302169522,0.35853950190538836
1273,1.6203598728472708,1.0285570107517945,1.0341141879151445,0.3577538466995428
1274,1.6191242813809046,1.0284142292743144,1.0340196814237088,0.3569914554792387
1275,1.617890754236166,1.0281869654326827,1.033930743079917,0.35615640133237386
1276,1.6166592936323063,1.0280050841517097,1.0338449944840329,0.35530646400146154
1277,1.6154299022758767,1.0279038958508881,1.0337677178455345,0.35450280755966906
1278,1.6142025629302614,1.0276611504028554,1.0336845528512437,0.3536289445741371
1279,1.6129772500635697,1.0274940056885247,1.0336101152250403,0.35275809771045835
1280,1.6117539644359182,1.0272897274959625,1.0335305949166407,0.35194683221174944
1281,1.6105327021418407,1.0271439587036966,1.0334391553723996,0.35105917534065945
1282,1.6093134513413625,1.0269385677114524,1.0333745615489796,0.3501728298011277
1283,1.6080962212437278,1.0268004099803887,1.0332820569376013,0.3493346312464912
1284,1.606881010966577,1.0267943610724144,1.0332064729696078,0.34843645399461504
1285,1.6056677965474164,1.0265806027875792,1.0331375604821447,0.34754229874533477
1286,1.6044565715805421,1.0264794963929373,1.0330407870994538,0.34667648703149406
1287,1.603247339060793,1.0263948657752726,1.032955513933224,0.34577705454592894
1288,1.6020400925296823,1.0262837599266017,1.0328697980400423,0.3448689046495275
1289,1.6008348296692612,1.026090665742328,1.0327759828080538,0.3439716300234845
1290,1.599631542831602,1.0259510942440704,1.0326818313214614,0.34306783197311785
1291,1.5984302171719098,1.0257504253388214,1.032590118391945,0.3421530181544352
1292,1.597230850153637,1.0256215582496688,1.0324995112068738,0.34124412587959985
1293,1.5960334363544832,1.0254189141050707,1.0324130041182789,0.34034375691832125
1294,1.5948379630018195,1.0252825957157663,1.032326401941606,0.3394273805886399
1295,1.5936444318622929,1.0252220609943428,1.0322340448011162,0.3385118121421379
1296,1.5924528415846746,1.0252147083992318,1.0321432085234958,0.3376109319757384
1297,1.591263177588207,1.0251715517726523,1.0320452222803478,0.3366953672398435
1298,1.590075434455706,1.025013411542132,1.031949058169344,0.33577862598346275
1299,1.5888896100739782,1.024974246176931,1.0318566650020673,0.3348719772436457
1300,1.5877056968951329,1.0249010129085068,1.0317655073020378,0.3339589163789696
1301,1.5865236902772004,1.0247305154099393,1.0316686446764693,0.3330385128722984
1302,1.585343583158606,1.0246462201523638,1.0315756760653392,0.3321286744739678
1303,1.5841653656159735,1.0245681835284448,1.0314820004555803,0.33122203373230863
1304,1.582989034406593,1.0245127400413416,1.0313867387847948,0.33030571366238876
1305,1.581814581406659,1.0243118598612135,1.0312927669781555,0.32939449436790086
1306,1.5806419970333982,1.0243278090734507,1.0311958717110379,0.3284889632576675
1307,1.5794712807831095,1.024220257287853,1.031104700460037,0.3275765485123695
1308,1.5783024267588788,1.0242696839960466,1.0310048208779519,0.3266687064765018
1309,1.5771354253651961,1.0240484479516834,1.030916683919569,0.3257640194819501
1310,1.5759702727030853,1.0240392237586615,1.0308365685453105,0.3248563981240243
1311,1.5748069628697114,1.0238625815942313,1.030742600420725,0.323951287830678
1312,1.5736454896164174,1.0238819701102628,1.030676573272143,0.3230479675895058
1313,1.5724858475713104,1.0237758149170992,1.0305806860971503,0.32214569630963136
1314,1.5713280278565678,1.023849182428598,1.0305041323690132,0.3212450658078374
1315,1.5701720245774538,1.0237989754589112,1.0304153006284829,0.3203477675998116
1316,1.5690178329686084,1.024103926589703,1.0303182347935766,0.31945212711157744
1317,1.5678654432972152,1.0240506429332121,1.0302352575423392,0.31855876217338974
1318,1.566714849903039,1.0244502121074335,1.0301363856629868,0.3176720140739358
1319,1.5655660490892174,1.0245299158885102,1.0300498501160826,0.3167854231096562
1320,1.5644190326065261,1.0251612965069266,1.0299784861136667,0.3158994466869553
1321,1.563273794591524,1.0253155456516188,1.029895003974367,0.31501624367741027
1322,1.5621303294160145,1.0259495206574973,1.0298414012000454,0.3141350078633352
1323,1.5609886302858653,1.0258587536723291,1.0297524218255334,0.3132561273722022
1324,1.5598486921043637,1.0263277980013015,1.0296745911963379,0.3123829531165638
1325,1.5587105070133747,1.026580007410219,1.0295913422944647,0.31151139771245073
1326,1.557574068288066,1.0270876793846386,1.0295044882678592,0.31064067098747333
1327,1.5564393711989104,1.0274836396416995,1.029427268262557,0.309773204225395
1328,1.5553064070472291,1.0275515962506105,1.0293291609870998,0.30890680251144215
1329,1.5541751693571122,1.0276631673296737,1.029258278223663,0.3080446918185525
1330,1.553045652827893,1.0277685584942344,1.029156712844769,0.3071853870809419
1331,1.551917850366465,1.0278686728088302,1.0290821263916454,0.30632771210398935
1332,1.5507917559965942,1.0279478383588991,1.0289794306620035,0.3054730911269812
1333,1.5496673628748303,1.0279831812546214,1.0288974544166947,0.30462223112057424
1334,1.5485446646035437,1.0279613458004329,1.028795704983583,0.3037743162633694
1335,1.5474236557366732,1.0279153616251844,1.0287164479073987,0.3029301915428026
1336,1.5463043283803581,1.027870377015788,1.0286260062202877,0.30208822812864466
1337,1.5451866760125312,1.0277756899457773,1.0285452751963189,0.30124892980268236
1338,1.5440706931374482,1.0276620372247987,1.0284557229139715,0.30041318497858777
1339,1.5429563718712695,1.0275946266146234,1.028358118904859,0.29958156027979727
1340,1.5418437056423242,1.027347653499074,1.0282806823084927,0.29875327255738665
1341,1.540732687936788,1.0271098399101426,1.028194640832063,0.29792841127862113
1342,1.5396233118366323,1.0269601605354783,1.0281370120183806,0.2971065990663973
1343,1.5385155715105472,1.0267386971870007,1.0280448648708687,0.2962881292551478
1344,1.5374094592911425,1.0266179574295031,1.0279983440691216,0.29547337968301984
1345,1.5363049692250945,1.02653596655531,1.0278953327448572,0.2946621747418016
1346,1.5352020948196434,1.0262961800070927,1.027815191965841,0.29385457150285454
1347,1.534100828686044,1.0260628586109939,1.0277304276410657,0.29305131658281425
1348,1.533001164314596,1.0259075646073599,1.0276367525271406,0.2922519377314171
1349,1.5319030948360892,1.025776030550264,1.027575601567005,0.29145593088942573
1350,1.5308066131566338,1.0255833094271156,1.0274711909772662,0.290663329776922
1351,1.5297117124051436,1.0253265015609434,1.0274037885856167,0.2898744534656059
1352,1.5286183856348676,1.0251519740388526,1.0273080430467123,0.2890896915161861
1353,1.527526626330181,1.0250103643995427,1.0272581798240463,0.288309164754903
1354,1.5264364270795197,1.0247624811137312,1.0271611088040558,0.2875322104782302
1355,1.5253477811566942,1.0244957983862928,1.0271304086107438,0.2867589374230789
1356,1.524260681834067,1.0242656058291308,1.0270278619961555,0.2859895743936056
1357,1.5231751218014087,1.0240314772763466,1.0269953697935699,0.28522405877066953
1358,1.5220910942995527,1.0237703306161783,1.0269287718073374,0.28446228898366577
1359,1.5210085921656182,1.023499670701226,1.0268278439106242,0.2837042094276973
1360,1.5199276083106545,1.0232397607580974,1.0267407275216642,0.2829500347337097
1361,1.5188481357939996,1.0229702838418955,1.026647940920097,0.28219981523589943
1362,1.5177701666457915,1.0227005561607365,1.0265706582931462,0.2814533743421905
1363,1.5166936944171245,1.0224449213360944,1.0264801006157505,0.2807105274912461
1364,1.515618711569306,1.0221867815787717,1.0264470364545617,0.279971479801862
1365,1.5145452107724349,1.021906782001699,1.0263471827972501,0.2792362506347506
1366,1.513473185068898,1.0216284224802183,1.0263062413867403,0.2785046510147498
1367,1.5124026269189512,1.0213640805847306,1.0261944650075572,0.27777673600539154
1368,1.5113335295280865,1.0211027137570605,1.0261648605051146,0.27705265134785284
1369,1.5102658845805654,1.0208407470109422,1.0260660841950802,0.2763324981893116
1370,1.509199685639926,1.0205737662692613,1.025988493102273,0.2756159681203652
1371,1.5081349247924631,1.0202950269299593,1.025917942187506,0.2749031329401036
1372,1.5070715944383224,1.0200101230458674,1.0258473870578295,0.2741938911280494
1373,1.5060096871120585,1.0197259832617318,1.0257932565858887,0.2734886090602183
1374,1.50494919527375,1.019434767161875,1.025707908478396,0.2727870934324935
1375,1.5038901111601362,1.0191592460216023,1.0256510196039754,0.27209087693089123
1376,1.5028324270085822,1.018896631440941,1.025540438772173,0.27140045773897975
1377,1.5017761354743102,1.0186192074728175,1.025466909903849,0.27072918921192324
1378,1.5007212288994056,1.0183310209627552,1.0253491956887393,0.2701024613131576
1379,1.4996676994326537,1.0180595431150026,1.0252825392768248,0.26960565057573177
1380,1.4986155391640363,1.01777590864439,1.025180576413479,0.26943642267477086
1381,1.497564740244059,1.0174872978108276,1.0250823050264708,0.2700668607607197
1382,1.496515294704816,1.017202980400052,1.024978393634411,0.27218714160546037
1383,1.495467194534732,1.016920903767667,1.024866011679183,0.27224051906476665
1384,1.4944204318127614,1.0166476807229659,1.0247671750028238,0.27489506750346415
1385,1.4933749983654794,1.0163747032261665,1.0246642079141168,0.2764241355786322
1386,1.4923308862891282,1.0160764051703504,1.0245662749969089,0.2762848749348472
1387,1.4912880870997105,1.015772466089502,1.0244607730299218,0.27634361903031723
1388,1.49024659288154,1.0154777013560576,1.0243581584806096,0.2763796670740769
1389,1.4892063951834191,1.0151701923543155,1.0242500011377382,0.2767749975262479
1390,1.488167486062791,1.014858410413292,1.0241509211905875,0.2764384264387393
1391,1.4871298566840128,1.0145448825279382,1.024048296294425,0.2762727313552812
1392,1.4860934988102588,1.0142310810945343,1.0239340029736772,0.2766890279151939
1393,1.485058403565525,1.0139204477119048,1.0238360013407817,0.2781755724985851
1394,1.4840245629856297,1.0136101637058816,1.0237429600578003,0.2790418691130733
1395,1.4829919678408194,1.0132928949151927,1.0236441157897416,0.2815027567802662
1396,1.4819606100075853,1.0129739361501457,1.0235509644847733,0.28549075580075384
1397,1.4809304799034502,1.0126548279980063,1.023447172006499,0.2861555230285011
1398,1.4799015702151772,1.0123349539251072,1.0233251688305611,0.29034649397998613
1399,1.4788738699933717,1.0120154705893882,1.0232179702110198,0.2922220327033521
1400,1.4778473726914791,1.0116916587765643,1.02309806049631,0.29344703364730396
1401,1.476822066337114,1.0113632579755336,1.022992136885331,0.29420420232235106
1402,1.4757979458363701,1.0110341979176791,1.0228898801132427,0.29545242790683723
1403,1.4747749959876404,1.0107066961373328,1.0227740230044042,0.2970766559072643
1404,1.4737532169381147,1.0103804618700556,1.0226629621959877,0.29727802774848217
1405,1.4727325856335804,1.010048830566932,1.022550631609749,0.29909355596735043
1406,1.4717131138899475,1.0097126443066582,1.0224486688736685,0.30097563984745535
1407,1.4706947615987493,1.0093775684122237,1.0223386198693378,0.301239158070485
1408,1.4696775713288726,1.0090478874506128,1.022232245980796,0.301853670954325
1409,1.46866146434312,1.0087233882571522,1.0221107945745618,0.3027730860891145
1410,1.467646572570473,1.00839659531098,1.0219955938293628,0.3037675229896397
1411,1.4666327447030039,1.0080559692967481,1.0218740294529451,0.3044028855262542
1412,1.4656204353781963,1.007708833861113,1.0217481081309299,0.305095150124416
1413,1.4646095204125245,1.007359274741532,1.0216269957721256,0.3062901643227819
1414,1.4636020300273953,1.0070142852131914,1.0215080870490394,0.30663959975786276
1415,1.462599733398347,1.0066792420129052,1.021383434998295,0.3066971033987257
1416,1.461614590404567,1.006339699881491,1.0212624563937687,0.30669350415726193
1417,1.46066431239754,1.0059846496859501,1.0211391048040137,0.306665338156704
1418,1.45981007252573,1.005628897944879,1.0210200512291294,0.3068443117218151
1419,1.4590855829673026,1.0052719680505917,1.0209123411162826,0.3066142475394954
1420,1.4585781636805832,1.004933821901454,1.0207859362021527,0.3066126412808505
1421,1.4579612778510211,1.0045974880765376,1.0206665931976293,0.30712221390270283
1422,1.4570420483998245,1.0042428131559438,1.0205377427130538,0.30685356922081886
1423,1.4562241434605205,1.0038809639096908,1.020410339139687,0.3065084706996492
1424,1.4555511229785465,1.0035226733059932,1.0202842373744323,0.3064433699645935
1425,1.454788587902494,1.003147545692165,1.0201606611745562,0.3061472085336195
1426,1.4539572481112468,1.002792117367839,1.0200324080129115,0.3056211241640895
1427,1.4532691633531645,1.00244636961202,1.019905033691473,0.3051257687772769
1428,1.4523264611003335,1.0020672082179614,1.0197736316624888,0.30490689718977915
1429,1.451561273152536,1.001693818571911,1.019643542272119,0.30479761054649973
1430,1.450602230571584,1.0013117532280407,1.0195140990342224,0.3042443756270642
1431,1.449763595937282,1.0009293323403183,1.019392513096973,0.30394518832993445
1432,1.448839317588839,1.0005641806192553,1.019264113387088,0.30367065680105265
1433,1.4479774714481586,1.0001719561270892,1.0191352487507024,0.3030684286953845
1434,1.4470493882308215,0.9997750597662488,1.0190070391651234,0.3024973728759914
1435,1.4461454048882914,0.9993758336657709,1.0188793603514181,0.3019244899438133
1436,1.4452101454775264,0.9989842223276351,1.0187470790855095,0.3013442293180405
1437,1.4442784844944327,0.998595609259,1.0186187119555694,0.30084115051443494
1438,1.4433490032147596,0.9981938401325878,1.0184924277621823,0.3002783248379732
1439,1.442424094756727,0.9977810082551851,1.0183654279930006,0.2997162804734836
1440,1.441456320055449,0.997365912420395,1.0182339914577854,0.2993471557178566
1441,1.4405300818123299,0.9969461466071295,1.0181009498871454,0.2988493528447625
1442,1.4395641047590377,0.9965359129181803,1.0179696772017706,0.29828935934103196
1443,1.4386373979464906,0.99612926022539,1.0178420456587272,0.2978553976255822
1444,1.4376836088767158,0.9957039226313215,1.017726928192141,0.29732376264879873
1445,1.4367212455506688,0.9952803376688244,1.0175912408916932,0.29671701297996467
1446,1.4357754317555322,0.9948479379471952,1.0174693279302678,0.2961198070601507
1447,1.4348064132162162,0.9944143932467232,1.0173353979882305,0.2955126509317363
1448,1.4338689646117857,0.9939885337599618,1.0172123253631025,0.29489119906200584
1449,1.4329085470329705,0.9935491197632015,1.017081130343717,0.2942261997541164
1450,1.4319497394212883,0.9931025517244766,1.0169513592709654,0.29356370491032524
1451,1.4309939471635724,0.992653088067803,1.0168184640434808,0.29294652112830183
1452,1.4300297893681126,0.9922020805387288,1.0166933228681916,0.2923113699733313
1453,1.4290804307066203,0.9917603340144998,1.0165643886406879,0.29164065444213155
1454,1.4281231724890067,0.9913099200888541,1.0164377836272025,0.29102533932028507
1455,1.4271663405343542,0.9908421676017093,1.016305485352845,0.29039296751713556
1456,1.4262066170512597,0.9903698134004038,1.0161705608487885,0.2897335724025301
1457,1.425249593374042,0.9898916217924224,1.01604636606609,0.2891151939639832
1458,1.424295145489846,0.9894161192774635,1.0159130371844363,0.28846047114062695
1459,1.4233389270619932,0.9889408331224185,1.015771882799262,0.28779101803178336
1460,1.4223852661273628,0.9884548548562644,1.0156330883552882,0.2871500393646794
1461,1.421425643196474,0.987959783711513,1.0154943337922198,0.28648429018813854
1462,1.4204701436912108,0.9874551073275881,1.0153596258797952,0.2858025212050298
1463,1.4195141374715545,0.9869547216778063,1.015226360089306,0.2851465900990879
1464,1.4185592107215605,0.9864648637589453,1.0150904715560245,0.2844962990671146
1465,1.417607726007164,0.9859689961875036,1.014947140306617,0.28381771829553437
1466,1.4166504785386338,0.98544632918383,1.0148087771279142,0.283151782586737
1467,1.4156974691031057,0.9849198681276202,1.0146705434890317,0.28250682142192196
1468,1.4147434820286358,0.9843917643453035,1.0145349141323095,0.28184405888187386
1469,1.4137892317546228,0.9838575606195357,1.0144065073240778,0.28116933665056687
1470,1.4128389004756285,0.9833319766049569,1.0142672141617755,0.28051188849481706
1471,1.411885121206591,0.982805651395158,1.0141263714819784,0.27986053431600233
1472,1.4109327937440765,0.9822470652151036,1.0139803914487269,0.27918525611904316
1473,1.4099800979729633,0.9816762804292131,1.0138357796830026,0.27851447229131376
1474,1.4090276470973957,0.9811127864997561,1.0136889509764466,0.27785895471557076
1475,1.4080776924165566,0.9805444686499805,1.0135518282984994,0.2771851045980819
1476,1.4071265856637492,0.9799788154009116,1.0134100832211925,0.2765062534509146
1477,1.4061762499325976,0.9794035662024138,1.013275046392707,0.27583874786566237
1478,1.4052252992737768,0.9788061875368032,1.0131416793984342,0.27516692673027204
1479,1.4042745220858832,0.9781927486905007,1.013011361602735,0.27448731179607794
1480,1.4033251842630488,0.9775826831082806,1.0128858324867338,0.2738121958995364
1481,1.4023760743678646,0.9769706986147367,1.0127461035522796,0.27314179969515695
1482,1.4014270657614425,0.9763363351537995,1.0126089941130743,0.27246782566815975
1483,1.400477303257279,0.9756944108370583,1.012462733331521,0.2717910622746429
1484,1.3995280183050145,0.9750393472583913,1.0123517860558604,0.2711193462544161
1485,1.3985792579461855,0.9743792258584959,1.0122153349260357,0.27045030731899644
1486,1.3976312335178558,0.9737231319069902,1.01209377608469,0.2697770726314276
1487,1.3966834121429534,0.973038556749169,1.0119599357097195,0.26910776215647003
1488,1.3957347969449208,0.9723420605924439,1.0118429504722262,0.2684417955144253
1489,1.3947864381657216,0.9716367619894324,1.0117687446315762,0.2677764824849801
1490,1.3938382507880331,0.9709270510622925,1.0116302265577117,0.2671129957438334
1491,1.3928907807158195,0.9702241982749423,1.0115783323988947,0.2664475537908892
1492,1.391943423837005,0.9695088004720871,1.0114962282652273,0.26578419943873643
1493,1.3909954781401155,0.9687609059586526,1.0113483100746563,0.2651212882485706
1494,1.3900474891720078,0.9680077980021168,1.0112440099574318,0.26445870746124883
1495,1.3890994780447627,0.9672447247613699,1.0111065889805941,0.26380165681476997
1496,1.3881519863854024,0.9664816823271597,1.01099242362256,0.2631457261617301
1497,1.3872045006444527,0.9657399861350006,1.0108511086327336,0.2624880594869769
1498,1.3862565991817208,0.9649552564613694,1.010748877845242,0.26183214190221227
1499,1.385308390951476,0.9641628935052664,1.0106193037867348,0.26117808271643583
1500,1.3843600384534684,0.9633494853469871,1.010584337364189,0.2605253635301672
1501,1.38341187570264,0.9625719052350199,1.0104827253029727,0.2598755243513445
1502,1.3824636336366585,0.9617956953606702,1.0103605844706238,0.2592298031526796
1503,1.3815150354909747,0.960911498936503,1.0102034594464333,0.25858554851166676
1504,1.3805659043112033,0.960013309868799,1.010080792089015,0.2579404261581253
1505,1.3796165219608938,0.95912041219956,1.009927624050927,0.2572973857056638
1506,1.3786670076301362,0.9582189744027643,1.0098115258108205,0.2566565045824654
1507,1.3777172855869695,0.9572784888183701,1.0096645878525368,0.2560177870234303
1508,1.376767146483172,0.9563157973312785,1.0095519867573568,0.25538241486708324
1509,1.3758163479063104,0.9553146446531348,1.0094570525939413,0.2547499340047335
1510,1.3748650962749127,0.9543616091446485,1.0092978387471003,0.2541194012370999
1511,1.3739134398360775,0.9534134058689301,1.009193879696746,0.25349033053137454
1512,1.372961429273606,0.9523646291685649,1.0090579009271543,0.252863414461506
1513,1.3720088234051961,0.951328487960953,1.0088981025495491,0.2522390945744064
1514,1.3710554577801515,0.9502741546155177,1.0087419892620855,0.25161740977314256
1515,1.3701014087665182,0.9491689525884942,1.0085880359962494,0.2509996762986944
1516,1.3691467191264994,0.9480784812051398,1.0084266230437384,0.2503850686094797
1517,1.3681914628143108,0.9469086830651711,1.0082555321994835,0.24977220962266652
1518,1.3672354196661518,0.9457487727266322,1.0080947064967363,0.24916121514051084
1519,1.3662784536732733,0.9444870852417212,1.007921988554411,0.24855270936801416
1520,1.3653205507222208,0.9433356679078468,1.007781643464267,0.2479470088187313
1521,1.3643617865817692,0.9420381132700588,1.0076237320925205,0.24734475766480601
1522,1.363402170708,0.9408495454955949,1.0074782709131869,0.24674625111332865
1523,1.362441554600675,0.9394745898568638,1.0073215985120614,0.2461502204713501
1524,1.3614797971644101,0.9380931603871175,1.0071833561166654,0.2455562180731213
1525,1.3605168529832465,0.9367359778009432,1.0070459733026624,0.24496464975730808
1526,1.3595527835286791,0.935216526448127,1.0068727690021275,0.2443759179410557
1527,1.3585875613234382,0.9337023477336759,1.0067114384654956,0.2437904079932207
1528,1.3576210709687528,0.9321458607716451,1.006537628526192,0.24320809063555973
1529,1.356653160148055,0.9305288485392009,1.0063881704342545,0.24262876790606444
1530,1.3556837884740076,0.9290497118975277,1.0062380967118598,0.2420521053134451
1531,1.3547129663636017,0.9272829840502965,1.0060757254029522,0.2414779490157842
1532,1.3537406664981553,0.9258130812319337,1.0059191414275719,0.2409064346596852
1533,1.3527667693754355,0.9239556680549043,1.0057529193469923,0.24033788129408196
1534,1.3517911346768736,0.922448461773665,1.0056047911254444,0.2397723732160572
1535,1.3508137022943665,0.9204357160082041,1.0054289014745974,0.23920999371913163
1536,1.3498344514896856,0.918646147249721,1.0052598176949183,0.23865060795576676
1537,1.348853339914692,0.916795969837993,1.0050897100287766,0.23809381508706906
1538,1.347870239534859,0.9147570461456171,1.0049169700669311,0.2375395504229094
1539,1.3468850154936773,0.913118540895191,1.0047488617909723,0.23698809169933063
1540,1.345897585686241,0.9108574984510204,1.0045726095593654,0.23643964803617534
1541,1.3449079149614989,0.9090236751659974,1.0043981165455766,0.2358942579930085
1542,1.3439159294509806,0.9072686990134063,1.0042390835639456,0.23535183486928868
1543,1.342921494160377,0.9050002069753391,1.0040969061002256,0.23481214140730475
1544,1.3419244583913232,0.9027870604147089,1.0039620045319304,0.2342750866310347
1545,1.3409247320071467,0.9006559467023437,1.0038238209178685,0.23374077284036238
1546,1.3399222510390734,0.8980261979006028,1.0036530137731436,0.23320930356058894
1547,1.3389169139463295,0.895934326103805,1.0034796759227005,0.23268072625531058
1548,1.3379085613959028,0.8949198808031491,1.0033329725276345,0.23215510329876723
1549,1.3368970359976735,0.8941550070621993,1.0031907948117293,0.23163234539943942
1550,1.3358822313998555,0.8927264514570965,1.0030184111187868,0.2311122758978597
1551,1.3348640492268706,0.8907890765732036,1.0028566187140031,0.23059484227374413
1552,1.3338423471924552,0.892488991170742,1.0026811214941806,0.23008012738568923
1553,1.3328169388894573,0.9024080068368413,1.0025093405559122,0.22956824002511425
1554,1.3317876585193165,0.9288519963220958,1.002362449312772,0.22905924995257596
1555,1.33075437026838,0.9301251427579148,1.002202074335668,0.22855307240868927
1556,1.3297169305479952,0.9392653030124288,1.002063207129545,0.2280495737024262
1557,1.328675149430954,0.9507802324351814,1.001902066510228,0.2275487153870214
1558,1.3276288177152709,0.9581165211024743,1.0017347644060042,0.22705051277296118
1559,1.326577742278484,0.9612386937329915,1.001549613663769,0.22655501572540937
1560,1.3255217422158991,0.9627974767300287,1.001354337758215,0.22606228581372925
1561,1.324460615214035,0.9640509282542998,1.0011750167972913,0.22557232218022158
1562,1.3233941276245638,0.9650985512156056,1.0010394902326167,0.22508504989873454
1563,1.322322032125252,0.9657320420894695,1.0008875567851878,0.22460037053397974
1564,1.3212440867164876,0.9662015659981871,1.0007333080708432,0.22411825507002894
1565,1.320160047111041,0.9676159914093251,1.0005385211452118,0.22363876882999872
1566,1.3190696496172076,0.970059417662844,1.0003810791298609,0.22316196673347988
1567,1.3179726006722965,0.9728067422538358,1.0001875999865917,0.22268784506879266
1568,1.3168685899706924,0.9750688325222543,1.000028178872655,0.22221634836128062
1569,1.3157573045342346,0.9765175106229316,0.9998474886084758,0.22174741484783642
1570,1.3146384265866955,0.9774777397504867,0.9996830603380708,0.22128101579153028
1571,1.3135116103175664,0.9783168317592604,0.9995035343625555,0.22081715787295966
1572,1.312376473295452,0.9791333381144087,0.9993368254865805,0.22035588601202016
1573,1.3112326161810421,0.979829001952096,0.9991644231228273,0.21989722467102502
1574,1.3100796389584906,0.980332555533687,0.9989667787372075,0.2194411449835172
1575,1.3089171211182233,0.9807554946595763,0.9987909655411511,0.21898757852509054
1576,1.3077445977666615,0.9812722188654606,0.9985956918512775,0.21853649633832237
1577,1.3065615685662788,0.9819719290495862,0.9984191314146705,0.21808790864230615
1578,1.3053675247924925,0.9827023391830071,0.9982527415181623,0.2176418409252963
1579,1.3041619407226648,0.9833633515916872,0.9980883347003507,0.2171983034048008
1580,1.3029442458943352,0.983844990431189,0.9980623707055832,0.2167572915416568
1581,1.3017138232277465,0.984240134419923,0.9981425115898874,0.21631876116368187
1582,1.3004700331546524,0.984687666855867,0.997982223785875,0.21588268497160223
1583,1.2992122137228987,0.9851330259653948,0.9979479265086443,0.2154490680636544
1584,1.2979396598391713,0.9855590588616289,0.997764117261716,0.21501797609511725
1585,1.2966516182590797,0.9859394061697644,0.9977580542005714,0.21458960702264104
1586,1.2953473021226858,0.9862757931766367,0.9976503048882039,0.21416466301833664
1587,1.2940258934655249,0.9865895456884671,0.997527321784033,0.21374616490316192
1588,1.2926865343103153,0.9869013530716595,0.9973650071363404,0.21334629786316794
1589,1.2913283289672577,0.9872365032326946,0.9972496804582446,0.2130105355719002
1590,1.2899503495185811,0.987599724458487,0.9971515651890097,0.21287674875111137
1591,1.288551637224104,0.9879499833233127,0.996992885950607,0.21330912458594145
1592,1.2871312130285923,0.9882544670521949,0.9968852439266622,0.21490509721097373
1593,1.2856880940830744,0.9885262119571006,0.9967001546542827,0.2148983425934587
1594,1.2842212962707247,0.9887782289917902,0.9966493415621059,0.21625267652713026
1595,1.2827298455789848,0.9890537165789761,0.9967004727684088,0.21646983007195147
1596,1.2812128222911014,0.9893496270897998,0.996506786918947,0.21783123483091135
1597,1.2796693934812742,0.9896417706825731,0.9964870725326486,0.21925136565645925
1598,1.2780988323764968,0.989921688995789,0.9962730642833291,0.21997585593544433
1599,1.2765005804609073,0.9901790630069578,0.9962758902431759,0.2220965695419766
1600,1.2748743284400097,0.9904242295340665,0.9962124755715513,0.22424598631050818
1601,1.2732200734097243,0.9906512988730658,0.9959918478126365,0.22511828990084629
1602,1.2715382126722659,0.9908786625200279,0.9958915064744226,0.22614108431881852
1603,1.2698296626963632,0.9911025703927971,0.9957173255991923,0.22916271583739375
1604,1.2680959350434242,0.9913196791858666,0.9955528815832341,0.23252285895269054
1605,1.2663392396940951,0.9915300762407916,0.995393707490452,0.2340709746443563
1606,1.2645625446716762,0.9917360355803542,0.9952178525453135,0.2388230365177509
1607,1.2627695262164729,0.9919382692423886,0.9950611328664071,0.24279558761936568
1608,1.260964489883323,0.992140133305608,0.9949078459971714,0.24664154922964207
1609,1.2591520778758598,0.9923397093798694,0.9946791213937136,0.25193740566196066
1610,1.2573369690237866,0.9925408548203157,0.9945731063795309,0.2528285271319142
1611,1.255523420081686,0.9927427257504673,0.9943900144955948,0.2569044620752761
1612,1.2537149437991169,0.992948234029569,0.9942167597118423,0.2613958985860772
1613,1.2519139491597744,0.9931482680372575,0.9940393178883872,0.26431522241725014
1614,1.2501218016141427,0.9933459103672224,0.9939377254852767,0.2660810522400937
1615,1.2483386097106721,0.9935374869148608,0.9938667346619419,0.2686148400160455
1616,1.2465646270968398,0.9937295969997318,0.9936840491419804,0.2722681075063864
1617,1.2448019997328286,0.9939178650221328,0.993499250737557,0.275662513244041
1618,1.2430778529760902,0.9940999731687599,0.9933032282164048,0.2777051619535175
1619,1.241526702234609,0.9942786887627396,0.9930659816989857,0.27865356044334766
1620,1.2406414710045697,0.9944559250886088,0.99289033902439,0.28037216844340945
1621,1.2415449341819405,0.9946354513408514,0.9926590812564219,0.282912097541192
1622,1.2461588231269864,0.994806453435775,0.9924614477817021,0.2855230651864016
1623,1.252311966086354,0.994982050470919,0.992193676943397,0.2875452750579279
1624,1.2519780309323434,0.995159960194775,0.9919873394513247,0.28883326290423494
1625,1.2547752495111342,0.9953337967369227,0.9917464973075697,0.28970555995586467
1626,1.2561471450160258,0.9955266778219145,0.9916143132689302,0.290714849874472
1627,1.2554225472067448,0.9957018486137846,0.9913681407047914,0.29217723088549563
1628,1.255622759864702,0.9958764354654431,0.9911604194401394,0.2938262572308536
1629,1.256605139538807,0.9960553506331582,0.9909025028028866,0.2951432941772595
1630,1.2573761176197051,0.996225001652574,0.9906856568123926,0.29585282040396976
1631,1.2573154044067922,0.9964090662234404,0.990488290499227,0.2962467212984547
1632,1.256704680479788,0.9965713673977267,0.9902184477201131,0.2967940688939926
1633,1.256324404813358,0.9967368804541697,0.9899622885342211,0.2974112186787503
1634,1.256426065940493,0.9968995273174677,0.9897036607454299,0.29810620574287444
1635,1.2567011864972872,0.9970635445626104,0.9894981164288867,0.2989501097002746
1636,1.256844903651752,0.997231805136101,0.9892952895315967,0.29948984426837416
1637,1.256634623450667,0.9973821052449395,0.9890240972076272,0.29941128849604076
1638,1.256096765097325,0.9975362982844077,0.9887739704222057,0.2992847427360242
1639,1.2555006288706783,0.9976815049387304,0.9884861029453457,0.2991951963239774
1640,1.255119298277605,0.9978417374655209,0.9882503980295368,0.29916197509856973
1641,1.2549463292405523,0.9979847890635111,0.9879576603382064,0.2993071167447715
1642,1.254818514708144,0.9981268470498202,0.9876779404362608,0.2994209000304
1643,1.2545568477978466,0.9982684039212482,0.9873960992391909,0.2993647847563508
1644,1.254100598281266,0.9984131366234551,0.987131017337852,0.2990551115344495
1645,1.2535164811669495,0.9985728868763072,0.98694262672005,0.29867249342691676
1646,1.2529578951936748,0.998708622368755,0.9866546842868937,0.29844063435820056
1647,1.2525125979230707,0.9988488261193228,0.9864057187231285,0.2984057314470726
1648,1.2521531534809087,0.9989841734388214,0.9861363976154685,0.29841376308738604
1649,1.2518043958656964,0.999142626200482,0.9859669901173593,0.29833335167982894
1650,1.251384017658825,0.9992702871963312,0.9857221290131999,0.2981668154585821
1651,1.2508672435005606,0.9994201104147141,0.9855754399396944,0.2977546325561921
1652,1.25028954593363,0.9995635032257826,0.985456417985686,0.2974197751414113
1653,1.2497289468718227,0.9997606668823344,0.9854332472145684,0.29725071720288954
1654,1.2492216415795596,0.999890763807656,0.9853539900633997,0.2970436608776125
1655,1.2487578606176104,1.0000419722766873,0.9854334820456041,0.2968116623416294
1656,1.2482921247965684,1.0001619763783953,0.9856732176386025,0.29646678472742194
1657,1.2477890444006539,1.0002975114508748,0.9854269577350425,0.2959481644050164
1658,1.2472385201425953,1.0004384816768426,0.9855049792044565,0.2954177388999665
1659,1.2466694664264182,1.0005581159842258,0.9851643989668699,0.2949465375201439
1660,1.246112039298003,1.000700494528312,0.9851406750564881,0.2945325227952254
1661,1.2455815916100785,1.0008275096129338,0.9848195214815648,0.2941266461202871
1662,1.2450708039998974,1.0009725279200479,0.9847935425688304,0.293675842066052
1663,1.2445576514972414,1.001091673414455,0.9844929663973383,0.29316228228911284
1664,1.2440223371705232,1.0012161573080653,0.9842993020233384,0.2926167016239365
1665,1.2434635049769658,1.001328889067659,0.9839860921474648,0.2920598585529966
1666,1.242897470593059,1.0014442321216175,0.9836926297987248,0.29153566600166
1667,1.2423392159541498,1.0015628137163652,0.9834273562966022,0.29107560271845084
1668,1.2417948498779983,1.001666378712403,0.9831110722293719,0.2905994203890532
1669,1.241258095263992,1.0017922487627153,0.9827766082425885,0.29008622119517563
1670,1.2407183279031864,1.0018927306991647,0.9824414982753786,0.2895541400109031
1671,1.2401678791717174,1.00201260320162,0.9820980404607742,0.2889601609016286
1672,1.239608158237073,1.0021124254088216,0.9817765173483634,0.288357129542808
1673,1.239045995411476,1.0022187152076274,0.9814660036512775,0.28778118817834697
1674,1.2384893211040162,1.0023134554525879,0.9811562558075708,0.2872136639598459
1675,1.2379411193667487,1.002409543067233,0.9807873289376989,0.2866453599379194
1676,1.2373965611331421,1.0025111836867195,0.9804516263203186,0.2860479113671684
1677,1.2368488682073564,1.0026014565466124,0.980074820993303,0.28541356996843575
1678,1.2362951184676771,1.0027003283369627,0.9797487464958559,0.2847639591770233
1679,1.2357375099684746,1.0027931582895662,0.9794048277449838,0.2841270282785571
1680,1.2351795588758685,1.0028898795155592,0.9790401030686345,0.28351397807110096
1681,1.234624303461854,1.0029932082627582,0.9786831954790254,0.2829166301003118
1682,1.234072435277284,1.0030820246740872,0.9783035207798468,0.282298874158061
1683,1.2335221407968062,1.0031722679931592,0.9779229978509063,0.2816637196683928
1684,1.2329707777730565,1.003273698722092,0.9775540340839628,0.2810107146676704
1685,1.2324166204044698,1.0033571116075852,0.9771645045341563,0.28034597949511736
1686,1.2318610011089304,1.003447608300667,0.9767687319744707,0.2796943494652241
1687,1.231306402825451,1.00353728314775,0.9763883146505433,0.27904293014900455
1688,1.2307542646629115,1.003617719611874,0.9759928374102564,0.27839188751628086
1689,1.2302036402904089,1.003708303468768,0.9756169138789749,0.2777327255281541
1690,1.2296533648815284,1.0037871170862094,0.975219417059073,0.27706176330952537
1691,1.229102578880115,1.0038763355443336,0.9748500290433999,0.2763849260761802
1692,1.2285508053526086,1.0039485930649747,0.9744561023538304,0.2757111612222038
1693,1.22799835757422,1.0040360362010268,0.974038527287624,0.27505144761143974
1694,1.2274463838507286,1.0041074543892028,0.973636381739317,0.2743999910884416
1695,1.2268957407362473,1.0042107358575054,0.9732537854671885,0.27374067296479143
1696,1.2263460219120024,1.0042772675529308,0.9728293287890839,0.2730761038835548
1697,1.2257963184808303,1.004380437562894,0.9724002973447962,0.2723976659265979
1698,1.2252462801452497,1.0044536868888945,0.9719905226739494,0.271716438058802
1699,1.2246961682708848,1.004569359397691,0.9715860849298101,0.2710394109813319
1700,1.2241464490684315,1.0046469709023063,0.9711948977974377,0.2703659173616823
1701,1.223597319654868,1.0047194881529116,0.9707738248867642,0.26969351094131283
1702,1.22304893789071,1.0048124811971237,0.97032752732131,0.269019314457936
1703,1.2225011770960033,1.0048997130308976,0.9698703413456208,0.2683464871163547
1704,1.22195358471734,1.0050452537022887,0.9694241009675244,0.2676737874444627
1705,1.2214057699031566,1.0051105696831586,0.9690111730262756,0.2670069298742037
1706,1.220857910556253,1.0052009553194114,0.9685526636455222,0.2663478181923262
1707,1.2203104669582554,1.0052721590501734,0.9680978055753575,0.26568952841090737
1708,1.2197635445825503,1.0053435750925697,0.9676624667382795,0.2650316167989367
1709,1.2192169622614564,1.005426350726042,0.967200990849674,0.26437147778567166
1710,1.2186706315023215,1.0054791742075355,0.9667319022015757,0.2637092785232763
1711,1.2181245476147957,1.0055374524137703,0.9662599614048256,0.26304675781975523
1712,1.217578631307795,1.0055893709173422,0.9657687243773305,0.26238779700917836
1713,1.2170328566608648,1.0056687177132635,0.965273119119315,0.2617317696494954
1714,1.2164874639699326,1.005717482418469,0.9647668407412927,0.2610763330790084
1715,1.2159425919906584,1.005774017628926,0.9642727113674275,0.2604230352333454
1716,1.2153980215733224,1.0058199375118946,0.9637675147406083,0.2597718858520996
1717,1.2148535588765426,1.0058741870969439,0.9632687326643625,0.2591248561498331
1718,1.2143092558985467,1.0059345810172613,0.9627546719714148,0.2584828071041304
1719,1.2137651738914952,1.0059746557166047,0.9622295277084028,0.25784617601778914
1720,1.2132212671884217,1.006022407355052,0.9617183895064154,0.2572119613103775
1721,1.2126775734366797,1.0060613587358904,0.9612188778956423,0.2565798967513834
1722,1.2121341853128214,1.0061055664281067,0.9606903419386558,0.25594930212745837
1723,1.2115910598564907,1.0061695786406315,0.9601293926947091,0.2553204782589105
1724,1.2110480824441618,1.0062039367014437,0.9595649013205553,0.2546943350277129
1725,1.2105052576077227,1.006257855648398,0.9590105886334375,0.2540718826612904
1726,1.2099626760136108,1.0063052237886456,0.9584384185297962,0.2534529610837518
1727,1.209420356263729,1.006398123557764,0.9578694743830075,0.2528375482546234
1728,1.2088782294231575,1.0064313734646841,0.9572792764323635,0.25222615078782135
1729,1.208336276375318,1.0065134958377304,0.9566728120999495,0.2516191179876935
1730,1.2077945170084023,1.0065547918499578,0.9560750483309489,0.25101663252140427
1731,1.2072529007479376,1.0066453543548748,0.9554836330412243,0.25041868478393275
1732,1.2067113737380362,1.0066713965419671,0.9548660529658423,0.24982473727945528
1733,1.2061699884609007,1.0067524184138896,0.9542887224345593,0.24923411468167722
1734,1.2056287990670078,1.006795117122885,0.9536942826056545,0.24864660143556316
1735,1.2050877526379973,1.0068695216314412,0.9530274916529313,0.24806207696910806
1736,1.2045468071497873,1.0069036665774123,0.9523927354562062,0.2474806969939622
1737,1.2040060067016485,1.0069355906968964,0.95177277054504,0.24690283752988357
1738,1.2034653594077551,1.0069583016600236,0.9511166380046073,0.2463285309118333
1739,1.2029248145213687,1.0069886344846282,0.9504255844389276,0.2457579315771253
1740,1.2023843795564753,1.0070067764009347,0.949741514857335,0.2451911724596464
1741,1.2018440853472518,1.0070266178331657,0.9490503690782915,0.24462838754224747
1742,1.2013038905147846,1.0070471463925117,0.9483937324448153,0.24406947312558325
1743,1.2007637463123368,1.0070731796160184,0.9476965601224877,0.2435143978896549
1744,1.2002236673162925,1.0070947864451176,0.9469676833907091,0.2429629013608194
1745,1.1996836672990216,1.0071178996318753,0.9461824309933592,0.24241469735013396
1746,1.199143721783872,1.0071348317722881,0.9453779611163984,0.24186955322572504
1747,1.1986038174743119,1.007153290067524,0.9445926812292571,0.24132739782743323
1748,1.1980639700384572,1.0071629967457436,0.9438047413535341,0.24078827324582244
1749,1.1975241787516129,1.0071721137176506,0.9429894582754247,0.24025224262309808
1750,1.196984414772042,1.0071790103174745,0.942176609615643,0.2397193955612786
1751,1.196444671697236,1.0071886060150674,0.9413224790165802,0.23918980312808796
1752,1.1959049691996209,1.007207986414398,0.9404390164225588,0.23866357187320414
1753,1.1953652903895327,1.007213429713215,0.9396186429488882,0.23814076761767441
1754,1.1948256000826583,1.0072181310240882,0.9387300375993676,0.2376213080246086
1755,1.1942859018484677,1.0072248944694335,0.9378002113772788,0.2371051281095585
1756,1.1937461981615072,1.0072303952732944,0.9368544985141997,0.23659218192326878
1757,1.1932064575167263,1.0072443262114592,0.9358999670472381,0.2360822781991384
1758,1.192666670421495,1.0072565288094277,0.9349770021950355,0.2355754256598467
1759,1.1921268517357653,1.0072603026100853,0.9340125075437173,0.23507187703754037
1760,1.1915869876050333,1.0072558091157193,0.9330018973968767,0.23457182651505373
1761,1.1910470558727557,1.0072541595491913,0.9319663225492821,0.2340774319944707
1762,1.19050706045903,1.0072508107809406,0.9308999957098384,0.23359480986655135
1763,1.1899670016402313,1.0072500418680153,0.9298317451137943,0.23314279460993487
1764,1.1894268595905146,1.0072433731831067,0.9287584334439668,0.23277480046194435
1765,1.1888866220785754,1.0072334614488054,0.9276157440103935,0.2326253791107777
1766,1.18834628841617,1.0072259021731322,0.9264403311966203,0.23298364840515187
1767,1.1878058470832866,1.0072174587589944,0.9252609624573026,0.2344928135003139
1768,1.187265276211745,1.0072080580292873,0.9240877082183635,0.23554262211202204
1769,1.1867245692507924,1.0072023470410942,0.9229548565082782,0.23592247053312487
1770,1.186183725727549,1.007190156749208,0.92165859958453,0.2355703817621429
1771,1.1856427288831124,1.007178732606235,0.920421838382647,0.23530121780623806
1772,1.185101564242173,1.0071629907148087,0.9190926213909459,0.23515453819437684
1773,1.184560233704946,1.007150960696709,0.9177899314940301,0.23488555041038833
1774,1.1840187270681024,1.007134250434048,0.9165408388726378,0.23462974918284438
1775,1.1834770250441116,1.0071175855384746,0.9151288607836562,0.2344092624056978
1776,1.1829351238663235,1.007096267149006,0.9139016075131249,0.23413758970154322
1777,1.1823930178086686,1.0070740366335997,0.9125785319531533,0.23392453754314513
1778,1.1818506870898333,1.0070554680312185,0.9125082751517396,0.23367707977242158
1779,1.1813081201190017,1.0070320939621416,0.9120447838884659,0.2334924093191738
1780,1.1807653108866725,1.0070073802121562,0.9126565486242367,0.23322164714817112
1781,1.1802222455722542,1.0069830826524737,0.9126617871661626,0.23302715009184166
1782,1.179678908907581,1.006961622801505,0.9127278563776677,0.2327449508898241
1783,1.1791352933887265,1.0069312211098742,0.9126303753641518,0.2325165380488653
1784,1.1785913905730976,1.006903793110585,0.9129126156104168,0.23223899213260063
1785,1.1780471848675282,1.0068770268466722,0.9116856233914129,0.23197419418142956
1786,1.1775026641820086,1.0068604701322434,0.9107631036840832,0.2317231115413754
1787,1.1769578220088426,1.0068306869684962,0.9090321829695042,0.2314597938835108
1788,1.1764126435236002,1.0067958616775483,0.9073092508100554,0.23121583178714775
1789,1.1758671124562852,1.0067611171945332,0.9058221826959255,0.23097115994990353
1790,1.175321220928993,1.0067390854630547,0.9043654834189557,0.23073149770789325
1791,1.1747749556853542,1.006720138087502,0.9035547181133263,0.23048901564172422
1792,1.1742282988761523,1.0066920003490227,0.9027097160155263,0.23024876913686648
1793,1.1736812404513746,1.0066777927965516,0.9038602141681257,0.23000066690150653
1794,1.1731337686823755,1.0066475954750318,0.9022726245121104,0.2297556115705891
1795,1.172585867632037,1.0066403783151152,0.9048264445567301,0.2294965353932508
1796,1.1720375239134118,1.006632150993218,0.9028062176805975,0.2292484495157893
1797,1.1714887266250178,1.0065912329917575,0.906294981329394,0.22897252581137625
1798,1.1709394605062349,1.0065819234794973,0.9057180954053317,0.22870946212023613
1799,1.1703897096862135,1.0065390926689768,0.9073693794978732,0.2284233691058364
1800,1.1698394618276198,1.0065356271744181,0.9142684943151735,0.2281378099908926
1801,1.1692887023975207,1.0065218051914382,0.9176047135467884,0.2278455848450507
1802,1.168737413449881,1.0064843107452779,0.926644459786716,0.22754850964300535
1803,1.1681855812617836,1.0064626901864842,0.9305800487545569,0.22724665896370946
1804,1.167633191869537,1.0064605369093254,0.937027184388817,0.22694446025707884
1805,1.1670802268521272,1.0064520153232042,0.9457691349429173,0.2266391413934675
1806,1.1665266714612654,1.0064226413034882,0.9606758044289934,0.22633694352979547
1807,1.165972511395392,1.0063879280678598,0.9636375656301275,0.22603033241941242
1808,1.1654177289989869,1.0063355535338527,0.9656569601119035,0.22572306586828966
1809,1.1648623072627886,1.006296509079124,0.9721409015291264,0.22541476721127335
1810,1.1643062310443975,1.0062625156135614,0.9812694739506936,0.22510332819582726
1811,1.1637494823855763,1.006217637614389,0.9860353970674527,0.22478782535943287
1812,1.1631920426189462,1.0061657765370606,0.9866741757312236,0.22446801739405722
1813,1.162633895185725,1.0061363656861275,0.9870373352163818,0.22414654785229537
1814,1.1620750221595386,1.0061121571456368,0.9878036064790914,0.2238178271600565
1815,1.1615154035339006,1.0060546556565166,0.989658002133868,0.22348470128016829
1816,1.160955021950041,1.0060224554345742,0.9924924649270096,0.22314741255223725
1817,1.1603938588620126,1.005960398420563,0.9955547380724964,0.22280551916532787
1818,1.1598318941367327,1.0059619375192583,0.9977215835483334,0.22245982412539134
1819,1.1592691088436757,1.0058969223482255,0.9987186638979356,0.22211045808764296
1820,1.1587054835537351,1.005868568287584,0.9990688952335678,0.22175934280689694
1821,1.158140997326942,1.005807122049194,0.9990601780346293,0.22140432759034093
1822,1.1575756292354054,1.005797836885029,0.9993676021878859,0.2210471282858443
1823,1.1570093591530488,1.005732999269315,1.0001993603665278,0.22068941749821083
1824,1.1564421652655132,1.005692265561747,1.0011723826943373,0.2203295816235396
1825,1.1558740251762198,1.0056556733035742,1.002077761886935,0.21996863393052316
1826,1.155304917487057,1.0056359642595827,1.0028874524565852,0.21960743392654833
1827,1.1547348193376927,1.0055726745830502,1.0033685299252857,0.21924430686506463
1828,1.1541637074068753,1.0055372604937347,1.0034151633548658,0.21888086153672606
1829,1.1535915592097579,1.0054828833430942,1.003360702127034,0.2185172927823011
1830,1.1530183508759508,1.005460759397396,1.0034770268749256,0.21815212181301039
1831,1.152444057703638,1.0053933155601902,1.0037828334481718,0.21778635734603471
1832,1.1518686555768476,1.0053576296051696,1.0041095622155094,0.21741996615766723
1833,1.1512921190718348,1.0052878780194077,1.0044611109563324,0.21705235250384652
1834,1.150714422070644,1.005285613751691,1.0047034176861975,0.21668460845627474
1835,1.150135538656567,1.0052468551210563,1.0048169189052785,0.21631669327894545
1836,1.149555442607101,1.0051673809336563,1.0048201411965991,0.21594826824867028
1837,1.1489741057405323,1.0051094817592408,1.004770228693235,0.2155801753716298
1838,1.1483915012279104,1.005047991259529,1.004778175863964,0.2152128675283536
1839,1.147807600654816,1.0050035130845663,1.0048448663136853,0.2148463149587847
1840,1.147222375022908,1.0049148111226978,1.0049730538088304,0.21448086652253415
1841,1.1466357953024355,1.0048559704313087,1.005156825330547,0.21411606493298088
1842,1.1460478315382305,1.004820286944008,1.0052957855902758,0.2137524195185836
1843,1.1454584527323488,1.004812583715641,1.0053525787423003,0.2133904078921356
1844,1.1448676279041392,1.0047433401410468,1.005338672384832,0.21302912455539652
1845,1.1442753251067317,1.004718882554607,1.0052848416468672,0.21266930492726013
1846,1.1436815116822892,1.0047445729129187,1.0052363558159136,0.21231036886992066
1847,1.1430861543677382,1.0047082639688163,1.005222016276026,0.21195255798369544
1848,1.1424892194002874,1.004653359280938,1.0052403434144421,0.21159635264410126
1849,1.1418906719372814,1.0045959643550508,1.0052809381046668,0.21124063762987536
1850,1.1412904770120356,1.0045166133287207,1.0053199796193701,0.21088650835106826
1851,1.1406885981780772,1.0044848282362464,1.0053222072979475,0.21053263909481273
1852,1.140084998614792,1.0043863401119228,1.005299030992949,0.21018010062503809
1853,1.1394796406066314,1.0043131165283714,1.005256883629947,0.2098279436031019
1854,1.1388724856045072,1.0042401184702818,1.0051946596080934,0.20947681739564142
1855,1.1382634939741385,1.0041852855473339,1.0051315917630443,0.20912632360694033
1856,1.137652625311147,1.004094795246485,1.005070768828296,0.2087770497941875
1857,1.137039838710818,1.0040188354926955,1.0050154285121538,0.20842856254807948
1858,1.136425091770723,1.0039514532997473,1.004961421131408,0.20808127989941516
1859,1.1358083415473896,1.0039142203239295,1.0049039427802369,0.20773495263825667
1860,1.1351895438272266,1.0038179373366787,1.0048434234097448,0.20739024931526143
1861,1.1345686534270876,1.0037529911890664,1.0047838068142336,0.20704637992818434
1862,1.1339456243750237,1.003719674131628,1.004724631786531,0.20670505910041018
1863,1.1333204092413096,1.003727690501461,1.0046636278898762,0.20636420947737966
1864,1.1326929593797772,1.00367175116423,1.0046002458098477,0.20603068664585886
1865,1.1320632256753063,1.0036509498845716,1.0045464127738282,0.20570328743448615
1866,1.131431156875833,1.00377297906247,1.004486634349093,0.2054286880394797
1867,1.1307967012953557,1.0037477077109256,1.0044203940527223,0.20527728172619897
1868,1.1301598053842916,1.0036692662544375,1.0043537098012474,0.20557159100837863
1869,1.129520415059407,1.0035959451436787,1.004286156517487,0.20556699318481503
1870,1.1288784736634254,1.0035337738637715,1.0042180328689672,0.20548861127847487
1871,1.1282339250547169,1.003507642475999,1.0041451581625938,0.2053763745948204
1872,1.1275867090316092,1.0034119091909084,1.0040766250774897,0.20525022138713855
1873,1.126936766958246,1.0033365771639893,1.0040156309851842,0.20508721045515205
1874,1.1262840350559327,1.0032197097108968,1.0039603434595958,0.2049362671151952
1875,1.1256284527580729,1.0031546180814879,1.0038982265452883,0.20486697130812406
1876,1.1249699510361342,1.003080136576645,1.0038290444863358,0.20479626688406996
1877,1.1243084685545301,1.0029544840647338,1.0037644585803698,0.20469261497885882
1878,1.1236439298697367,1.002858855783104,1.003705351175835,0.20460491480109835
1879,1.1229762748584984,1.0027408258784445,1.0036320368613962,0.20454509823192513
1880,1.1223054165616062,1.0026612505326955,1.0035502191960812,0.2044677272545895
1881,1.1216313034350156,1.0025428127135074,1.003473424873644,0.20438332756927244
1882,1.1209538269812236,1.0024126187891573,1.0034018925395218,0.20431436194546798
1883,1.1202729610549234,1.0023103415693995,1.0033330899442872,0.2042429684534663
1884,1.1195885523816873,1.0021880195466206,1.0032671021835884,0.2041638823216477
1885,1.1189006470880516,1.002074555585572,1.003204067371782,0.20410010369678264
1886,1.1182089989220225,1.0019417415307361,1.0031233516745157,0.20403870371530083
1887,1.117513875498916,1.0018300652201142,1.003029405246228,0.20396618094704427
1888,1.1168148807375393,1.0017040883373907,1.0029368357517916,0.20390290229448246
1889,1.1161130960688377,1.0016072943481138,1.0028454313513624,0.2038365278555346
1890,1.1154083202296072,1.0014895131338606,1.0027541112887988,0.20375885750292
1891,1.1147055237773604,1.001373991432113,1.0026732905575844,0.20368256151190464
1892,1.1140089133297384,1.0012369591986248,1.0025893326329318,0.20360346891843786
1893,1.1133448049145094,1.001107228986932,1.002497439709508,0.20351250016015462
1894,1.1127404401290135,1.0010037303358819,1.0024058796155584,0.20341638489917005
1895,1.1123018376259548,1.0008622411875479,1.0023141991493916,0.20331565461340856
1896,1.1120049416824265,1.0007258670621724,1.0022140870474805,0.20320268722548482
1897,1.111959639160283,1.000604443302566,1.002123989559526,0.2030797377071135
1898,1.1115498929843413,1.0004860763381522,1.0020593971655107,0.20295763222795188
1899,1.1108603486017243,1.0003583347159075,1.0019851187940259,0.2028260785825983
1900,1.1104723637579546,1.0002183903535864,1.001887323814659,0.20268766082281825
1901,1.109962819241296,1.000093741139696,1.0017897724375353,0.20255019409676572
1902,1.1092732371353757,0.9999845979673875,1.0017007648935288,0.2024031951154677
1903,1.1087786680480565,0.9998445887513852,1.001598157415334,0.20225495486257283
1904,1.1081169068881556,0.9997111751141307,1.001492057218191,0.20209954605106334
1905,1.1075470280476953,0.9995682113776253,1.0013961522814816,0.20193996888623436
1906,1.106876749949146,0.9994496906591056,1.0013112599436367,0.20178252236708671
1907,1.1062821997187295,0.9993015848615403,1.00121594341948,0.20161433956554875
1908,1.1055853444810504,0.9991599101229054,1.0011103652268438,0.20144392517033904
1909,1.10491546726414,0.9989997692417626,1.0010027204015195,0.20126779486228596
1910,1.1041693135273065,0.9988791299883492,1.0008911510268779,0.20108542921212438
1911,1.1034812497181954,0.9987352388112591,1.0007787947823814,0.2009018039371251
1912,1.102722852299521,0.9985807872835598,1.0006752736553968,0.20070809948939586
1913,1.1020372796775597,0.9984198279021862,1.0005744251305981,0.2005106794583898
1914,1.1012452985042585,0.9982737352455149,1.0004689275226253,0.20030648268728066
1915,1.1005664263073467,0.9981296538069314,1.0003604288471986,0.20009752245551612
1916,1.099774692129697,0.9979607579967076,1.0002507672636942,0.19988683883619543
1917,1.0990128794056795,0.9977959329159449,1.0001385618411234,0.19967065627774472
1918,1.0982254160727198,0.9976598619520698,1.0000262697884035,0.1994543049275763
1919,1.0974215973375803,0.9975245272596215,0.9999196173937273,0.19923208096222952
1920,1.0966202546795853,0.9973671254120406,0.9998121078804943,0.1990112595275431
1921,1.0957775081377592,0.9972190111273652,0.9996974868311328,0.1987865314424348
1922,1.0949630427411203,0.997077626563326,0.9995874618678993,0.19856843390813575
1923,1.094115443401029,0.9969147173581813,0.9994909543671586,0.19835052193261535
1924,1.0932716662066633,0.9967853988834423,0.9993851827409098,0.1981655117266085
1925,1.0924126281945605,0.9966192283779444,0.9992747539876348,0.19800931729855564
1926,1.0915417840092858,0.996463332522145,0.9991793387463944,0.19798826053507643
1927,1.090683699490573,0.9962811876371404,0.9990957284428614,0.19811831533679047
1928,1.0897845893057805,0.9961261182392364,0.998985248156064,0.19843401963929172
1929,1.0888952012275375,0.9959768765760364,0.9988726007329817,0.19834234254452324
1930,1.0879946535452094,0.9958023930489954,0.9987781920180404,0.1983459044218885
1931,1.0870725910517214,0.9956854499752757,0.9986600522819822,0.19879671418192219
1932,1.0861502892773682,0.9955461658451518,0.9985447716028789,0.19901752453152954
1933,1.0852012619313927,0.9954174599524828,0.9984445995238542,0.19902772933194138
1934,1.0842532589403249,0.9952401175120581,0.9983524700640728,0.19937677667835704
1935,1.0832907517968338,0.995046095251939,0.998228211792272,0.19962792021649933
1936,1.0823079152900263,0.9948777143596628,0.9980982413290121,0.1997326781029976
1937,1.0813214736273178,0.994700472257219,0.9979874872049084,0.20005375512710205
1938,1.0803186468408612,0.9945120596867539,0.9978604659761218,0.20018121148327625
1939,1.079307467210477,0.9943213148352334,0.9977504839234502,0.20040129405710835
1940,1.078278932260721,0.9941419320200529,0.9976616494332573,0.2005926097163704
1941,1.077238884906644,0.99396529352766,0.9975620449808734,0.20077043736780698
1942,1.076190360576901,0.9937730933807415,0.9974438125927155,0.20095590578994144
1943,1.075122288986654,0.9935834928034953,0.9973169704490535,0.20113973783546274
1944,1.0740478841367977,0.9934142742118056,0.9971860977070667,0.20132470570264374
1945,1.0729547338374268,0.9932210531699669,0.997049732747946,0.20156619136578663
1946,1.0718551775459881,0.9930142298150729,0.996922169965576,0.2017352357543666
1947,1.0707338673763618,0.9928197175894804,0.9967973699501915,0.20205727279553543
1948,1.0696020253745078,0.9926185390682473,0.9966637218608897,0.20223186835714063
1949,1.068460087720639,0.9924188745692171,0.9965203644550978,0.2026036414548014
1950,1.0672989999926072,0.9922283890184187,0.9963757277677575,0.20282303376784255
1951,1.066128405525747,0.9920202565639954,0.9962390613066225,0.203165547285193
1952,1.0649376271310191,0.9918242203158629,0.9961008590158343,0.20343145041668934
1953,1.0637406886643623,0.9916163379627148,0.995963379851445,0.20370002380221583
1954,1.0625298595194421,0.9914173603757511,0.9958292684388004,0.20397193321092377
1955,1.0613015381805968,0.9911989596586197,0.9956912106391608,0.2041532333871815
1956,1.060069093131646,0.9909879054467147,0.9955464700161419,0.20436547825735688
1957,1.0588144682105158,0.990784879466997,0.9954019903072624,0.20447673981986314
1958,1.0575617858927708,0.9905656799414763,0.9952511652083602,0.20458969235592941
1959,1.0562851075225015,0.9903489143515939,0.9951029622803138,0.2046542610364456
1960,1.0550098311409506,0.9901448203659046,0.9949630953168129,0.20467808576018737
1961,1.0537139189563336,0.9899165315522063,0.9948264326795129,0.2047102695994891
1962,1.0524158789811031,0.9896955233492296,0.9946939720194715,0.20469230761745083
1963,1.0511050682037375,0.9895064603382798,0.9945493808753103,0.20468685690428234
1964,1.0497881431527698,0.9892773849754511,0.9944098081357521,0.20466780469364015
1965,1.048462326604075,0.9890549810478125,0.9942638439748755,0.20463347838837262
1966,1.0471278427068302,0.9888473644942332,0.9941139656503373,0.20462296045805778
1967,1.0457907721229256,0.9886521869391041,0.9939725038093307,0.2045586670567675
1968,1.0444450245865389,0.988430578236519,0.9938173426439567,0.20453411141330333
1969,1.0430981049423482,0.9881915114384046,0.993658884631341,0.20444851185180604
1970,1.041742652706911,0.9880590912452185,0.9935048844286583,0.2043837286156552
1971,1.0403881676271602,0.9878533912442217,0.9933488229699632,0.204283345576279
1972,1.0390275625646606,0.9876361770633239,0.9931982776492027,0.20417629069782484
1973,1.037668273041047,0.9874460727882745,0.9930520893233421,0.20405872884903054
1974,1.0363031348228637,0.987222069800675,0.992900022872758,0.2039321515698843
1975,1.0349388366688197,0.9870474074699244,0.9927368587160238,0.2038053753198102
1976,1.0335706847168413,0.986864291553266,0.9925724516508777,0.2036649283205281
1977,1.0322038282456887,0.9866121057892286,0.9924048488633249,0.20352836074457925
1978,1.0308323034995681,0.9864076540994964,0.9922371587837079,0.203373008943262
1979,1.0294609858935255,0.9861645346058091,0.9920711084790576,0.20321897444057363
1980,1.02808603201871,0.9859364615203755,0.9919057966704602,0.2030545988360371
1981,1.026711566919642,0.9857003339643485,0.9917372253775981,0.20288351588804812
1982,1.0253328637900037,0.9854528338608772,0.9915643558730388,0.2027082110821455
1983,1.0239531388192213,0.9852429071061952,0.9913908854572868,0.20253110737128585
1984,1.0225705044496278,0.9850092201479452,0.9912154213379576,0.20235025473158472
1985,1.021186420316911,0.9847835376439429,0.9910445112799823,0.20216342127355244
1986,1.019799454756007,0.984569275449221,0.990872567954015,0.20197556627990945
1987,1.0184099817970698,0.9843236144509435,0.9906986583594628,0.20178506541635724
1988,1.0170187446137178,0.9840850141094016,0.9905296678710857,0.20159183591151436
1989,1.0156247674896905,0.9838242299768982,0.9903564542866048,0.20139516303982813
1990,1.0142288079366724,0.983607600065727,0.9901834958572132,0.2011962617362166
1991,1.0128301492248604,0.9833337106759307,0.9900128740909189,0.20099715032925222
1992,1.0114300369017124,0.983153085709878,0.989848465879817,0.20079579630798364
1993,1.0100272621865287,0.9830750873160976,0.9896961718841779,0.2005926882441812
1994,1.0086227112415338,0.9831957691133275,0.9895158036454595,0.20038762079699768
1995,1.0072160292313592,0.9832591990236594,0.9893752234093098,0.20018123508829685
1996,1.0058077598997757,0.9829792284921937,0.9891928948023285,0.19997436651197192
1997,1.0043975811141757,0.983023678107694,0.9890546649981496,0.19976407863809745
1998,1.0029854236777775,0.9832596545114288,0.9889279675470725,0.19955512232679634
1999,1.0015719015418172,0.9834926970919667,0.9887448492058144,0.19934230043603
2000,1.0001567071339132,0.9832981038222804,0.9886467595508863,0.19912947100045733
2001,0.9987401200661381,0.9833048900554026,0.9884648086313299,0.19891560446206966
2002,0.9973217014533938,0.9832040187206365,0.9883350847415233,0.19870007371285872
2003,0.9959022277776933,0.9832903328194286,0.9881770351056595,0.1984869450884801
2004,0.9944814252243606,0.9832962385059193,0.9879921945040095,0.19827189552336466
2005,0.9930592888515587,0.9830255830868673,0.9878229879115955,0.19806001988561733
2006,0.9916357945942434,0.9830192966472773,0.987635714813621,0.19784575778841204
2007,0.9902114404976831,0.9827321016659945,0.9874610230684472,0.19764088989626596
2008,0.9887859032127246,0.9826143322041885,0.9872795513329577,0.19743483327899947
2009,0.9873593393178621,0.9824824665698408,0.987086427582827,0.19725705353179773
2010,0.9859316872830605,0.982501450482948,0.9869033335093778,0.19709785632213359
2011,0.9845033511689171,0.9823009861880776,0.9867089733481419,0.19704286010474764
2012,0.9830739244988087,0.9823253973233069,0.9865113486856234,0.19715240763032188
2013,0.9816438154657863,0.9823986436464219,0.9863147032017451,0.19766924508483935
2014,0.9802127021240813,0.982494299417748,0.9861148094746129,0.1984452686153985
2015,0.9787810539317376,0.9822040971189577,0.985912196032044,0.19851103186964206
2016,0.9773485252680404,0.9822365330596258,0.9857075019195616,0.1985327281585079
2017,0.9759153831047991,0.98198758145221,0.985505049731864,0.19873709968135633
2018,0.974481497419585,0.9821094706371197,0.9853053079738099,0.19932790077178528
2019,0.9730471629691957,0.9818112857432361,0.9851179667772871,0.1995278953295609
2020,0.9716121613209697,0.9818034851307411,0.9849386362108378,0.19985055528459472
2021,0.9701766465909086,0.9815630025129483,0.9847388267951884,0.20051014611488216
2022,0.9687407040116378,0.9816326445021888,0.9845352015256499,0.2009130950363358
2023,0.9673043961445643,0.9815206196854777,0.9843365527510739,0.2013906301969211
2024,0.9658676043172592,0.9812998240555838,0.9841244387456631,0.20215824895643703
2025,0.9644305540581418,0.9812624698667414,0.9839335846383427,0.2025333069043934
2026,0.9629932460032854,0.9810191145598633,0.9837525797219774,0.20326977376303987
2027,0.9615556839465367,0.9810696176245257,0.9835483667200187,0.20379951111615804
2028,0.9601179098658312,0.9811143450584683,0.9833323479157449,0.20465384723822674
2029,0.9586800008218889,0.9808186429399688,0.9831269973063,0.20544592407166956
2030,0.9572420303983491,0.980775260897492,0.982912754308554,0.20686669591800272
2031,0.9558039724919274,0.9807421206704324,0.9827218971519002,0.20753715914008242
2032,0.9543658904287108,0.9805073924685704,0.9825197944532086,0.20966060273706552
2033,0.9529278496433082,0.9806275205449324,0.9823263994369722,0.21007635784690915
2034,0.9514899481326069,0.9807705453984817,0.98211233279439,0.21242642502817125
2035,0.9500521097860481,0.9805034667718525,0.981901979862182,0.2131032708195691
2036,0.9486144370717985,0.9804706363991672,0.9816787484795837,0.21504266764653776
2037,0.947177031210007,0.9805131821503436,0.9814650142273715,0.2158290892333129
2038,0.9457398709990579,0.980238332035824,0.9812598263013205,0.21729729792653396
2039,0.9443029685093286,0.9802373298647711,0.9810403813242242,0.21766869280559797
2040,0.9428664440290904,0.9804111917217072,0.9808252328201225,0.218738105878769
2041,0.9414302987841787,0.9801983315152426,0.9806175730004054,0.2187937752908577
2042,0.9399945781650192,0.9800732608149934,0.9804007471367243,0.21938677618638464
2043,0.9385593092322352,0.9800974638643797,0.9801732237899474,0.21955660037484873
2044,0.937124551178837,0.9798402107085805,0.9799713597038212,0.21968926906114492
2045,0.935690362990042,0.9798811347031982,0.9797652151635737,0.21995048729010466
2046,0.9342567493375741,0.9800565181067257,0.9795376892433854,0.21996590851387285
2047,0.9328237499164431,0.9798729494662299,0.9793027110817499,0.2200957565814028
2048,0.9313914535757061,0.9797209723367253,0.9790812149144222,0.22016397207113314
2049,0.9299598483442787,0.9797626679843753,0.9788456335361332,0.22020866180396623
2050,0.9285289838615184,0.9796137439437268,0.9786218801361979,0.2201629237225837
2051,0.9270989222589848,0.9794439199906011,0.9784159645043912,0.22015972662585284
2052,0.9256696746714105,0.9794674214447252,0.9781972449730714,0.22000220200642168
2053,0.9242412897621846,0.9794947637360383,0.9779754259798829,0.21999827321438092
2054,0.9228138116121197,0.9792767263029896,0.9777580097306378,0.21994196457999704
2055,0.9213872660791541,0.9791365325542299,0.9775470867205348,0.21977672617059021
2056,0.9199617008891179,0.9789954004229653,0.9773027678780303,0.21963797263521914
2057,0.9185371403371713,0.9787385537131469,0.9770888311206676,0.21943948411402972
2058,0.9171136332120965,0.978740256804657,0.9768490045698087,0.21927496411890368
2059,0.915691214957966,0.9785595777079859,0.9766413531636774,0.21905503156679995
2060,0.9142698959140134,0.9783490597936682,0.9764154848383894,0.21890013225857055
2061,0.9128497431871191,0.9781699229513114,0.9761893246867797,0.21865932456099707
2062,0.9114307818329832,0.9779939387230409,0.9759517579042366,0.21852395925558107
2063,0.9100130251746842,0.9778610834547272,0.975744723710627,0.21829224138129072
2064,0.9085965282468066,0.9775978181608567,0.9755219691690585,0.21804734296972528
2065,0.9071813216253687,0.9774663189131826,0.9752598326038225,0.21777759544539552
2066,0.9057674304906209,0.9772808271530684,0.975031026364514,0.21751184455777864
2067,0.9043548830271911,0.9771547318790356,0.9747731164286739,0.2172606697059128
2068,0.9029437136516282,0.9771185909000566,0.9745466373005386,0.21696176897233435
2069,0.9015339671424606,0.976825531280646,0.9742998092479909,0.21664616346997004
2070,0.9001256460183734,0.9768205473093452,0.9740430261163564,0.21630875560754312
2071,0.898718793398679,0.9768237108808677,0.9737835429609191,0.2159881109597604
2072,0.8973134454321142,0.9765158737100971,0.9735297168128559,0.2156492626509874
2073,0.8959096152771328,0.976467008595747,0.9732595492302417,0.21529738331214587
2074,0.8945073375533458,0.9764133709957766,0.9730113033713645,0.21496306050076205
2075,0.8931066345325683,0.9760655313182984,0.9727548736529463,0.21463722429362783
2076,0.8917075391113034,0.9759970420054465,0.9725047860989506,0.21426233720758964
2077,0.8903100691743963,0.9759196026260267,0.9722278167330611,0.21390731260547552
2078,0.8889142502152181,0.9755693186167814,0.9719672303251152,0.21354186885424123
2079,0.8875201132938911,0.9755505623966175,0.9717022229900721,0.21321011549337038
2080,0.8861276689938266,0.9755697518872191,0.971451130864329,0.2128442590437612
2081,0.8847369527920103,0.9752497467458779,0.971192901977207,0.21247318848865923
2082,0.8833479798139937,0.9749421417311065,0.9709222866508043,0.21211059070575444
2083,0.8819607689548735,0.9747435677694536,0.9706762232347118,0.21176670738621023
2084,0.8805753459711936,0.9743686754136305,0.9704264283555786,0.21140640824855017
2085,0.8791917309502469,0.9741460842575506,0.9701792515531573,0.21105584608958705
2086,0.8778099420169023,0.9740521688632614,0.9698952789897607,0.21072481807355395
2087,0.8764299892131516,0.9736916897297486,0.9696336311379394,0.21040775089316457
2088,0.8750519079822839,0.9733738981646878,0.969340239807801,0.21008708895801131
2089,0.8736757038347746,0.9731546057063112,0.9690754749734429,0.20976174690401386
2090,0.8723013931777277,0.9727773656679969,0.9687837691297843,0.20945397414500963
2091,0.8709289947547183,0.9724287797915551,0.9685369780582566,0.2091491891269562
2092,0.8695585296113163,0.9721907057472144,0.9682794694692812,0.20884686803649408
2093,0.8681900051611416,0.9718123546210462,0.9680208977832183,0.2085510082329451
2094,0.8668234336905676,0.9714363723111844,0.9677317664182552,0.20826961688436202
2095,0.8654588396207424,0.9710956172960135,0.9674744679933065,0.20797755163685427
2096,0.8640962275799334,0.9706914081581479,0.9672465824270682,0.20769291109161642
2097,0.8627356138994642,0.9703244138147439,0.9670453044188166,0.20741865713283897
2098,0.8613770049240198,0.970026128135033,0.9668889284039794,0.2071435574863459
2099,0.8600204230341469,0.9696653499739348,0.9667578349288227,0.20686717009079802
2100,0.8586658669770926,0.9692392629597877,0.9665286015378923,0.20664491768583346
2101,0.8573133595232812,0.9688475958559138,0.9662622816623389,0.20647187283461457
2102,0.8559628936846811,0.9684272962329742,0.9660401077429763,0.2065377742381994
2103,0.8546145015133778,0.9679979385540254,0.9657193172515223,0.20707332089845776
2104,0.8532681667473926,0.9676057154781957,0.9654624237170819,0.2086918283038131
2105,0.8519239272782881,0.9672166795107825,0.9651376563967413,0.20881067195436634
2106,0.8505817469226777,0.9668056659147379,0.9648822237601399,0.2096223122776227
2107,0.8492417016560758,0.9663882115268718,0.9645688205558723,0.21146220430395737
2108,0.8479037041045283,0.9659596809114109,0.9642995008489962,0.21247464348711995
2109,0.8465678940433164,0.9655071233434741,0.9639663821956361,0.21480979283838705
2110,0.8452340897438392,0.9650778356616346,0.9636614877795517,0.2166219039647608
2111,0.843902611682259,0.9646510879206185,0.9633348040336005,0.2185792062152808
2112,0.8425730298077504,0.9641984949020035,0.9630236533717073,0.22063671338578444
2113,0.8412461825117677,0.9637390419850697,0.9627277833256828,0.22302356050988315
2114,0.8399211525380016,0.9632796961227953,0.9624007986346355,0.2250197939142324
2115,0.8386005563676836,0.9628080692210893,0.9620934435933783,0.2269842029118949
2116,0.8372832623754144,0.9623715761167312,0.9617484252597377,0.22903394115486658
2117,0.8359799529769949,0.9619533858520976,0.961425802067803,0.23157798581278644
2118,0.8346974661367748,0.961490380328305,0.9610802168366268,0.23393824856769582
2119,0.8334823562897025,0.9610128641487166,0.960755696145091,0.23667723651215516
2120,0.8323889662095293,0.960532812429885,0.9604219388347485,0.23877211182721114
2121,0.831555785664901,0.9600484227763144,0.9600751285172449,0.24188370687823113
2122,0.8311572028449444,0.9596009582999742,0.9597370534887938,0.24487247705107246
2123,0.8314383593047426,0.959148141053297,0.9593792067326875,0.24740370789117702
2124,0.8322923379750129,0.9586596668218007,0.9590461853830284,0.24903739813022172
2125,0.8331566465314085,0.9581638932528256,0.9587115765872051,0.2520581860486378
2126,0.8324307352096859,0.957662134394114,0.9583914050498219,0.2535525644568593
2127,0.8323036381395104,0.9571548960034444,0.9580621062745989,0.25659847530963525
2128,0.8325374927713334,0.956656670221912,0.9577618469205625,0.258910811934633
2129,0.8315803492596419,0.9561551269103895,0.9574171070408103,0.2620583132865967
2130,0.8317633387805631,0.9556381301635267,0.9571745223802545,0.2629623958153652
2131,0.8309143996960806,0.9551196941928062,0.9568108671792549,0.2643851090162705
2132,0.8305791306489143,0.954589418627323,0.9565751948168858,0.2652033290337783
2133,0.8297543025630162,0.9540593412614999,0.9561935926401125,0.26586402222175454
2134,0.8294512850765597,0.9535292697734289,0.9559313008009436,0.26660086150800943
2135,0.8288443432429198,0.9529975920515973,0.9555836721983858,0.2675437175473231
2136,0.8282290038353608,0.9524452764664818,0.9552722552015599,0.26939894736056075
2137,0.8275971030307445,0.9518757020414229,0.9549315331845538,0.27031900750193316
2138,0.8268528771283634,0.9513054589634591,0.9545401310781413,0.2716200639457539
2139,0.8263098210492376,0.950737145538571,0.9542386649577573,0.272183068936346
2140,0.8254873480476782,0.9501691905513061,0.9538526061499173,0.27290729829773464
2141,0.8248508384004921,0.9496042135099947,0.9535677955360001,0.2738867795428597
2142,0.824194012538129,0.9490118271585978,0.9531578369493395,0.27451005539359236
2143,0.8233858352786529,0.9484045439952903,0.9528356624516074,0.27522399584458546
2144,0.8227990493053651,0.9477989751795253,0.9524333487244566,0.27543024295028296
2145,0.821924599247645,0.947195044227523,0.9521366956700955,0.2759845980563657
2146,0.8212737772891877,0.9465927786754985,0.9517237820848806,0.2765879922028484
2147,0.8203621465923288,0.9459722398188494,0.9514014448448627,0.27676104777321436
2148,0.8195607446128105,0.9453400066171534,0.9509935095577972,0.2767746851657718
2149,0.8186542505899058,0.9446920971667842,0.9505958373637844,0.27712735558905355
2150,0.8177403060842781,0.9440518132714525,0.9502236690630322,0.2777336873757974
2151,0.8167822666518618,0.9434110091188306,0.9498606016769247,0.2781205631874397
2152,0.8158105559684459,0.9427617708075504,0.9495034031918145,0.27817979097808226
2153,0.8148828023366678,0.9421102131786265,0.9490767349387749,0.2784895830079178
2154,0.8139325796758297,0.9414453018213715,0.9487283837028786,0.2788782404547571
2155,0.8130577333427242,0.9407779800482471,0.9482856608827755,0.27905411666902014
2156,0.8121305369934895,0.9400911002928951,0.9478856358779517,0.27900308628172427
2157,0.8113015855525191,0.9394051469591324,0.9474759166554686,0.2790594540088802
2158,0.8103403678878055,0.9387145627579022,0.9470512626255815,0.2791782455855789
2159,0.8094614288241881,0.9379971015796784,0.9466447911244101,0.27913806435000016
2160,0.8084983528007225,0.9372667619242266,0.9462102436657147,0.27900223464815277
2161,0.8075182669806934,0.9365431157038336,0.9458093683297384,0.2789301767288965
2162,0.80650105734483,0.9358107920213835,0.9453532313597524,0.2787012077736482
2163,0.8053735289523599,0.9350794009959374,0.9449276485180137,0.27842812641519177
2164,0.8043006822379924,0.9343603348938323,0.9444804867111972,0.27814603195376775
2165,0.8031580412569317,0.9336100882765311,0.944050377773077,0.2778348913322751
2166,0.802000538299909,0.9328394208619272,0.943575362373057,0.27749983593356714
2167,0.8009529533325135,0.9320607571202445,0.9431168935533387,0.27720016998707697
2168,0.7997773689770522,0.9312656548078794,0.9426590589084397,0.2770062261208509
2169,0.7987646764157548,0.9304742751343706,0.9422449643399698,0.2766058298963002
2170,0.7976461342202681,0.9296918308371842,0.941839157565085,0.2760906077923977
2171,0.7965951993708414,0.9288634525146452,0.9413913239742143,0.27556059650729997
2172,0.7955106094008002,0.9280252394650713,0.9408832269466807,0.2750399425147986
2173,0.7943717672711872,0.9271832437948847,0.940403217888275,0.27454800987704797
2174,0.7932797399677525,0.926314352264333,0.9399497942976002,0.2739470214549887
2175,0.7921126429004127,0.9254502382564312,0.9395198174261928,0.2733831939696935
2176,0.7909611679737895,0.924574460827244,0.9390620268715694,0.2728333031546741
2177,0.7898220216025789,0.9236663056653917,0.9385218379862051,0.272309450669548
2178,0.788651798094342,0.9227490294849842,0.9380452067515425,0.271701113416894
2179,0.7875159256479938,0.9218301297755628,0.9375340104296946,0.27107525666949456
2180,0.7863870739615118,0.9208809118518165,0.9370104213430264,0.27047963516310175
2181,0.7852408351517521,0.9199430724127777,0.9365052642816962,0.2697821217689747
2182,0.7841380165460476,0.9189774801823466,0.9359650275640585,0.2690738876659935
2183,0.7829771550089005,0.9179961056327327,0.9354387340448467,0.26837478583547164
2184,0.7818746077981297,0.9170077032060848,0.9348702923188262,0.2677123229003472
2185,0.780722393756188,0.9159885326803098,0.9343346273337351,0.2670277691341976
2186,0.7795832641489773,0.9149807351958222,0.9337762706231578,0.2663745513831826
2187,0.7784411386690869,0.9139445527609,0.9332447987260664,0.26565152301081774
2188,0.7772893261154741,0.9128932445317239,0.9326627822366366,0.26492542647913414
2189,0.7761396581021716,0.9118181490276637,0.9320932611272215,0.2641828832760686
2190,0.7749938847134107,0.9107154012851427,0.93150108636959,0.26347419943998834
2191,0.7738440950906847,0.9095959439130473,0.9309342572537342,0.26272390075606733
2192,0.7727032115813277,0.9084711538260767,0.9303341683706788,0.26198499279486354
2193,0.7715628929420977,0.9073149657173019,0.9297587519881547,0.2612699203417289
2194,0.7704239353447854,0.9061486811755544,0.9291374633983214,0.2605933118238508
2195,0.7692888775348544,0.904967194061662,0.9285445769700915,0.25987402037730684
2196,0.768145367128861,0.9037613348140114,0.9279194566635286,0.25912873085298754
2197,0.767013083814547,0.9025366799005792,0.9273120866916378,0.25842123610554957
2198,0.7658705023001906,0.9012767909456373,0.9266655166203664,0.2577009468239042
2199,0.7647308359997604,0.9000059514787431,0.9260499347816012,0.25699081656130013
2200,0.7635927652027428,0.8987114609329802,0.9253899201833319,0.25629300024840135
2201,0.7624540462838418,0.8974224148088352,0.9247476971961587,0.2556289693315748
2202,0.7613166244404826,0.8961060047824371,0.9240801954840427,0.25498091490784525
2203,0.7601848894043922,0.8947286508903693,0.9234005958838047,0.25431742243007466
2204,0.7590508679476173,0.8933228550144694,0.9227179055979612,0.25367774861852793
2205,0.7579204322434403,0.8918960322116533,0.9220532347050078,0.2530228417621202
2206,0.7567924236182236,0.8904813709883735,0.9213782676931977,0.2524322526987509
2207,0.755663848700525,0.8890399641408226,0.9207130478868507,0.25190842732036467
2208,0.7545373838283985,0.8875577548723055,0.9200030266071633,0.2515201101459377
2209,0.7534105373309148,0.8860630400188495,0.9192845196235674,0.25153255314712986
2210,0.7522856743385713,0.8845104968594204,0.918562145539973,0.2522576136696323
2211,0.7511622246253312,0.8829907933564441,0.9178674379570203,0.2545571103584214
2212,0.7500408604319418,0.8814732391280928,0.9171974319508509,0.25428122366636857
2213,0.7489203100498889,0.8799027943710273,0.9164826015440425,0.25640692564094086
2214,0.747802489422379,0.8783055202791379,0.9157746339816993,0.257361931115218
2215,0.7466856925842891,0.8766455714003384,0.9150094223165801,0.2576748378175287
2216,0.7455714729606523,0.8749573661784985,0.9142577382668139,0.2587177725744545
2217,0.7444577212785736,0.8733157350600913,0.9134759558628074,0.25940246436762193
2218,0.7433448876901214,0.8715849324500808,0.9127244740864974,0.2601591471806024
2219,0.7422344402990557,0.8697967956999012,0.9119404551198436,0.26092073250363074
2220,0.7411250731188826,0.8680117160217338,0.9111421330181441,0.2615699869782433
2221,0.7400176200635329,0.8662161318943591,0.9103170534813232,0.26216047315585134
2222,0.7389115690410496,0.8644414733641607,0.9094793040169199,0.26260514455282274
2223,0.737807536241603,0.8625897277980343,0.9086437202933062,0.2630265264859534
2224,0.7367049728571949,0.8606465408867945,0.9078150835509629,0.2631742282564425
2225,0.7356042408039271,0.8587048879060166,0.9069638518291118,0.263621948769759
2226,0.7345044740889388,0.8568101045254918,0.9061048775958837,0.2634582034478739
2227,0.7334064279244552,0.8547972420906257,0.9052451620223607,0.2641656578130031
2228,0.7323098993279256,0.8527764066711023,0.9043942094305583,0.26393871955760045
2229,0.7312147605861984,0.8507127744810462,0.9035094248584123,0.2644214326061237
2230,0.7301221957523496,0.8485789105859792,0.9026238198389503,0.26483607954758814
2231,0.7290303462274306,0.8464053277710635,0.9017020811222716,0.2647265803430827
2232,0.727940219449041,0.8443003775941194,0.9007878203427437,0.2652717673710267
2233,0.7268522681558366,0.8421378690233357,0.8998694453379505,0.2655603712386513
2234,0.725765210058362,0.8399433835659796,0.8989415663088169,0.2655500111066988
2235,0.7246798931983497,0.8377473437257411,0.8980108037239882,0.2657345924922101
2236,0.7235963304249974,0.8354586269135736,0.8970168883481667,0.26563536941285243
2237,0.7225140662481103,0.8332398274811195,0.896054655787338,0.26530669458388223
2238,0.7214336979316408,0.8309908156917221,0.8950428944241506,0.2650378177790894
2239,0.7203550249140342,0.8287908416215676,0.8940299163750431,0.26476655708778984
2240,0.7192776812594412,0.8264427855678377,0.8930226413004776,0.2643519387319082
2241,0.7182019562973893,0.8242093095995622,0.8919481953466959,0.26409195572843375
2242,0.7171277953218824,0.8218797770608016,0.8908621982427073,0.26370467904614087
2243,0.7160553772226317,0.8197689777196651,0.8897777471971304,0.2634210276985133
2244,0.7149844852782679,0.8174003930095135,0.8887135655446419,0.263083997300967
2245,0.7139150414836404,0.8152251685631556,0.8876027365692679,0.2627062141816277
2246,0.7128472769502852,0.8128364734224897,0.8864780473875052,0.2624210087056812
2247,0.711781146015283,0.8108329761759001,0.8853251440162339,0.26203200098205376
2248,0.7107166189469749,0.8084969197627783,0.8841465577448442,0.26162260782666136
2249,0.709653443166695,0.8063683214577333,0.8829724289338071,0.26119155087210133
2250,0.708591967996899,0.8042605335417722,0.8817660873163499,0.26070890600380014
2251,0.7075320141132573,0.8024245886831302,0.880527063324904,0.26020860324077033
2252,0.7064736040137874,0.8000765332465046,0.8792984308213508,0.25975738391551734
2253,0.7054168561000886,0.7982262227004022,0.8780247345602157,0.25921447769450146
2254,0.7043614188523555,0.7967753282984023,0.8767255239894383,0.25863867651342115
2255,0.7033077074182115,0.7946172160969103,0.8754118792124509,0.2581265369943198
2256,0.7022553523735103,0.7927836349035894,0.8740944023852113,0.25759343438018956
2257,0.7012046042656089,0.7912028667031196,0.8727502878564687,0.2570100299095735
2258,0.7001553518174127,0.7899263000503157,0.8713772820100869,0.25644862760779724
2259,0.6991075351449688,0.7876751886963744,0.8700237519372529,0.25586902376640913
2260,0.6980612635824694,0.7859060763020416,0.8686329105721139,0.2553029652336829
2261,0.6970164357516355,0.7850733000989362,0.86717405903306,0.2547199610293006
2262,0.6959731576328874,0.783429133031351,0.8657193301027082,0.2541344894347583
2263,0.6949312323521007,0.7822694231797404,0.864326690972321,0.2535641654542193
2264,0.6938908820919244,0.7836094223316015,0.8629051870113505,0.25301477315674714
2265,0.69285181166936,0.782699793042364,0.8613897293308231,0.2524750362598622
2266,0.6918145176242255,0.7822270074753107,0.8600650155064823,0.25190418142675414
2267,0.6907782863932374,0.7811643348631064,0.8586414085579653,0.25132022932376524
2268,0.6897439210648146,0.7801696743358489,0.8570032133624426,0.2507363419560594
2269,0.688710426339183,0.7808903880278637,0.8553632106028708,0.2501688880372905
2270,0.6876792217478915,0.77881975833064,0.8537247459941321,0.2496032933131475
2271,0.6866484174157572,0.7792927118183994,0.8520226148329417,0.24902693316459065
2272,0.6856209418125293,0.777395353884162,0.8502775749677722,0.248474480019945
2273,0.6845931422944315,0.7776782081299108,0.8487942888554438,0.24788990921070517
2274,0.6835726493061559,0.77582360267085,0.847094831255276,0.24732185066748547
2275,0.6825525302513495,0.7760584914524848,0.8454327045087899,0.24677685578866643
2276,0.6815573261475968,0.7740878070911068,0.8439783105748346,0.24630407800826254
2277,0.6805848803047155,0.7736727427435613,0.8420738631810712,0.24593764192362683
2278,0.6797138614875046,0.7724276202383372,0.8402631023025201,0.24583280754106795
2279,0.6789973498478654,0.7722714697694201,0.8383231900832272,0.2462425920482225
2280,0.678637945155594,0.7708175012194655,0.8365819853496858,0.2471835107381312
2281,0.6788955594085581,0.7700547757948363,0.8346999663401288,0.24781612105134052
2282,0.6801439624878726,0.7688213068285484,0.8327210499982657,0.24806523614106682
2283,0.6824448358366146,0.768597130964071,0.8307962366999821,0.24824256270143605
2284,0.6844773282156941,0.767442578911703,0.8286376133455043,0.2488376494861459
2285,0.6837120560176634,0.7666299552874978,0.8266316151319894,0.24909828208473636
2286,0.6854825069559344,0.7656000082668095,0.8246769225675921,0.24909433564369257
2287,0.6854836032542212,0.7645524788500415,0.8226084466493634,0.24910710579773043
2288,0.686769491750113,0.7635288627801875,0.8207159390202653,0.2492554097993886
2289,0.6864849196130789,0.7624545325238751,0.818720591612203,0.24913631670927971
2290,0.6873317010722803,0.7616215259832392,0.8164153110630415,0.2489752258662352
2291,0.6880563756651881,0.7614636611513533,0.8143448797703359,0.24866937159249672
2292,0.6878205312694656,0.760419950459339,0.8120562292800038,0.24954616541371485
2293,0.6884344675003227,0.7600442559357167,0.8099490734971592,0.24999564100933286
2294,0.6891894405824958,0.7589864032722018,0.8076016087190082,0.25024918639246674
2295,0.6893232813389631,0.7574038025136013,0.8052611495036662,0.25075584583199156
2296,0.6899152603854447,0.7558022928549093,0.8027644072511722,0.2503243314157183
2297,0.6903225266332915,0.7543041435730136,0.8003034304864363,0.25006306637531556
2298,0.6902721013554632,0.7523102875761607,0.7977493702802206,0.24956218736231334
2299,0.690258581738357,0.7511324954908447,0.7953021459616336,0.25025993144935077
2300,0.690660408975763,0.7493108411646834,0.7927024494391931,0.25001513601485464
2301,0.690721566695371,0.7476903951060639,0.7902065767612833,0.24977043374566094
2302,0.6907479902485628,0.7469227986646103,0.7880565761914263,0.24947393647002097
2303,0.6907554458378613,0.7470188641400978,0.7859806215728002,0.24926543655605196
2304,0.6909057496107879,0.7451705387192552,0.784493118804487,0.24884403478848957
2305,0.6908608238469589,0.744814088128785,0.7831509580560723,0.24859452572305282
2306,0.690703503852078,0.7434764820157148,0.7831299898133439,0.24811882450138614
2307,0.6905966045457708,0.7417270672052666,0.7822857524207256,0.24770830757255663
2308,0.6906889227196166,0.7403744077504592,0.7821490657279159,0.24755916377803813
2309,0.6906433572491268,0.7384626002477419,0.7796002943918725,0.24699438845983768
2310,0.6904867376665295,0.7369600808332342,0.7795984907342376,0.24653443995557495
2311,0.6905218000817757,0.7351922743972568,0.7783210553104309,0.2461233344306554
2312,0.6904463452038411,0.7339133752449498,0.7793325446504361,0.24603644845106756
2313,0.6902530253801117,0.7324408772238915,0.7789691064726114,0.2457484566473212
2314,0.6900812336506071,0.7313473844389698,0.7794023233903452,0.24551859716442526
2315,0.6898646879746735,0.7295830049853801,0.7782522639488413,0.24568292186923787
2316,0.6896119982845695,0.7285829608885023,0.77865882398429,0.24541463113413875
2317,0.689368215531649,0.7267748308674826,0.7770326378764737,0.24521378619773876
2318,0.6891132335870273,0.7255513292087964,0.7764566055608068,0.24478838239945144
2319,0.6888765879846404,0.7239012609721405,0.7758795444931157,0.2446883601979711
2320,0.6886896119614477,0.7227920802034116,0.7737807096533188,0.24438413005283643
2321,0.6883701869892911,0.7217341261147648,0.773019695603526,0.24419851788486155
2322,0.68812414593694,0.720238622010151,0.7708053295720723,0.24398178557095015
2323,0.6878790641628006,0.7186670890579595,0.7690783884450537,0.24360091308543483
2324,0.6875019627692992,0.7174553283849681,0.7668806983779339,0.24315863441740923
2325,0.6871256738123227,0.7155506532023675,0.7647603818361178,0.24269127780803912
2326,0.6867431264667208,0.7141110639797822,0.7628462166492269,0.24278019743597337
2327,0.6863446481501457,0.7122933001018603,0.7606651865688758,0.24291204747357617
2328,0.6859311909755514,0.7106654295492724,0.7584889959111872,0.2434752941142982
2329,0.6854899263310319,0.7088868840831233,0.7563938943072516,0.24433349885904873
2330,0.6850570137208729,0.7071066201901658,0.7540450192035921,0.24426115379256272
2331,0.684678727017464,0.7052092162564737,0.7516932487503585,0.2440620172783201
2332,0.6841813777529882,0.7033842396121587,0.7493737984464353,0.24400825074271787
2333,0.6836980724170206,0.7013942199870407,0.7469867083553895,0.24502572307588305
2334,0.6831878910508483,0.6995756221249537,0.7446250010636999,0.24516892871661622
2335,0.682651874548856,0.6977566264790955,0.7421487072243096,0.24555690113898734
2336,0.6820873351518415,0.6958364438075869,0.7397222656572724,0.24581447689807054
2337,0.6815024484307423,0.6941446261831873,0.7373051422208459,0.24592417739908157
2338,0.6809145914189649,0.6922838317719707,0.7347988432524921,0.24646856579199292
2339,0.6803532905538169,0.6904602126137188,0.7323038043858779,0.24741013377457644
2340,0.6797231250678468,0.6887024609100314,0.7298195056290625,0.2479499245748126
2341,0.6791174154775955,0.687309188123766,0.7273756725292404,0.24939576809504405
2342,0.6784651810790124,0.685339523815952,0.725068985567698,0.24934328796117783
2343,0.6778108058964504,0.684217581757926,0.7226230117526509,0.2497459807931486
2344,0.6771292456575336,0.6824146704360624,0.7201450123719304,0.24966354741597255
2345,0.6764208835413978,0.6813221233837163,0.7178324997377005,0.25006585469915826
2346,0.6757096178558294,0.6802560619601203,0.7153012289774363,0.2511045316141743
2347,0.6749967060161004,0.6790002987834961,0.7130768997701745,0.25147622417762766
2348,0.6742586492924914,0.6782908952383087,0.7108198081314674,0.25279817758399364
2349,0.6735243581861423,0.676589842420533,0.708451794223099,0.252936390472016
2350,0.6727611580951915,0.675339164475904,0.7059396041305425,0.2533124568640177
2351,0.6720173575128098,0.6735796571071988,0.7034860140027067,0.25308810313950875
2352,0.6712297786930889,0.6721423229048218,0.7012343463813138,0.2535294935202484
2353,0.6704364843845735,0.6707047227066971,0.6989117549545832,0.25368863927775676
2354,0.6696366893425593,0.6689122451123601,0.6963536634649293,0.2539465064134874
2355,0.6688265233855107,0.6674405450858792,0.694108621698441,0.25426474082271705
2356,0.6680110359352248,0.6656854418950211,0.6918061948362679,0.2546420258627479
2357,0.6671817795716817,0.6644952209365116,0.6893224462601428,0.2551573322623386
2358,0.666369979723347,0.6629986879740046,0.6870102109705165,0.2552501207716631
2359,0.6655366874076571,0.6620350404010531,0.6843996554751586,0.25579529773659804
2360,0.6646967711026441,0.6610341792488282,0.6821435034218842,0.255731605155865
2361,0.6638486801943204,0.6602023250294987,0.6795903326485366,0.255766769176008
2362,0.6629995070121983,0.6606282354544697,0.6774015976184521,0.25603502600208444
2363,0.6621422632433827,0.6598292091583552,0.6751106968468981,0.2559883330466493
2364,0.6612803328553893,0.6593240473394459,0.6726054742420645,0.2565813437756035
2365,0.6604247409048695,0.658129916276161,0.6703269388227201,0.2563186133928947
2366,0.659563425114466,0.6570870481875499,0.6679655341339008,0.2568325667011453
2367,0.6586974451391416,0.6556024353387183,0.6658930663700573,0.25652879794047023
2368,0.6578280092844984,0.6543470798486288,0.6640464972028755,0.25653272467859306
2369,0.656960337320614,0.6531812478886094,0.6619385806988314,0.25647994228966714
2370,0.6560897463527608,0.6519597003869332,0.6601761125199735,0.2562925677823409
2371,0.6552156635323518,0.6510784847648994,0.6581494129969707,0.256320962833439
2372,0.654342968463198,0.6507462013509367,0.6561780121677232,0.2559226363258455
2373,0.6534685094862154,0.6492435824997984,0.6544161218778134,0.2559143583287904
2374,0.6525923278589599,0.6483741500146313,0.6526876285426031,0.2553751962541102
2375,0.651714687975867,0.6476631105493791,0.6505748430678194,0.2550914933766192
2376,0.6508405666418454,0.6466179835521708,0.6490165504903022,0.2546401872468828
2377,0.6499647058443075,0.6457079150388552,0.646911479162553,0.2542886362621362
2378,0.6490866218985174,0.6448261929049455,0.6453267168526723,0.25381677644510364
2379,0.6482080989709588,0.6440644017887006,0.6441907740189831,0.25330456569740173
2380,0.6473296693597067,0.6434078301883469,0.6422708788125039,0.25277943276563536
2381,0.6464499239286344,0.642770409469033,0.6417748486993772,0.25221025994179896
2382,0.645570905934,0.6414383069771564,0.6404874309406753,0.25168658172591984
2383,0.6446931977335251,0.6404282512036508,0.6398084067840907,0.25103156631069323
2384,0.6438136361564307,0.6391045936528551,0.6397768148918704,0.25053944629855507
2385,0.6429329427729108,0.6377853272995143,0.639467067600864,0.24988231757869736
2386,0.6420516599540669,0.6364473785755619,0.6414956894785234,0.2493124570185191
2387,0.641170950379581,0.6351641205940244,0.6414538964990951,0.24872048903560393
2388,0.6402897465460674,0.6347192723481485,0.6420536804618069,0.24815421687946196
2389,0.6394090712593704,0.6330146434465036,0.6397885508455512,0.24760251402679628
2390,0.6385274849638994,0.6326383779045136,0.6398333361822222,0.24694642942671408
2391,0.6376449088812912,0.6308990285494139,0.6385555841048866,0.24640021258509961
2392,0.6367618214110456,0.6304025894646564,0.6367984506440825,0.24586275896675608
2393,0.635878377490032,0.6289022530380384,0.6362526598624386,0.24517722033923847
2394,0.6349956878633526,0.6284798957717596,0.6340730540872249,0.24457980531403078
2395,0.6341128961875045,0.6273836772191641,0.6334206775849252,0.2439092343301466
2396,0.6332288058649239,0.627646907507914,0.6313956239757947,0.24328060570107266
2397,0.6323446200347579,0.6262767294226487,0.6302393929313069,0.24263356922450297
2398,0.6314599636469804,0.6261615431589391,0.6284593047084801,0.24195691154043594
2399,0.6305748922405614,0.6253039518769675,0.6265704500921285,0.24128981438390926
2400,0.6296902876021879,0.6242993442095531,0.6254696600109321,0.24064282326228373
2401,0.6288062693785204,0.6238863953116365,0.6234269336067331,0.23993502656206805
2402,0.6279208707249515,0.6242413365192228,0.6220240005663309,0.23927504026976618
2403,0.6270352362038175,0.6231742032374221,0.6202735678900873,0.238694313136905
2404,0.626149996784786,0.6230759228632103,0.6181494497844326,0.2380433182327238
2405,0.6252641995530572,0.6237321294435287,0.6162506793403255,0.23749508347051798
2406,0.624378635311294,0.6234941670152527,0.614135341473657,0.23694588457800717
2407,0.6234941277469398,0.6232967658746955,0.6120298239482844,0.236592939016039
2408,0.622608373888142,0.6224420033136183,0.609864235464548,0.23651082222832318
2409,0.6217224936655675,0.6238436215299346,0.6076554561853491,0.23662155572967936
2410,0.6208373233168892,0.6231992346904762,0.6054599664051018,0.23698556380594993
2411,0.6199516294390552,0.6241961298855918,0.603279193127514,0.23696027549445228
2412,0.6190663242404274,0.6235572462360475,0.6010677252761231,0.23754959824758667
2413,0.6181818954484147,0.6254887310668837,0.5989170433093949,0.23822921676399816
2414,0.6172965812148461,0.6246726927275444,0.5966363242400463,0.2396393693327675
2415,0.6164114609774833,0.6260392731333186,0.5944118930145946,0.24048126692131866
2416,0.6155268405224932,0.626547210993855,0.5921422181439532,0.24113617868257495
2417,0.6146419207590182,0.6280221442774696,0.5898049987327803,0.2419806430948552
2418,0.6137576441880748,0.6296158522510314,0.5875608125381615,0.2425061399898641
2419,0.6128736993407062,0.6301988470994498,0.5852411628325359,0.24319547027209443
2420,0.6119894237332922,0.6324179588159771,0.5829193549976407,0.24333066275278475
2421,0.6111055592260117,0.6320446486084508,0.5806491442618051,0.24436419739481754
2422,0.6102217578294111,0.6356880964125,0.578334612090945,0.24440898170308434
2423,0.6093381690249272,0.6362923864800114,0.5761239044368097,0.244590917384972
2424,0.6084550288241006,0.6411963129398213,0.5738573706112633,0.24428244551451808
2425,0.6075719494955794,0.6436777751381398,0.5716624091129098,0.24457260193754876
2426,0.6066891499646884,0.6476556748183097,0.5693937922418285,0.24465135457583265
2427,0.60580635823228,0.6534066037417817,0.5670707807993758,0.24533098256941296
2428,0.6049238315811079,0.6533671018879574,0.5648977791695273,0.24540240904712557
2429,0.6040416524357736,0.6586251090878206,0.5626025435557442,0.24654604452916742
2430,0.6031594553953454,0.6633352487295257,0.5604662620718145,0.24685331824698464
2431,0.6022778247105393,0.6652671044830819,0.5583559478276967,0.24734000425226513
2432,0.6013960681178866,0.6652756754344222,0.556430762392215,0.24773516164852766
2433,0.6005145471925597,0.6663760189132482,0.5541503455085144,0.24750706862261315
2434,0.5996333990456453,0.6675613204833872,0.5522521471094775,0.24774174319501885
2435,0.598752101048218,0.6681888073480152,0.5499867730355169,0.24733363302709846
2436,0.5978714028495729,0.6684276083059154,0.5479880646923974,0.24745419140136618
2437,0.5969905651359939,0.6686997088767396,0.546030821390686,0.24717276068179803
2438,0.5961100192771042,0.6691587873659949,0.5439632734818493,0.24694820367088668
2439,0.5952296790671222,0.6697011448513078,0.541963648709664,0.24649144454848565
2440,0.5943493410366266,0.6700729491594191,0.5403438207900704,0.24607638396652082
2441,0.5934693290877991,0.6702193302384358,0.5387869043165849,0.24554566563732805
2442,0.5925892791738585,0.6705393208373571,0.5374491053097751,0.2452011309212401
2443,0.5917095624841545,0.6712244255957445,0.5363898570053173,0.2448869361676499
2444,0.5908297440727969,0.6720996876035484,0.5351983835398562,0.24477237763521434
2445,0.5899504009224751,0.6727102831330876,0.5334953938016008,0.24435423235475792
2446,0.5890706748188638,0.6731403221587683,0.5324987582335958,0.24421664185352995
2447,0.5881917151391766,0.6737094925866368,0.5310856551564037,0.24408706996831037
2448,0.5873119991953274,0.6740642394861295,0.5312901763798639,0.24345335459706954
2449,0.5864335231841833,0.6742305301586301,0.530323149679211,0.2432830933098275
2450,0.5855536827937273,0.6749604616805627,0.5308645015504763,0.24286351499805423
2451,0.5846762765404102,0.6755782074728102,0.5307906295287587,0.242481148251497
2452,0.5837959308314923,0.675734282343437,0.5337868919720233,0.2420088198754293
2453,0.5829220687370327,0.6759240103312387,0.5332078389639389,0.24149225866305202
2454,0.582042476695854,0.6761840044146095,0.5366479495811988,0.24105608471413287
2455,0.5811862856445256,0.6762280207019933,0.5398712202977131,0.24043961486482554
2456,0.5803337115076133,0.676141975863395,0.5455990753079943,0.23998406692750865
2457,0.5795799317797913,0.6760394537581998,0.5494949713701958,0.2394930453830518
2458,0.5789498174980493,0.675919799426032,0.5536887756027251,0.2392005095146487
2459,0.578681007283491,0.6758077709021556,0.5613430144647964,0.23874622113169014
2460,0.5791044171472858,0.6756773105066692,0.5669086228007462,0.2381745728815841
2461,0.5806724456398515,0.675474686585135,0.5700002836329763,0.23788546852274947
2462,0.5844875139389366,0.6752500019311461,0.5750563909364763,0.23745390555852844
2463,0.5878187641570114,0.6750010784025348,0.5799926599229128,0.23689399168080313
2464,0.587382705456913,0.6747480632739842,0.5828688841166296,0.23635843121295463
2465,0.590292883966373,0.6744972043850215,0.5853436574980103,0.23573970672035083
2466,0.5902199350673939,0.6742179609338542,0.5877684489036572,0.2351838149034594
2467,0.5913309573206531,0.6739019899358452,0.5908754290291625,0.23464332144499783
2468,0.592198925066499,0.6735273702364315,0.5940802365244343,0.23423903055301068
2469,0.5923567735401899,0.6731759194810235,0.5966894342812903,0.23384053926765128
2470,0.5928437446456765,0.6728888282907654,0.596913209524037,0.2332796626375984
2471,0.5935374577971112,0.6724800768205509,0.5973232844765163,0.23273916211937232
2472,0.5940932033232399,0.6719694386120082,0.5994387040068816,0.23216806555915168
2473,0.5942204171892012,0.6714450684879685,0.6019214799298247,0.2315835136520629
2474,0.5944665282196852,0.6709222183481844,0.6031528079977976,0.23108457948575675
2475,0.5949136852928596,0.6703723541450214,0.603152219098811,0.23049463585571656
2476,0.5951114337721646,0.6697904721715999,0.6042160699829565,0.22998013005806434
2477,0.5953084923522692,0.6691205591623841,0.6068020275478215,0.22953821693606832
2478,0.5955160186888404,0.6685065986798737,0.6089518057918488,0.22919172317906142
2479,0.5957403197436754,0.6678961716494065,0.6096781838240849,0.2288385693147113
2480,0.5959741765082006,0.6671059228866394,0.609900986578515,0.22881970590300943
2481,0.5960985887629275,0.666349164237544,0.611079597357378,0.22935348836846994
2482,0.596248232865862,0.6655482632984869,0.6124905716789577,0.22918988518120356
2483,0.5964307931437521,0.6647914864525003,0.613490749936593,0.22963930760513246
2484,0.5965780900199891,0.6638683031191704,0.614075081640982,0.23040642586069351
2485,0.5967433990644535,0.66298699281507,0.6142962498017568,0.23151119824979166
2486,0.5968560634626852,0.6620717184606573,0.6145075634162207,0.23263471082200401
2487,0.5969510860996206,0.6610899029725853,0.6147646879072284,0.23316073752018854
2488,0.5970993558795497,0.6601979279653523,0.6149010415962227,0.23399313797444285
2489,0.597227297012089,0.6591753385380519,0.6149111699807893,0.23440145525923103
2490,0.5973080555404326,0.6580594440605277,0.6148222182955357,0.23492020637514965
2491,0.5973715414887161,0.6570390372231111,0.6146948669754119,0.23488989613323571
2492,0.5974167966122349,0.6559367145186397,0.6145781439653866,0.23573219085643507
2493,0.5974851786055535,0.6547948626563255,0.614440909090345,0.2355943617809342
2494,0.5975629962812318,0.6538265659506994,0.6142858520947555,0.23584323374932847
2495,0.5975970281686179,0.6525829617455997,0.6140588655384421,0.23577719683213347
2496,0.5976071035383881,0.6515754257121703,0.6137446842513338,0.23614105142394204
2497,0.5976072048860493,0.6503653996320194,0.6134089929956598,0.2361562898390323
2498,0.5975986851579217,0.6491634515440433,0.6131165481882009,0.2366597099731034
2499,0.5975967668304459,0.6479110956493407,0.6127661663319445,0.23744737886876044
2500,0.597574007760882,0.6465599328504873,0.6123121591200029,0.23726475345167247
2501,0.5975219483841427,0.645249167993738,0.6117920718647111,0.2375790063630776
2502,0.5974704790232211,0.6439151493489726,0.6112349005105763,0.23711292607543671
2503,0.5974144858798778,0.642537513140945,0.6106357999107968,0.2368954684301517
2504,0.5973513871814841,0.6412603234701234,0.6099771510481337,0.23638356321275034
2505,0.5972802595133843,0.6399192621509844,0.6092946022910934,0.23609263972941735
2506,0.5971806412958692,0.6385340877770991,0.6085773905944746,0.23564216083656928
2507,0.5970658837896132,0.6373748118760797,0.6077641446218985,0.23544970077464308
2508,0.5969439596815169,0.6360136096087295,0.6068966329727883,0.23495339881085733
2509,0.5968046952318642,0.6348924838413957,0.6060561924353117,0.2347603142254041
2510,0.5966637806687186,0.6334060739497953,0.6051136020621309,0.23435146154761555
2511,0.596517182493234,0.6321319980636746,0.6040385016331121,0.23398134413203836
2512,0.5963486002632143,0.6307550089681578,0.6029981954509359,0.23378249244220092
2513,0.5961618432615863,0.6294072269438515,0.6018754989136299,0.23323772405729093
2514,0.5959636839227117,0.6282702513206617,0.600621096559111,0.23292228389401903
2515,0.5957613974613194,0.6267858445177746,0.5992955368701314,0.23254555820377243
2516,0.5955495937538783,0.6254532795307657,0.5979912260825523,0.23201096546805713
2517,0.5953208710566059,0.6240270387234125,0.5966199821578962,0.2315257991696003
2518,0.595081234728621,0.6225446033200943,0.5951076174321841,0.2309462509433806
2519,0.5948268170513867,0.6212134055055893,0.5935548301335444,0.23048092910110732
2520,0.5945647793876572,0.6198112217758028,0.5919849737788931,0.22989709802361807
2521,0.5943039720099874,0.6183656727580288,0.5903463645756797,0.22947397902362565
2522,0.5940265701772793,0.6169548927800376,0.5885822534181369,0.22901751545572535
2523,0.593727030572186,0.6155086092090841,0.5868230435426403,0.22843128104648724
2524,0.5934158810182971,0.6141436442883367,0.5850239006120106,0.22799714599518503
2525,0.593096744960363,0.6128301185668307,0.5831170776820256,0.2274228900024909
2526,0.5927704737155871,0.611368642324139,0.5811909861431243,0.22686912511193455
2527,0.5924316894052524,0.6100414244269924,0.5793391397025447,0.22631751763256075
2528,0.592078065056207,0.6087644300059396,0.577377159557072,0.22574980747421108
2529,0.5917127778612027,0.6073315194189487,0.5753406262469275,0.2252544058438234
2530,0.5913409784715856,0.6060769292399525,0.573411429384299,0.22469058017414928
2531,0.5909658162187459,0.6047121661053909,0.571409981432294,0.224177327942895
2532,0.5905774031295518,0.6033313131964286,0.5693212962531606,0.22369723098336347
2533,0.5901723990863275,0.6020667484256526,0.5672699804299945,0.22315284868304325
2534,0.5897566474870503,0.6006722074199354,0.565258128228537,0.22266187174417842
2535,0.5893320335001616,0.5994297738215718,0.5631864733728493,0.22215268623115397
2536,0.5889011484448877,0.5980535163074421,0.561117288575778,0.221862370732927
2537,0.5884600197713213,0.596661651322915,0.559105128056274,0.2217424768345417
2538,0.5880062131792064,0.5953120842513696,0.5570849294800767,0.22160871667501103
2539,0.5875428212048943,0.594002036580202,0.5550286103791827,0.22156102932863025
2540,0.5870731124855688,0.5926664947962893,0.5530301706840879,0.22150307431802874
2541,0.5865969759750819,0.5913994228937877,0.5510086927153005,0.22131605528727963
2542,0.5861091193729042,0.5902393023439406,0.5490180185108356,0.22103758716976757
2543,0.5856105857609761,0.5888718191252965,0.5470841594193667,0.22069513059232765
2544,0.5851036318612114,0.5876473533957685,0.5451392744462401,0.22079850903691114
2545,0.5845906839276425,0.5866053306669233,0.5431652128228888,0.22046964030771013
2546,0.5840724006885352,0.5852357645796922,0.541289724105362,0.22001010612772917
2547,0.5835443448178842,0.5842110314436109,0.5393496812690374,0.21952083823155744
2548,0.5830069633454649,0.5830136594275647,0.5373833821023417,0.21912491036813483
2549,0.5824632959391979,0.5817107598671827,0.5354366890151578,0.21881418468226216
2550,0.5819147034578179,0.5806430870653256,0.5334930442664388,0.21871012133445217
2551,0.5813589126849641,0.579401287326143,0.5315522361554812,0.21905097766394857
2552,0.5807949733160437,0.5780578445141328,0.5296153230067893,0.21920355275677708
2553,0.5802244838386432,0.5767619249265481,0.5276741108550257,0.21904279970705542
2554,0.5796493692315654,0.5754367290045702,0.525730963009581,0.21883047792600727
2555,0.5790707098554375,0.5741806503226712,0.5238007273572476,0.21851603961781363
2556,0.5784850774860959,0.5728597713718715,0.5218658169715311,0.21852495403748473
2557,0.5778924435714153,0.5715944327134742,0.5199450552155024,0.21823157132047824
2558,0.5772949093052336,0.5702785002125064,0.518021092831256,0.2178214927546831
2559,0.5766935821971945,0.5689748754176591,0.516101656525858,0.21736972756882397
2560,0.5760872767715105,0.5677348594166566,0.514187085379999,0.217206837873274
2561,0.5754751757021499,0.5664595348955432,0.5122776201894803,0.21698419197639907
2562,0.5748584406669219,0.5651439707258974,0.5103723318656491,0.21671353925163428
2563,0.5742387593260496,0.5639153506980078,0.5085042272236193,0.21639225653087502
2564,0.5736158414264666,0.5626853755431978,0.5066307239454648,0.2168581110479338
2565,0.5729875052802749,0.5613783097327768,0.5047891380863995,0.21693493013016316
2566,0.5723543734464368,0.5600877937258,0.5029772625446585,0.21662890595331563
2567,0.5717176961572065,0.5588389073955825,0.5011469955928827,0.21635583868845404
2568,0.5710780742849659,0.5578184647209516,0.49929819482196275,0.21593079263536116
2569,0.57043444423274,0.5567373936357931,0.49751467298999924,0.21550565604711713
2570,0.5697866068609457,0.5556947463833214,0.4956695462688282,0.21509956041846093
2571,0.5691357011949266,0.554697037670762,0.49383086113348634,0.21501456573008546
2572,0.56848246892239,0.5535992645388661,0.4920590506064646,0.21464802171440972
2573,0.5678257277296529,0.5524953392247348,0.49026867930246176,0.21434775371277126
2574,0.5671648231124056,0.55146154791509,0.48843985989554434,0.21420892359842034
2575,0.5665006057154359,0.5502052636468698,0.48666662889718676,0.21393014127382662
2576,0.5658339112947145,0.5492418158666957,0.48491134896450905,0.21341267446003537
2577,0.5651644540826339,0.5480442589520004,0.48310410400968445,0.21311968707269002
2578,0.5644915199680983,0.5468971315665635,0.48133603277103565,0.2127141840943142
2579,0.563815662568912,0.5457753805170829,0.4795784721672573,0.21229838222265263
2580,0.563137602555248,0.5449821509307745,0.4777898918276765,0.21204183647334596
2581,0.5624569776445606,0.5438003652765545,0.47606060581862314,0.21159528314872106
2582,0.5617729627186456,0.5436775987626933,0.47428316637095974,0.2112741105365704
2583,0.5610859825500061,0.5425123936688317,0.4725144954757655,0.21075110751898693
2584,0.5603968057105574,0.5416726425336438,0.47075935725580725,0.2103403548006619
2585,0.5597054088327779,0.5404550593615973,0.4690189438317378,0.2099278722362104
2586,0.5590111483946508,0.5394001176048117,0.46728249402973854,0.20955807684094718
2587,0.5583142813568748,0.5383588951938701,0.4655510768001166,0.20919900149370088
2588,0.5576153761220362,0.5371705971859679,0.46386841485271385,0.20869227950983774
2589,0.5569142927468063,0.5362006056471936,0.46212769067559584,0.20822164544959826
2590,0.5562103784164549,0.5354486227928054,0.4604975670169793,0.2077244698670006
2591,0.5555039377846916,0.5342301663675864,0.45884540323305784,0.20722266915124296
2592,0.554795582202566,0.5335108590731387,0.4572145273127301,0.20674727933002743
2593,0.5540852543158107,0.5323735740876513,0.4556724715088086,0.20639331453553106
2594,0.553372474675366,0.5313873691370921,0.4539868892445461,0.2061155604391665
2595,0.5526574522859442,0.5302227467791023,0.452510401908139,0.2057161922302369
2596,0.551940651065645,0.5289972143961295,0.4508225347637679,0.20547459728482279
2597,0.5512218131610597,0.5278843510777094,0.4493678830024867,0.20526871296567817
2598,0.5505005417298144,0.5266591943961566,0.44777322574491973,0.2050849233740477
2599,0.5497772140487834,0.52563348948696,0.44614136872875115,0.20501573443418133
2600,0.5490522459048465,0.524447090782623,0.44472807443469875,0.2047808237717088
2601,0.5483254085529484,0.5235374123688648,0.44309625143811904,0.2043545299215921
2602,0.5475964237866343,0.5223244099772899,0.44164074962785604,0.20391765219361474
2603,0.5468656419653004,0.5212675625693941,0.44021824502361423,0.2034651919855817
2604,0.5461332622011928,0.5202985769027554,0.43872253944365897,0.20310567335346075
2605,0.5453989100947725,0.5191133615311495,0.43737950681338206,0.20274834835011202
2606,0.5446625469883043,0.5180058392461965,0.435790911611206,0.20255886925718233
2607,0.5439246055803933,0.5171871531396056,0.43447755534371996,0.2024410836350793
2608,0.5431851699856514,0.5160845236998797,0.4330820393026751,0.2021233787973339
2609,0.5424439086166798,0.5150517815785497,0.4317854583214378,0.20190002850794958
2610,0.5417009328753236,0.514357712538511,0.4305107140462598,0.20153907745275543
2611,0.5409565539738121,0.5133988517777255,0.42899601623798944,0.20113314523197887
2612,0.5402105910765551,0.5126899122163504,0.42787818547465245,0.20075865301964868
2613,0.53946285314471,0.5115625679885373,0.42643779072734905,0.20029881560775933
2614,0.5387136417664712,0.511126135380869,0.42509691409715195,0.19980834015424978
2615,0.5379631491483797,0.5099992658881802,0.42384364625067555,0.1993214345160857
2616,0.5372111088273511,0.5091254199328539,0.42248802656242535,0.1988724670245316
2617,0.5364575785562505,0.5082651216893002,0.42118621308494725,0.19841288844949465
2618,0.5357027970066448,0.5072095371075531,0.4200084065056532,0.19797971789271065
2619,0.5349467548495688,0.5064268121648948,0.4186597256113184,0.1975877150782374
2620,0.5341891253799822,0.505585651184765,0.4172249951989799,0.197250140831022
2621,0.5334305292468274,0.5057663420540285,0.4160663966311146,0.19691046985812263
2622,0.5326707707493308,0.504661947360007,0.41506382505449824,0.19668068518378476
2623,0.5319113836939638,0.504573993368463,0.41359038483193217,0.19640324570847004
2624,0.5311530349545672,0.50471056306968,0.4124531863880462,0.19617159607829537
2625,0.530407325824818,0.5035759381759843,0.4112453009954135,0.19599195705088754
2626,0.5296933022170459,0.5037002512139219,0.4097687531532986,0.1957688352706692
2627,0.5290859688912964,0.5042842527434754,0.40867601546088733,0.19549915300175033
2628,0.5287301077391651,0.5039858485837282,0.4077167154421687,0.19516827682860355
2629,0.5288920344589207,0.5036190815892422,0.4062368380708285,0.19471204193414868
2630,0.530170403480003,0.5031718553141723,0.40515161070019085,0.1942413102889728
2631,0.5331782628440368,0.5028909991513482,0.4039333338136529,0.1937917656002589
2632,0.5355996264502227,0.5024883946109947,0.40251971415906046,0.19343524313759378
2633,0.5387177277344317,0.5024986332111051,0.401296309911244,0.1931708404593926
2634,0.5394608396808679,0.5015696749712256,0.40022107403184143,0.19299221864490657
2635,0.5415068665925,0.5013330031357309,0.39880624779681595,0.19301448807237748
2636,0.5436728042347995,0.5002652498635144,0.39772888614276936,0.1931694361556829
2637,0.5448734211524129,0.4999984838654328,0.3967500388759882,0.1932725680668468
2638,0.5487396019205054,0.5000630037510673,0.3953377300890824,0.1933184999846238
2639,0.5515914048264019,0.49892954214827795,0.3942631068137083,0.19310979630099773
2640,0.5521275983590457,0.49909981404487785,0.3934848930518474,0.19270990138681535
2641,0.5555412411258515,0.4993988480858085,0.39207057719161925,0.19252851347704375
2642,0.558687933354255,0.4984231752314783,0.39119121507334415,0.19226476086926209
2643,0.559315110815107,0.49844970391172405,0.39028288126735894,0.19215408331859102
2644,0.5620318948839049,0.49823517339227935,0.388911943076489,0.1918466937374269
2645,0.5646839829002532,0.4978883220068052,0.3880515687245812,0.19145172425330073
2646,0.5654060502977454,0.4970946814536927,0.3871016263644531,0.19116431991536706
2647,0.5672760624399802,0.4969214017456053,0.3858806940478951,0.19107197404084497
2648,0.5688223542346158,0.496728006967798,0.38524881527522503,0.1913193282785714
2649,0.5694290647576701,0.49639272083744473,0.38426766732354367,0.1913704407864498
2650,0.570455407398056,0.49565781891798516,0.3830949831251926,0.19125321019345706
2651,0.5718875571554073,0.49547741606089735,0.3824745543491755,0.19111435091605697
2652,0.5726739995455978,0.494412419674615,0.38188197853148687,0.190623047981837
2653,0.5730686346104429,0.49423099473409937,0.38061474718885463,0.19020741041775316
2654,0.5739812921674912,0.49355944428063053,0.38008704957146633,0.1897988014866351
2655,0.5747381200740218,0.4929090260570301,0.37880005169701314,0.18969452167373815
2656,0.5753775619118194,0.49269351910894393,0.37800740399152233,0.18938743924372206
2657,0.5759505179806036,0.4916011890877143,0.3774407488882826,0.18894428744349823
2658,0.5764183064092115,0.4910563695657562,0.376152472116135,0.18846944647356148
2659,0.5768087870547511,0.4904848291861186,0.3756172251156562,0.18814919224816218
2660,0.5773120850857099,0.48994047865174545,0.3745507520796291,0.18800187111303673
2661,0.5779375403399197,0.4889232642603697,0.3735082564358813,0.1877032207365179
2662,0.5784798020955303,0.48839905237327197,0.37264462933010545,0.1873961605422961
2663,0.5788963582045541,0.48756631427302294,0.3717014044343553,0.1871233033995381
2664,0.5793194328382464,0.48765236550050833,0.37063146651987117,0.18667383707091192
2665,0.5798318777507129,0.4869755806293137,0.3700350100403572,0.18621063411985692
2666,0.5803247443673542,0.4881747270631012,0.3691053742600785,0.18575211567656283
2667,0.5806976808442528,0.48857469972046025,0.3686208802290035,0.18537721754137382
2668,0.5810366699623254,0.4891018284409389,0.36792144817436556,0.18497675157381682
2669,0.5814486977426342,0.48942258241116,0.3673231965783094,0.18457806354323647
2670,0.5819077718649502,0.48890798176007766,0.36644437577749045,0.18425191660989645
2671,0.5823601321813869,0.4889558094765138,0.3661003571103988,0.18380372921109672
2672,0.5827501840556197,0.4879941742579405,0.3649499602264683,0.18335393146967466
2673,0.5830338037620191,0.4880400894538028,0.3644277691976721,0.1828972165936142
2674,0.5833491990205629,0.4870362482928421,0.3642972896799981,0.18244261324871483
2675,0.5837841812291253,0.48711969439693986,0.3633961966085832,0.1820089264897412
2676,0.5841992749722275,0.4865958862213905,0.3630359813759984,0.18158717702125177
2677,0.5844741719309061,0.48679276541819894,0.362693233179443,0.18125744354581527
2678,0.5846837233035646,0.4864336169239975,0.36170741123177724,0.1808913202921193
2679,0.5849518944360638,0.48762895078904545,0.3617780672664701,0.18060065896738994
2680,0.5852695998250195,0.4879338790291536,0.3610340967784496,0.18042074569535535
2681,0.585568776518638,0.48905330258780894,0.3603528095315,0.1802741714823238
2682,0.5857954845765769,0.49031332879149225,0.3602947122836004,0.18030167093405644
2683,0.5859722623415451,0.4926059550309071,0.3597394999509059,0.18034079836112132
2684,0.586152652211913,0.49440391215012164,0.3585775051398563,0.18030947860797605
2685,0.5863401883138346,0.4965590149468587,0.35817393912685946,0.1801341426584796
2686,0.586522393560066,0.49704875271815796,0.35816436419672115,0.17973305336970663
2687,0.5866947995020776,0.5010319846390908,0.3569615297880554,0.17938787743960205
2688,0.586845390666628,0.5031185022772977,0.35685569012892404,0.17904248357923638
2689,0.5869729157127598,0.5039995154289127,0.3563559987046225,0.17899153647702187
2690,0.5870724517867947,0.5078540960296971,0.3552934135479348,0.17889685605011227
2691,0.5871533924856238,0.5075297194717584,0.3549902557029564,0.1786091424343152
2692,0.5872442787308908,0.5118268086819119,0.3541120648347714,0.17840347904581103
2693,0.587328182939547,0.516123046381943,0.3533556303301091,0.17799424000419856
2694,0.5873801895223956,0.5158406724822067,0.3526408431363309,0.17760828762686245
2695,0.5874141942030604,0.519819750079521,0.35195235625209204,0.17723472230174953
2696,0.5874319892362041,0.5206140941461557,0.35085928448334014,0.17701360875779013
2697,0.5874410248540651,0.5219181083639691,0.35036075139777473,0.1769232955432589
2698,0.5874527661243405,0.5257360370690851,0.3493434361498898,0.17676561871020713
2699,0.5874379625273594,0.5259010491223686,0.34855828230611247,0.1767262475426443
2700,0.5873884255590183,0.5280106448843375,0.34805600697265604,0.1765800146276027
2701,0.5873277651977875,0.53170801677264,0.3471795925819404,0.17623503132094429
2702,0.5872615148104146,0.5318486074787123,0.34633716169330103,0.1758057348833714
2703,0.5871903556821705,0.5343562089434102,0.34584904528925114,0.17543072336457202
2704,0.5871024824700242,0.5390602834935665,0.34500824207860636,0.1751325121211441
2705,0.5869890122688256,0.5393760154620907,0.34446828216547587,0.17489252005855188
2706,0.5868575556167254,0.5414518467064917,0.3438937450044669,0.17465304831431058
2707,0.5867122753185146,0.545548255763336,0.3428536820785367,0.17429725087326683
2708,0.5865612470045356,0.5465239058874791,0.34244412308410116,0.17393180920788356
2709,0.5863989222197532,0.5473223907960486,0.34225807398654,0.1735145136529025
2710,0.5862159174971284,0.5499606188184983,0.3417788706538707,0.17312414448544358
2711,0.586012870257886,0.5508999974545571,0.3415466624802755,0.17278636289280702
2712,0.5857932101094923,0.5513173207900572,0.34088120452148335,0.1724882599735393
2713,0.5855729689690861,0.5524739283134878,0.34071665819924607,0.17228609747082127
2714,0.5853415542714203,0.5534097134343078,0.34011400240636314,0.17211229926480037
2715,0.5850866136346916,0.5536192919189665,0.3401477562734545,0.17200619831187047
2716,0.5848182488779098,0.5539276442724524,0.33926631832198473,0.17191436546772723
2717,0.5845402814002107,0.5545867065428762,0.3395172409942512,0.1717354398475722
2718,0.5842573237942823,0.5548090782205138,0.33905968172218887,0.17144191133346184
2719,0.5839597464046988,0.5549051778224781,0.33955714600678705,0.17105067316657993
2720,0.5836454394093384,0.5554159357522066,0.33973977928275517,0.17063080894136787
2721,0.5833227951929933,0.5559030020363395,0.3410360876735076,0.17031158739997385
2722,0.5829977682597194,0.5559206303364662,0.3425276730028702,0.17002822916085591
2723,0.5826664246702215,0.5558938026974196,0.34472713276177025,0.16982474698323205
2724,0.5823221680500957,0.5562318709216363,0.3485773592700399,0.16969681510532603
2725,0.5819710206016794,0.5563194340952473,0.35103821951978087,0.1695030946464209
2726,0.5816149642072961,0.5560889196699655,0.3576090432945972,0.16933735205717027
2727,0.5812564490331054,0.5561099486593671,0.3614501533369101,0.16918193809953536
2728,0.5808892887728069,0.556350512527828,0.3712315531340895,0.16896147458705674
2729,0.5805149277858794,0.5562038874201849,0.37042641894671163,0.16875523960151873
2730,0.5801367184977964,0.5557927689994385,0.37903167804932864,0.16852638966906378
2731,0.5797583427695744,0.5556508367170677,0.3795947405929394,0.16819499044699437
2732,0.5793758847599204,0.5556756339306868,0.38419179509305773,0.16783615183184594
2733,0.5789893163490698,0.5554893412864268,0.38618308848631633,0.16741598813055256
2734,0.5786012424639769,0.5548376624219299,0.38789834601846146,0.1669860013572048
2735,0.5782142670536722,0.5543162877992309,0.3884041667630736,0.16657431342765017
2736,0.5778252732208883,0.5541050343818803,0.3892121181861471,0.1662117709551901
2737,0.5774325353352837,0.5536742082547945,0.391495072942384,0.16593725322291028
2738,0.577038607955348,0.5528674251045033,0.39406745902468565,0.165663114739947
2739,0.5766455715611088,0.5522783211940744,0.3953001691462339,0.16548911314032974
2740,0.5762512477877815,0.5518072024125703,0.4000698325839449,0.16538202735079713
2741,0.5758551095185472,0.5508783234048042,0.4017061947730344,0.16529215278657197
2742,0.5754589267362433,0.5498909323810253,0.40379875206545307,0.16532467299868425
2743,0.5750639060471157,0.5491129865052025,0.40832576546043303,0.16530158124689173
2744,0.5746674481526048,0.548386697036794,0.41050975327411643,0.1651900304028123
2745,0.5742695842244269,0.5474087859242731,0.41159142416304667,0.16495418481395996
2746,0.5738710657685921,0.5463573468947734,0.4138230025972447,0.16455046519840286
2747,0.5734723754463659,0.5456518161106313,0.41559759672225344,0.16418477888123195
2748,0.5730719561321129,0.5448356589842999,0.4165602290999953,0.16384476730527897
2749,0.5726703266702796,0.5438058321613388,0.4177780393010834,0.16371215198443242
2750,0.5722681788088778,0.5430199118667469,0.41964580290453973,0.1635918966674395
2751,0.571865445575807,0.5421521637616116,0.4207901545909721,0.16337524951595758
2752,0.57146099668174,0.5413136378833324,0.42184678688176913,0.16321621803535225
2753,0.5710553088486805,0.5402572595630216,0.4230318976437722,0.1629267732904875
2754,0.5706486285163178,0.5394028167760727,0.424565850310495,0.16256584413135955
2755,0.5702405551445829,0.5383729059380468,0.4259289445084132,0.16219970593947655
2756,0.5698305093311868,0.5374981002919639,0.4265762681723222,0.16181669661512468
2757,0.5694189094670092,0.5364207590473892,0.4275984413331609,0.16143263264772734
2758,0.5690062156191608,0.535576688265198,0.4288960192578554,0.16102402183705125
2759,0.5685918035605945,0.5347588333664502,0.42982156712012265,0.1606505753291357
2760,0.5681755631212789,0.5337259884488856,0.43026406821588076,0.16028610246409922
2761,0.5677579406416724,0.5326837938386414,0.43086027336299954,0.1599285117923697
2762,0.567339189553189,0.531739220944685,0.4315003562823462,0.1596110393495642
2763,0.5669187182570694,0.5306667505060673,0.4318545492682396,0.15931361403235061
2764,0.5664964916146226,0.5295862857265538,0.43212572164269125,0.1589804421891761
2765,0.5660728739383573,0.5285622985282987,0.43248177120281567,0.15867781205722115
2766,0.5656478181957592,0.5274894915584577,0.43269660674133853,0.15835370467036644
2767,0.5652209201781383,0.5264198369931214,0.4327109537783341,0.15803455366889665
2768,0.5647924893716747,0.5253524001901625,0.43269634969654025,0.15772958459510436
2769,0.5643628677837585,0.5242588690676244,0.432663647118002,0.15744866337869326
2770,0.5639318536798467,0.5231892362881861,0.4325488962489469,0.15716914416997424
2771,0.5634993177461771,0.522106190738173,0.4323345954024589,0.1569368602241382
2772,0.5630655760998062,0.5210398072908383,0.4320275577441026,0.15673828627648734
2773,0.5626307402733627,0.5199991714691631,0.43164279310528664,0.15657629574664303
2774,0.5621943896347578,0.5189180013141864,0.43118412507458387,0.1565276064194861
2775,0.5617565641088909,0.5178767183714931,0.4306666870479154,0.15649466944401808
2776,0.5613175845320084,0.5167862470172202,0.43009527573758527,0.15656147621201497
2777,0.5608774592471827,0.515795895134036,0.42945123168007276,0.15655022897835957
2778,0.5604359935673797,0.5148617532166353,0.42873232719809323,0.15644786546825176
2779,0.5599933751713057,0.5137674904397078,0.42795440495419435,0.15618627130672647
2780,0.5595498032385346,0.5127383862856322,0.4270994577787824,0.1558076364989021
2781,0.5591050977478632,0.511704944627849,0.4261822841326028,0.15543232317867023
2782,0.5586591848661768,0.510586607224823,0.4251963412828557,0.15511517219006152
2783,0.5582122539135225,0.5096330920763269,0.4241804752478839,0.15498750909962092
2784,0.5577643063150945,0.5085729848104634,0.4231146297244958,0.15496812971705046
2785,0.5573151578545706,0.507460367759479,0.42200579612841316,0.1550247007915127
2786,0.5568649243315117,0.5063458490570494,0.4207957367157378,0.15511830239367524
2787,0.5564138036427951,0.5052326443080215,0.419625033720836,0.15522120127755085
2788,0.5559616953556876,0.5041359939970262,0.41832581868371704,0.1551516628864337
2789,0.5555084971372575,0.5030267019101679,0.41703969680395847,0.15495548123194916
2790,0.5550543658265195,0.5021472186852054,0.41573314390108224,0.154617194721016
2791,0.5545993555182281,0.5012455505086495,0.4143982371576087,0.15422078958535507
2792,0.5541433231459931,0.5002063471420354,0.41299236496053576,0.1539189672456671
2793,0.5536862945958,0.49943364595890316,0.4115997530371358,0.15365879116148318
2794,0.5532283782393946,0.49836099811735424,0.4102812292063194,0.1534906197356891
2795,0.5527694993647289,0.49747567945471366,0.4088795066710084,0.15332213129091984
2796,0.5523096105441935,0.49638544790081385,0.4075777352621077,0.1530086488344896
2797,0.551848843109957,0.495295491921619,0.4063726789652834,0.15267194660276523
2798,0.551387215851274,0.49416215271718983,0.4050115468811227,0.15230563160664337
2799,0.5509246163299976,0.49307245626512014,0.4038244540594274,0.15197720576390192
2800,0.5504610985106067,0.49200742162903677,0.40256660397018373,0.15169031350197137
2801,0.5499967522508565,0.49087512227696506,0.40119274075239125,0.15143113192471197
2802,0.5495314932577302,0.4898198331931066,0.40000395503492514,0.15128683913891086
2803,0.5490652723202174,0.48876285582643125,0.39876425647401215,0.151120433016855
2804,0.5485981719327854,0.48769992094200915,0.3975423236487086,0.1509615386503113
2805,0.5481301879236719,0.48679376507508015,0.3965618605444025,0.15080652553114166
2806,0.547661268609655,0.48579826725407166,0.3952246589749045,0.15053732246713344
2807,0.5471914810837272,0.48490973210850663,0.3941184200178548,0.1501931171025209
2808,0.5467208566611171,0.4840045881722044,0.3930874493305532,0.14980594615671491
2809,0.5462493235230913,0.4832831104488574,0.39174404323086687,0.14942132403421687
2810,0.5457769003849973,0.48217629659840916,0.3906474513851171,0.14908695570000458
2811,0.5453036450403,0.4815439264086495,0.38930362163695365,0.14880277234054212
2812,0.5448294997126809,0.48042513527791425,0.3880826020769445,0.14859501199633302
2813,0.5443544329227139,0.4798023521187814,0.38675262873773203,0.14845560778132944
2814,0.5438785100220727,0.4787148739210265,0.38541821547087624,0.1483608522701473
2815,0.5434017324100543,0.4777932279094994,0.3841404653477911,0.14832472079071105
2816,0.5429240655266551,0.47672878765523585,0.38281708567142747,0.1483777855940892
2817,0.5424455494315009,0.4759394557589576,0.38148233051636476,0.14837473283908692
2818,0.5419661927073518,0.4748437670278265,0.380144787977138,0.14840197694747068
2819,0.5414859520041566,0.4740546696827487,0.37881049061611183,0.14828344457384124
2820,0.5410048525741035,0.47308316710625564,0.3774627883233758,0.14798865789034457
2821,0.5405229169366671,0.472017961515678,0.37613901601236516,0.14761466270984905
2822,0.540040099497779,0.4712198033033058,0.3748559448744798,0.147255862430932
2823,0.539556407564274,0.47007123955366553,0.37352370105391375,0.14708467820629065
2824,0.5390718837888289,0.4691534985764439,0.37220529666573,0.1469253559656229
2825,0.5385865043392406,0.46809736854486633,0.37089685851457693,0.14682102319583792
2826,0.5381002578883414,0.4671322499396374,0.36958113749667126,0.14678199123740765
2827,0.5376131750783867,0.46627841998721764,0.36825699224586494,0.14663121183086006
2828,0.5371252411461138,0.4652118803961841,0.3669715248019854,0.14642985477332499
2829,0.5366364435482572,0.4644824439827848,0.3656689978951275,0.14621445362046662
2830,0.5361468081967328,0.4633990977750746,0.3643576686444741,0.14591456377410814
2831,0.5356563193773927,0.4627167704725062,0.36306290314036826,0.1455768378504555
2832,0.5351649579653491,0.4617074470007098,0.3618319007509962,0.1452413777249603
2833,0.5346727529302091,0.46064009565435426,0.36054598771231744,0.1448563977232934
2834,0.5341797011163414,0.4598676030643877,0.35941606780954694,0.14446923738897882
2835,0.5336857803456433,0.45870693273683943,0.35819337705444315,0.14408972769379752
2836,0.5331910097158812,0.4577930844063943,0.35692637478652917,0.14374060341011125
2837,0.5326953907330582,0.45694300673695487,0.355751448180635,0.14341520140878045
2838,0.5321989061843067,0.4558785538284046,0.35456959780873326,0.1430850027969492
2839,0.5317015677398331,0.4551627198985241,0.3534764829494925,0.14279537781215285
2840,0.5312033692396159,0.45468504365090195,0.3525490829558018,0.1424934440605679
2841,0.5307042931663674,0.4539355586233203,0.3513927597653237,0.1422233976712152
2842,0.5302043555356449,0.4528449868049375,0.3504800997405656,0.14198550579027563
2843,0.5297035538237326,0.4525043873028677,0.34950039092836793,0.14178751774036238
2844,0.5292018706257016,0.4523800034817594,0.3488916172733808,0.14162888155260517
2845,0.5286993192380229,0.45190174817036144,0.347922042491719,0.14151183104266166
2846,0.5281958978356985,0.45130119237349037,0.3476020822592637,0.1414560383217602
2847,0.5276915924082303,0.4521931283968724,0.34669923476729636,0.14137742888219992
2848,0.5271864097006563,0.45358054953878596,0.3466414092308021,0.1413493833957255
2849,0.5266803406492937,0.4569216980037604,0.34555081891292894,0.14124558944707605
2850,0.5261733755231337,0.46192499964734185,0.34569102516227607,0.14107881486474935
2851,0.5256655245036796,0.4714299602752305,0.3450285321128415,0.1408176153531588
2852,0.5251567768010392,0.47627661264222365,0.34440398752416,0.14048512407096844
2853,0.5246471246420332,0.47692695933679835,0.34422732028808944,0.14010311733745395
2854,0.5241365778523992,0.4802946586878061,0.34331319838526475,0.13975141596441512
2855,0.5236251256448183,0.48414842270549185,0.3428663417646715,0.13948122085332193
2856,0.5231127625285575,0.48913036677064864,0.34275524117447764,0.1393463746181957
2857,0.5225994909661842,0.4932563979263927,0.34172621693772615,0.139326308460978
2858,0.5220852983800687,0.49606884565866455,0.34167521775043613,0.13942165297939138
2859,0.5215701861503225,0.4997738420882014,0.3408363054714071,0.13980321442271657
2860,0.5210541528826809,0.5043324352123932,0.34077766419577765,0.14006061436891018
2861,0.5205371859054887,0.5075720855806771,0.34013739733855197,0.14034976272407831
2862,0.5200192902303101,0.5106677822936009,0.34029054990309027,0.1403227305171941
2863,0.519500461515658,0.5130284911746867,0.34013432128420734,0.1400862608487918
2864,0.5189806904666415,0.5152280267500194,0.3406836409111711,0.14011963814023498
2865,0.5184599799812084,0.5172376268844998,0.34115545853313933,0.1399401615334128
2866,0.5179383207027559,0.5193854852092753,0.3416911575149176,0.1399111427872093
2867,0.5174157102671381,0.5218272268180676,0.3437326718827111,0.13973135877958617
2868,0.5168921476858438,0.5243857056506083,0.34396491788067446,0.13946169159911695
2869,0.5163676218395497,0.527031704843498,0.3476542549813028,0.13929356969909976
2870,0.5158421346845881,0.5293165928722963,0.34770980035134613,0.13927137447724267
2871,0.5153156811400305,0.5311588860718943,0.3521410076517302,0.13980199143651006
2872,0.5147882539446396,0.5329973370664015,0.3510767957327315,0.14021803179518444
2873,0.5142598542112521,0.5348211153078607,0.35479584656380075,0.14050263409629843
2874,0.513730472887887,0.5365163341770458,0.35458750143365964,0.1405546499027938
2875,0.5132001095833408,0.5381636277667521,0.356078766173759,0.14022838655627862
2876,0.5126687589302047,0.5397424688490906,0.3568586664199158,0.1402650716153235
2877,0.5121364132025198,0.5412692851920838,0.3561106307731796,0.14007818841424718
2878,0.511603073362255,0.542832157434465,0.35650514467485167,0.13997859951376615
2879,0.5110687301323577,0.5444116570197883,0.3568715967819087,0.13974110806273518
2880,0.5105333811982704,0.545795961643768,0.356392864722351,0.13955063352153363
2881,0.5099970225662335,0.5470310510231903,0.3571245617523505,0.1393407733727975
2882,0.509459647940795,0.5483058295377773,0.3583111350711913,0.13909432388663648
2883,0.5089212569101512,0.549671730818355,0.3577370772443109,0.13898802790128945
2884,0.5083818393626662,0.5510376980303664,0.35856146085253554,0.1388562232162142
2885,0.5078413948032751,0.5522193475263262,0.3586387552292671,0.13864693420750956
2886,0.5072999161962933,0.5532540596404135,0.35820606994124504,0.13837336014755017
2887,0.5067573986062703,0.55430896622877,0.3587799903771262,0.13808749037538678
2888,0.5062138383295217,0.5553962657374737,0.35858167141048447,0.13793078303180076
2889,0.5056692277805673,0.556395450326302,0.3583642614445364,0.1377597120828204
2890,0.5051235671228006,0.5572948384752232,0.35867168936663335,0.13756150296227523
2891,0.50457684550733,0.5581649063605076,0.35812630903719594,0.13731494477706063
2892,0.5040290637000653,0.5589910030598557,0.3580354572552913,0.13694693504929864
2893,0.5034802116322402,0.5597789933615864,0.358369406006728,0.13657806786884388
2894,0.5029302885535506,0.560572601018575,0.3577756128215794,0.1362113884122379
2895,0.5023792849831126,0.5613805895546436,0.3574568316453175,0.13586802270273876
2896,0.501827198954288,0.5621012562286718,0.35789507041798846,0.13558055788046824
2897,0.5012740232591629,0.5626666371477648,0.35738235882226455,0.13529613219194486
2898,0.5007197542656174,0.5632006868800261,0.35738004118804834,0.13505907669768144
2899,0.5001643852344527,0.5637969005709226,0.35844866788894403,0.13479578796245043
2900,0.49960791267350035,0.5643804364117293,0.35754185298100005,0.13448141360482868
2901,0.49905032995343135,0.5648612477132426,0.35812625115227487,0.1341379319750298
2902,0.4984916328423612,0.5651979294553402,0.35848579512870316,0.13380814295050142
2903,0.49793181453896823,0.5654753760024238,0.3576047832284187,0.13346799970635725
2904,0.4973708720404283,0.5657252326678939,0.358445608989618,0.13312963705797107
2905,0.49680879653847004,0.56592194176429,0.35822744138100565,0.1327904715821784
2906,0.49624558757218795,0.5660678687148285,0.3577378685056111,0.13243819802127413
2907,0.49568123250734936,0.5661946151148008,0.3587084278976409,0.13208432413552226
2908,0.4951157377637731,0.5662667741053575,0.3583871302710851,0.13173790489648235
2909,0.49454907932026704,0.5662850812673477,0.35855378475665367,0.13141657944956797
2910,0.49398128213909503,0.5662765002098588,0.3601327974822239,0.13108556258809748
2911,0.4934122906812269,0.5662298856792523,0.3596200979005827,0.13075023867007615
2912,0.4928421855961146,0.5661111200426603,0.35970494909562395,0.1304195750777169
2913,0.4922708125296108,0.5659421749116691,0.36037808324280757,0.13010417105360556
2914,0.4916984351158248,0.5657967845465446,0.35924744490509924,0.1298059844481022
2915,0.49112457135883436,0.5656083322084324,0.35995433823058626,0.12960556502908824
2916,0.4905501415021055,0.5653284647721842,0.3595010184185613,0.12947268334767725
2917,0.4899735511062006,0.5650064375987154,0.3590475434249988,0.12942925581711331
2918,0.48939845293720813,0.5646549037327915,0.35948209288587635,0.12966828466759037
2919,0.4888201167364948,0.5642520476628737,0.3583241068756617,0.12989675658890984
2920,0.48825728635586035,0.5637984391106317,0.3588167838669801,0.13051777218440805
2921,0.48771260379866305,0.563303703104246,0.3592634962305492,0.13081048717336194
2922,0.48730386829095396,0.5627732853115742,0.35859355389981773,0.13071473710273857
2923,0.48723030018454666,0.5622458964582323,0.3596689507761592,0.13053040902984617
2924,0.48784720033199175,0.5616868484463353,0.36085957776369665,0.13042703697623428
2925,0.49078368689150614,0.56107285814522,0.35972872350291396,0.13105194186686386
2926,0.4942407084349785,0.5604484329849789,0.3607670517276749,0.13102898059727067
2927,0.4996854460933115,0.5597896005192556,0.36158273096387067,0.13108305944153772
2928,0.4999012453461597,0.5591756202133261,0.3609312357125277,0.13111164823505642
2929,0.5029052701889177,0.5585705936441823,0.36253592377615684,0.13108460610912934
2930,0.5058610468391679,0.5578678659088963,0.3622150222701105,0.13128494052368067
2931,0.5067846752827896,0.5571534846281126,0.3625604560912228,0.13127404805656548
2932,0.5079994618167759,0.5564566250502905,0.3645227740515264,0.13123951255818797
2933,0.5107183960608384,0.5557076395308516,0.3633655645228256,0.13107760861248163
2934,0.5133948211487808,0.5549957301916444,0.3645961552349121,0.13131197849692638
2935,0.5148222511159822,0.5542830917331829,0.3665670949966688,0.1317992744667612
2936,0.5157592443443487,0.5535044344144849,0.36574034018414436,0.13199442943649156
2937,0.5174189508777376,0.5527308548756837,0.3664675374178642,0.13174282016593297
2938,0.5192121584931882,0.551935313971545,0.3671484948707734,0.13159029330476513
2939,0.5205681837678385,0.5511625750735871,0.3661865908759358,0.1315622096005685
2940,0.5215024060652923,0.5503943364477252,0.36659442834312916,0.13149714172953256
2941,0.5225325611266473,0.5495989902717684,0.36756064359684204,0.13121674147192158
2942,0.5239368193605455,0.5487834706265032,0.36700125535119615,0.13094326465461453
2943,0.5253076901368692,0.5479585152751713,0.36713796655625625,0.1306284086141798
2944,0.5261668067407339,0.5471376590333458,0.3679594013212968,0.13041678014485975
2945,0.526869882636196,0.5462979417011208,0.3674752854533014,0.13020975944212074
2946,0.5278566912849156,0.5454690353458367,0.3672138386989065,0.13002449440113645
2947,0.5288270876871873,0.5446424651174063,0.3683364046475547,0.12985315496478161
2948,0.5295423477128341,0.5437829211292836,0.367493240407728,0.12965030866369517
2949,0.5301269609944745,0.5430489043383282,0.36756155306401,0.12933989596756681
2950,0.5308327237942111,0.5422558110767145,0.36754005961519515,0.1290805114648533
2951,0.531644358273142,0.5413726801628342,0.3665256327262692,0.1288972432669335
2952,0.5323569365419168,0.5406001171623368,0.36580180844317617,0.1287416168754351
2953,0.5328642708262865,0.539710011665913,0.3650029851581274,0.1284517086724715
2954,0.5333518408473991,0.5389224863941154,0.3640409289484739,0.12810990066832553
2955,0.5339601517211585,0.5381700679918338,0.3631852580591759,0.12777470026536503
2956,0.5345771872232563,0.5373582156706758,0.3626180839057096,0.12743524290189742
2957,0.5350796313190208,0.5364671683334175,0.36251291803317476,0.12709270772020292
2958,0.5355239101490913,0.5357020986296483,0.3623802836646102,0.12677705120813718
2959,0.5360546715920225,0.5348813456676066,0.3623762010264492,0.12648444943552722
2960,0.5366484206963902,0.5339752498288702,0.3635378482964634,0.12624510997656369
2961,0.5371614783490922,0.5332321194265934,0.36239247630594273,0.12600776276926465
2962,0.537544725855813,0.532549056695638,0.36341574781670366,0.12579023494278954
2963,0.5379226652618093,0.5317486932951254,0.36494028032153303,0.1255105072421162
2964,0.538386612945812,0.5308566609668386,0.3650622442549184,0.12522048329229327
2965,0.538854035699754,0.5301796518191113,0.3673704856072282,0.12492572297506627
2966,0.5392256560807032,0.5294045169092507,0.36710739923321944,0.12466046252614588
2967,0.5395605707584652,0.5285750634240711,0.3694996074264657,0.12441106552392242
2968,0.5399668170044815,0.5278323357163635,0.3700031919556293,0.12421170477693227
2969,0.540391927815868,0.5270461965014014,0.3743015518828721,0.12400243806381347
2970,0.5407247116224754,0.5261190567927981,0.3752198492544075,0.1237779311155441
2971,0.5409887157744839,0.5252743306974409,0.38034423328755096,0.12356726570922502
2972,0.541292932482654,0.524449376141403,0.38113842041648005,0.12337901723847663
2973,0.5416239551836152,0.5234915461252103,0.3882894944244333,0.12324766268758523
2974,0.5418933826366694,0.5226412239550968,0.39020833466709176,0.12317796399557496
2975,0.5421115448955965,0.5217616961911344,0.3971369188487599,0.12320684131097878
2976,0.5423606470428411,0.5208396332941898,0.3977698763767728,0.1232177088837477
2977,0.5426271849654217,0.5200680506000952,0.40305097412029206,0.12331508024456592
2978,0.542837810838673,0.5191412594254996,0.40608932762228034,0.12332767720573026
2979,0.5429975832400764,0.5183401057451472,0.40798802882492946,0.1233477569624793
2980,0.5431686163105816,0.5175276023355979,0.41165275752633795,0.12326499050433301
2981,0.5433435072817339,0.516669664181453,0.4179177336189087,0.1230882379978596
2982,0.5434749107715783,0.5158985410682322,0.4182523903575426,0.12278277944295111
2983,0.5435794472788754,0.5149364598124426,0.42314542220091794,0.12244561864723424
2984,0.543703123215317,0.5141660365975456,0.43193422351135397,0.12219249360966893
2985,0.5438247840155286,0.5133146051366104,0.4341482502092581,0.12205458998001785
2986,0.5438977927772227,0.5123478036031105,0.43812944228913125,0.12203259468297745
2987,0.5439371112194068,0.5114252519955688,0.4435518614706146,0.12207862381668867
2988,0.5439817591180398,0.510456935896347,0.44628514211683973,0.12219270585784636
2989,0.5440164460443113,0.5096545070555812,0.4484531731186344,0.12224250662416494
2990,0.5440183332259704,0.5088619442429415,0.45275475307778396,0.12229945586323564
2991,0.5440130606188236,0.5079325489091914,0.4559345118269776,0.12223099217632238
2992,0.5440158515616329,0.5073883924140136,0.4567991010259585,0.1220132648258381
2993,0.5439941263452355,0.5065945959997507,0.45820907658116217,0.12169122569138091
2994,0.5439328476193223,0.5058385461099714,0.4608257163259959,0.12137785461308966
2995,0.5438606947962311,0.505489766275399,0.46327314489858556,0.12121251115616259
2996,0.5437870068732162,0.5045461109798506,0.46383010201186703,0.12108686220490948
2997,0.5436914394146694,0.504044763174032,0.4649407332148458,0.12095949085886078
2998,0.5435763772712946,0.503184824987494,0.4667830255231521,0.12082734642846507
2999,0.5434607095801857,0.5022355184631763,0.46854359959513475,0.12058734374722845
3000,0.5433359607288697,0.5014189233480724,0.4693759365585037,0.12030253599801263
3001,0.5431848380069931,0.5005640359568931,0.4699034980332495,0.12001020983994015
3002,0.5430173433845041,0.4996268230417466,0.4711165266266338,0.11973914930047401
3003,0.5428452268203843,0.4987090577657422,0.47226670561200934,0.11952913449260294
3004,0.5426572415491766,0.49782963207369285,0.47275178893378167,0.11931566657197909
3005,0.542453354845872,0.4970278054644685,0.4733574084974626,0.11915635059540047
3006,0.5422475733140405,0.4961794062201352,0.4742222838341731,0.11901713162040463
3007,0.5420320970797278,0.4952297002102385,0.47506754806393003,0.11884918982477359
3008,0.541796710595267,0.4943309321577671,0.4754063429537251,0.11866319252555982
3009,0.5415523745335812,0.4935017010671343,0.4759557413640732,0.11843858806429196
3010,0.5413041021994988,0.4925997706946665,0.4765559306353363,0.11814867516256569
3011,0.5410442019163664,0.49206165228619664,0.4769483199110391,0.11782897813466899
3012,0.5407735641727623,0.4914345654901148,0.47700025420467324,0.11750806654138837
3013,0.5404982182341732,0.49047898073901736,0.47715798805020954,0.11721413941527661
3014,0.5402161718440058,0.4896218338192548,0.4773141654787825,0.11697338102858296
3015,0.5399245302627422,0.48893924019367896,0.47725005922428354,0.11676267822045114
3016,0.5396277354199129,0.4880247449062591,0.47702819006510183,0.11661644533473488
3017,0.5393276125089685,0.48724521727675335,0.4769368064511769,0.11653216359997536
3018,0.5390201280789144,0.4862760197858767,0.4767208262199353,0.11649686202314816
3019,0.5387076874907825,0.4854404169973783,0.47634690530019913,0.11658085146305744
3020,0.5383938374474984,0.4845017087051041,0.4758948353651115,0.11667554608820871
3021,0.538074736059768,0.4835822081695818,0.475398639482646,0.1168752280106624
3022,0.5377499579564142,0.4827174241120784,0.4748549320448359,0.11692997584311442
3023,0.5374230228500622,0.4818343909508281,0.47429703349539415,0.11685726666296954
3024,0.5370935692908152,0.4808668531071803,0.4736918821577837,0.11662574166532563
3025,0.5367606946411471,0.47999976640256276,0.4728768457091945,0.11633755760097332
3026,0.5364260729000543,0.4792216355103798,0.4720729190849541,0.1161799451910735
3027,0.536090536975253,0.4782948150561307,0.4713219214406684,0.11605599642766162
3028,0.5357525523108856,0.47744634005471304,0.4704420151277965,0.11607216650985461
3029,0.5354117537638954,0.47650673720269415,0.4693452314079636,0.11614967877511251
3030,0.5350696226836452,0.4755919493795819,0.4683839051869559,0.11618935350820271
3031,0.534725916983629,0.4746512769633114,0.46738744287832756,0.11618634741143508
3032,0.5343804922170847,0.4738310803203495,0.46616507794787654,0.11616008305035971
3033,0.534034609763272,0.47302267514989454,0.46486850644395605,0.11598925547975329
3034,0.5336876264199719,0.47209055928398225,0.4636029817788714,0.11575113064564405
3035,0.5333386768433586,0.4713081829321286,0.4623222018333287,0.11547846907635084
3036,0.532988449808366,0.4704371176172337,0.4609343199378895,0.11516827258157981
3037,0.5326372817900321,0.4696889206617073,0.45953103399301776,0.11486548436184536
3038,0.5322847432519047,0.468883721969997,0.4581804156656368,0.11458715771312328
3039,0.5319307994138994,0.46799488089756447,0.4568173320956842,0.11435546660908995
3040,0.5315759213109031,0.4672435059141606,0.4553282474870226,0.11415891673854484
3041,0.5312199807094073,0.4663371338517996,0.45387707974632363,0.11395930851556893
3042,0.5308625993375662,0.46558195587010925,0.45256535817520754,0.113777869742689
3043,0.53050411846739,0.46473650070360983,0.4510637081545748,0.11356149765793937
3044,0.5301444976060484,0.46382126321564143,0.44953784571677274,0.11333235809882218
3045,0.529783359754268,0.46306018915890823,0.4480995777920256,0.11307867170193628
3046,0.5294208382119807,0.46219065929634945,0.4466577742417298,0.11283034416166188
3047,0.5290570253919534,0.4613259178594516,0.44512324987125446,0.11255978377068147
3048,0.528691829626897,0.4607330022737172,0.443578848531486,0.11229021134535058
3049,0.5283252574824976,0.45988257352931927,0.4420587502053449,0.11200740425434495
3050,0.5279573612280727,0.4593552404647222,0.4405150914968205,0.1117253916737045
3051,0.52758806289656,0.45851417330256355,0.4389466131054048,0.11143417394126177
3052,0.5272172945712029,0.45763154166553915,0.4373961360337759,0.11114926939616498
3053,0.5268452143726816,0.4568754008752746,0.435869108655537,0.11085764723030575
3054,0.5264717704460973,0.4560164850067029,0.43433781038856056,0.11056769492543299
3055,0.5260967154178164,0.45530599706176667,0.43279697931694583,0.11027806564475075
3056,0.5257201017136768,0.4545963170979393,0.4312678256887136,0.10999621708954077
3057,0.5253420752190554,0.4537572284330629,0.4298154015121989,0.10971372600362576
3058,0.5249626604705252,0.4530615769143655,0.42830972777919823,0.1094382757047047
3059,0.524581861540995,0.4521713729951953,0.4269220660256051,0.10916171183505244
3060,0.524199691570035,0.45129485538829406,0.4255769715225514,0.1088908056904077
3061,0.5238160948573738,0.45039432609501373,0.42414402900211073,0.10862422017124827
3062,0.5234309774436505,0.44949305356890734,0.42297417955106054,0.10838918663167156
3063,0.5230443753018335,0.44863715253615405,0.4215240776042145,0.10817588544542771
3064,0.5226563734173701,0.44778788732918406,0.4204036096511783,0.1080307191966415
3065,0.5222669821148322,0.4468482201839004,0.4189909950574291,0.10800350929688894
3066,0.521876217494694,0.4459816959094794,0.4179660489723376,0.10806420915339914
3067,0.5214840972047518,0.4450751332550081,0.4167728579408262,0.108441912010555
3068,0.5210906288737284,0.4441905560263284,0.4157570387817194,0.10881090128632219
3069,0.5206958112339971,0.4433491790128198,0.4147286574264857,0.10950355259717279
3070,0.5202996216223991,0.44241705063862447,0.41337589980154726,0.10979755747939218
3071,0.5199020401033106,0.4415466922771278,0.41241069949977166,0.1097481067203675
3072,0.5195030897857307,0.44063091206650795,0.411307418965711,0.109660579682348
3073,0.5191028450222369,0.43968737415681636,0.4102100260417162,0.10958753672873284
3074,0.518701342048543,0.43874913713086944,0.4090576238055006,0.11002677921848623
3075,0.5182985465006954,0.43786921676939283,0.40795765334394,0.11012930182169023
3076,0.5178944415327283,0.4370114690344614,0.4069098534030541,0.11002745723053706
3077,0.5174890428168992,0.4362417247990446,0.40585590446292596,0.10985897876668242
3078,0.5170823646232141,0.4353580205181418,0.404558216666074,0.10984161164844061
3079,0.5166744182427092,0.4344844468580169,0.4036101202581795,0.11055809829410519
3080,0.516265219786716,0.4335495355880012,0.4025735553986401,0.11129153181769175
3081,0.515854772176618,0.43270167849113256,0.4012522043867275,0.11212424100174938
3082,0.5154430612959287,0.4317608839491155,0.399879662425695,0.11282711004148684
3083,0.5150301017113273,0.43102505191048485,0.39892110057051827,0.11267556959570556
3084,0.5146159286133696,0.4301340943769723,0.39777921629284047,0.11311770122483575
3085,0.5142005467387621,0.4293578277766833,0.3967170806441494,0.1134312240831954
3086,0.513783937494421,0.4284404615498015,0.3958724000848126,0.11366166723744454
3087,0.5133660987753302,0.427623320190782,0.394968884948414,0.11347014275279145
3088,0.5129470476733797,0.4271151162195516,0.39376991295732733,0.11385593585546878
3089,0.512526788639893,0.42626757916790947,0.3928880604310856,0.11417189834405171
3090,0.5121053129595659,0.4254693481772919,0.3923007581128277,0.11399702847525221
3091,0.51168262483893,0.424560367761307,0.39109025459330704,0.11386987204586087
3092,0.5112587419020507,0.42361387442773757,0.3902720249485526,0.1139668016774798
3093,0.5108336795323728,0.4226432139507934,0.3891539817163361,0.11395498090524256
3094,0.5104074371681344,0.4217348864036644,0.3878723995182166,0.11394115102088537
3095,0.5099800027151983,0.4208097852027471,0.3868148065114217,0.11384760097525622
3096,0.5095513638204933,0.4201097929748172,0.3854682616689471,0.11369372177454626
3097,0.5091215177222002,0.4191385339871956,0.384246706867474,0.11366997479886941
3098,0.5086904770569225,0.41825861636748246,0.3833678643653073,0.11361110884156005
3099,0.5082582585636126,0.4173223011511622,0.38221480769753785,0.11336135423558598
3100,0.5078248666244846,0.4163672714212505,0.3812710874635026,0.11319623126805581
3101,0.5073902929171984,0.4154197918087317,0.380675253716562,0.11318579638612422
3102,0.5069545323994135,0.4145634967810435,0.3795142375084973,0.11312524914296063
3103,0.5065175871765297,0.4137823493140827,0.37906272357053,0.11288270401623182
3104,0.5060794533445687,0.41301690367893384,0.37839345453261347,0.11278377262493472
3105,0.5056401227307262,0.41214755382533697,0.3772049136470006,0.11260801009574828
3106,0.5051995978030719,0.411345776944,0.3762505573528681,0.11253148617822031
3107,0.5047578904571742,0.41050811723470215,0.37511245230487883,0.11233978359988042
3108,0.5043150055612649,0.40954266009252793,0.3739657145009869,0.11209121290552373
3109,0.5038709363062297,0.40878104507857477,0.37319014030223774,0.1118724898645204
3110,0.5034256743915555,0.4082334475913072,0.3727362945539058,0.11161854057194562
3111,0.5029792156609517,0.4075397127506566,0.3727718835173313,0.11133715358489119
3112,0.5025315598556436,0.4068296918540443,0.37226987169013187,0.1110808987425297
3113,0.5020827096380014,0.40615546326318364,0.37331214852953937,0.11080597735310563
3114,0.5016326658024256,0.4057316685952404,0.37301029387533874,0.11067678533686343
3115,0.5011814240902341,0.4047690399573714,0.37403488288378983,0.11046995295700607
3116,0.5007289810857274,0.4043687783053555,0.37457755754287914,0.11024533309165727
3117,0.5002753385805424,0.4036855576544188,0.37548736032889884,0.11000634835671355
3118,0.4998204957550296,0.40301200436737505,0.3770847095868714,0.1097459373534065
3119,0.49936444596482493,0.40240373414010244,0.37576855124085895,0.10946381746389368
3120,0.49890718594651534,0.40164752956722366,0.37707173015169704,0.10920762261893212
3121,0.4984487179864465,0.4022723470698964,0.37693883638524966,0.10892602514571328
3122,0.4979890414755663,0.40265028270813974,0.37883793827213197,0.10865719461014764
3123,0.4975281506055353,0.40315845625866936,0.3791233192950798,0.10838032274485172
3124,0.4970660410995494,0.4025329860144172,0.3821193417144637,0.10812506157217262
3125,0.49660271266796785,0.4026818798018344,0.38346211282672393,0.10790044857976386
3126,0.49613816545386313,0.40353277682291305,0.38703745440228854,0.10766130052144786
3127,0.49567239882516106,0.40349126719913586,0.38821163755888727,0.10743852806289775
3128,0.4952054098115693,0.4037270769145518,0.3928053369706804,0.10722206928271834
3129,0.4947371933029689,0.40476276785563403,0.3949004461568428,0.10702505724826544
3130,0.4942677459130947,0.4050997020317,0.40145336865389547,0.1069199272548218
3131,0.493797066661541,0.4061169183781065,0.4010803028598544,0.10691446105388643
3132,0.4933251531393515,0.40551752851631895,0.4084140870454442,0.10707232689657908
3133,0.4928520019887134,0.40618251614218476,0.40864252367994724,0.1071880351602545
3134,0.492377613136785,0.4058196093334088,0.41166419773445395,0.1073946166802459
3135,0.49190198731553314,0.4069918755282822,0.4148410695465589,0.10740627885239006
3136,0.49142512063610055,0.4075170529158824,0.41613122998758945,0.10725385708287156
3137,0.49094700702693705,0.4088652713135435,0.4167395863764604,0.10703113303940914
3138,0.4904676431108446,0.4103429355840262,0.41787635521553834,0.10677336651314909
3139,0.4899870274247282,0.41267993854257207,0.4196474260321025,0.10663669584121273
3140,0.48950515862762833,0.4131867929447579,0.421677034188027,0.10654370534828639
3141,0.48902203524715687,0.4158998575486882,0.42227221889902533,0.10656969168577869
3142,0.4885376550688125,0.41588098929025263,0.42298745948388294,0.10674438522023766
3143,0.4880520154503892,0.41923117960561357,0.42442626443451564,0.10684098900640006
3144,0.48756511423180243,0.4190504628513624,0.4249416728058189,0.10676867965760405
3145,0.48707694727543355,0.42156037014761544,0.42564567966402156,0.1066204118984
3146,0.4865875098558926,0.4214577107546606,0.4270810298108915,0.10637752205569505
3147,0.4860968002225715,0.42342968705031164,0.42798552708079146,0.10621155822822714
3148,0.4856048183121946,0.42388019230831886,0.428611115077396,0.1060245077130846
3149,0.4851115616178224,0.4243177173588164,0.42911789548997575,0.10586634307079648
3150,0.4846170264156339,0.4256792877925654,0.42966362299746536,0.10571313657565186
3151,0.484121210091942,0.42613347716521754,0.43052917751660624,0.10550479873741421
3152,0.4836241099488796,0.42645552109335444,0.4308786696693276,0.10527210789907604
3153,0.48312572259362113,0.42710939935248404,0.43107092931175905,0.1050433728900918
3154,0.48262604501265544,0.4277900777950317,0.43159369861259606,0.10478388895475187
3155,0.48212507461573106,0.4279813383600074,0.4323403405425779,0.10454513825646441
3156,0.48162280966714316,0.4279132815210077,0.43255004722445084,0.10435179203247572
3157,0.4811192477343037,0.42829387791186696,0.43278611901898073,0.10420513257109192
3158,0.4806143851526935,0.42857020961934306,0.43309988524341975,0.10410108949193807
3159,0.4801082181608143,0.4282873199840934,0.4332654701938592,0.10394404254192814
3160,0.4796007449865452,0.4281642276747275,0.4334559705783397,0.10375192935926747
3161,0.4790919631013504,0.42816463470555666,0.4333360472853942,0.10353198046271718
3162,0.4785818690727803,0.42779786260969277,0.4331116839576971,0.10329599849567604
3163,0.4780704603395175,0.42747066897835934,0.4331070250251797,0.10303955018284285
3164,0.47755773437516974,0.42737541684531344,0.43299582234442785,0.10278983064897161
3165,0.4770436881368567,0.4269837435690369,0.43264877676219354,0.1025268318675733
3166,0.4765283182152548,0.4264863422885305,0.43213405334299665,0.10225684421242899
3167,0.4760116217144988,0.4261521397201113,0.4317335248985136,0.1019991252562326
3168,0.4754935962511544,0.42572761126379693,0.4314021472678837,0.10175663251898857
3169,0.4749742399978973,0.4252328148263735,0.4308633951037559,0.10155534778163891
3170,0.47445354965584285,0.42487340230983023,0.4301641250953681,0.10135088690760663
3171,0.4739315220817158,0.42451500420963084,0.429503663887428,0.10115729412187852
3172,0.473408154838882,0.4241452878720496,0.42896418626683736,0.10099603198824791
3173,0.4728834450932492,0.4235830962709486,0.42818341841388485,0.10087417058255946
3174,0.47235738968856783,0.4233873871839682,0.4272669379612617,0.10081312151274226
3175,0.47182998639877277,0.42327764254681827,0.42657366829394366,0.10083537769629097
3176,0.47130123322576845,0.42253190572076244,0.4257509687763265,0.10100083395791024
3177,0.47077112793703696,0.42181990203547615,0.4247187051467358,0.10113021886077732
3178,0.47023966799160105,0.4216377181336452,0.42368237506888445,0.10138797625227346
3179,0.4697068503692776,0.4212142589998785,0.4227209830728306,0.10149062396960414
3180,0.4691726730244994,0.4202353557940305,0.4216776427438859,0.10146092247359526
3181,0.4686371336773718,0.41972184238245097,0.4205437670154698,0.1013021081701975
3182,0.46810022988119654,0.4188409581867154,0.4193997414920036,0.1010630281546196
3183,0.4675619602297995,0.4180394436579803,0.41842287409943446,0.10089100629906736
3184,0.46702232337942357,0.41748194329773886,0.4173882313171189,0.10077751981384335
3185,0.46648131721413866,0.4165133791111045,0.41611460423926183,0.10082951653133773
3186,0.4659389398755664,0.41590074474934957,0.4149723061713025,0.10102696592773287
3187,0.4653951893749347,0.4153687318682432,0.4140284763083754,0.10130445537631176
3188,0.46485006471092555,0.4146942783611179,0.4127818010262407,0.10150028765351712
3189,0.4643035647575639,0.4146010704111134,0.41157365027841675,0.10171962056458378
3190,0.46375568839857706,0.41374848662661706,0.4105400327542455,0.10170030745397889
3191,0.46320643466148603,0.4135118726214067,0.40945491699259856,0.10150616785405307
3192,0.4626558037678496,0.4127046581473146,0.4082085678162794,0.10126078844048716
3193,0.4621037944337662,0.41190453461402293,0.40698194649650077,0.10104978934989121
3194,0.4615504062645211,0.41132570296412374,0.4057363675565082,0.10095888418677368
3195,0.46099563961124707,0.41041963924280045,0.40445622876632653,0.10086272372252547
3196,0.46043949439969156,0.4101392120362787,0.4031991650369863,0.10076213149234226
3197,0.4598819714945237,0.4092198178522548,0.4019304602199942,0.10068293121123857
3198,0.45932307163947395,0.4090800104191896,0.40066232329181545,0.10051738605219845
3199,0.45876279591206137,0.4083575720774871,0.39941864471388566,0.10030823567061008
3200,0.45820114602094947,0.4075588613238735,0.39815426820692856,0.10009769396998623
3201,0.45763812264320425,0.4071546686156957,0.3969189317996124,0.09992960674596875
3202,0.45707372880892094,0.4064179425191926,0.39566624780555526,0.09986352043033027
3203,0.45650796623828316,0.4062146700102376,0.3943985196796014,0.099801944368551
3204,0.4559408383616676,0.40555787629335077,0.3931829308367794,0.09974542228142666
3205,0.45537234829711637,0.40573299802806684,0.3919795516553269,0.0996797384580865
3206,0.45480249947681056,0.4050465381823915,0.3907696171679881,0.09954905384861827
3207,0.4542312966746219,0.40429722658291684,0.3897165365845198,0.09936061974019292
3208,0.4536587428592845,0.40418264979658275,0.3886140299116992,0.09915285439997643
3209,0.45308484459967585,0.40318327760661704,0.38736438801531936,0.09890660005579324
3210,0.4525096059853938,0.4030379123278979,0.3861717957858287,0.09865731529779566
3211,0.45193303430905707,0.40218196193546857,0.3849437240862662,0.09843223045617736
3212,0.4513551355373969,0.4021807795591151,0.3836933085421808,0.098248176255312
3213,0.45077591706317327,0.4012604201235235,0.3824705508163956,0.09814317110662063
3214,0.4501953862494594,0.4012013175761571,0.3812513822166828,0.09807207812497494
3215,0.4496135512120121,0.4005152998425058,0.3800092347469694,0.09802083599300514
3216,0.4490304216224293,0.40043525488100484,0.37878780908889764,0.09802377195375833
3217,0.4484460055236403,0.3997725976304951,0.377587390095737,0.09803351876747196
3218,0.4478603149881537,0.3999432888386407,0.3763620636519702,0.0980918554479731
3219,0.44727335905429866,0.3990001559554507,0.37518319033933817,0.09814716420072103
3220,0.4466851513989404,0.39931661581222955,0.37405937845557596,0.09824553561747368
3221,0.4460957006051957,0.39835240857550125,0.37293759674583193,0.09823094839294845
3222,0.4455050252227932,0.39847878598585607,0.37174270322590114,0.09814114465582265
3223,0.4449131316720697,0.39777650501328515,0.3708204967034296,0.09794666165842666
3224,0.4443200433925484,0.39755395588197134,0.36959242518560775,0.097705914120293
3225,0.44372576310896306,0.39762236820393043,0.3685472013820804,0.09751658774995729
3226,0.4431303260549317,0.3975408287942367,0.367516033545505,0.09739013872751102
3227,0.4425337192554038,0.3983500740592139,0.3663889017095202,0.09737164017828766
3228,0.44193600631599467,0.397760511408859,0.3652570874855224,0.09744449147791764
3229,0.4413371340166643,0.3986036978197698,0.3641871792247639,0.09762609948232814
3230,0.44073723684943245,0.3983058471254946,0.36313310434625057,0.09782233744628697
3231,0.4401361466704223,0.39962511909043585,0.36217947681510515,0.09816077411391966
3232,0.43953420389104847,0.3987589437765441,0.36106961911028346,0.098323817680702
3233,0.4389308929152503,0.3999140058167327,0.35996014283835864,0.09835140709059761
3234,0.43832720452326535,0.3992521262900542,0.35878341897967253,0.09820492964816531
3235,0.4377215389958068,0.40079775455125455,0.35761459193488254,0.09800066189354438
3236,0.4371171819624248,0.40055564383681264,0.35642676669316764,0.09797122595599642
3237,0.4365092927418181,0.40091796335643104,0.355229184166904,0.09791477631146106
3238,0.4359108744460965,0.4009907573111876,0.3540368229824916,0.09790635978863955
3239,0.4353121254093277,0.40037463131048123,0.3528546339793866,0.09789655504184851
3240,0.4347757506996725,0.40042679862315805,0.3517055735362766,0.09772795452371338
3241,0.4343336139657173,0.40073031578813667,0.3506293676938201,0.09753432137458647
3242,0.43423028191020063,0.40047810206694306,0.349630948277023,0.09736849585983334
3243,0.4347767074335594,0.4003032794841477,0.348552420143887,0.09728853091872346
3244,0.43687649565439635,0.4009257164217141,0.34775462339199814,0.0973550940023137
3245,0.44139844645565957,0.40020575464606495,0.34670466974375735,0.09748792052146707
3246,0.4476301183756908,0.40089661829557033,0.34608245224935913,0.09767546872672965
3247,0.4527557489708867,0.4018882377010741,0.34509823812161705,0.09784888622438552
3248,0.45747194598525115,0.4010521610698946,0.3447237096971573,0.09779399111222986
3249,0.4621702108640326,0.40190698060355967,0.3441896464940983,0.09760679981775587
3250,0.4680389862965678,0.40161541540123596,0.3443297211832263,0.09741664171662597
3251,0.47388219017860417,0.4013001025245,0.34420566117067264,0.09726323426881864
3252,0.47817405864317186,0.40152146691061874,0.3450263349519375,0.09718410215254959
3253,0.47987459290136425,0.4011144326017095,0.3443048261998156,0.09707906811827376
3254,0.48196281019581666,0.4002881517093742,0.3449935246586077,0.0969425001881717
3255,0.4855266331601723,0.40026925996998525,0.34439879126108863,0.0968386831137277
3256,0.49196156751420567,0.39948954899315314,0.34565960698564724,0.09669796275821563
3257,0.4963875200105096,0.3988709302431172,0.34556435399658675,0.09652117864186416
3258,0.5047080935618162,0.3985461333570278,0.3463940678157741,0.09632215022342032
3259,0.5124498939054926,0.3981274793651213,0.34729782406603354,0.09611015796767068
3260,0.5189058878487989,0.39823919665872826,0.34944926115340247,0.09597074601755401
3261,0.5248083252777369,0.3978684765115328,0.3507389874093631,0.09585259047349126
3262,0.5298511160921625,0.39883076072035956,0.3538954928146868,0.09574200461011462
3263,0.533525342898026,0.3984833508178317,0.3540176861365318,0.09566567265443827
3264,0.5364831857940972,0.3979673511917392,0.3586922052839917,0.09555232424373986
3265,0.5410509311174648,0.39860168946279334,0.35849264407616316,0.09540096451184535
3266,0.5472254322577782,0.3976967876849649,0.3630392569099886,0.09526589285403168
3267,0.5532599642352312,0.3983290637626834,0.3627147426799395,0.09510931091409751
3268,0.5575771096514759,0.3973055933596307,0.3657053191653182,0.09491651462892511
3269,0.5599413419108354,0.39756780130497676,0.3665084070525518,0.09472194761285355
3270,0.5616068268350841,0.3966104243473997,0.36649563620746306,0.09450331443794494
3271,0.5641149322274345,0.396578671609899,0.3673838340221678,0.09427219211827155
3272,0.5676658753556859,0.3956842101391781,0.3673536671462638,0.0940509102446619
3273,0.5718399271761225,0.3951363699652498,0.36755812147857164,0.09386288024986977
3274,0.5760725154999948,0.39438976681060156,0.36761405092472044,0.0937115943470614
3275,0.5798573889230697,0.3935708436409377,0.3679072320395733,0.09359649897826927
3276,0.5828630546231288,0.3930374157117848,0.3676917729714997,0.09351555643163276
3277,0.5849973602056722,0.39204908705166075,0.3678638053753884,0.09351747260857364
3278,0.5864388913188675,0.39166768383164247,0.36775745248587716,0.0936757338480343
3279,0.5875986526045949,0.3906342645483528,0.36754556425383933,0.09385356917967486
3280,0.5888822789504611,0.39007277234865506,0.36770932350034957,0.09425031081502772
3281,0.5904537855469638,0.3895813599079938,0.36754241667599596,0.09446432061852823
3282,0.5922707379903085,0.38866830867164737,0.3672420119204545,0.09448244655899705
3283,0.5941979073607521,0.3883995654719595,0.36712172537929966,0.09434744908634464
3284,0.5960934215046315,0.3875515572366452,0.3669294915027215,0.09418370345734081
3285,0.597859324996753,0.3874597864425827,0.3666201403654423,0.09426593591799348
3286,0.5994522711645696,0.3866253615286217,0.36673327232106423,0.09430134047175306
3287,0.6008689899473498,0.38664408727357136,0.36626486401846975,0.09435341804955735
3288,0.6021271057060016,0.38609802647531033,0.36593718718383045,0.09449244501179122
3289,0.6032514770841987,0.3864499183319956,0.36569315639542616,0.0945001574045741
3290,0.6042692767795284,0.38604496288437,0.3652254362655205,0.0944060758435867
3291,0.6052127999565925,0.3866466978569593,0.36484082156809716,0.09433227211014392
3292,0.6061239377912802,0.3872362774866687,0.3646375702877025,0.09418404104003887
3293,0.6070511646354604,0.3889185112463015,0.3640552940358486,0.09420737685443097
3294,0.6080349412629842,0.38914958947776207,0.3636791566598453,0.09428547254264581
3295,0.6090901894584992,0.3911786866417433,0.36386218596954356,0.09444017828285621
3296,0.6102000285793611,0.39161073550778136,0.3641082551077306,0.09460149858321773
3297,0.6113252941558808,0.3953249141898902,0.363555212016238,0.09456510719253516
3298,0.6124222362520764,0.3951174735675768,0.3633094781522611,0.0943933566196355
3299,0.6134579129828517,0.3969209740859532,0.3638890295135445,0.09418959348061927
3300,0.6144177928982056,0.3977569269811861,0.3630497288773571,0.09401484585941783
3301,0.6153059071090858,0.39774630047752196,0.36344470121419664,0.09387264070640251
3302,0.6161401008621322,0.3989939267310934,0.3628326298762415,0.09374680873333507
3303,0.6169447111075477,0.3998983559384018,0.36234808903686905,0.09363374293455182
3304,0.6177429320783798,0.39995794252427413,0.3616385184815569,0.09358001459097519
3305,0.6185510040369273,0.4006866044510666,0.36125768594239216,0.09353841208766775
3306,0.6193753430331298,0.4014988733903286,0.36051602720407644,0.09349874547964952
3307,0.620212757516541,0.4016870705642142,0.35984401811931216,0.0934193851477145
3308,0.6210536055274612,0.4017289595172851,0.3596472267250743,0.09330552376847542
3309,0.6218870384715787,0.4021272497782328,0.3588364523349149,0.09311442250761759
3310,0.622706003409261,0.40212162575097604,0.3588868241196928,0.09290186881992574
3311,0.6235091947881294,0.40196208479272194,0.3580784747115031,0.09268021338555703
3312,0.6242991060357468,0.4021352880389048,0.3577763312848883,0.09245168581369392
3313,0.6250782630245382,0.4019677040030162,0.3571084882021874,0.09222600541420586
3314,0.6258466645536515,0.4014537038345488,0.35690931501582496,0.09200517409231035
3315,0.626602331772325,0.40100515865332437,0.3561010385596461,0.09178815579980452
3316,0.6273441963443437,0.4005335236279301,0.35608949210180846,0.09156876396474233
3317,0.6280743261121888,0.39980771658218817,0.3555238480747985,0.09136312865905767
3318,0.6287975602729413,0.398917498512168,0.3548499970096924,0.0911757719709162
3319,0.6295190323587782,0.3981394069135028,0.3546351458712784,0.09104589498802677
3320,0.6302415267187489,0.39741616223068427,0.3541112559732574,0.09091970844696792
3321,0.6309643416987872,0.3964952262361083,0.35326101568568746,0.0908094266871629
3322,0.6316840757656338,0.3955051797711489,0.3527725749380231,0.09077248627341467
3323,0.6323965099760677,0.39462770698897237,0.3519826928476167,0.09078011661333038
3324,0.6330984127714404,0.393749661085904,0.3512001776846026,0.09092213406726105
3325,0.6337886048068385,0.3928759056490767,0.3507410238427631,0.09112803174646258
3326,0.634468063058889,0.392040317412098,0.3498992898256593,0.09154255735674105
3327,0.6351391562558723,0.39125026227171256,0.34939919489807647,0.09177023035222896
3328,0.635804436322057,0.39048806229685107,0.34853398812204056,0.09188664501036142
3329,0.6364655459052043,0.3897042962345688,0.34799402369114485,0.0918086066987297
3330,0.6371226880150503,0.38894467969447793,0.3471540144673125,0.09164696566901606
3331,0.6377748604964288,0.3881220039550152,0.3465477911626297,0.09166761944173567
3332,0.6384206755596767,0.38727454306454145,0.345823310859902,0.09165820363592504
3333,0.6390592251470778,0.3864350603219055,0.344927244004178,0.09178563909867646
3334,0.6396904474956385,0.3854759287600916,0.34432399546678066,0.09198074564813122
3335,0.6403148399978545,0.3844886918558553,0.3435366227243957,0.09205872856739811
3336,0.6409328607256499,0.383510020686478,0.3426455619853253,0.09208325284667644
3337,0.6415445296943403,0.3824767569904269,0.341805324711508,0.09213333081648345
3338,0.6421494866015768,0.3814646199113347,0.340923345553676,0.09199424488812305
3339,0.6427473431957812,0.38039936957060166,0.3401043400417021,0.09184181653164097
3340,0.6433379796267334,0.37943724822861324,0.3393693844580153,0.09170118652670342
3341,0.6439215830988231,0.37849203747836807,0.3384674078864629,0.0917093489297908
3342,0.6444984926424909,0.3777213552948476,0.33770815514885144,0.09176697696534673
3343,0.6450690192217831,0.37682222250201886,0.3369831996632538,0.09172332076690039
3344,0.6456333136171831,0.3762904976033478,0.33606926788346086,0.09162834176315997
3345,0.646191271646769,0.37550268358013955,0.33559631101667803,0.09148864834643565
3346,0.6467425074964198,0.37495460333518005,0.33493198660843826,0.09129067567181068
3347,0.6472864769494389,0.3744818609057005,0.33425261137762097,0.09108177861384323
3348,0.6478227379968426,0.3743676242622381,0.3338024188997674,0.09087594233125658
3349,0.6483511580571095,0.3747155075923286,0.33307481112161,0.09068567242110133
3350,0.6488718641536902,0.3751943140851859,0.3329213856306093,0.09054307496130405
3351,0.6493849681548274,0.3746612755436964,0.33206452246813895,0.09041487771758971
3352,0.6498903308290772,0.37511886363619273,0.3322310433670358,0.0903555226685811
3353,0.6503875827919022,0.37567045337822774,0.3313462241747265,0.09033102892343182
3354,0.6508763542948479,0.37650323633484445,0.3316832646308816,0.09033517349627077
3355,0.6513564802066444,0.3767831248840862,0.33094698801650874,0.09034561817668008
3356,0.6518280157866325,0.377449058337725,0.33070017955659997,0.09030459620727119
3357,0.6522911053521834,0.3785165581151826,0.32981011325146214,0.09025819775456838
3358,0.6527458431919569,0.3789987474560497,0.32937004351265503,0.09016863972740549
3359,0.6531921982660844,0.38001674655381434,0.32840850167087454,0.09004524321300976
3360,0.6536299854293629,0.38056315848814526,0.327830247763529,0.08992125487105028
3361,0.6540588740543142,0.3807806374901448,0.32742670271788876,0.08977800417738255
3362,0.6544784458406312,0.38126436937724995,0.32695038850940145,0.08959555755900205
3363,0.6548882896427003,0.38190553846241104,0.3271698733437659,0.08940304305751001
3364,0.6552880776896317,0.3825403661998079,0.32659506707456926,0.08919950957512737
3365,0.6556775883066943,0.38263481345421135,0.32760977963063864,0.08899176602302791
3366,0.6560566959875658,0.38253772399537594,0.3268814442497251,0.08879306673043826
3367,0.6564253359756509,0.38298168907318775,0.3281699966277843,0.08861194750996866
3368,0.656783428891718,0.3833977024044145,0.32764934347370883,0.08845748793502177
3369,0.6571307781239463,0.3829201172996681,0.32927885911241694,0.08832832677252518
3370,0.657467018921605,0.38315938617071266,0.32855325023875526,0.08821640931638072
3371,0.6577916775611166,0.38268075795724343,0.33012424060436163,0.08818107719986767
3372,0.6581042885083148,0.38235635193383277,0.3292327978605126,0.0882623994178105
3373,0.6584044666130933,0.3823529972040117,0.3299040370370285,0.08838826579301516
3374,0.6586918934481852,0.38172031734749107,0.3302973038030702,0.08875231471296861
3375,0.6589662637699563,0.38131483126200844,0.3294154448822664,0.08902540222062201
3376,0.659227238732193,0.38154935084780073,0.3290541767786858,0.08928365123820567
3377,0.6594744113528122,0.3814041137934726,0.32879798099527174,0.0893250539165189
3378,0.6597072956232728,0.38072486743477946,0.3280599272423338,0.08918734639847208
3379,0.659925365797079,0.3805173610090934,0.3274443173537789,0.08911228507721532
3380,0.6601281266239223,0.38038171018213274,0.3264662496930586,0.0890328676551758
3381,0.6603151552503589,0.37992753873641283,0.3257325458330336,0.08916495986604968
3382,0.6604860822995536,0.379525826562674,0.32479266506958065,0.08936769898072042
3383,0.6606405360637856,0.37907233163916565,0.3241486468364831,0.08950733034842691
3384,0.6607780826064422,0.37856645265422745,0.3235007796680814,0.08966775346448833
3385,0.6608981959053406,0.3782209140167283,0.3231715621628279,0.08988956366958777
3386,0.661000297167348,0.37784386199043385,0.3237890614935129,0.08990079093992856
3387,0.6610838577519359,0.3775898753414011,0.3248355355979294,0.08984304826396253
3388,0.6611484754989307,0.3769111467205394,0.3266937109730086,0.0896868082453346
3389,0.6611938536735318,0.3766714004751438,0.32612130715113197,0.08955705730590355
3390,0.6612197038979131,0.37637404210105657,0.32774603152966186,0.0895063609195825
3391,0.6612256611680881,0.37567450893994614,0.3281437233905277,0.08946030840950818
3392,0.661211305435032,0.3751442990053302,0.32798191483214895,0.08944437671787264
3393,0.6611763063007389,0.37459569804165394,0.32777269789445035,0.08937466453069239
3394,0.6611205692577289,0.37391978554186384,0.327824267686462,0.08922296073847533
3395,0.6610442324307512,0.3731687974134671,0.32789028667953435,0.08906299455368968
3396,0.6609475037484662,0.3723531609481662,0.32704934149396414,0.08887757450981618
3397,0.6608304990368324,0.37174257706627833,0.3267861408688238,0.08869538972343467
3398,0.6606933252176805,0.37100742834975775,0.325790799883875,0.088519654897341
3399,0.6605363672632816,0.37013037866880105,0.3253645932746705,0.08832611039353055
3400,0.6603603946156824,0.3693501879741446,0.32461603660586147,0.08814718710386286
3401,0.6601663383010575,0.36845701428824135,0.32414385134178647,0.0879789503515364
3402,0.6599550459294738,0.36759885349731247,0.32411356848745404,0.08787319492636604
3403,0.6597273714773063,0.3667450689126184,0.3240954412588773,0.08780178532743743
3404,0.6594844614364048,0.36604924552240814,0.3230954421122186,0.08772661648904849
3405,0.6592277404901927,0.3652878045274402,0.32292043846313134,0.08767482673403612
3406,0.6589585873934696,0.36482830547788914,0.32227629719867035,0.08760655220077045
3407,0.6586781978096727,0.36439318340253507,0.3213992743303663,0.08751439711883147
3408,0.6583878414091658,0.3634479840219072,0.32050604370087526,0.08744186173816329
3409,0.6580890011066872,0.36296949452379856,0.31944638498745553,0.08738678044277039
3410,0.657783085444781,0.3625117167931141,0.3184606730174555,0.08732188358993946
3411,0.6574711945260906,0.36164315189305296,0.3174740116359704,0.0873190992215391
3412,0.6571543341191742,0.3613071946827713,0.3165343181419352,0.08732989016345843
3413,0.656833631675592,0.36046513497064536,0.3158271963889483,0.08735677525034394
3414,0.6565101306144283,0.3602651664747186,0.31486363452490346,0.08737918281004023
3415,0.6561845856142917,0.35935790465153467,0.31393192633364064,0.0874453826848712
3416,0.6558576352098001,0.3590634347212595,0.31300654441766784,0.08746181454594197
3417,0.6555299775744494,0.35816898578094647,0.31236339993912254,0.08752729517361607
3418,0.6552022197952992,0.35738015349227953,0.3119774557518443,0.08758041575705389
3419,0.6548747303995395,0.3565814084586121,0.3117662754293192,0.08765167036545378
3420,0.6545477752682645,0.3556804151676828,0.3110910936523931,0.08767851463777464
3421,0.6542216568546976,0.35471644967283017,0.3109413007760197,0.08771079800241717
3422,0.6538966066289713,0.3538002979346889,0.3106359007656675,0.08765568936285835
3423,0.6535726695572807,0.3528287031221721,0.3102160151313942,0.08754737450885647
3424,0.6532497976965549,0.35183027732531147,0.30956176092452037,0.08738548617213303
3425,0.6529279636589039,0.35080897012272594,0.30936966210886485,0.08718465662749943
3426,0.6526070920847709,0.34985302857855477,0.30874471569997725,0.08698850494889988
3427,0.6522869711812743,0.34885531039226075,0.3077975334178215,0.08682668862027158
3428,0.6519673242673294,0.34781207085234006,0.3072828173116495,0.08670322427149434
3429,0.6516479106203722,0.3469105306727605,0.30618157931311135,0.08664584359626809
3430,0.6513284871829643,0.3458965836833519,0.30536707949147823,0.08665521710584895
3431,0.6510087293528902,0.34489277192962664,0.30453217143590905,0.0867353696375885
3432,0.6506882637201847,0.3438612007592364,0.30469597659977504,0.08695771568452809
3433,0.6503667549640123,0.3428568401388101,0.30471965784574473,0.08716964113407649
3434,0.6500439030495767,0.3418108829828117,0.30513798230083494,0.08747339811305056
3435,0.649719381898875,0.34077210431194843,0.3058539811070697,0.08759797386003486
3436,0.6493928461036031,0.33973448955264746,0.30818451162307114,0.08753935202958273
3437,0.6490639957093619,0.33872320366606934,0.3138524008106763,0.0873858628537712
3438,0.6487325857956028,0.33769584566620287,0.3288307759985719,0.08724997503083202
3439,0.648398374494618,0.3367893313210801,0.3433391156304495,0.08728183581204361
3440,0.6480611111688142,0.3356907980347561,0.3523362204373932,0.08733024098813326
3441,0.64772058747963,0.334616946627335,0.353772562714067,0.08739850534844489
3442,0.6473766612938084,0.3335568077302357,0.3613753747421954,0.08751855363601296
3443,0.6470292180165823,0.33244372597353644,0.3699854836819673,0.08765648892885029
3444,0.6466781467543449,0.33136421496110063,0.37623254009846824,0.08772826770912857
3445,0.6463233696774356,0.3302982357682259,0.38074051748636,0.08785509723744189
3446,0.645964863888522,0.3293268066337967,0.3841448611323652,0.08789714230564524
3447,0.645602634326732,0.32834290286231116,0.3876628663590039,0.08781302540016624
3448,0.6452366872922218,0.32735582053637935,0.3930181395903559,0.08766126265638709
3449,0.6448670501576905,0.3262837486532981,0.39949934487264,0.08746386629391284
3450,0.6444937950339824,0.32517999854259855,0.40334197650440134,0.08732668324548332
3451,0.6441170175805664,0.32410127129371263,0.4067272503047882,0.08721319968916114
3452,0.6437368098830288,0.323021165904246,0.4116063478397936,0.08711108154669453
3453,0.6433532716062899,0.32197561747328246,0.4163951334474441,0.08702826256175313
3454,0.6429665287847102,0.32084688845588094,0.42079965093912,0.08692030701385316
3455,0.642576720253999,0.3199562124527669,0.42474039642956896,0.08682537294990962
3456,0.6421839760487301,0.31894192926899495,0.42862384505276296,0.08673578909515649
3457,0.641788426241431,0.31794695008448587,0.43193036387159406,0.0866597932737014
3458,0.6413902155754477,0.3171545907932874,0.4348729661584439,0.08660138757404054
3459,0.6409894914252674,0.3160856620262528,0.4382688259929596,0.08656354710963352
3460,0.6405863859396645,0.31524831824739896,0.44200323754143983,0.08650799797901956
3461,0.6401810222859369,0.3146528228248052,0.44516434406694894,0.08643444295309287
3462,0.639773527959704,0.3141414627312887,0.4478917590628954,0.08633607525444915
3463,0.6393640264316004,0.3134008402295283,0.45077429143567244,0.08619410974542605
3464,0.6389526251598908,0.3130767423678472,0.45383133417848254,0.08602946992314363
3465,0.6385394214935526,0.31265795983376,0.4566256283794653,0.0858628158208581
3466,0.6381245132276148,0.31155223126487813,0.45943410275839647,0.08567691885018526
3467,0.6377079914199068,0.31096208887572585,0.46248207615975184,0.08550212135565785
3468,0.6372899312999228,0.3106767518089625,0.4654910290342917,0.08533396656307574
3469,0.6368703995871472,0.31013967908075263,0.46798448603686027,0.08516962818993162
3470,0.6364494629570316,0.30945013577806507,0.47037482495553273,0.08500440027792817
3471,0.6360271826915675,0.3089978755649648,0.47304988136687726,0.08485980417433797
3472,0.6356036082527705,0.30791941948108753,0.47567457546724135,0.0847066254390816
3473,0.6351787834754015,0.30732886672304094,0.4780581597393127,0.08457661630709194
3474,0.6347527527174993,0.30655772089346833,0.4803103424065346,0.08448877222837733
3475,0.6343255556737304,0.3059367163493004,0.4826414665688439,0.08445393010789373
3476,0.6338972241809657,0.3053803641183871,0.4849600863150356,0.08453729847746737
3477,0.6334677878964374,0.3053832324560264,0.4871834198623654,0.08469313274874547
3478,0.63303727971122,0.30537957248386743,0.4893011543234019,0.085063313323746
3479,0.632605730438949,0.304642740874842,0.4914631208805511,0.08533070530528568
3480,0.6321731666891097,0.30472134503911774,0.49350879476230064,0.08560561178430486
3481,0.6317396159865442,0.304332932764539,0.4955361989345192,0.08566579991318826
3482,0.6313051095710384,0.3042700932344572,0.49749461618369784,0.08555988423706944
3483,0.63086967799405,0.30558923102330887,0.4993822015737973,0.08550525374815808
3484,0.630433350449533,0.3075172671136972,0.5012533617495074,0.08543048512705084
3485,0.6299961589191747,0.3074291691236623,0.5030594511837984,0.08555037118578034
3486,0.629558138598955,0.30800742877797915,0.5049007600375162,0.08573807807908611
3487,0.6291193243909443,0.30774650857756786,0.5066175156352271,0.08583174180349136
3488,0.6286797503376471,0.30807903714707197,0.508321006470693,0.08597005715237183
3489,0.6282394530360875,0.3083885177094941,0.5099809544167483,0.08621266739097527
3490,0.6277984713197756,0.30859496826167987,0.5116263191767925,0.08630477321577226
3491,0.6273568436912345,0.3087189612891764,0.5132163913912887,0.08638026626738403
3492,0.6269146081438485,0.30883501516192735,0.5147641996273641,0.08634988830541156
3493,0.6264718048301897,0.3092709535104785,0.5162659528882443,0.0861827703457257
3494,0.6260284745675829,0.30997366702547074,0.5177061117346009,0.08610497302212815
3495,0.6255846571380438,0.310098833153749,0.5191244401493009,0.0860890772978863
3496,0.6251403912307454,0.3107923877398709,0.5205343407375245,0.08615302755486955
3497,0.6246957167240808,0.3119019550184148,0.5218823690999299,0.08616393504211535
3498,0.6242506727759365,0.3129099866563319,0.523164962506317,0.08605914796820167
3499,0.623805296409523,0.31530287586253564,0.5244303925435649,0.0859165675460421
3500,0.6233596235160218,0.3150139117202528,0.5256475640526117,0.085752007410827
3501,0.6229136896615126,0.3174964141241273,0.5267983168396717,0.085617379364295
3502,0.6224675285528033,0.3177352130795124,0.527910198763324,0.08544132646107533
3503,0.6220211715345093,0.32093378017174,0.5289497294782063,0.08526471174852739
3504,0.6215746488305747,0.3227718597206241,0.5299226316836626,0.08509117695048407
3505,0.6211279897849316,0.32223775432010515,0.5308389832517466,0.0849249746439922
3506,0.6206812214327487,0.32380383304777266,0.5317307172866041,0.08476727420604503
3507,0.6202343689669855,0.3234589908675592,0.5326294386874452,0.08460014221575056
3508,0.6197874564275293,0.3243175916458626,0.5334730219592033,0.0844615850069862
3509,0.6193405066886005,0.3260958110886347,0.5342475245741141,0.08439075938576436
3510,0.6188935406415205,0.32564342862189255,0.5350003495618405,0.0843620265480668
3511,0.6184465774072928,0.3274550540158286,0.5358383233369459,0.08432157911429869
3512,0.6179996356365458,0.32681562606439873,0.5364550681805533,0.08429186504328963
3513,0.6175527325567982,0.32805872798886054,0.5370989809580298,0.08428935839360946
3514,0.6171058837964919,0.3301080482127421,0.5376863192227104,0.08424960540441535
3515,0.6166591042822597,0.3293956312686247,0.5382497402485878,0.08427953478258672
3516,0.6162124082999334,0.33134254862212065,0.5386621276894683,0.08436731074592982
3517,0.6157658090785931,0.330606109354359,0.5390971151706535,0.08454824162244604
3518,0.6153193188522855,0.3323622213390418,0.5394910515082816,0.0847206175697963
3519,0.614872949577269,0.33240765972102815,0.5400532114975461,0.08502797250412454
3520,0.6144267126792502,0.3327125346158873,0.540341545395404,0.08518905318916078
3521,0.6139806186074102,0.3340277249805586,0.5409862174765104,0.08525016017200585
3522,0.6135346771939849,0.33401215608581847,0.5413020831427577,0.08516653834561333
3523,0.6130888982068426,0.3334519061308267,0.5421968192961845,0.08498421053015616
3524,0.6126432906045541,0.3340117992234088,0.5425442464519822,0.08484687231455057
3525,0.6121978627168255,0.3345839816173412,0.5434377840874293,0.08477863326903622
3526,0.6117526224245698,0.33371510247650693,0.543814025243687,0.08482555819760022
3527,0.6113075775035313,0.333863369967159,0.5454737596532936,0.0849885062342555
3528,0.6108627350880538,0.33374731680019526,0.5459688298803058,0.08531717994668507
3529,0.6104181015382535,0.3329761895655345,0.5482507804782367,0.08563435088136923
3530,0.6099736832015261,0.3330759438192504,0.5484702191137193,0.08614131800071831
3531,0.6095294861294508,0.33223523084984014,0.5493693130039412,0.08640381206972156
3532,0.6090855156462475,0.33208597270391843,0.5508256704445159,0.08638079015392304
3533,0.6086417767525635,0.33166050468165426,0.5535563573171325,0.08624881159750968
3534,0.6081982741261204,0.33100960872081275,0.5571325801377615,0.08621015799337038
3535,0.6077550121223599,0.3310397467988215,0.5579190545019671,0.08645857059366446
3536,0.6073119945515711,0.33024158319136443,0.5601827274996047,0.08657207383143313
3537,0.60686922479919,0.3301883777389868,0.5656836481630145,0.08644121200862298
3538,0.6064267060501666,0.32967686787450257,0.5669664966466191,0.08627529039760586
3539,0.6059844409615401,0.3288910545734358,0.568171158573066,0.08616143059848502
3540,0.6055424317529026,0.3285957168515676,0.5731485576232747,0.08627880114225706
3541,0.6051006803860866,0.32765817119640833,0.5763947325959674,0.0864880350459975
3542,0.6046591887891989,0.3270580884599975,0.576494729437805,0.08681984052242986
3543,0.6042179580967286,0.3261147327299287,0.5780551544844589,0.08724031004340688
3544,0.6037769895154017,0.3253217179653538,0.5802140987004186,0.08764845172331813
3545,0.6033362838024956,0.32455279730330955,0.5812789919046311,0.0877340706550057
3546,0.6028958415051572,0.32363962186309886,0.5811590683473422,0.08762725664935117
3547,0.6024556628267121,0.3229816458266827,0.581790057434557,0.08769055959289568
3548,0.6020157479551783,0.32202150886964237,0.5828240959501472,0.08781810911170414
3549,0.6015760967056688,0.3213501121936528,0.5828112245888126,0.08792176083153398
3550,0.6011367087297533,0.32068253987596396,0.5829280791378596,0.08787526600558343
3551,0.6006975836498964,0.31996603061902656,0.583094685328772,0.0877359179251769
3552,0.6002587208658001,0.31951623455457284,0.5831387277736275,0.08782129326889038
3553,0.5998201195548497,0.3186322664337211,0.5831180199424376,0.08791130268245412
3554,0.5993817788066687,0.3184427045947581,0.582961290001757,0.08817485174165295
3555,0.5989436979362186,0.3174993521894453,0.5827171474992711,0.08844306855398411
3556,0.5985058757233896,0.3170464083841255,0.582443127771952,0.0885643020091256
3557,0.5980683111293258,0.31617999846755035,0.5821087511008511,0.08857063126253202
3558,0.5976310029086327,0.3154904420911618,0.5817025348806532,0.08846441589187759
3559,0.5971939496246915,0.31458955030124897,0.5812212820224267,0.08831748548191509
3560,0.5967571498884603,0.3137228432335368,0.5807045568207597,0.08820756936695688
3561,0.5963206021646636,0.31280631727019664,0.5801517929877278,0.08813203901105503
3562,0.5958843051893172,0.3118342552670292,0.5795800134546278,0.08807232999146593
3563,0.5954482568515989,0.3109780636671195,0.5790154674789977,0.08793009189676652
3564,0.5950124554472392,0.3100262952776546,0.5784119396301787,0.08776700783654404
3565,0.5945768993796856,0.3091920448658005,0.5777533075775138,0.08757566587629348
3566,0.5941415866681483,0.3082402182271629,0.577039217453646,0.08741097640241104
3567,0.5937065151122818,0.30742833619811105,0.5763034409164758,0.08730760428472055
3568,0.5932716828290656,0.30658011161382476,0.5755685807395196,0.0872093801036266
3569,0.5928370875369138,0.30567727244004606,0.5748165028507827,0.08718844341865317
3570,0.5924027271227166,0.30498824716060835,0.5740374930823654,0.0872298175345409
3571,0.5919685992391718,0.30402717817646496,0.5732222735775447,0.08725480459611072
3572,0.591534701469166,0.30316381986864527,0.5723533454476482,0.08731564068663172
3573,0.5911010314451234,0.3025046124979702,0.5714622909330442,0.08731584385793618
3574,0.5906675866551919,0.3015592404827698,0.5705502008231077,0.08717880095437076
3575,0.5902343644137291,0.30099458908236,0.5696069709119967,0.08699565580778253
3576,0.589801362144772,0.3001386174372831,0.5686319743867881,0.08684124773031936
3577,0.5893685772179048,0.29985188596625517,0.5676601285312806,0.08679160801480247
3578,0.588936006754653,0.29890779973232245,0.566665712323508,0.08676007841734075
3579,0.5885036481207175,0.2986483918893604,0.565606705564692,0.08670035821941438
3580,0.5880714984933527,0.29815234802359614,0.5645370435991935,0.08664821816802729
3581,0.5876395547723365,0.2981783912393779,0.5634339369324942,0.08657053767049416
3582,0.5872078143404843,0.29733798065997796,0.5623301765912954,0.08647176274830683
3583,0.5867762741239099,0.29715000105074596,0.5612579079278335,0.08636668001913736
3584,0.5863449310399736,0.29705010165384105,0.5601157183687258,0.08626833614324224
3585,0.5859137821761141,0.2975377458327774,0.5589112220747953,0.08613981006748099
3586,0.5854828244765834,0.29733425161776894,0.5576866910451531,0.08602173662461922
3587,0.585052054906646,0.29714806512127584,0.5564715998371167,0.08588656536772048
3588,0.5846214704525372,0.29699006188119065,0.5552431833585824,0.08571646851790721
3589,0.5841910680469152,0.29650623315983604,0.5539819852484107,0.08552613052259198
3590,0.5837608444646601,0.29624036412901206,0.5527095023101598,0.08532532860995738
3591,0.5833307965765092,0.29625062098512245,0.5514358886597442,0.08512561689147702
3592,0.5829009213935686,0.29569504516852047,0.5501375066546861,0.0849291255831987
3593,0.5824712156199983,0.29588420258953657,0.5487858497884974,0.08474538770816913
3594,0.5820416761304621,0.2951302867050917,0.5474660903643166,0.08457405155290842
3595,0.5816122996717644,0.29534418592466627,0.5461910958744666,0.08441710255630545
3596,0.581183083071722,0.29500373685549347,0.5448434718363461,0.08426314878950311
3597,0.5807540229111756,0.2944283590703676,0.543446980328618,0.08415244087748075
3598,0.5803251161354328,0.29469727254381006,0.5420896973032552,0.08407144872940066
3599,0.5798963593680848,0.2937860031745123,0.5407313493150538,0.0840412754765749
3600,0.5794677493288827,0.2938327188041986,0.5393332644350588,0.08412320179808556
3601,0.5790392826100272,0.2930094053805813,0.5379066085561046,0.08422632478056427
3602,0.5786109557956339,0.29274580701774755,0.5365126488167764,0.08443961447170562
3603,0.5781827654319467,0.2924676707867629,0.5351028129687717,0.08457105607949425
3604,0.5777547079827098,0.29273941583945623,0.53366429019314,0.08462777928667184
3605,0.5773267802614666,0.29206227202764845,0.5322357767868395,0.08455582164402933
3606,0.5768989786112964,0.29231946846946016,0.5308531772017496,0.08439449990267803
3607,0.5764712993378888,0.2923146136000595,0.5295222486494559,0.08425881131530179
3608,0.5760437390821476,0.293319543653018,0.5281167281136421,0.08415844273848008
3609,0.5756162941042646,0.29281362165487834,0.526665620845879,0.08414463814530529
3610,0.5751889607762194,0.2938274961027468,0.5252462352612899,0.0842297327665149
3611,0.5747617355368521,0.2946636327064434,0.5238249182921838,0.0843884364899914
3612,0.5743346144446951,0.29768626264896164,0.5223726043339209,0.08457550752224882
3613,0.5739075938492859,0.2983820137411886,0.5209505854865896,0.08490832436280496
3614,0.573480669973352,0.29962979466173856,0.5195282211779793,0.08514983580329578
3615,0.5730538391514841,0.30041336349548436,0.5181294478479113,0.0853010269242224
3616,0.5726270972040629,0.3030044433001879,0.5167862905259494,0.08527736346003993
3617,0.5722004406303804,0.30824825096046743,0.5153715467714464,0.08512312344141003
3618,0.5717738654151897,0.31319668363309144,0.5140395516300552,0.08510829808135888
3619,0.5713473675214717,0.31688996417743326,0.5127909240489545,0.08520209476660649
3620,0.5709209430096888,0.31870753528779,0.511433649588504,0.08534032959500358
3621,0.5704945880077865,0.32138404284710415,0.5102764463217819,0.08543367399303226
3622,0.5700682983087283,0.3264321013254002,0.5089462699389679,0.08537715424744256
3623,0.5696420701609262,0.33116418571196643,0.5076149714746028,0.08522821056929457
3624,0.5692158993285572,0.3337718424813751,0.5064307107993606,0.0851055813967863
3625,0.5687897816438746,0.3373023546962658,0.5050671301496389,0.08507156563043404
3626,0.5683637130517755,0.34143480165229,0.5038112393341339,0.08514982683612514
3627,0.5679376893413539,0.3445701370478534,0.5028848306618753,0.08527030831985513
3628,0.5675117062654227,0.3478086137514968,0.5017605939297521,0.08538692552266793
3629,0.5670857595554867,0.35132533838579566,0.5004497468006733,0.0854752833123126
3630,0.566659845100599,0.35430788139580055,0.49944745880965374,0.08541739834251431
3631,0.5662339584553081,0.35685639947034886,0.4981451846477961,0.08526758521994368
3632,0.5658080952724607,0.3587050315989164,0.4968232757470362,0.08511050713223133
3633,0.5653822513328065,0.3604204931226216,0.4954959150572621,0.0850038963825241
3634,0.5649564221871155,0.36302523846179324,0.49410127611160903,0.08491409999796566
3635,0.5645306033652537,0.36598563722845245,0.49270438621066237,0.08479759850730968
3636,0.5641047903762252,0.36845426109349677,0.4913551497592019,0.08467577203325748
3637,0.563678978752917,0.3702607892223335,0.48998420128142367,0.08457117662955083
3638,0.5632531638881387,0.37163116795885526,0.4885976778054547,0.084447667398285
3639,0.5628273412882229,0.37279149057222033,0.48722543792110895,0.08438730448731778
3640,0.5624015060810589,0.3739375880951073,0.485831995997319,0.08432962925307703
3641,0.5619756539556231,0.37510493055347743,0.484415684183076,0.08432039437981832
3642,0.5615497799389622,0.37638941141056337,0.4830282417375421,0.08439478800769573
3643,0.5611238794554984,0.37772847257233544,0.4816807247600462,0.08447291307469751
3644,0.5606979477748926,0.37918638380334774,0.4803132556020911,0.08452507459055823
3645,0.560271980042156,0.3807979022935646,0.47894117324001767,0.08447345570268021
3646,0.5598459715610212,0.3822864831361412,0.4776500921257143,0.08432762945420123
3647,0.559419917406195,0.3826666520207001,0.4764334807030509,0.08415536534547005
3648,0.5589938125728274,0.3832437264361013,0.4752641096922283,0.08403106818721094
3649,0.5585676523790029,0.38439544250327734,0.4739626460657554,0.08397801823528878
3650,0.5581414316455301,0.38471410752544394,0.4731326872276599,0.08399118411679278
3651,0.5577151456506111,0.3862994753525013,0.47216391451638573,0.08406034597877178
3652,0.5572887892646586,0.38615296244515257,0.47097983352859085,0.08414797814677552
3653,0.5568623572193334,0.3867051226530851,0.47063048066717017,0.08432216026217186
3654,0.5564358448230767,0.38646519134652707,0.46927226941136,0.08446587548843316
3655,0.5560092466784574,0.3872855422939959,0.4686713343866174,0.08463399372682309
3656,0.5555825578458737,0.38692524202971385,0.4688516426856768,0.08469335722053457
3657,0.5551557731869872,0.3873747006179609,0.46759070358862714,0.08462225415124285
3658,0.5547288871863056,0.387211024989298,0.4667374633140853,0.08445054058519223
3659,0.5543018952483387,0.3875324345786998,0.4657339023516355,0.08430138792684458
3660,0.5538747914903862,0.38752065074432207,0.4644153014617182,0.0842675361392183
3661,0.5534475711889024,0.38827018729973206,0.46308159214520833,0.0842890189199891
3662,0.5530202287506204,0.38794232578990584,0.46180462762056324,0.08431488287051024
3663,0.5525927590255935,0.3881259324382557,0.4604773097174184,0.08433268333143498
3664,0.5521651567251632,0.38792477604445413,0.45909108967098183,0.08432345907855206
3665,0.5517374163775332,0.3883899125473014,0.4577056753685971,0.08425817745105259
3666,0.5513095327900717,0.3884363830612331,0.4564313329591893,0.0841574779688314
3667,0.5508815002440904,0.38905413365350155,0.45509070603779966,0.08403321372624986
3668,0.5504533136730886,0.388572691481869,0.45376336640209847,0.08386089834113636
3669,0.550024967379948,0.38841848361845094,0.45254788844663163,0.08367843128028779
3670,0.5495964560514742,0.38780702805184825,0.4511847807296724,0.08349750871322406
3671,0.5491677741466803,0.3874469171577214,0.4500318240185887,0.08333060996017153
3672,0.5487389161952658,0.38709130620066834,0.44867110357313233,0.08318302366230525
3673,0.5483098769017842,0.38639517911577215,0.4473807995010364,0.08303544424961674
3674,0.5478806502661238,0.38588642020386926,0.4461706296103721,0.08290541460123624
3675,0.5474512311197368,0.3853987399145033,0.44477087684115196,0.08276263703400324
3676,0.5470216136636629,0.38470446377367234,0.443466134780615,0.08261702189100989
3677,0.5465917925724755,0.38412963277671336,0.44229244381047444,0.08246295873057785
3678,0.5461617619204512,0.38345065490097535,0.4409265881729936,0.08231247715764525
3679,0.5457315164940729,0.38281664557692685,0.4396132648752278,0.08215135849490977
3680,0.5453010502557855,0.38235945171018537,0.4384996222923977,0.08200964506420336
3681,0.5448703580443759,0.3816429586218853,0.43715265565151845,0.08186956789106703
3682,0.5444394336211691,0.3813251355987811,0.43581764135582873,0.08175296006878738
3683,0.544008272115973,0.3806170982697123,0.4344926971017009,0.08166776969037078
3684,0.5435768669845047,0.38018475310411265,0.43309525880306515,0.0816190291563085
3685,0.5431452135582148,0.379422457016748,0.4317612780229044,0.08162457693666858
3686,0.542713304927816,0.3790247536994572,0.43052499087295154,0.0816616610275496
3687,0.542281136760839,0.3782749113314915,0.42917616988966595,0.08178623683590243
3688,0.5418487015893347,0.3778034934589466,0.42790392299959545,0.08187920477491475
3689,0.5414159960283067,0.3770338655629013,0.4267600022842109,0.0820150477152998
3690,0.5409830113202094,0.3763342965642773,0.4254369356669975,0.08206893005839239
3691,0.540549745788163,0.3757023069975438,0.4243717312076615,0.0820381617838084
3692,0.5401161882964035,0.37485826709733144,0.42332257451853295,0.08192957392334636
3693,0.5396823404570307,0.3741464299310884,0.4219779851052707,0.08175699633851347
3694,0.5392481858932183,0.37345001014574297,0.4210113625441443,0.08158001271673514
3695,0.5388137344869375,0.3725831595355412,0.4197437963192115,0.08144860921253294
3696,0.5383789572232658,0.37185777759628197,0.4184671561663666,0.08137275847330473
3697,0.5379438839005894,0.37103210637615436,0.4171147583102287,0.08141263575898715
3698,0.537508453330812,0.3702288861103165,0.4159969175565119,0.08158454730773342
3699,0.5370727483636283,0.3693439623641145,0.41485435817787253,0.08183841177563915
3700,0.5366366210279595,0.3685163525427417,0.41399488536040147,0.08235065404844626
3701,0.5362003043286339,0.36767587189591033,0.41320739884135643,0.08278365172272903
3702,0.5357634045682699,0.3667644330706946,0.4130970327438396,0.08312609079494429
3703,0.5353266140735492,0.3658945416723706,0.41235792572923613,0.08319699822030246
3704,0.5348888367945465,0.3649710046351892,0.4133182540593417,0.08309769903057289
3705,0.5344523528986617,0.36408092415237797,0.4125105327499376,0.08325425530099674
3706,0.5340143212918338,0.36315573838079823,0.4142588947742719,0.08347350058419689
3707,0.5335839051857997,0.36224676085676977,0.41296379954197326,0.08364212051879236
3708,0.5331588463820713,0.3613405433033943,0.4143022506261296,0.0837117151299776
3709,0.5327880184386197,0.36039056468892744,0.41364341384794867,0.08359093113836032
3710,0.5325445257259364,0.3594727828261177,0.41305417064855665,0.0835294470433235
3711,0.5326253632245153,0.358529790753984,0.4126958652741905,0.08361200761225032
3712,0.5336817088046286,0.3575963904942465,0.41195702793710887,0.0838976507019905
3713,0.5352505737398044,0.3567479116676217,0.41114000488138064,0.08429117157272976
3714,0.5402840105162331,0.355800850480117,0.4105840661650315,0.08474591526206751
3715,0.5413831277600264,0.35487258790470266,0.4098910896634794,0.08495469778952337
3716,0.5442284028434269,0.35396000504984876,0.40935416979046135,0.08490597578797687
3717,0.5447696431817716,0.3530396288801427,0.4085253956264685,0.08485806237396477
3718,0.5462782370421708,0.3520603429551769,0.4080815670212115,0.08494071729588701
3719,0.5482029467223757,0.3511273363500307,0.40730931878027965,0.08511373271006001
3720,0.5496377430558081,0.35017645252477353,0.40649295703617816,0.08512136388990149
3721,0.5506202673748608,0.34920835642285714,0.4058131100267743,0.08501415091742577
3722,0.5514832853917087,0.3482592546321574,0.40510621062714464,0.0850490088989293
3723,0.5523846023683266,0.3472744190293784,0.40423153266863043,0.08508624355756299
3724,0.5533532720166154,0.3463787943465257,0.40371757627603533,0.0851961497431918
3725,0.55445555315564,0.3453866028453937,0.4028912588696637,0.08524796464193309
3726,0.5557586243770284,0.34440282128728433,0.4020586282370261,0.0851997218669226
3727,0.5571928362289785,0.3433978066334091,0.4013687621991105,0.08519181844580337
3728,0.5585659081001322,0.3423947952463247,0.40064322441122785,0.08514257246184571
3729,0.5596844483108045,0.34140291994066513,0.39994664063182217,0.08531209721226078
3730,0.5605521414213718,0.34039045328845796,0.399134331880866,0.0852756004367102
3731,0.5614898263917639,0.3393919780060696,0.3989876161255305,0.0852963486144602
3732,0.5627560431348544,0.33837449277530335,0.3979663487311403,0.08520117967121416
3733,0.5643067912219054,0.33737795053263275,0.39768998392015165,0.08509612493848949
3734,0.5659351082887422,0.3363628189660417,0.39727473429954385,0.0850621837980595
3735,0.5673945053300935,0.33533959480800435,0.39620366337807494,0.0849690001298002
3736,0.5685253668898259,0.33431853859464145,0.3954456202478323,0.08499817173640595
3737,0.5693923643843101,0.3333096008938612,0.39464460064719875,0.084925332383373
3738,0.5702717648240462,0.3322897345259638,0.3936420991545171,0.08496398595221671
3739,0.5713789592087218,0.3312638111209052,0.39330404108996925,0.08509376680887336
3740,0.5727023313681433,0.33024478122057527,0.3921958616350302,0.08516883274770191
3741,0.5740882733841408,0.32924145628278156,0.3914414011783788,0.08524433343052497
3742,0.5753471399665783,0.32825442332444965,0.3905820196250039,0.08515579273275962
3743,0.5763676004539199,0.32724370775770434,0.3894274481148824,0.08500252870561002
3744,0.5771974554217265,0.3262612095493628,0.3884563183014816,0.08493036612019798
3745,0.578012685477266,0.3252439585428397,0.38738970304565123,0.08496245229592057
3746,0.5789468224431379,0.32421868853672897,0.3862453731583678,0.08505621468390905
3747,0.579992865106874,0.3232067811063432,0.3851162161065453,0.08505095451301886
3748,0.5810563084902868,0.3221791464471465,0.38396336738754117,0.08496420551705282
3749,0.5820410185642699,0.32118267178453286,0.3828944434623657,0.08480335015948695
3750,0.5829080740233743,0.3201978029682506,0.381802392732246,0.08462964411093891
3751,0.5836909093083186,0.31927570880849143,0.38066947801860695,0.0845073675550424
3752,0.5844575023518006,0.3183662330035566,0.37968125783199924,0.08432378014557967
3753,0.5852512061451145,0.3174243559377469,0.3785557789270609,0.08413865428193404
3754,0.5860698885594368,0.31667605222388034,0.37763526842652534,0.08397366381436709
3755,0.5868870330294779,0.31564039306931996,0.37648230365434454,0.0838794816445944
3756,0.5876798243637809,0.31486951338631747,0.3754672749764575,0.08379120377279362
3757,0.5884433300786511,0.3138329844430926,0.37455200517618314,0.0836744777106534
3758,0.5891872802247912,0.31309454351808264,0.3737076724881187,0.0835589199212267
3759,0.5899236490878035,0.3122545438356192,0.37273049997807095,0.08341933807101982
3760,0.5906575603059394,0.3116825453500207,0.37224238968131845,0.08324864712186458
3761,0.5913868786599159,0.3110782850620602,0.3712267189149483,0.08311841504194999
3762,0.5921070172213027,0.31066593207724563,0.37071263229965695,0.08303958948911797
3763,0.5928153542513513,0.3098317251917584,0.37046291789727104,0.08300770654421809
3764,0.5935124029456769,0.30939581557341206,0.36952595296787694,0.0831364631091163
3765,0.5942002435226953,0.3089650349644984,0.3694507629832075,0.08338389214313849
3766,0.5948805163900371,0.3090100618209962,0.368588089491161,0.08386472277323047
3767,0.595553756048194,0.30808551264643586,0.3690858417286631,0.08427978597374997
3768,0.5962200375093337,0.30814767483200345,0.36827308832848243,0.08479022512416819
3769,0.5968797261188358,0.3078381754861184,0.36945393231957613,0.08498372806914524
3770,0.5975334384998272,0.3084628254762668,0.3683159660311273,0.0848880187248323
3771,0.5981814009728699,0.3079013311478915,0.36935950897481534,0.08478645715959449
3772,0.5988230071164273,0.3085103949105099,0.36828563988973767,0.0847808206130151
3773,0.5994570519500682,0.30884269628990474,0.36885959380969086,0.08494399150871622
3774,0.6000823791267237,0.3106802820071423,0.3680300196015432,0.08503587930324247
3775,0.6006983301352339,0.31044953539945874,0.3677271154690354,0.08503430138133922
3776,0.6013046618847306,0.3118729524200489,0.36710874152564893,0.08503058332803293
3777,0.6019011487280487,0.3124631021021211,0.3662893996014913,0.08495793231784733
3778,0.6024873651381064,0.31243850894077735,0.3656686432582237,0.0849654643649075
3779,0.6030629195194539,0.31347914241768515,0.3648994674270493,0.08484854072403336
3780,0.6036279122915124,0.3144692644427469,0.3644367920100934,0.08474677794273762
3781,0.6041830951516313,0.3143736747901141,0.3639223156246607,0.08462350656439203
3782,0.6047294301584754,0.31482111877928143,0.3632168710756255,0.08451650843980503
3783,0.6052673142721059,0.31585811557269405,0.36276540347628367,0.08440608711970626
3784,0.6057961226012967,0.3157806996763928,0.362136423102237,0.08425706766630824
3785,0.6063144863869397,0.315679777108369,0.36141510188792014,0.0841797407002269
3786,0.6068210887216724,0.3162487508858482,0.36108916152569026,0.0841488842216247
3787,0.6073153495717635,0.3165734027520034,0.360261521386693,0.08416147688360295
3788,0.6077975011635555,0.31603546469129495,0.3595039095516572,0.08412714535466954
3789,0.608268048427025,0.31659387264846545,0.3586145625450532,0.0840278534530949
3790,0.6087270739966596,0.3170261043248354,0.3576885817484808,0.08386949703596826
3791,0.6091739339398718,0.3162561850396881,0.35691582140629435,0.08369905177665533
3792,0.6096075394711734,0.3165407703359772,0.3559180562865119,0.08357747687876937
3793,0.610026957613619,0.31679758685674764,0.35510598804704163,0.08346265246791953
3794,0.6104318419777821,0.3160360063580897,0.3540662089024857,0.08336847722837526
3795,0.6108223849032426,0.31608367771564777,0.35322457607553714,0.08326377661831827
3796,0.6111988787787275,0.3160741932352936,0.3523225739829198,0.083121673941971
3797,0.6115612628169101,0.3155017603188508,0.3512244136577674,0.08296434153190188
3798,0.6119089957001832,0.3160421795230115,0.35026909296618974,0.08281708852984584
3799,0.6122413052570006,0.31536839789754145,0.3491729183317495,0.08264690429710236
3800,0.6125575683071492,0.3158063058895167,0.34808303421120085,0.08249028631400737
3801,0.6128575165809363,0.3160856536421264,0.34698858440759356,0.08234089147917842
3802,0.6131411318800537,0.3171980186090985,0.345869418874648,0.08220676243454766
3803,0.613408352888827,0.31766459727209695,0.34475456950018796,0.0820811790008078
3804,0.6136588338616392,0.3189949721421031,0.3436515905237331,0.08199542300972704
3805,0.6138919117535845,0.3207520052963099,0.3426059821304382,0.08191707062237459
3806,0.6141067613652074,0.32369795553612046,0.3416162376337552,0.08183685548852317
3807,0.6143025922578317,0.324123177916196,0.34055204343251094,0.08179008275294482
3808,0.6144787660604853,0.32429161441990245,0.33954170590283017,0.08176832748302876
3809,0.6146348089509613,0.3254958266273654,0.33851895811579674,0.08179586826038672
3810,0.6147703725538989,0.32584946374811125,0.33748763416056926,0.08185830650633526
3811,0.6148852146462058,0.32544532927362924,0.3366845010797002,0.08203350270257813
3812,0.6149792293282216,0.32582616772429507,0.335647605957216,0.08216996478556683
3813,0.6150525040162326,0.326447839737887,0.3347452771712488,0.08230815375925596
3814,0.6151053205161547,0.32637126094346247,0.33372762148626667,0.0823264973906784
3815,0.6151380157261289,0.3260598183064538,0.33279206842067527,0.08221538216289066
3816,0.6151507238405565,0.32635206723704274,0.3318378159746876,0.08204432789461416
3817,0.615143192502648,0.32639841623750193,0.33078786757985085,0.08190277741384226
3818,0.615114886425341,0.3259240332316222,0.32989401471821006,0.08187268857187589
3819,0.6150653708275954,0.3255969573351749,0.3290506572598426,0.08195280980610775
3820,0.6149946968456314,0.32533093765716187,0.32797264236973617,0.08211558560442138
3821,0.6149034997879272,0.32459702282362907,0.32741971020167593,0.08231877195871523
3822,0.614792766075004,0.3239930841465062,0.3265414706203904,0.08265069070330727
3823,0.61466346280959,0.32335635044535693,0.32561366414618803,0.08288532996892543
3824,0.6145162896066148,0.3223540287199755,0.3249865862503963,0.08306443120982263
3825,0.6143517428902526,0.32156532214738165,0.3241294677804798,0.08307342058734381
3826,0.6141704486111009,0.32051966238765867,0.32341860492633123,0.0829175700309098
3827,0.6139734504438048,0.3197185849076033,0.3232834168800621,0.08283827348817478
3828,0.6137621654253177,0.3187517141762766,0.3226923989558425,0.08288322924435382
3829,0.6135380299612493,0.3180984083449916,0.32174222807070385,0.08301489128647688
3830,0.613302116693175,0.317362232098271,0.3210745341728221,0.08310828278321575
3831,0.6130550578891376,0.3164286894091399,0.32067144315590856,0.08308182902581253
3832,0.612797387501381,0.3156393645996589,0.3202349138194555,0.08296839212648098
3833,0.6125299640046166,0.3147182486542329,0.32086743984527333,0.08281716745137586
3834,0.6122540106357647,0.3137972659750853,0.32029344119766945,0.08270669177227186
3835,0.6119707550398061,0.3129312014958166,0.3215717227612199,0.08265591333635351
3836,0.6116810650169816,0.31197262094842876,0.3217592636118116,0.0826267132017867
3837,0.6113854207067576,0.31104752507987465,0.32371584255737,0.08262917504244417
3838,0.6110842089011221,0.3102382899777038,0.3238792536580289,0.08262105397885743
3839,0.610778006010616,0.3096186603405737,0.3264161933162072,0.08256032613484238
3840,0.6104675745707526,0.30872543435826105,0.3291885496256124,0.0824665500299914
3841,0.6101536188036493,0.308297774743304,0.3317019311030536,0.08234005463211728
3842,0.6098365499668589,0.3074232653650234,0.3316508871607731,0.08218331798604178
3843,0.609516485329974,0.3070539261629906,0.3329076951440872,0.0820170764186615
3844,0.6091934761245205,0.3062289159287585,0.33388249990064145,0.08183440560172907
3845,0.6088677145786558,0.30607543056563785,0.33428254282277037,0.08165408631514069
3846,0.6085395203284403,0.30543114952896505,0.33484921751827595,0.08149065989459607
3847,0.6082091658045328,0.30574549479749,0.33557921804856977,0.08133424683028488
3848,0.6078767409793553,0.30477857541043424,0.336228006720708,0.08123040070057867
3849,0.6075421777824832,0.30487520080053676,0.33719064947931476,0.08116278304665141
3850,0.6072053902343266,0.30424456507799674,0.337695068834918,0.08116508513305394
3851,0.6068663830518088,0.3048105123245067,0.3382640294697547,0.08130673960140089
3852,0.6065252384731614,0.30402597012026406,0.33890320503755383,0.08148677903105106
3853,0.6061820127484266,0.3044917411373931,0.33934159785296186,0.08177197100123604
3854,0.6058366428952645,0.3036003246756189,0.3396975178253369,0.08190592956586516
3855,0.605488951661085,0.30369727463672896,0.3401249338865871,0.08187346633283911
3856,0.6051387451008748,0.3032624241748908,0.34034157650449187,0.0817677256204543
3857,0.6047859065922061,0.30253940796646095,0.3404270033417231,0.08168444823266746
3858,0.6044304075733399,0.30237496588665896,0.3405974574298103,0.08175607951878482
3859,0.604072245095152,0.3014618939776566,0.34064448845769624,0.08182457580776988
3860,0.6037113803175195,0.3009520107754816,0.3406599671426312,0.0818333593658002
3861,0.6033477322779108,0.30030794037655056,0.3405107163545902,0.08185182958537189
3862,0.6029812282819514,0.29966399178215547,0.340374857170911,0.08184472368354975
3863,0.6026118579035965,0.29940832374401033,0.3403945696862008,0.08178044270564519
3864,0.6022396790147737,0.29885967143754266,0.34030039307066656,0.08172919793957428
3865,0.601864774614234,0.29898328297374843,0.3409387496060405,0.08169027162654982
3866,0.6014872024262746,0.29807873390401907,0.3417230448035051,0.08158868029997714
3867,0.6011069813316257,0.29800640652004956,0.34154598969979055,0.08145734403378803
3868,0.6007241260307332,0.29698409235851925,0.34292038667799657,0.0813122017450909
3869,0.6003386962706552,0.2968041570138939,0.3426748877876144,0.08119508440248085
3870,0.5999508139658091,0.2957325820236154,0.3447305734555273,0.08114418040124977
3871,0.5995606360131285,0.2954369310551091,0.34388181595466,0.08110641680626932
3872,0.5991683129160795,0.2944819063804436,0.3456043481803162,0.08109034500091293
3873,0.5987739712885832,0.294124366413313,0.34519783127222353,0.08102828146919532
3874,0.5983777313967578,0.29308902289448086,0.34535112580297883,0.0809013682618901
3875,0.5979797339937043,0.292566485094756,0.3462215470689935,0.08073398558703204
3876,0.5975801471330672,0.29159668869355465,0.3462153709621701,0.08056143670649682
3877,0.5971791444630458,0.2907255252806718,0.3457078236996763,0.08041602197878805
3878,0.5967768750105511,0.2896811519556078,0.34619651705215526,0.08027560166338117
3879,0.5963734519055668,0.2888191630661853,0.3454313906470818,0.08013438294452861
3880,0.595968968188568,0.28780940496554136,0.34589913831281693,0.07999355735297572
3881,0.5955635220783675,0.2869086264770429,0.34494918674434355,0.07983425155238305
3882,0.5951572269157339,0.28587562863269894,0.3452270423131555,0.07966015399446055
3883,0.5947501997933644,0.28502408972996723,0.3442555689110426,0.0794996171676389
3884,0.594342540776162,0.28400503059908905,0.3444541345418502,0.07933337900336636
3885,0.5939343261254606,0.28312172297643357,0.34349144440177504,0.07918747094439539
3886,0.5935256173916371,0.28223201527867914,0.34331077353104394,0.0790719097688172
3887,0.5931164761956828,0.28144331179758736,0.3426420322143319,0.07900827000776448
3888,0.5927069678649449,0.2807698622786733,0.3418482978905936,0.07901888121801934
3889,0.5922971518293673,0.2802607520363245,0.34172490258140764,0.07911720979141822
3890,0.5918870702487968,0.2796046277057932,0.34083615338667766,0.07939838940787307
3891,0.5914767462146816,0.27924120805868974,0.3403759139994133,0.0796844924130892
3892,0.5910661941445144,0.27892885779637516,0.3397502123119248,0.08017043272685616
3893,0.5906554316903074,0.27886939186028564,0.3389215192492009,0.08048231966203899
3894,0.5902444820716054,0.27812923081821267,0.3386675297241543,0.08064651145609139
3895,0.5898333679250719,0.2782758071352098,0.33769874793469773,0.08058410900509913
3896,0.5894221044958252,0.2777488708168177,0.3371713450354796,0.08048313001879231
3897,0.589010699875738,0.2781747482241748,0.3363654587211057,0.0805668136323515
3898,0.5885991613656387,0.2774332672648331,0.33586816431354,0.08065036721187814
3899,0.5881875008562133,0.2779622812932965,0.3360079259964985,0.08078768424165442
3900,0.5877757321366158,0.2779568705935682,0.33520621038840315,0.0808989667680098
3901,0.5873638649153063,0.27927864137883074,0.3358322429510408,0.08092378316122316
3902,0.58695190184798,0.2786311268614194,0.33477651051853957,0.08094079183771244
3903,0.5865398408017475,0.2796674781175881,0.33532006707906364,0.08088613225753467
3904,0.5861276817043458,0.27934821462921966,0.33428773505811693,0.08080337615737501
3905,0.5857154295947546,0.28050523061266747,0.3341565423286113,0.080664763951744
3906,0.585303092571515,0.28186311461943037,0.3335634957576414,0.08054661929531459
3907,0.5848906767798198,0.2815851310042099,0.3326851710902003,0.08042957956864383
3908,0.584478184597479,0.2824376103979168,0.3325853344008091,0.08029559936583118
3909,0.5840656170564424,0.282547843139699,0.3314954725410868,0.08020646955410914
3910,0.58365297767509,0.28250452738049053,0.331139260952054,0.08011803258308346
3911,0.583240272885392,0.28294887610263836,0.3302112707405367,0.08010640959147941
3912,0.5828275085104091,0.282840785229179,0.3294196705382779,0.08010547255827297
3913,0.5824146865170556,0.28282193698957847,0.32878945377460944,0.08010640869477434
3914,0.5820018048748012,0.2832029794323734,0.3279327775065391,0.08010941351213155
3915,0.581588860871723,0.28283251149529715,0.32734620391072017,0.08004736124087679
3916,0.5811758542004088,0.2830449336539619,0.3263981747255722,0.07991017227698129
3917,0.5807627867743347,0.28348957827211,0.32554135540104084,0.07974822686627127
3918,0.5803496603094344,0.28287257249894715,0.3247179965252016,0.07959607848736935
3919,0.5799364737614948,0.28323514580244086,0.32409026615458864,0.07949077348297812
3920,0.5795232240469326,0.28372503851023007,0.3232071324575908,0.07940430221634902
3921,0.5791099082820462,0.28307191482058025,0.3227804340862477,0.07933446894749412
3922,0.5786965245574774,0.2839115102700045,0.3220234146890681,0.07927639146501657
3923,0.5782830706696631,0.2848360341204794,0.3214255113921461,0.07918156928003393
3924,0.5778695424673954,0.2842622619898641,0.3209929955547297,0.07907496499158104
3925,0.5774559334980889,0.28432115152938825,0.31991582329421514,0.07896561057035101
3926,0.5770422362491795,0.28425324135061447,0.3191306788297179,0.07885499654658787
3927,0.5766284441619017,0.2835365954847004,0.31834850700638506,0.07875728850656163
3928,0.5762145517634909,0.2835034004416875,0.31755654580392656,0.07871434488450929
3929,0.5758005535176223,0.28286382043637115,0.31660614536483317,0.078737322548406
3930,0.5753864432880961,0.28276914332663905,0.3157997560962565,0.07881818198445419
3931,0.5749722141612236,0.2820245256720395,0.31520001834877087,0.07907523963219487
3932,0.5745578598331894,0.2819304638214329,0.3143868385779263,0.0793308894855254
3933,0.5741433746386352,0.2820057680573942,0.3137894123287707,0.07968119934746232
3934,0.5737287531023468,0.2813110039323615,0.31302474328704355,0.07986930829866094
3935,0.5733139891342118,0.2811166035954254,0.3120805509411383,0.0798889591734404
3936,0.5728990756579203,0.28033170123373236,0.311557767337603,0.07975357754775292
3937,0.5724840059689429,0.2798766864526012,0.3105670599125031,0.07963068290847951
3938,0.5720687741808219,0.27908873465625444,0.3103247863343684,0.07966139653600178
3939,0.5716533757897794,0.2786226486345943,0.309776648670712,0.07976998713133769
3940,0.571237806315946,0.27831503908881666,0.31023426162625045,0.07995166222140637
3941,0.5708220614821274,0.2775525013536848,0.30982770302914303,0.0801246609420679
3942,0.5704061367067593,0.2773784033898,0.3113391761886037,0.0803542779659675
3943,0.5699900286393356,0.2767193476762639,0.310234653591127,0.08048190258856308
3944,0.5695737348748244,0.2761215114076172,0.31156545448604994,0.08055217439309868
3945,0.5691572530577075,0.2756168205644279,0.31075559176083056,0.08050963887638582
3946,0.5687405804795496,0.27487062873294565,0.31212751675403233,0.0803630748011435
3947,0.5683237141095069,0.27424338172976037,0.3111297014876686,0.08023307243048411
3948,0.5679066509973031,0.27343116627433245,0.31262113620686643,0.08015801194957362
3949,0.5674893890479286,0.2728063536973482,0.3116684106594242,0.08015483180913537
3950,0.5670719266175986,0.2722638265310702,0.31301414583848675,0.08017951305267258
3951,0.5666542620956184,0.2714168920648726,0.31253960740490433,0.08014451445047317
3952,0.5662363937404039,0.2708549138683795,0.3129699730410199,0.08008725441433229
3953,0.5658183197542498,0.2700168151502635,0.3122816884651068,0.08001705124119969
3954,0.5654000390284996,0.26939197032904644,0.31289468382848734,0.07990991956374896
3955,0.5649815505759233,0.2685685704966112,0.3127583157850113,0.07980035107036375
3956,0.5645628532771548,0.2679612191210812,0.3133593639125404,0.07968007671792252
3957,0.5641439456574392,0.2671338967694265,0.3132907856014617,0.07958153184224316
3958,0.5637248259320464,0.2665263596005594,0.31278011853721704,0.07952415719741884
3959,0.56330549249863,0.26574314770668434,0.3127393375599422,0.07951420638078184
3960,0.5628859437729493,0.2652385677708371,0.3124186921128323,0.07956417760648492
3961,0.5624661780845248,0.26439507670294415,0.3125414579274882,0.0796254593807327
3962,0.5620461936619104,0.2639405246414812,0.3122821714215965,0.07964376505682647
3963,0.5616259885434876,0.2630995803645632,0.31198922420525116,0.07960750464306454
3964,0.5612055609950781,0.2626030703798954,0.3120319146624076,0.07949550276467104
3965,0.560784909136961,0.26176725903416115,0.3115867888698867,0.07932082476806199
3966,0.560364031227285,0.26136794620000436,0.3115180541485053,0.07915924122306056
3967,0.5599429253190662,0.26054230154630437,0.31101659201519044,0.07903784798180545
3968,0.5595215891711915,0.2601950154649368,0.31084900904542007,0.07899982685384659
3969,0.5591000205917337,0.2594001666070188,0.31075741979414107,0.07901590738522332
3970,0.558678217199434,0.2588633034455885,0.30996291120353686,0.07906899235976919
3971,0.5582561767519068,0.25808539068353364,0.3099617987205269,0.07921847596562424
3972,0.5578338970112512,0.2573136987998975,0.3090017775619402,0.07939108698949253
3973,0.5574113754460189,0.2565143462439446,0.3091290207773351,0.0796632532967936
3974,0.5569886097384409,0.25569224701081394,0.3080646157920772,0.07986370396443625
3975,0.5565655976051856,0.2550161617990673,0.3080837729285947,0.08007368507826604
3976,0.5561423368568956,0.2541462156605083,0.3070113578765905,0.08012026854510164
3977,0.5557188252042837,0.25346147696504506,0.3070799786517035,0.08006790535575926
3978,0.5552950603477403,0.2525945396509306,0.3062932254119046,0.08005808660467113
3979,0.5548710399773539,0.25186971457539536,0.30690185620532673,0.08002252244126545
3980,0.5544467618623382,0.2510195398934667,0.30630826587862986,0.08003460950323332
3981,0.5540222237018633,0.2503236810134048,0.30748730986008554,0.08002078747672386
3982,0.5535974233636133,0.24948440270732977,0.30744523393679346,0.07999432475460505
3983,0.5531723583768103,0.2488073499262391,0.30968882439241513,0.08008512944988877
3984,0.5527470266779495,0.2480140912772475,0.30953274462493024,0.08012365155475744
3985,0.5523214260884436,0.24740666680224754,0.31247685856436347,0.08022884678758303
3986,0.5518955543297543,0.24665351563468157,0.31426131440715943,0.08030860528878901
3987,0.5514694093663194,0.24614858056858885,0.3198851298294697,0.08039035282475125
3988,0.5510429892262518,0.2454603804884049,0.3196942410079358,0.0803959325828419
3989,0.550616291583981,0.24512728803048575,0.3250712868123516,0.08036363260560976
3990,0.5501893145358195,0.24438721240052674,0.32487650199318124,0.08034331754774529
3991,0.549762055749754,0.24416363020352175,0.3290354534705391,0.08026831993672773
3992,0.5493345130474466,0.2434795968988398,0.33146088610061714,0.08034717770943997
3993,0.5489066842847184,0.243358082984146,0.33170933903693084,0.08048681273241648
3994,0.5484785670236558,0.24263074456620737,0.3333240399288024,0.08071942451009065
3995,0.5480501591292439,0.24262638939344566,0.3345774958784577,0.08105959687863157
3996,0.5476214583813314,0.24193232982267004,0.33516647859199944,0.08130864880805903
3997,0.5471924624747997,0.24199159112090385,0.33640687391586716,0.08150394219323064
3998,0.5467631689750305,0.2411819983186269,0.33799095242072763,0.08159248879736408
3999,0.5463335754969781,0.2412579250490799,0.33867128264484475,0.08155642028642014
4000,0.5459036797348725,0.24043781985917226,0.33971716454452894,0.08147678652765705
4001,0.5454734791044333,0.24036344161061587,0.34163644479851757,0.0813406390351856
4002,0.5450429711606593,0.2395436924666266,0.34281076665144017,0.0812260424460759
4003,0.544612153195218,0.23934510701375702,0.34333183158380687,0.08108840371248238
4004,0.5441810225647986,0.23854400403012943,0.3442652816143662,0.08093958629290737
4005,0.5437495766015743,0.2382995207809067,0.3454520331104657,0.08078721868791804
4006,0.5433178125685484,0.2374712345293803,0.3458324663411677,0.08064306311039508
4007,0.5428857277640003,0.2371867643376375,0.3463523025411469,0.08051510357178489
4008,0.5424533192531945,0.2364244509895428,0.34710884349568843,0.08036217298160646
4009,0.5420205841817706,0.23615470630814483,0.34729944848492733,0.08024391008250813
4010,0.5415875197755825,0.23540500539541642,0.34734846908540196,0.08016756213735775
4011,0.5411541230723179,0.23506442391559876,0.3474365195222679,0.08020900274908623
4012,0.5407203911602921,0.23435476563515237,0.34727015633571817,0.08040693084565897
4013,0.5402863208952254,0.23401588284280161,0.3469932128629521,0.08064708025708556
4014,0.539851909347743,0.23327579419515757,0.3468004618380413,0.08103907594479606
4015,0.5394171533261075,0.2330673355147115,0.3464321322579074,0.08139885925141968
4016,0.5389820499280875,0.2325174417725153,0.3459764669088042,0.081757640397286
4017,0.5385465957804189,0.23246759687590524,0.34535443097470037,0.08186106333181947
4018,0.5381107877699036,0.2321683015702097,0.3449004738077224,0.08179313169718247
4019,0.537674622864076,0.23230550297066954,0.34443076783963916,0.08170527352682212
4020,0.5372380978428198,0.23188973860120338,0.3435153232696855,0.08166882468385003
4021,0.5368012094477561,0.2318474898655681,0.34316919394497286,0.08169225509844114
4022,0.5363639544121213,0.231452747140812,0.3422322269094692,0.08168602773090183
4023,0.535926329356476,0.23135638092678254,0.3413770405803638,0.08168377455234309
4024,0.5354883309826456,0.23151701519089796,0.3408485892758802,0.08172270533967993
4025,0.5350499561331622,0.23144944735543796,0.3398093362964802,0.08176565192656057
4026,0.5346112013290473,0.23175159950590118,0.33938266081664853,0.08190020739936586
4027,0.5341720630088734,0.2316742156283389,0.3384299846314144,0.08203466105142472
4028,0.533732537901458,0.23169744306079038,0.33798594724337183,0.08213988901640815
4029,0.5332926223994342,0.23208099427874018,0.3375688837646596,0.08207973535578462
4030,0.5328523132006731,0.23182453315893664,0.337590704366803,0.08196718510294863
4031,0.5324116066967254,0.23199698865098412,0.33671843730057593,0.08190019569954161
4032,0.5319704991969522,0.23213588890417658,0.33736084276275635,0.08196607819646677
4033,0.5315289870627989,0.23170434024556796,0.3367313390967244,0.0821050204404228
4034,0.5310870667821976,0.23159693773777482,0.33803535074740804,0.08200494586044975
4035,0.5306447346265872,0.2318412958528622,0.33746682462597793,0.08196450824802225
4036,0.5302019868003575,0.23143325872545875,0.3371654849897064,0.08202109561911503
4037,0.5297588195452921,0.2318767320284129,0.33720119183398145,0.08199235029748105
4038,0.5293152291106912,0.2321582342548208,0.3364371816882581,0.08223808364351459
4039,0.5288712115298387,0.23172634398179465,0.33644136089037924,0.08261299552766947
4040,0.5284267629333591,0.23174454200974132,0.33641215930497065,0.08324123304473585
4041,0.5279818792509993,0.23205893192755647,0.3362515171887935,0.08424176858221778
4042,0.5275365564206465,0.23201241513636836,0.33590094718275504,0.08497824445663404
4043,0.5270907904628183,0.2328051325958907,0.3361227484060076,0.08532672892060894
4044,0.5266445772569794,0.23296749667406375,0.3362291740613339,0.08523966922371867
4045,0.5261979126461324,0.23255789796585732,0.3357722091303763,0.0855849520767901
4046,0.5257507923325817,0.2328547762890609,0.33626212516259274,0.08612288966508187
4047,0.5253032121166347,0.23304549692071003,0.3361459951967925,0.086323359901039
4048,0.5248551677920966,0.23253497016051453,0.33560957991593415,0.08618023076968298
4049,0.5244066548333597,0.23276595444317605,0.3354526252163325,0.08638489260197005
4050,0.5239576686642626,0.23223765093504653,0.3349496355817799,0.08668563585518022
4051,0.5235082049860175,0.2321587442438023,0.33433371803640544,0.08689568057093053
4052,0.523058259255114,0.23155359831115263,0.33377675560443465,0.08693555764964087
4053,0.5226078268328208,0.23138286926723872,0.3331061364141361,0.08686386530285387
4054,0.522156902881068,0.23132915223847297,0.332327450533784,0.08699499288958193
4055,0.5217054828694848,0.2307081061597607,0.33183107452197474,0.08699082101919324
4056,0.5212535619936391,0.23055691495162364,0.3308732468584416,0.08715364521205804
4057,0.5208011355332137,0.23055023931338395,0.33007688379420275,0.08720132571491679
4058,0.5203481983750003,0.22994513110403852,0.3291155527332475,0.08723053058209931
4059,0.5198947455054244,0.2298176177675944,0.3282634770137029,0.08718427299580774
4060,0.5194407719358394,0.229181309629852,0.32777240213877196,0.08715964772652776
4061,0.5189862725683669,0.2290089214421089,0.3266651676472659,0.08723037043906187
4062,0.5185312421514117,0.22836576150396384,0.32602322123219557,0.08725844999599905
4063,0.5180756754289803,0.22821201545180106,0.32495434986668426,0.08721744944511561
4064,0.5176195669320737,0.22755604396693724,0.3241952476950265,0.08709212032199568
4065,0.5171629113665441,0.2272608272384172,0.32383455096561853,0.08702938341527643
4066,0.5167057031657096,0.2266093602188987,0.3227400126215516,0.08714579060251329
4067,0.5162479366250103,0.22617045195589658,0.32216146142150975,0.08739007684838712
4068,0.5157896060214928,0.22549624777393285,0.32105582890545287,0.08770181372027278
4069,0.5153307056138474,0.2251417930126087,0.32045999592489516,0.08812173421024656
4070,0.5148712296126425,0.2244780118209766,0.32012259148771455,0.08821963279212693
4071,0.5144111718227927,0.22407848201808167,0.3192487862637379,0.08807741674100461
4072,0.5139505261361086,0.2233978213474527,0.31925048243077825,0.08808506869168109
4073,0.5134892863225067,0.22291505758686345,0.3184023914289447,0.0881094761495945
4074,0.5130274460153522,0.22225287952249112,0.3187081758408853,0.0881842220336081
4075,0.5125649987862377,0.22179623977885882,0.31762073146248904,0.08809146656404754
4076,0.5121019381451068,0.221183323693658,0.31815467470880776,0.08802583283034977
4077,0.5116382574062669,0.22090078526558793,0.31696478444972087,0.08805298199026562
4078,0.511173949644077,0.22027499981562998,0.3170451697057285,0.08801054515262378
4079,0.5107090080063522,0.22003836391793194,0.31617019088803505,0.08807518555502926
4080,0.510243425296984,0.2193611311280168,0.31532167333023353,0.08812984205322395
4081,0.5097771945428723,0.21912458655130068,0.3143533650894265,0.0880166720396702
4082,0.5093103083229273,0.2184863323165153,0.31332855225575823,0.08787513742073798
4083,0.5088427590967911,0.21829002219783353,0.31268318058168937,0.08772858048482042
4084,0.5083745394434943,0.21766588300720208,0.3114978064739529,0.08754479386058485
4085,0.5079056415545783,0.21758022251679576,0.31084322470712833,0.08742672728221913
4086,0.5074360574583874,0.2169781924007019,0.310585876585495,0.08727746837797457
4087,0.5069657792290115,0.2170128230901154,0.3093184399028434,0.08716592572612444
4088,0.5064947987924798,0.2163801667966777,0.3090380848842735,0.08703133324572658
4089,0.5060231077333412,0.21643110103795354,0.30777288642382516,0.08683088648775239
4090,0.5055506980106037,0.21589599631989972,0.30731536473644677,0.08665748254834835
4091,0.505077560660584,0.21616228720025374,0.30668828317281815,0.08648295619323677
4092,0.5046036871473079,0.2155138178874927,0.3056446321284365,0.08638636999968342
4093,0.5041290689071699,0.2158241318130322,0.30543432310206314,0.0863050789849255
4094,0.5036536969839098,0.2151895881736287,0.30423069174347067,0.0862029741193068
4095,0.5031775623125201,0.21544536900408948,0.30426335044980984,0.08608895792790114
4096,0.5027006557194631,0.21474832482577308,0.30298101173910474,0.08595682565886993
4097,0.5022229681985602,0.21491657913604117,0.3025710908070551,0.08579058095287902
4098,0.5017444905083249,0.21431201956321141,0.30131047088681445,0.08560400689951345
4099,0.5012652132990945,0.21453227659405366,0.3006939932462805,0.08539724886644835
4100,0.5007851272548062,0.21387458201226484,0.2994916184774471,0.08519584544341077
4101,0.500304222981172,0.21400484446259346,0.29881371042859683,0.08498594623171894
4102,0.4998224912517043,0.21334145265436813,0.29761935193697614,0.08477800438330114
4103,0.4993399226721035,0.21324576892458957,0.29715788030052664,0.08458204523781104
4104,0.498856507740199,0.2125813862783317,0.2959784272713514,0.08438695228997735
4105,0.49837223749436527,0.21233568203047823,0.29532321023238006,0.08423562448776611
4106,0.4978871027673824,0.21165822284395924,0.2941520222793148,0.08410458524511819
4107,0.49740109403038546,0.21130644112803593,0.29381076941725964,0.08398154956662786
4108,0.4969142026080322,0.21062712875396675,0.2927768162197222,0.08389878388768744
4109,0.4964264197305724,0.21021390110729846,0.29213306472820094,0.08386032971249203
4110,0.49593773647443185,0.2095847151960067,0.29128336345363853,0.08384435402210702
4111,0.4954481443958197,0.20898356068431895,0.29045666506675616,0.08383335678065189
4112,0.4949576352391959,0.20834712872004077,0.28952198276328267,0.08387705843391961
4113,0.4944662010635547,0.20769626633909927,0.2885174094469485,0.08386093139277628
4114,0.4939738337649585,0.20709179655429868,0.28789405649993016,0.0837802529882997
4115,0.4934805259560321,0.20645916231983466,0.28687595974242236,0.08364628255417961
4116,0.4929862701598669,0.20598995525683955,0.28651682424698965,0.08345251067591969
4117,0.49249105932429005,0.2053356186968661,0.28535851691973824,0.08325558334625212
4118,0.49199488684336684,0.20485616988780236,0.2849262555187338,0.0831045600127306
4119,0.4914977462808365,0.20418594810684945,0.2838246797146574,0.08299862571203419
4120,0.4909996314517293,0.20366944846104904,0.2831135574243784,0.08298805453137051
4121,0.49050053664538174,0.20298456832601,0.28227047263751265,0.08304654964014106
4122,0.4900004563860687,0.2024735892983447,0.28122732237920806,0.08311736631120932
4123,0.4894993857305574,0.20178392299414272,0.28092721674540666,0.08325631194424693
4124,0.48899731970824845,0.20125298011299067,0.27965031652210287,0.08332857519881431
4125,0.48849425402903607,0.20056926288846744,0.279234556598596,0.08330242156392853
4126,0.4879901846647144,0.20001432363068455,0.278317426036229,0.083166015179177
4127,0.4874851080347181,0.19935558287234123,0.27773818914810544,0.08298646246933816
4128,0.4869790208264135,0.19872605208497604,0.27673679383999794,0.08287682445835232
4129,0.4864719199126059,0.19810281872174793,0.27600127066780966,0.08281733855412605
4130,0.48596380296211683,0.19742627850199287,0.2749036371993082,0.08277197170736564
4131,0.4854546679390025,0.19682139383846942,0.2747361987873959,0.08271830137610199
4132,0.48494451290824875,0.19616988624467405,0.27355049392801845,0.0826135241135663
4133,0.4844333366018131,0.19550590716570398,0.2729620974717912,0.08248794278914558
4134,0.4839211379628054,0.19484353879100016,0.2717180241227814,0.08233588172372681
4135,0.48340791641328634,0.1941851947385659,0.27073654125577246,0.08217191215471298
4136,0.48289367174900166,0.19355148873889916,0.26945037475787514,0.08200464307272474
4137,0.4823784041535358,0.19288168688643625,0.26842427764825,0.08183603829166809
4138,0.4818621140857773,0.1922466432695936,0.26727873531496055,0.08169336385010592
4139,0.4813448028903163,0.1915912269662692,0.266261084348042,0.0815682924180877
4140,0.480826471670635,0.19094879712689117,0.2651834921049959,0.08145657896637455
4141,0.4803071221240552,0.19031002060421362,0.2640337351429792,0.08134594317318339
4142,0.4797867566225067,0.18966793274115837,0.26293266703874396,0.08123143835997712
4143,0.4792653779727599,0.18904616602279403,0.26171122638219785,0.08107661066747408
4144,0.4787429887971576,0.18839975457628638,0.26077509974861496,0.0809024943529836
4145,0.4782195924206032,0.18776025804625324,0.2595989777548749,0.08071067003389701
4146,0.4776951927722977,0.18712068355600178,0.25879689153644575,0.08051788039334716
4147,0.47716979395984843,0.18647465547472278,0.2578737455227657,0.0803335711540427
4148,0.4766434000304933,0.1858366731048603,0.25731595385649336,0.08014957378923773
4149,0.4761160160515559,0.1851899451333805,0.2569662925290911,0.07998348368379504
4150,0.47558764740805076,0.18454248541649992,0.25618543859680826,0.07982453281731322
4151,0.4750582990271875,0.1839079794773115,0.2552757925990305,0.07968843836325566
4152,0.4745279769960625,0.18326535941610336,0.2553456785289109,0.07957513858012327
4153,0.47399668800799605,0.18262082130553675,0.2543487742541836,0.07951292516836334
4154,0.47346443775199476,0.1819795074501449,0.25402709103212917,0.0795156069708473
4155,0.47293123335109966,0.1813421061624209,0.25294599222555814,0.07955593177212213
4156,0.47239708222703025,0.1807193176910703,0.25279793104184817,0.07969546017661959
4157,0.4718619912949241,0.18008737839814004,0.2523676909946261,0.07979334467154933
4158,0.4713259681638939,0.17951037449743049,0.252652716157313,0.07987908461451214
4159,0.47078902142621165,0.17891249537942475,0.2517742614441648,0.07986036481649561
4160,0.4702511588075988,0.17828928405369598,0.25198161805819275,0.07973892655638287
4161,0.46971238865907533,0.17768943766520573,0.25201896066680296,0.07956220042168193
4162,0.46917272035804025,0.17707663855482958,0.2534494134815359,0.07939507368134258
4163,0.46863216263728913,0.17645739707658364,0.25314418318004417,0.07929127076180938
4164,0.4680907245921316,0.1758484236880454,0.2555279154478122,0.0792819138025751
4165,0.46754841652903234,0.17523289847405166,0.25712790553433884,0.07935456996122824
4166,0.467005247601355,0.17461848681995026,0.2618726453424548,0.0794925608387592
4167,0.4664612284342725,0.17400654878417263,0.2618055774072674,0.0797851713868725
4168,0.46591636997443425,0.17339554191945603,0.2666014266080427,0.08002031569911876
4169,0.4653706824313405,0.17278664417266365,0.268349128295213,0.08022986136111288
4170,0.46482417737988047,0.172179497344802,0.2760648054360602,0.08025410080213352
4171,0.46427686634944193,0.17158801817031466,0.2785363932671049,0.08011343021026711
4172,0.4637287608910574,0.17099189245021446,0.2803833322416092,0.08008688260565006
4173,0.46317987347143047,0.17041014168063326,0.28635780696407087,0.08012959842609915
4174,0.46263021688995914,0.16983805231235946,0.2881267404933252,0.08022679930978929
4175,0.4620798039427944,0.1692511858736238,0.29029026576626515,0.0802731941784287
4176,0.46152864892786394,0.16867888233525427,0.29497510857986387,0.08016103387416801
4177,0.46097676542904614,0.1680898914160138,0.2971937152513238,0.08002052477295145
4178,0.4604241682547492,0.16750230934654142,0.29857974814067223,0.07992757521198164
4179,0.45987087345036326,0.16691855908945,0.30129443772358805,0.07992492417248925
4180,0.4593168963660859,0.16634331743761618,0.3029997208868369,0.08003646244733609
4181,0.45876225379662944,0.16576821851571893,0.30425068435230057,0.08021695149954092
4182,0.45820696353874724,0.16520789000554673,0.30719668971775066,0.08038054682290408
4183,0.45765104275755286,0.16465015234237385,0.3108660617235019,0.08055992108298812
4184,0.4570945114970066,0.16408229096186205,0.3119965478198106,0.08056726555518713
4185,0.4565373884496786,0.16351746558358057,0.3133701119473041,0.0804338394883642
4186,0.4559796950349195,0.16298522228637075,0.31694186611124947,0.08032643050043062
4187,0.455421452413174,0.1624537385194554,0.31978682273841924,0.0802983428825968
4188,0.4548626823433162,0.16190863423601873,0.3207162641863774,0.08033121794944835
4189,0.45430340902919625,0.16139323868295358,0.32141973612875596,0.08032488725404842
4190,0.453743654681655,0.16085191462401152,0.3236181847940252,0.08022275830432075
4191,0.45318344572884384,0.1603241056215642,0.32612893263265824,0.08007766169854677
4192,0.45262280567013363,0.15978110777517845,0.3272436524064042,0.07991959646454387
4193,0.452061761236152,0.15923420098865812,0.3277067841716888,0.07977234443628915
4194,0.45150033934993444,0.1586926294357336,0.32903277726142455,0.07964925477437534
4195,0.45093856594934795,0.15816736833076203,0.3300854722704556,0.07953304375630812
4196,0.4503764696100432,0.15763923354065837,0.33020831432945963,0.07944048299809382
4197,0.4498140776435256,0.1571156601469302,0.3309837482720453,0.07937755740084236
4198,0.44925141797722984,0.15662152852639866,0.3311278883003582,0.0793498932587951
4199,0.44868851947366284,0.15608749597241667,0.33114900835749567,0.07932539266189043
4200,0.44812540990197586,0.15558305860112445,0.33174400416372496,0.07926824594592952
4201,0.44756211818277597,0.15506201309174386,0.33115719336168736,0.07917790220335745
4202,0.44699867248592495,0.15454396890140112,0.331274696775789,0.07903579148618972
4203,0.4464351018339157,0.15403219618937725,0.3306730169476523,0.07885816560788704
4204,0.44587143352226616,0.15352001553834624,0.3302691128201786,0.07868603386378024
4205,0.44530769716118784,0.15300513509393573,0.32996618026972524,0.07854811543282127
4206,0.4447439192320325,0.15251955285942492,0.3294452468820845,0.07846182178046279
4207,0.44418012873363966,0.1520394694139516,0.3297333037641203,0.07844230304914757
4208,0.44361635247598497,0.15152553822145423,0.32929853348816923,0.07848553518483295
4209,0.44305261795303175,0.15104717069633636,0.3296914649719327,0.07858000401262549
4210,0.44248895120304615,0.15054368422427766,0.32921272848127575,0.07881125145987755
4211,0.4419253803058309,0.15004270061869418,0.32982258710503326,0.07898851866813407
4212,0.44136192971620114,0.14953881027642785,0.3290608470203684,0.07914731160665994
4213,0.4407986268724486,0.14904066531032004,0.3288846030384571,0.07915292732937752
4214,0.44023549558170966,0.14854504045227002,0.32830662801225174,0.0790296094704022
4215,0.4396725629264656,0.14804596810412343,0.32819561283477816,0.07897685522925439
4216,0.43910985047375706,0.1475468167744833,0.3273756594679639,0.07895485263756041
4217,0.4385473857452078,0.1470600438657993,0.32693087030036566,0.07899995853871275
4218,0.4379851888313238,0.14657704275966943,0.3271559175059521,0.07904622677657323
4219,0.43742328651775475,0.1460857929690247,0.3262659123149401,0.0789756514325723
4220,0.43686169745269915,0.14562197428572154,0.3259375679823397,0.07886348898587228
4221,0.4363004480925204,0.14513931421806253,0.32529073255527113,0.07874881439669146
4222,0.43573955548273996,0.14466194949364153,0.3244310546076518,0.07862515591559953
4223,0.43517904553823217,0.1441955910950294,0.3238440642639129,0.07853838154438392
4224,0.43461893334105134,0.14372043050840436,0.3229020321299572,0.0784578708821976
4225,0.4340592452605197,0.14325517239436372,0.3221755602749616,0.0784132606082282
4226,0.4334999920564085,0.14279654397036673,0.3213313836545629,0.07844140022425909
4227,0.4329412033839936,0.1423537728336822,0.3208823974912411,0.07847163705447728
4228,0.4323828828218129,0.14188867378722966,0.32072063199462,0.07847388427669622
4229,0.43182506693986866,0.1414357144387949,0.31977347402795187,0.07842965243517103
4230,0.4312677458700601,0.14098894628719755,0.3194955064698146,0.07828995154343493
4231,0.4307109733845303,0.14057052479917395,0.31870103628334184,0.07812733077375576
4232,0.4301547099932689,0.14013759716414825,0.317767206342424,0.07802653196828209
4233,0.42959905235519896,0.1397137182429989,0.317205264895484,0.07799703839443385
4234,0.4290438908379653,0.13926644884118755,0.31622483561309167,0.07802274683572002
4235,0.4284894298320309,0.1388469793058333,0.31550280750058973,0.07807772464898588
4236,0.42793538830863287,0.1384111251334213,0.31449479925146745,0.07814626356212422
4237,0.4273822439497955,0.13800784080553685,0.31402047762561314,0.0782293833588251
4238,0.42682928689526267,0.13764398062534125,0.31302838846309433,0.07826024014894814
4239,0.426277725709084,0.13730135087406095,0.3123375591920674,0.0782941832478983
4240,0.4257257499694607,0.13697887239097833,0.3121719051813932,0.07827701540062448
4241,0.42517668216059423,0.13654590563764754,0.3111782184717497,0.07819205270807716
4242,0.42462604058248354,0.13623094895873597,0.3105375706997612,0.07807472899611066
4243,0.4240840722231828,0.13580785608114956,0.3094983831500678,0.07791662362961714
4244,0.4235423420851971,0.1355337466174667,0.30857208536142894,0.07774533399204414
4245,0.42303698205754897,0.13517499506013428,0.30753083769889933,0.07758248103267154
4246,0.422579959135931,0.13492762360375773,0.3066357867650824,0.07742143998015097
4247,0.4222706904003798,0.13456121483156724,0.30594277309805246,0.07730256148622264
4248,0.42232120997605715,0.13422508001480096,0.304882565728705,0.07721798945519924
4249,0.4225310740666012,0.1338539337929619,0.30413380470473333,0.07718021812757682
4250,0.4239203412315078,0.13355382305134833,0.30345999877182217,0.07720834707662193
4251,0.42365841401347176,0.13320600056788082,0.3025662335009761,0.07730705188679203
4252,0.42450504405362605,0.1329128856001551,0.30175149802124773,0.07751831252731549
4253,0.4257085823144225,0.13260900738306977,0.30070502359504486,0.07767114208550134
4254,0.42680964540635113,0.13239177795033452,0.29973661368085086,0.07778652607106988
4255,0.4270248739208001,0.1323882618856618,0.29878530048318885,0.07774786795884675
4256,0.4281036314396707,0.1323900494206079,0.2977399220639196,0.07761819778147344
4257,0.42850633173332514,0.1320714685494192,0.2969214055999826,0.07757483030219067
4258,0.4290840774648151,0.13211010459896078,0.29587569471088626,0.0775788447132696
4259,0.43004885862996334,0.13187574272743832,0.2951159017601248,0.07764821214145763
4260,0.4308262183430661,0.13191207477341108,0.2941091298319306,0.07772557653526974
4261,0.4313219731037362,0.1318385460562563,0.29315507054528633,0.07773994956987906
4262,0.4319273738855694,0.13198948917106995,0.29217174467538426,0.07769841983223874
4263,0.43266561033099743,0.13233824960618842,0.29116375359768637,0.0776478963041891
4264,0.43328553807701975,0.13298295232423624,0.2900699977051203,0.07756498196011945
4265,0.4337499727827546,0.13379367157871166,0.2890105385040927,0.07743980439132436
4266,0.43425182881377067,0.13495578692832952,0.2879283490080633,0.0773110988114561
4267,0.4348074256147651,0.13615147796617913,0.28680741266786114,0.0771684311162595
4268,0.4352721549568749,0.13757542018801205,0.28576044714246596,0.07703590729933314
4269,0.4356034069253186,0.1392531372580596,0.28464037582242335,0.07694414073507812
4270,0.43593603224607247,0.14140932590626676,0.28354088957735996,0.07686781672658445
4271,0.4362566279903038,0.14419432155001843,0.2824782322921822,0.07681597488485835
4272,0.43643591868081827,0.14730729988068483,0.28144140899836223,0.07674319591864939
4273,0.4365324212617153,0.14956361742512278,0.2804183469229399,0.0766479973350219
4274,0.4366130965689283,0.15129539048410864,0.2794101012730464,0.07651814467472143
4275,0.43654177785555354,0.1536296474174532,0.27825588724245404,0.07635643784047161
4276,0.4364562381778017,0.15577613781141175,0.27734289488485625,0.07618678047951846
4277,0.43645951438197567,0.1576989868446757,0.27623844750068716,0.07602287554515705
4278,0.4361177758988994,0.15967432032215068,0.27555080282405753,0.07589015835273454
4279,0.4359166979753994,0.16191100411948095,0.27457829283696145,0.07577740560569562
4280,0.4357018079230284,0.16396403994828312,0.2744990310396013,0.07567662305616048
4281,0.43530462128245406,0.16596102566258608,0.27354061221589454,0.07559650434005054
4282,0.43498883996843224,0.16781100304407692,0.272999581366293,0.07554423674551698
4283,0.4348902415358032,0.16972054380303028,0.2719897519204276,0.07550087821953011
4284,0.4346688296050587,0.17188591361229397,0.27158957907743103,0.07547337897082318
4285,0.43457146354411613,0.17383901570920002,0.2708921699634447,0.07550316500624367
4286,0.43426371708918393,0.17528520265678996,0.27087143582392487,0.07553507998680618
4287,0.4340223828004595,0.17727925873809192,0.2697807718478911,0.07562019011770756
4288,0.4336265405594014,0.17884207954782314,0.26970502045543293,0.07570405261951779
4289,0.4332411631586697,0.1797525452432451,0.2687406718037403,0.07581074832580392
4290,0.4328050722259542,0.18137454259128674,0.26806964791906507,0.07584761098979309
4291,0.43246281466723524,0.18329110610130078,0.26731317183249176,0.07583312132337294
4292,0.4320419527162846,0.1843434928313338,0.2664554144830691,0.07574417996157416
4293,0.43167117978390024,0.18480738945684494,0.2661077738054046,0.07559148175602617
4294,0.43130241559957916,0.18636450034272922,0.26510609738287494,0.0754213065207753
4295,0.4309072725257419,0.18709347964657141,0.26472080844781165,0.0752873747385293
4296,0.4305198883629422,0.18815957986167203,0.2637846447969911,0.07520389574630221
4297,0.430135041142538,0.18878626099911208,0.26301951225100156,0.0752159339092557
4298,0.4297776023702867,0.18993675251507203,0.2627727757880063,0.07533823314983372
4299,0.4293796331640813,0.19116726984709423,0.2616960537537484,0.0755341739951107
4300,0.4289619717682222,0.19295934322257113,0.2613801671345846,0.07591967583731217
4301,0.4285444564940979,0.19458759554093455,0.2603844697127101,0.07624008100013162
4302,0.42809874298451395,0.19576342495631224,0.259660079883825,0.07649809173942927
4303,0.42765536523425074,0.19651037240415106,0.2587671419120234,0.07653364690396007
4304,0.4271897475330071,0.19699743016776783,0.2580729018293765,0.0764275823867972
4305,0.4267285307280441,0.19750663119525966,0.25728351819971657,0.07648747978483358
4306,0.42627349929036257,0.19819157499776682,0.25678829224229094,0.07663068528943107
4307,0.4258337454214644,0.19837501118270426,0.2557997889528274,0.07679324767371497
4308,0.4253834045571607,0.19891126924345323,0.2553897573773198,0.07689075219344178
4309,0.42494133219413327,0.19989963504147015,0.25434421882947916,0.07685138665733261
4310,0.4245043851964849,0.20035479110910617,0.2542420817349771,0.07673316644592369
4311,0.42405333600859957,0.20183051859807918,0.2531083707656839,0.0766528646652
4312,0.4235966181254017,0.20213215259134362,0.25279879227443075,0.0766286475275036
4313,0.42313817066645987,0.20323380656672013,0.25169195512262377,0.07672878393717168
4314,0.4226784871007102,0.20336439530421624,0.25151701634250184,0.076938693212262
4315,0.42220836292735014,0.2042565357376385,0.2505157603764658,0.07713915728217091
4316,0.421734802196018,0.20438623594177782,0.2502969883316771,0.07738221629035767
4317,0.42125406212613276,0.20506722686040754,0.24920046813731167,0.07743476730254227
4318,0.42077960439087236,0.20552695291178041,0.24885574841035069,0.07733150312958756
4319,0.4203002761088427,0.20550099905035824,0.24792786566776964,0.07726119201342568
4320,0.41981989524384844,0.20579704363493542,0.24797630691865477,0.07727886658229435
4321,0.41933613847799367,0.2056860936445661,0.24757120989907797,0.07738655828397885
4322,0.41885737982586074,0.2058303377912794,0.24883242022014632,0.07741890797735858
4323,0.4183740522005226,0.20567477898939676,0.2476795712897664,0.07734611784702043
4324,0.4178894071208427,0.205548874401634,0.24881249419013254,0.07724064131090116
4325,0.4174025052671766,0.2056013558847379,0.24887561671462133,0.07712632102207866
4326,0.4169177247109379,0.20544936434377808,0.25149865416605066,0.0770875408682907
4327,0.4164301934174022,0.20562739200338553,0.250745492998693,0.07702131937341303
4328,0.4159403556154825,0.20545746289129163,0.2522099484345973,0.076929273280446
4329,0.41544985709483667,0.2058849090193503,0.25465888819160754,0.07683812573560034
4330,0.41496305988251625,0.2058142241610109,0.2603396823582575,0.07669736818287934
4331,0.41447439234820427,0.20612763648248256,0.26199140450840025,0.07654312886171137
4332,0.41398302515332586,0.2065179863680547,0.263435490616902,0.07638099881321919
4333,0.41349253838146444,0.2074424708213508,0.2636625113896262,0.07623520076249221
4334,0.41300468810960594,0.2075469671467413,0.2653842978539118,0.07610721356433439
4335,0.4125139053138873,0.20875117646014413,0.2670465760997946,0.07597688147850831
4336,0.4120212242704467,0.20917303378655455,0.26782674933443573,0.07581884955900023
4337,0.41152929752423684,0.21108777140773904,0.26828147583261447,0.07567250614982768
4338,0.41103705616668473,0.2109285415820438,0.26921290302787154,0.07552394818613992
4339,0.41054164229255774,0.2126172749205527,0.26979101684195134,0.07540914739636893
4340,0.4100447348724307,0.21246187413499523,0.270206073106297,0.07531060086964045
4341,0.4095487584885518,0.21387685897093953,0.2708423559111371,0.07525901382284444
4342,0.4090523242489623,0.21431888077364594,0.2715563957614025,0.07527436959623293
4343,0.4085538779320374,0.21472018157107334,0.27187283775749443,0.07530766218542656
4344,0.4080552746288787,0.216032675889029,0.2722956762284223,0.07542490177170837
4345,0.40755811118622076,0.21610460001549067,0.2731750513281616,0.07554398624725463
4346,0.40705966536673277,0.21671700464416876,0.2734298923715978,0.07570034460856702
4347,0.40655994880252505,0.21690551679502615,0.2736339191269173,0.07577378461784139
4348,0.4060609358535937,0.21690481814831333,0.274649649206161,0.07573696507924184
4349,0.40556249380367576,0.2175968768052696,0.27516770199731583,0.07568443964539784
4350,0.40506270379858283,0.2174654432391799,0.27535033286804983,0.07560476603629165
4351,0.40456234034731975,0.21785316919181727,0.27664871105568273,0.07555688464079661
4352,0.4040627080982061,0.21789249877998743,0.2775164627124225,0.0755230281542211
4353,0.40356330161666487,0.2176105094799416,0.27825269996079094,0.07552465482083628
4354,0.40306320550496244,0.2180098042299123,0.2797313165382507,0.07559934619923464
4355,0.402563092633386,0.21757191663560496,0.28040727768405777,0.07566771682516467
4356,0.40206393792902523,0.2179421643227273,0.28091579239324777,0.07574953965876155
4357,0.4015642813745712,0.2176549761008108,0.2827017944264487,0.0758561379145432
4358,0.40106406266289624,0.21752192235175072,0.2829242582365492,0.07595373090964498
4359,0.4005641168245482,0.21748040912451727,0.2833252959149983,0.07601841132966312
4360,0.4000645650115639,0.21735159203571947,0.28426275778651444,0.07604824452707663
4361,0.39956429624722956,0.2177759351277059,0.28415292596879926,0.0760317850080773
4362,0.39906398679433486,0.21736618012962114,0.28424623902282004,0.07592108026050592
4363,0.39856420012481,0.21763531993576374,0.28483798190898096,0.07586569942810685
4364,0.39806448787513027,0.21722744594111784,0.28467867477587633,0.07588293606467204
4365,0.397564291445638,0.21721319019565252,0.28505853760167765,0.07600318262321275
4366,0.3970644637413311,0.21686775351162177,0.2846604315865967,0.07622336274008759
4367,0.3965652884208712,0.21656193818546776,0.2848958988480201,0.07647400175896986
4368,0.39606584572406867,0.21633550525052306,0.2843346921062453,0.07678203534946705
4369,0.39556626863464744,0.21603096632625898,0.2848286208027394,0.0770437823823992
4370,0.39506735355318245,0.21574110044587563,0.2844832170646086,0.07726185998508772
4371,0.394568844122284,0.21548004417773253,0.28484020432980955,0.07737565581099187
4372,0.3940701467624586,0.21508819491848732,0.2841087471226259,0.07736366785566524
4373,0.39357186146484,0.21475373444052495,0.2842816307240673,0.07724851617170386
4374,0.3930743762138523,0.21445895345540342,0.2835265376590481,0.07712014841122675
4375,0.3925770632775099,0.21405873242491325,0.28372289605675455,0.0770336354133768
4376,0.39207974152284547,0.21364652333601286,0.28334595962528536,0.07696544954284992
4377,0.39158304734393606,0.21326118125559637,0.28443422495062154,0.07687477199009995
4378,0.39108689898210686,0.2128427550578767,0.28360384194735544,0.07673764021764776
4379,0.3905906777074934,0.2124535461616,0.28477312546236383,0.07657503609812734
4380,0.3900946795210261,0.21203064199534288,0.2838092470150612,0.07642359504774654
4381,0.3895993574784685,0.21159784302913642,0.28454490771527613,0.07628428935211963
4382,0.38910431570438897,0.2111479380903093,0.28362207649142623,0.0761956795039878
4383,0.38860929182484844,0.21068627361025022,0.2837358014158919,0.076094249842757
4384,0.3881147613373644,0.21024242168240526,0.2831717394290275,0.07607369393013722
4385,0.38762082920985935,0.20981790398503258,0.28237737537527297,0.07612001058139693
4386,0.3871270045711048,0.20934965883203038,0.28200127177791284,0.07625401015351117
4387,0.3866333706973295,0.2088961324612066,0.2813561824351847,0.07649517315421056
4388,0.3861403296054109,0.20846709084134957,0.280316017994639,0.07662401567776583
4389,0.3856476834219081,0.20799701092033138,0.27958293454607447,0.07661702114554927
4390,0.3851551678970237,0.20756639002140967,0.27856747573621865,0.07649204635442915
4391,0.3846631017213454,0.20709370607656466,0.27754550951119006,0.07638067393305414
4392,0.384171671318672,0.2066021522256197,0.276454303367227,0.07641888587408761
4393,0.38368058852540116,0.20611196991447103,0.27545897737008,0.07654267804413867
4394,0.38318984997155553,0.20561665931863363,0.2743779091992739,0.07671245502612871
4395,0.3826997467929972,0.20509619984540006,0.27348768743138036,0.07687610830772393
4396,0.38221019452579247,0.2045949475549916,0.2725404360049436,0.07709317428299715
4397,0.381720975919325,0.20408005178723168,0.27159070621395065,0.07722615456647461
4398,0.38123223685174323,0.20356176230385567,0.2709287415088287,0.07732836902550311
4399,0.3807441016082291,0.2030338348755915,0.2698912395817621,0.07736235247400297
4400,0.3802563978114958,0.20250678524567492,0.2693794003529951,0.07727409332254438
4401,0.3797690893201507,0.2019860779654765,0.26870916111606163,0.07712629208111628
4402,0.37928233736390865,0.20146848638390252,0.26807544630839863,0.07702769505777105
4403,0.37879611363508037,0.20094137240958287,0.26796488869746443,0.07701196301812085
4404,0.37831030394014453,0.20039396681775165,0.2673992735664049,0.07706083238375666
4405,0.37782497209972127,0.1998493683545298,0.2680066056636333,0.07711336715061187
4406,0.3773401755334005,0.19929666094084222,0.2670527466740954,0.0771419555522355
4407,0.37685582570826837,0.19874571388079865,0.26783685257549095,0.07711500403590162
4408,0.3763719104283118,0.19819236270885737,0.26688124245451295,0.077017053920608
4409,0.3758884960733809,0.19763332794670824,0.26798913074288844,0.07686732938144437
4410,0.37540556174857537,0.1970768671320055,0.2670662864946306,0.07670420871932122
4411,0.37492308435816,0.19651725034100245,0.2674229769692977,0.07656474132916598
4412,0.37444110751293574,0.19596306418484963,0.26641693436077796,0.07644724376389993
4413,0.37395964288524974,0.19540444728415196,0.26623396136398875,0.07633404547723795
4414,0.3734786667338467,0.19484031157230416,0.2652937077681672,0.0762236525331701
4415,0.3729982087409132,0.19427632070024714,0.26480434343497433,0.07610376782658858
4416,0.37251828087139544,0.1937098790462584,0.2638220211490344,0.07595031752902713
4417,0.3720388508471139,0.19314603638805367,0.2631513013025106,0.07579371038788164
4418,0.37155993903319273,0.1925831741584751,0.26221083174347093,0.07563078564164576
4419,0.3710815698220427,0.19201876628135103,0.26127503699767407,0.07548664171880731
4420,0.37060370801970033,0.19144978225922374,0.2606254580579784,0.0753415673644773
4421,0.3701263510094732,0.19088962039480417,0.2596528589194614,0.07523719324276591
4422,0.36964954225429264,0.1903210465232448,0.2589964563796261,0.0751447404172293
4423,0.369173260593235,0.18975217667525676,0.25794000503999925,0.0751296629536937
4424,0.368697469283831,0.18918855478968857,0.2572482277469323,0.07521984436523381
4425,0.36822220711657655,0.18861700652195618,0.25620553189961814,0.07537498908608561
4426,0.36774748720419165,0.18805461995043196,0.25522761941962,0.07564397829952398
4427,0.36727325858798,0.18750314357133357,0.2542044634814607,0.07581252140717352
4428,0.3667995297326855,0.186932319996038,0.2530915140169787,0.07583499478426638
4429,0.3663263450873279,0.18636229116088898,0.25214261418601097,0.0757348502935611
4430,0.36585367461053125,0.1857980338239413,0.2510044831474928,0.07563593551805463
4431,0.36538149172591744,0.18523621864157147,0.2501601438205665,0.07569825504560662
4432,0.3649098414581868,0.18467868808534782,0.24906578689643316,0.0758191079684118
4433,0.36443873165299984,0.18411858461023772,0.24830537054682544,0.07593384134362932
4434,0.3639681210335492,0.18354889793073434,0.2473427957013106,0.07605140841668191
4435,0.36349802707890333,0.18298890095674417,0.24681402845803416,0.07617415915349637
4436,0.3630284841832433,0.18242011096666064,0.24592798628805232,0.07622736812400238
4437,0.3625594655548493,0.18185104386900222,0.24554856859668456,0.07630982030345579
4438,0.362090958522281,0.18130345681915566,0.2454000271988232,0.07639740155407798
4439,0.3616229968416571,0.18074238562993045,0.24454719350525664,0.07641777252505388
4440,0.36115557915405266,0.18017923856739976,0.2438076000745933,0.07635870633160985
4441,0.360688679531246,0.17962112518489315,0.24378121553425885,0.0762457900137726
4442,0.360222311815917,0.1790555495787735,0.24343103855058493,0.07612392885470821
4443,0.35975649002422583,0.17849499242382547,0.24432534066965686,0.07609474362564099
4444,0.3592911944900277,0.17793395911001078,0.24326298353772455,0.07611070833478224
4445,0.3588264211954767,0.17737382178874014,0.24390640755173748,0.07616706057391548
4446,0.3583621853309085,0.17681211220343254,0.24297758976684952,0.07621608920079444
4447,0.35789848047939693,0.1762501722232376,0.24343804005569694,0.07619888425657961
4448,0.3574352975248382,0.1756929318292782,0.24274297415117396,0.07611941517664358
4449,0.3569726443715858,0.17513331685293973,0.24258762649210963,0.07600223333119849
4450,0.356510522269717,0.1745792455556255,0.24188782176899,0.07584942778748376
4451,0.3560489246064466,0.1740268320847899,0.24142262676821546,0.07571701592037422
4452,0.3555878541699463,0.17346958114497896,0.24098774772102766,0.07556606603625114
4453,0.3551273123942565,0.1729258431445715,0.24017426683104662,0.07543040453491491
4454,0.3546672958825733,0.17237743926571322,0.23962940964998256,0.0752903311603009
4455,0.3542078088593797,0.17183755942000825,0.2388432780800426,0.07518528149656709
4456,0.35374885172601256,0.17128735897217998,0.23798746842184432,0.07511139692330454
4457,0.35329042123222154,0.17074354548442797,0.2372870538880924,0.07509002744587037
4458,0.35283252314200875,0.17020689067882788,0.23629770425056382,0.07516670955230409
4459,0.3523751603095724,0.1696927582552461,0.23565458238053122,0.0752922645394461
4460,0.3519183262478248,0.16915145512645702,0.23463174308593873,0.07550282553991024
4461,0.3514620238405818,0.16863133338274194,0.23383240632607552,0.07572852092265628
4462,0.3510062591100364,0.16811239235334818,0.2327840510769909,0.07605234563666725
4463,0.3505510253630976,0.1676291486141042,0.23191044219798107,0.07627317123280518
4464,0.3500963196677024,0.16714645157524655,0.23090093741923068,0.07648390206672967
4465,0.34964214993824666,0.16665004568228986,0.23007224806573218,0.07653687581346263
4466,0.34918851370954,0.16612939981788613,0.2290513893597299,0.07645907069185079
4467,0.34873540415528215,0.16567477426173155,0.22824652642816737,0.07635814040515827
4468,0.3482828268829432,0.16514211906590218,0.2272679102824853,0.07626145924544273
4469,0.34783078479911883,0.16469854863763017,0.22632171919915867,0.07620441278847662
4470,0.34737927020241527,0.16417751504499475,0.22535904567747786,0.07617206638532324
4471,0.34692828394520686,0.16372423364024527,0.22434505913342345,0.07615123774943308
4472,0.34647783141556693,0.1631995348404811,0.22337615968502572,0.07615941649892298
4473,0.3460279075376279,0.1627122743376455,0.22233370362999533,0.07621188317648844
4474,0.3455785101737522,0.16221485634643532,0.22135091974310594,0.07632845399913903
4475,0.34512964434313487,0.16179311950193048,0.2203855721995951,0.07645200447462029
4476,0.34468130889330245,0.1612900099795587,0.21936743414303175,0.07657112782762365
4477,0.34423350102005745,0.1608511205305228,0.2183905779150298,0.07654823144625214
4478,0.34378622352019694,0.16035731083073929,0.21737240029179858,0.07645677039286826
4479,0.3433394775159943,0.15991888253578665,0.21652584934564115,0.07637030986910091
4480,0.3428932609535309,0.15948183044128791,0.215513722187468,0.07641767262406847
4481,0.3424475742491383,0.15906174319360664,0.21473643446200616,0.07651447150228186
4482,0.34200241792262337,0.15865018300152958,0.2137022959001004,0.07645969091196532
4483,0.34155779130066055,0.15833678605000134,0.21284075106849168,0.07639818162878828
4484,0.341113694776704,0.1578447807508782,0.21191324084242388,0.07637547580796901
4485,0.3406701277003396,0.15749004982259723,0.21101177518594286,0.0763364509953204
4486,0.34022708960871867,0.15709039657523355,0.21010678784830197,0.07643708170275662
4487,0.33978458176845283,0.1567905844438977,0.20943599974893376,0.07643781297943661
4488,0.3393426033723591,0.1563293265981438,0.20864897556883458,0.07651387598128577
4489,0.33890115251218295,0.1560834309689251,0.20827665451335794,0.07685687359764082
4490,0.33846023056174185,0.1556646171169616,0.20747121801543444,0.07734767209314736
4491,0.3380198378490243,0.15547156321429725,0.20744243215301864,0.07809380978613412
4492,0.3375799717509329,0.15506344053570328,0.2068070633920409,0.07873329131310651
4493,0.3371406327639592,0.15488691515209058,0.20725968511441262,0.07909641089377742
4494,0.3367018225533429,0.15499767537712425,0.20652478001644847,0.0790442986250048
4495,0.3362635394207813,0.15523079037835572,0.20730887291402342,0.07914827888412519
4496,0.3358257821482056,0.15539715023879727,0.20712578584137287,0.07957257516572602
4497,0.33538855296960174,0.1557288103961378,0.20868087440090424,0.07998128184008378
4498,0.33495185138757544,0.15729256857138005,0.20781098956256158,0.08017156918680807
4499,0.334515675557172,0.15773057098694265,0.20943295593120975,0.08012318874423166
4500,0.334080026773821,0.15811256997019135,0.2097250932702215,0.08001390577554045
4501,0.33364490532453284,0.15901864048162034,0.2124871445272416,0.08012729985372066
4502,0.3332103100428807,0.15887746119436955,0.21203791133523303,0.0802750248756663
4503,0.33277624110587517,0.15958267198917914,0.2145883248322864,0.08037233154613999
4504,0.3323426989583936,0.1597953662406212,0.2142843538963441,0.08031350768554738
4505,0.3319096828672318,0.15999453287001966,0.2172019156071085,0.08013827516971814
4506,0.3314771928829633,0.16063313529464737,0.21753254402148428,0.08009984908549331
4507,0.33104522879528975,0.16113184696778923,0.21830868115165264,0.08012818198547364
4508,0.3306137902229702,0.16113992123989804,0.2189638993519789,0.08010488923405482
4509,0.33018287706119775,0.16129264291989406,0.21883885549342616,0.07998043084806251
4510,0.3297524892277268,0.1615936704571869,0.21980904737912746,0.07980412485971021
4511,0.32932262622324365,0.1613891627464788,0.21949797691806663,0.07974428830821163
4512,0.32889328810077634,0.16163693168324494,0.21988360543699242,0.07971486839813444
4513,0.32846447460032224,0.16200576098828964,0.2197217521077257,0.07965393687390179
4514,0.32803618542514607,0.16171435899619369,0.21934512271402484,0.07954242100978767
4515,0.32760842057712913,0.1620583163030315,0.21905261288901945,0.07938360371563882
4516,0.3271811794919048,0.16169250375672992,0.21874345976357693,0.079276454329562
4517,0.32675446203836894,0.16196746307548476,0.2179780777919026,0.07918327053889279
4518,0.32632826850291213,0.1617111230969122,0.21795657861643408,0.0792592130154582
4519,0.32590259826983187,0.161886547947108,0.21722966490357598,0.07934277276719223
4520,0.32547745092582264,0.16160373003913298,0.21759472097468666,0.0796390342754323
4521,0.32505282725794926,0.16177212936630017,0.2166322417855134,0.08000517762720462
4522,0.32462872674040005,0.1617166135104787,0.21688029069729362,0.08036121188486395
4523,0.32420514921349347,0.16220549742135706,0.21605808400781967,0.08057488142229968
4524,0.32378209473393416,0.16198410136691765,0.21639501205833073,0.08098239096461698
4525,0.32335956316459824,0.16241936180592653,0.21568710252582088,0.08134026831509342
4526,0.32293755400728297,0.16235757700113526,0.2154015666201659,0.08147834970147472
4527,0.322516066816936,0.16295788806404202,0.2145018187667691,0.08142644260623162
4528,0.32209510182367274,0.16286306118149957,0.2142096648020767,0.08144989932032044
4529,0.32167465898147674,0.16368467637651665,0.21354204955658818,0.08227928353800731
4530,0.3212547380395328,0.16396427115286127,0.21358033529580409,0.0836193855140317
4531,0.32083533879968124,0.16536200536471915,0.212722263404644,0.0856887053008914
4532,0.3204164613286544,0.16527921186229982,0.21231447083476587,0.08754609228330451
4533,0.3199981052571922,0.16650717843532256,0.21143502020788033,0.08791031178858687
4534,0.3195802703769605,0.16642308931315833,0.2109941127725857,0.08900956341591156
4535,0.3191629564390637,0.1673070869571077,0.2101602865710724,0.08966755371612153
4536,0.3187461634223467,0.168310548620172,0.20978280986579106,0.08999698330402606
4537,0.31832989117158617,0.16829770166100455,0.20930356325653912,0.09045835038863652
4538,0.3179141395951992,0.16937044142811783,0.2095962526093333,0.0914718105379623
4539,0.3174989085421815,0.1702983787256841,0.20884857782185834,0.0915663406142555
4540,0.3170841981822056,0.17018457358532868,0.20899649227039552,0.09198686136884168
4541,0.3166700080401296,0.17111670641776375,0.2081744783169369,0.09247357622595888
4542,0.3162563382005554,0.17232634891155432,0.20815341608027774,0.09352560631616115
4543,0.3158431886845856,0.1721791904629534,0.20743193531901694,0.0942326117316612
4544,0.3154305587384205,0.17350480380693667,0.2071295279927498,0.094611568710797
4545,0.3150184487124537,0.17321837369339563,0.20747522527990478,0.09547718417573471
4546,0.31460685838268343,0.1744712975223185,0.2067055219049266,0.09590869892183797
4547,0.3141957874622259,0.17448800244468696,0.2073686273211803,0.09634874292762217
4548,0.31378523616396,0.17509838119244134,0.20651813225936036,0.09796301610428475
4549,0.31337520448054673,0.17634379590397156,0.20675932078910075,0.0987841024048387
4550,0.3129656920060558,0.17629777733207594,0.20591887192936476,0.1003324681398295
4551,0.3125566987227989,0.17790863412869223,0.20578927992048515,0.10226008600569145
4552,0.31214822451626556,0.177592716895153,0.20514901224151072,0.10391156164351596
4553,0.31174026919394315,0.17862269409864825,0.20441420761665896,0.1046115438501614
4554,0.3113328329287827,0.17835291492979066,0.20390749644754574,0.10480099252946921
4555,0.31092591543145326,0.17899116716484362,0.2031168756920111,0.10530632685052663
4556,0.31051951647280707,0.17879315039134655,0.20273897275010702,0.1064373677911875
4557,0.31011363629354133,0.17903150733822137,0.20190962136146623,0.10712930419174876
4558,0.30970827489172803,0.17907183617036523,0.20151653978409567,0.10881104332792169
4559,0.3093034315576378,0.17875262436141648,0.2006865852950009,0.1111219134308345
4560,0.30889910654781094,0.17891911095192758,0.20056055299002395,0.11181670395985838
4561,0.308495300032593,0.17861127906411067,0.1997126033474014,0.1141948538694612
4562,0.30809201145555715,0.17859145817013908,0.19930639377149667,0.11518158410841849
4563,0.3076892413678007,0.17828593348729677,0.19862908222115375,0.11704616080105656
4564,0.30728698922035813,0.17811164637944824,0.19792692106988513,0.11787330152445487
4565,0.30688525496082547,0.17771837461629528,0.19712449089954096,0.11896728561340952
4566,0.3064840391254994,0.1774966823125464,0.1963762656270058,0.11984666667842954
4567,0.3060833408973236,0.17709513602137658,0.19549778941752124,0.12035707591773837
4568,0.30568316035494564,0.17676556220395062,0.19458486545286813,0.12130452056981882
4569,0.3052834978748789,0.17637208304866137,0.19367574833489778,0.12151793879475666
4570,0.30488435325173857,0.17599217329600117,0.19276369369840843,0.12244171856339216
4571,0.30448572573293275,0.17566780348191924,0.19192620662990717,0.12265121295380554
4572,0.30408761607611745,0.17529707985008672,0.19110283436061445,0.1235128993049892
4573,0.30369002430727643,0.17503991695940982,0.19031145977822178,0.12376976689168354
4574,0.3032929499345261,0.17463964386867473,0.18954683311164183,0.1244672846068064
4575,0.3028963929214521,0.17438167594513848,0.18881552022927148,0.12446661153438429
4576,0.3025003536750224,0.17397214676952208,0.18793709984128684,0.12492601963090624
4577,0.302104831919663,0.17369173741574848,0.18713211240636882,0.1253184585577169
4578,0.3017098272425151,0.17335403538475022,0.1863185511606356,0.12556621017052624
4579,0.3013153399691534,0.1731327913711065,0.18570126609455828,0.12618960252363406
4580,0.3009213700594227,0.17272649217864333,0.18502622015983985,0.12626646514390039
4581,0.3005279174620725,0.17246677343844727,0.184795633148771,0.12669476674001273
4582,0.30013498202537175,0.17206474069667715,0.18405541492157193,0.12663265079355093
4583,0.2997425639294438,0.17173255747102992,0.18405375174844701,0.12676001516526314
4584,0.29935066328327126,0.1713164018575408,0.1837256408879587,0.12664604128743356
4585,0.2989592796703528,0.17100061829441662,0.18437570123865038,0.1266685099969399
4586,0.29856841311087906,0.17059675195590762,0.18355517347438507,0.12668860429212367
4587,0.29817806398635344,0.17027133851828402,0.1842775865193694,0.12666531980724624
4588,0.2977882319622607,0.1698837843328398,0.18481624099661048,0.12692304395114912
4589,0.29739891682396374,0.16955202006295153,0.18655586588618944,0.12674854206493155
4590,0.29701011937425914,0.16924179135714823,0.18644218429227796,0.12682966825776698
4591,0.29662183891304583,0.16902395956228256,0.18820434712181516,0.1266581301351521
4592,0.2962340754904063,0.16866441837223897,0.18935298250109311,0.12653500015602337
4593,0.2958468296108083,0.16851629635856716,0.19273920334585928,0.12640683443102238
4594,0.2954601008463881,0.16811705080665984,0.19479121506828034,0.1262635712634696
4595,0.2950738890681608,0.16803624065103978,0.1959273902444406,0.1261513329172748
4596,0.2946881946279621,0.1675968049718781,0.19871998111439598,0.12596002032523299
4597,0.29430301733675673,0.1675177777202253,0.19997974718185882,0.12593620079124093
4598,0.29391835725175686,0.16709899872609651,0.20274365132729819,0.12567159501415787
4599,0.2935342145045659,0.16705782932446236,0.20500723543644792,0.12551699000151242
4600,0.2931505888949733,0.16662444078406996,0.2059626308030951,0.12526910065512886
4601,0.29276748080431414,0.16655670968407293,0.20808204000278696,0.12498177187995638
4602,0.2923848898792787,0.16610921159324876,0.2092210711706558,0.1247480254495615
4603,0.292002816091364,0.16597605809582414,0.21070112529021473,0.1244300699370704
4604,0.29162125990758797,0.16552184893129346,0.21286586857759573,0.12424691671822606
4605,0.29124022082545875,0.16535893213322647,0.21406531727676742,0.12394969367746927
4606,0.2908596988613049,0.16490734492093856,0.2151719261466523,0.123655090250652
4607,0.2904796946460953,0.1646896152196207,0.2172607708900418,0.12336570599289294
4608,0.2901002078037084,0.16423164168426285,0.22015925960260047,0.12300661651044834
4609,0.2897212382642487,0.16400570889755334,0.22087159996233177,0.12270924913894135
4610,0.2893427864571495,0.1635603118901901,0.22249103151546695,0.1223368665130406
4611,0.28896485203985006,0.16324275874986005,0.22404530546165774,0.12200980254560333
4612,0.28858743492751976,0.162814967387535,0.22553417210320223,0.12171852729892356
4613,0.2882105354415544,0.16243335501002742,0.22624978557147393,0.12135461021117613
4614,0.28783415351900193,0.16203055592484014,0.2276911548385857,0.12100728540808195
4615,0.2874582892162457,0.16160202021632297,0.2305245437302758,0.12066281610131793
4616,0.2870829426603366,0.16117373197284873,0.2318400936734696,0.12036681828401764
4617,0.2867081138588623,0.1607252509749184,0.2327640070075925,0.12007964425561099
4618,0.2863338025176466,0.16031895650917974,0.23465704176180063,0.11976993448757511
4619,0.28596000927069914,0.15986950166525654,0.2366248930427336,0.11948285731250807
4620,0.28558673367415244,0.15945200230779452,0.23904739156150548,0.11918634197835516
4621,0.285213975966755,0.159044459368504,0.2388365600984816,0.11904631723702717
4622,0.2848417359062154,0.1586136858630313,0.24164327891569864,0.11901879153355524
4623,0.28447001379834447,0.1582186583411736,0.24204172499371787,0.11888207875188234
4624,0.2840988099371654,0.15777401084461634,0.24329536577305663,0.11869936752091906
4625,0.28372812375929674,0.15735269886737097,0.24322618748917957,0.11847556951698865
4626,0.2833579557306638,0.1569011410825958,0.2436002778073803,0.11812574501340012
4627,0.2829883059511817,0.15646108499415148,0.2434743604859939,0.11777435750466483
4628,0.282619174140586,0.15605862750923824,0.24338247449136,0.1174776309451549
4629,0.2822505605295378,0.1556941189020337,0.24379704421326187,0.11731359570436015
4630,0.281882465161972,0.1552444413116787,0.24336897237112834,0.11707381026860349
4631,0.2815148882046705,0.15490259526480316,0.2441379009119137,0.11675390766704272
4632,0.28114782925783743,0.1544575508647167,0.2435922467144771,0.11645103772045146
4633,0.28078128863400686,0.1541045470294295,0.24409894379262292,0.11617512192615037
4634,0.280415266466274,0.1536554986862494,0.24357823664355452,0.11593227796610915
4635,0.2800497626341481,0.15330760975356028,0.24385372293708044,0.11566558926905135
4636,0.2796847773116772,0.15287180823014923,0.24335725076390602,0.11534753254783069
4637,0.2793203105049233,0.1525765606725426,0.24306923191121763,0.11502981284805393
4638,0.278956362473256,0.15218529460337168,0.2427398530464763,0.11472886190427356
4639,0.2785929328422269,0.1518919872439789,0.2422614255581443,0.11448736215876985
4640,0.2782300218230069,0.15145521023977823,0.2417129899979537,0.11417622584752701
4641,0.27786762993554365,0.15118461984086518,0.24119949796194423,0.11384529253371507
4642,0.27750575627940943,0.15079708131154418,0.2408386142843547,0.11351396305828353
4643,0.2771444013864888,0.150540762222956,0.24016844640520985,0.11320150104812497
4644,0.2767835653927218,0.15016409568725986,0.239519067718092,0.1128832583864004
4645,0.27642324819163266,0.15004052953099475,0.23880035482516773,0.11255049448933682
4646,0.27606344963970575,0.14973281554251305,0.23814476759535264,0.11221429578387836
4647,0.2757041703126934,0.14972603241066182,0.23738481447282508,0.1118794520438535
4648,0.27534541002523727,0.14946576773673537,0.2366820617077678,0.11157485897760777
4649,0.274987168622152,0.14946911035555097,0.2360215513945146,0.11126800520178261
4650,0.27462944628756414,0.1491360310548008,0.23536371939812997,0.11094814471333522
4651,0.27427224303759384,0.14899789910657138,0.23460032256728267,0.11061375592140756
4652,0.27391555892930725,0.14876394360239023,0.23407512709734193,0.11027515948035777
4653,0.2735593938967217,0.1485609568360432,0.233739301928388,0.10994095259617882
4654,0.2732037479782946,0.14831090600646726,0.23294463161036605,0.1096006033644583
4655,0.2728486213651436,0.1481047540444921,0.23232630842632448,0.1092686980769166
4656,0.2724940140244865,0.14787635571048624,0.23157052453202953,0.10894152789685656
4657,0.2721399257708697,0.14755737064174848,0.23073515517067958,0.10860885666119965
4658,0.2717863569295754,0.14743267042192396,0.23011501407369161,0.10826582106731954
4659,0.2714333072478153,0.14709159061661672,0.22928284488868192,0.10792494033810952
4660,0.2710807769538689,0.14694501429770943,0.2287076132540625,0.1075888302477675
4661,0.27072876606694307,0.1466680608702171,0.227996208624334,0.10725311557585646
4662,0.27037727450562343,0.146594776432331,0.22725443917418206,0.10692274634573833
4663,0.27002630232276875,0.14640902860290061,0.22653986785259694,0.1065938777615508
4664,0.26967584972014386,0.1465236542607061,0.2257952315717461,0.10627683284342847
4665,0.26932591643717385,0.14630682931850736,0.22490507699713166,0.1059478439339574
4666,0.26897650249320193,0.14650258037003708,0.22412868376313547,0.10561979757951775
4667,0.2686276083769191,0.1463771422839668,0.2232264621467762,0.10528794222793027
4668,0.26827923372294754,0.14667979622181002,0.22234051183623502,0.1049565399506682
4669,0.26793137840878406,0.14650288923593127,0.22148232284657252,0.10462509059265493
4670,0.2675840425170614,0.14687583639464483,0.2206247711105425,0.10429391146737796
4671,0.26723722628298396,0.14680319786030052,0.21973202957469382,0.10396650241913417
4672,0.2668909296469878,0.14739222455057707,0.21882559651431294,0.10363986503585189
4673,0.26654515245649585,0.14716183999757507,0.21801873138471717,0.10331536355344195
4674,0.26619989507705155,0.1478440216646357,0.21709102621960447,0.1029898217688784
4675,0.2658551571954644,0.14775946589394756,0.21626075830105732,0.10266984404451461
4676,0.2655109387152371,0.14865439628262248,0.2154051597232519,0.10234758213263181
4677,0.2651672400318038,0.14834619149292938,0.21466554220072367,0.10203071445550442
4678,0.26482406062338615,0.14916965427425308,0.21383958377011691,0.10171223205631516
4679,0.2644814006249006,0.14899901528149515,0.21326672837481,0.10139581121355558
4680,0.26413926035353297,0.14984841358879925,0.21265557272193514,0.10107904414367937
4681,0.2637976395968435,0.14952748044924064,0.21218651834917046,0.10076522254000954
4682,0.26345653837005995,0.1502794045840516,0.21152289417364134,0.10045120544419286
4683,0.2631159566101485,0.1500834401676198,0.21084016956976642,0.10013845068762371
4684,0.2627758944479167,0.1509087904577945,0.21015804991366913,0.09982674730047009
4685,0.26243635174568936,0.15056959514894258,0.209591285232164,0.0995163432012702
4686,0.26209732827293447,0.15129458371130408,0.20883042916785013,0.09920811809358016
4687,0.2617588241199561,0.15127429614227159,0.20825798134872733,0.09890015530774474
4688,0.26142083958176854,0.15235913583151833,0.2075629691003346,0.09859478238807153
4689,0.2610833742375404,0.15203457309747512,0.2070666041051898,0.09828988681627412
4690,0.26074642806216275,0.1528766589514916,0.20676360568695015,0.097988012311147
4691,0.26041000148878757,0.15299062585127776,0.2064397988797843,0.09768653694424768
4692,0.26007409393642156,0.15443034690634372,0.2063831245563972,0.09738844505694332
4693,0.25973870555539036,0.1543124266120879,0.20632914512211187,0.0970899845881446
4694,0.25940383651807053,0.155237938057862,0.20650802505703889,0.09679486168835987
4695,0.25906948659788803,0.15553371126803248,0.2069179033030895,0.09649984352884051
4696,0.2587356555389195,0.1572374396550231,0.2066869140030244,0.0962078697479702
4697,0.2584023436557229,0.15855199942364642,0.20624167140598298,0.09591530734543526
4698,0.25806955064755416,0.15856212449697135,0.2069235577333597,0.09562635243247748
4699,0.25773727658679974,0.15959929213935475,0.2062812363086479,0.09533651846265294
4700,0.2574055212961069,0.1596396296057529,0.2073201286369054,0.09505051916628997
4701,0.25707428485552253,0.16083381863328414,0.20643701752553126,0.09476401656181585
4702,0.2567435672145484,0.16169557229735587,0.20723893202916813,0.09448165768542058
4703,0.25641336814024795,0.16194063931482874,0.20643001663372418,0.09419801384713376
4704,0.25608368795894415,0.16255459756631607,0.207278510617581,0.093920390116397
4705,0.2557545260724352,0.16287936968727965,0.2064895389024719,0.09364188913665696
4706,0.2554258826064221,0.1631125354231242,0.2069999752520516,0.09337079064005784
4707,0.2550977578539925,0.16361282455360288,0.20626625764568066,0.09309954156626662
4708,0.254770150978885,0.16394379161544856,0.20644230603811164,0.0928386337236057
4709,0.254443062577022,0.1641327417208202,0.20583298105604508,0.09257867394247284
4710,0.2541164923453392,0.16426675603358748,0.20541398320239593,0.09233569269662685
4711,0.2537904401080383,0.16447552121694842,0.20488834752128837,0.09210061371410051
4712,0.25346490575672787,0.164385870540573,0.20408751933646116,0.09188769223735967
4713,0.25313988938812415,0.16468591640860997,0.20344856703196773,0.09169372229349124
4714,0.2528153907522979,0.16483558497422743,0.20260708744349484,0.09152578062530507
4715,0.2524914095290394,0.16474649407154163,0.2018220655671482,0.091387734244094
4716,0.2521679461922661,0.16492520995137502,0.2009910819361719,0.09126223019900577
4717,0.2518450000638329,0.1653050511125368,0.20009626652803042,0.09115255284924749
4718,0.2515225713200424,0.16561831319937348,0.19923675550149358,0.09101617522241023
4719,0.2512006598760744,0.16643456218204095,0.19843297597504747,0.090838999540387
4720,0.2508792658447186,0.1668164691907504,0.19763798723578385,0.09061975897433809
4721,0.2505583883960408,0.16685665027481092,0.196815210137419,0.09036661066588798
4722,0.25023802789385946,0.16720297507247195,0.19603501601221812,0.09012311374141181
4723,0.24991818415737313,0.1674064865479058,0.19543057326711946,0.08991701763178843
4724,0.24959885673047036,0.16747874811692437,0.19463405781776277,0.0897351230569125
4725,0.2492800458806583,0.16803754953842742,0.19410109986736412,0.08957976815705533
4726,0.24896175144277544,0.16833120861758663,0.19333444895120877,0.08940300861017912
4727,0.24864397306945132,0.1680415324608666,0.19307616525878518,0.08921387577289765
4728,0.24832671101378198,0.16816797282958837,0.19236068909140508,0.08899605707731845
4729,0.24800996459330937,0.16854380677920072,0.19220299094422336,0.0887667428811388
4730,0.24769373414394466,0.16831892387236239,0.19131458150798727,0.08854047743573257
4731,0.24737801879020782,0.1687247896480983,0.19122393010579017,0.08831898278181996
4732,0.24706281909633185,0.1684546627419177,0.1906456074730586,0.08811444514211833
4733,0.2467481347686045,0.16875692096505546,0.19032768540975636,0.08790427679420248
4734,0.24643396526430653,0.16856115605588468,0.1897141915196022,0.08768923231856508
4735,0.24612031100665427,0.16861142391636902,0.18951984066391028,0.08745786899106701
4736,0.24580717130043056,0.16888560080331125,0.1888572379377352,0.08722335805162157
4737,0.24549454645391175,0.1686845769906546,0.1885121001050749,0.086992490391158
4738,0.24518243601852374,0.16906248633910048,0.18812221124898965,0.08676624522578898
4739,0.24487083940130322,0.16877614479461892,0.18761502654637546,0.0865517306731251
4740,0.24455975729197268,0.1689764809158304,0.1876154897734687,0.08633411275455868
4741,0.2442491887285716,0.16869546354516093,0.18712999739369143,0.08612192789929826
4742,0.24393913357807773,0.16864862666825678,0.18753388852768685,0.08589751615118613
4743,0.2436295923075067,0.1683455815574152,0.18690434450174165,0.08567158381538263
4744,0.24332056415731956,0.16813134646488423,0.18766898606007237,0.08543839796217469
4745,0.24301204921513736,0.16798626262848904,0.18688325252995833,0.08520408188105152
4746,0.24270404699843645,0.1676829723561635,0.1874925292650648,0.08497124989959373
4747,0.24239655751367128,0.16764870128453832,0.1867350091477185,0.08473799247338981
4748,0.24208958038357853,0.16731573099917627,0.18686067665148476,0.0845109459128915
4749,0.24178311518322054,0.16729561506399335,0.1860186913229227,0.0842826739944621
4750,0.24147716251668971,0.1669514722672142,0.1861389045051614,0.08405936853576362
4751,0.2411717214446001,0.16694059835739955,0.1853888057776249,0.08383240841552582
4752,0.24086679191606358,0.1666278396612275,0.18521806947104144,0.08360986881590228
4753,0.24056237393617314,0.16671190926301369,0.1846231912461422,0.08338267177488067
4754,0.24025846689533872,0.16632754150491008,0.18390021267578402,0.08315832282057582
4755,0.23995507069182892,0.16640989142277582,0.18353230922477026,0.08293101398741377
4756,0.23965218497452134,0.1660387572890088,0.18274893625885927,0.08270609279991137
4757,0.2393498097245467,0.1660827849392431,0.18252823518736172,0.08247918534017694
4758,0.2390479444462362,0.16570350446131482,0.18176139280601192,0.08225443714731343
4759,0.23874658924840952,0.16582337575765968,0.18173662931676726,0.08202874230479489
4760,0.23844574403477767,0.16542481059965447,0.18088914927024968,0.08180443311190469
4761,0.23814540779654814,0.16550493221617013,0.180800365939449,0.08158010643884375
4762,0.23784558067061012,0.1651002755293557,0.18004332679767684,0.08135692765313149
4763,0.23754626258868805,0.16509761984911187,0.18014615196358622,0.08113429512720825
4764,0.23724745294247582,0.16471471391382603,0.17931401727291804,0.08091256271456246
4765,0.23694915158309465,0.16449356997449172,0.17939293310005477,0.08069188627906185
4766,0.23665135815334729,0.1640713712585894,0.17854743320417205,0.08047205886291717
4767,0.2363540726469281,0.16387539768048753,0.17851825821676448,0.0802538209857247
4768,0.23605729438699186,0.1634390827287931,0.1776789815198694,0.08003628303533478
4769,0.23576102364799603,0.16320800971993307,0.17754509634122406,0.07982073560811385
4770,0.2354652595899874,0.16278210533582624,0.17676865791582302,0.07960564720784644
4771,0.23517000203406901,0.16245368355359968,0.1767154701634607,0.07939290633377179
4772,0.23487525093581219,0.1620307792461376,0.17590371738886046,0.07918036675936342
4773,0.23458100578894106,0.1616450911198088,0.175822870672674,0.07897089557912379
4774,0.2342872662148522,0.16122287433103802,0.17500720695219388,0.07876113500886754
4775,0.23399403213372263,0.16084127541534404,0.17488367354753628,0.07855551134413856
4776,0.2337013031641405,0.1604143200225784,0.174067289835208,0.07834964912918255
4777,0.23340907896643498,0.15999957771401782,0.17389361830557523,0.07814999047191798
4778,0.23311735912710874,0.15961227209475806,0.17317417106877867,0.07795085256297637
4779,0.23282614363209753,0.1592118733943913,0.17277320541896565,0.07776220196882141
4780,0.23253543176328537,0.1587941414436754,0.17207598323357537,0.07757719163071122
4781,0.23224522338886308,0.15839122029847913,0.1713494232046287,0.07740926607618631
4782,0.23195551819847116,0.1579709084238209,0.17074824849478373,0.07725445507875633
4783,0.23166631579296385,0.15753266119694406,0.17002380257203167,0.07712562993247801
4784,0.23137761584477426,0.15708778429619485,0.16943509286812453,0.0770279865693708
4785,0.23108941798601237,0.15665178506460342,0.16866888339274433,0.0769587063920251
4786,0.23080172206931612,0.15621191758753974,0.16820118513016535,0.07694016177689957
4787,0.2305145274558798,0.15577016994764814,0.16740809473523968,0.07692340294547127
4788,0.23022783418617818,0.1553366800512707,0.16701024125742484,0.07693214330079268
4789,0.2299416414773159,0.1549159172563758,0.1662692594760157,0.07689220595421493
4790,0.22965594920733984,0.1544973754824014,0.1658892068260275,0.07679540865616788
4791,0.22937075699377035,0.1540942046371457,0.1652087127516577,0.07664209053802545
4792,0.22908606420529842,0.15364971480625075,0.16487594299825128,0.07646435825529063
4793,0.22880187113202427,0.15322741843571677,0.164193819381559,0.0763183370805393
4794,0.2285181766925611,0.1528143899693972,0.16393510709190345,0.0762233572725184
4795,0.22823498087311797,0.15238466721967972,0.16348349701254655,0.07615594097026772
4796,0.22795228328740244,0.15197488389670985,0.16364654438404108,0.07611319225376689
4797,0.22767008355734522,0.15154090250120894,0.16296743253880155,0.07605498636292034
4798,0.22738838116407215,0.1511259579071244,0.16325687515450835,0.07596651785327972
4799,0.22710717561582386,0.15069318887634042,0.162910888933185,0.07584099466958603
4800,0.2268264671110032,0.1502661357736364,0.1636678181359092,0.07569314496195234
4801,0.22654625456984165,0.14984638961726884,0.16301562247828016,0.07553126268839873
4802,0.22626653776782166,0.14941545409981496,0.16387534193841896,0.07537557962743945
4803,0.22598731690183257,0.14901925060695873,0.16404302228395884,0.07523900805269643
4804,0.22570859071178143,0.14861407625306383,0.16579813970617863,0.07511026597930182
4805,0.22543035921787002,0.14818360930448365,0.16579238324734535,0.07498482178782297
4806,0.2251526221422365,0.14778277558907135,0.16651097039259827,0.07483541215507138
4807,0.22487537880151814,0.1473591949154699,0.1668348680119039,0.0746780837769082
4808,0.22459862887879736,0.14696717673731002,0.16686851033335517,0.07450940212049056
4809,0.22432237183799827,0.14653720126111003,0.1673667503212813,0.07434167282312641
4810,0.22404660768800957,0.14613895266980825,0.16781274890578976,0.07418571636027974
4811,0.22377133549520367,0.14571431662807607,0.16811111610648483,0.07403158206253893
4812,0.2234965547115252,0.14531244046850894,0.1681026393992387,0.07389408902511843
4813,0.22322226606406415,0.14489022150091405,0.16842277917751908,0.07375376374738832
4814,0.2229484674323345,0.1444969114666662,0.16922358082830724,0.07361527594171546
4815,0.22267515998952264,0.14409451187977732,0.1707349150404346,0.07346868027057617
4816,0.22240234215720422,0.14379486669237804,0.17122025018029777,0.07332348416726873
4817,0.2221300143494169,0.1433903862832955,0.17336606187391,0.07316248219799182
4818,0.22185817525083545,0.14308932738130062,0.17337116207528452,0.07299922000916774
4819,0.22158682487869397,0.1427657031085754,0.1762986648018897,0.07282679245807692
4820,0.22131596293726769,0.1424921240640264,0.17592166225216688,0.07265186127289658
4821,0.22104558829695828,0.14208185702762685,0.17777172791790155,0.07247362600635193
4822,0.2207757014583785,0.14179998961327647,0.17747314220151672,0.07229592883778213
4823,0.22050630144219954,0.141513235571876,0.17956628861887255,0.07212130085152026
4824,0.22023738754299757,0.1414212095408443,0.17945898088686624,0.07194841688492921
4825,0.21996895999553265,0.14103233228181397,0.1802961202341601,0.07178280128914548
4826,0.21970101776377138,0.14093720620378178,0.18066455719000468,0.07161879284130078
4827,0.21943356058488753,0.14063852771596907,0.18016784809451783,0.07146822549570907
4828,0.21916658763406163,0.14034328690548156,0.18031039293696022,0.07132100214045209
4829,0.21890009919453512,0.14004922542134937,0.17995198692092704,0.07119099987499225
4830,0.21863409431218658,0.1397452960814706,0.17976013236326915,0.07107754795613434
4831,0.21836857217263853,0.13936679268664548,0.17948020664730532,0.07098830640123024
4832,0.21810353330797208,0.13912276744234062,0.17889807794817997,0.07092767615796831
4833,0.21783897608481048,0.13873796903816918,0.1786676089786829,0.07088942545288103
4834,0.2175749007990189,0.13846992869249897,0.17835029074177922,0.0708875461417698
4835,0.21731130644574434,0.13812249846236466,0.17779698638111752,0.07087881271511533
4836,0.21704819296836736,0.13788751046847975,0.1776630559669382,0.0708770602563805
4837,0.2167855596174777,0.13757119992958225,0.17700065412275012,0.07083846125718829
4838,0.21652340566006506,0.1373861531042932,0.17683746469999304,0.0707554871650864
4839,0.21626173173549204,0.13708795322423273,0.17624248908945972,0.07062943504416869
4840,0.2160005355723908,0.13696922732395794,0.17598228537226845,0.07047286839722947
4841,0.2157398181337629,0.136751215326417,0.1754081911395275,0.07031841778110375
4842,0.2154795785180387,0.13680208159788487,0.17500557621662133,0.07019746095708664
4843,0.21521981564291257,0.1364672019694002,0.17454244108189546,0.07010324678326942
4844,0.21496052961661102,0.1365638688644452,0.1741262366616336,0.07005153892472654
4845,0.21470171963444803,0.13651301953827136,0.17353700471911848,0.07002717335070266
4846,0.21444338562350385,0.13672503373192368,0.17321974900434972,0.0700163513039536
4847,0.21418552616617473,0.136476565068819,0.172582937141891,0.0700165728434336
4848,0.2139281419785582,0.13672358506424087,0.17208926824665188,0.07000124227438269
4849,0.213671231547596,0.13664575171903118,0.17165758682278856,0.06995299476585515
4850,0.21341479457397536,0.13698280788881745,0.17101393060562162,0.06986326286865492
4851,0.21315883102347769,0.13696522763854313,0.1706139038237225,0.06973194619330121
4852,0.21290333967731057,0.13736690214130898,0.17002088209744937,0.06959141374210061
4853,0.21264832034729925,0.13729538276989608,0.16986234060020597,0.06947241604658855
4854,0.2123937721043126,0.1375239529353713,0.16923073294293095,0.06937658528791098
4855,0.2121396953249293,0.13753390556031203,0.16922884877392141,0.0693103183654914
4856,0.2118860884552746,0.13742962105673023,0.16874054518215267,0.06924780537883239
4857,0.21163295160606083,0.13730188350673478,0.16911599146320722,0.06918866376503108
4858,0.2113802842023256,0.1371250289687711,0.16846885018915278,0.06911818346104699
4859,0.211128085215771,0.13689983201900144,0.1687698133884544,0.06903968110599189
4860,0.21087635476009453,0.1366903606063587,0.16854779281188886,0.06893725073293823
4861,0.2106250913580673,0.1364588755230288,0.1696943883445268,0.06882694558409301
4862,0.2103742955172694,0.13620718665007545,0.1690854954991222,0.06869519314854751
4863,0.2101239655575203,0.13610067891923958,0.16980632526681483,0.0685560029758112
4864,0.20987410229049375,0.13592999056375654,0.16930101878083864,0.06840754570252258
4865,0.2096247039371634,0.13600801630337686,0.17028181123530525,0.06825800325116144
4866,0.20937577073744304,0.13576094932545774,0.17012838906021008,0.06811190688417526
4867,0.20912730187650944,0.13589022292746708,0.1700569479094872,0.06796715661255907
4868,0.2088792966901806,0.13568425203743914,0.1696751238239746,0.06783191848052343
4869,0.208631754657164,0.13581829030942344,0.1692166008926789,0.06769914283912913
4870,0.2083846750709451,0.13557165821600223,0.1693854483084101,0.06758001025276858
4871,0.2081380577293367,0.13568244427226206,0.16881969292289567,0.06746356808801433
4872,0.20789190151785972,0.13564226002589672,0.16844096906027461,0.06736359702806068
4873,0.20764620646047763,0.13590757913257012,0.16832870115676996,0.06727466321214129
4874,0.20740097154920056,0.13581423472023013,0.1677831976873239,0.06720677604755232
4875,0.2071561965678162,0.13634849944440247,0.16789140234542113,0.06716401980907288
4876,0.2069118805629371,0.13628801703511756,0.16727091404439168,0.06714449148744457
4877,0.206668023305789,0.13703197609691606,0.16734704009605117,0.06716233970362209
4878,0.20642462409866855,0.13683920268046101,0.16672518691347818,0.06718122245910338
4879,0.20618168193234343,0.13764307011423613,0.16689954285053205,0.06721812685027578
4880,0.20593919712580316,0.13740714031233703,0.16632375349676307,0.06722152666135514
4881,0.20569716813475408,0.13814744631037557,0.16615952404864295,0.06718848719837234
4882,0.20545559502731656,0.13789136511025346,0.16571616254185606,0.06710656217504299
4883,0.2052144768954487,0.13853826300976504,0.16522362065085694,0.06698008032500657
4884,0.20497381351092744,0.13830607542005124,0.16456544634969575,0.06683850967487308
4885,0.20473360358800383,0.13886866940497267,0.16408220296835543,0.06671509919714291
4886,0.20449384744164983,0.13859785543888026,0.1633896178452968,0.06661848053688162
4887,0.20425454366512344,0.13896777638320293,0.16286382913576145,0.0665720154901602
4888,0.20401569200188546,0.13871300206749682,0.16229474820675127,0.06656595808739035
4889,0.20377729148065415,0.13889899461828867,0.16192299506103797,0.06659380334131117
4890,0.20353934251044764,0.1386815884001939,0.16127405828603658,0.06667354316214356
4891,0.20330184296999398,0.1387618641887058,0.1609930584238616,0.06675215406178073
4892,0.20306479383798,0.1385495585946768,0.16028133829864868,0.06684185661369406
4893,0.2028281935206848,0.13863495616339513,0.15994342472049075,0.06686555893601351
4894,0.20259204182828405,0.13855058288903785,0.15928625765257803,0.06681072737896905
4895,0.2023563376847141,0.13856116798669194,0.15877110474389325,0.0667026154112701
4896,0.20212108126403555,0.138374486913302,0.15819152405016085,0.06659960852244992
4897,0.20188627091084344,0.13827292520877557,0.1575828234087069,0.06655054697479905
4898,0.2016519066717759,0.13805228136374506,0.15727102202947188,0.06654727350774577
4899,0.2014179882469259,0.13791129151999437,0.15659340280096554,0.06655262086004171
4900,0.2011845142715531,0.13768569495374347,0.15622612221187568,0.06656046557395759
4901,0.20095148480298228,0.13753086718930715,0.1555599597099095,0.0665527479286418
4902,0.20071889867652837,0.13727157019189343,0.15503680098254488,0.06651129384371127
4903,0.20048675592192855,0.13708784501103846,0.15441407998633003,0.06643771136971635
4904,0.2002550546540613,0.1369010188957954,0.1538296948322405,0.06635216129157902
4905,0.2000237960425881,0.13666780922370653,0.15329747472585323,0.06623496499201696
4906,0.1997929776263984,0.13658889010004413,0.1526928705739271,0.06610905096166665
4907,0.19956260034676854,0.13634564021992138,0.15221529071434542,0.06597975333936183
4908,0.19933266238265226,0.13629958672641332,0.1519163945736972,0.06585307036916546
4909,0.19910316438278758,0.13608366139955344,0.15125356773364348,0.06574134093217285
4910,0.1988741041186909,0.13612784151333954,0.15100827612811335,0.06562760092140506
4911,0.19864548269674512,0.13600670446594948,0.15069198659430613,0.06552224359335665
4912,0.19841729777150155,0.13619284113389443,0.1509974200614897,0.06541830648366415
4913,0.19818955032143606,0.13600066529268007,0.15033977587098749,0.06532038612116758
4914,0.19796223819754905,0.13624410170548867,0.15067193863105127,0.06521607692394045
4915,0.19773536221301932,0.13604731628961902,0.15054613044470716,0.0651223114910386
4916,0.19750892036308,0.13634120955635315,0.15162083218520778,0.0650271379070976
4917,0.19728291330683084,0.136106389584232,0.15128582535925722,0.06493855461248867
4918,0.19705733940727468,0.13646003298012233,0.15171193424624219,0.06485592812034255
4919,0.19683219867354135,0.1363422464407988,0.15129114213318307,0.06479451077465317
4920,0.19660748989284724,0.13682199865550992,0.15198762104731364,0.06474723045103431
4921,0.1963832128755638,0.13661129307718417,0.15183853599859587,0.06471948869230665
4922,0.19615936673953774,0.1371639858117847,0.15166744201858123,0.06472529995966757
4923,0.1959359512525806,0.13699337041107246,0.151402883827318,0.06474176401221415
4924,0.1957129650765571,0.13767721373959177,0.1511109614624896,0.0647838537586435
4925,0.19549040840710255,0.13738638086334543,0.15098311002870776,0.06481991976876962
4926,0.19526827989346546,0.13800923048058744,0.1505857250967337,0.06485681168700763
4927,0.19504657923067717,0.1377947289037863,0.15049817063267654,0.06485292394015373
4928,0.1948253055146072,0.13842920133190542,0.1500703024958137,0.06481245981437876
4929,0.19460445844643037,0.13819962894294263,0.14978575735145824,0.06473439765621225
4930,0.19438403686365183,0.13877782155669463,0.14976515558140516,0.06461803143271064
4931,0.19416404071996343,0.1385013777788604,0.1494924104310036,0.06449177670681738
4932,0.19394446923899286,0.13905531435531815,0.1495950794780534,0.0643722067069336
4933,0.1937253212771167,0.13878228107319104,0.14917848234780942,0.06426883837784256
4934,0.19350659717566437,0.1391407675857812,0.1494698396469698,0.06420200760239264
4935,0.19328829510343842,0.13892302602754458,0.14893349744541218,0.0641610790916883
4936,0.19307041557238605,0.13893387627378398,0.14916361236881842,0.06415862277452748
4937,0.19285295650062853,0.13868531253838456,0.14866367634459285,0.06420513679276485
4938,0.19263591906635463,0.13855756018752255,0.14887643245401164,0.06427432048747565
4939,0.1924193002581704,0.13834589645053869,0.14846408094730856,0.06439436167106011
4940,0.19220310253570558,0.1381443661281168,0.14896153667878623,0.0644816913727855
4941,0.1919873216146205,0.13810900412818353,0.14851871457754406,0.06453222420501864
4942,0.19177196078893408,0.13782539643664118,0.14859624427017493,0.06450309201520896
4943,0.19155701476673356,0.13782193960676453,0.14811370384848835,0.06440672098722314
4944,0.1913424888204375,0.1375473800827584,0.148006749471616,0.06430548264675462
4945,0.1911283746965664,0.13751052282992737,0.1474816509633979,0.06424942080785988
4946,0.19091468116782323,0.1372219604482752,0.14734393609090377,0.06424930390690374
4947,0.1907013961500916,0.13716103344602876,0.14681236852587323,0.06430495974970096
4948,0.1904885328408916,0.1368774265543498,0.14667181380294655,0.0644022042490738
4949,0.190276073301449,0.13683510072029115,0.1461085166297751,0.06449722754649906
4950,0.19006403897910848,0.1365544069571942,0.14595681473980945,0.06463023767338819
4951,0.1898524010204287,0.1365916114872775,0.14541001216561106,0.06472681860304667
4952,0.18964119470839355,0.13629443430448085,0.1453364772058385,0.06479094324373612
4953,0.18943037359333242,0.13635680502158193,0.1447396914435833,0.06479186576728117
4954,0.1892199964461662,0.13604417650587142,0.1447169663251932,0.06471844018313758
4955,0.1890099855895501,0.13616552880486693,0.14412425846798274,0.06461084692146038
4956,0.1888004413133254,0.13584478290615423,0.1440702111058578,0.06452741714708086
4957,0.18859123300325073,0.13590931657109911,0.14350046969584257,0.06448569705019509
4958,0.18838253151838555,0.13560494330364947,0.14330525492088703,0.06448829433203206
4959,0.1881741156170929,0.1356057359841147,0.14271689249843866,0.06450165932887358
4960,0.187966281525809,0.13531056358380575,0.142463810504989,0.06451007079530253
4961,0.18775864853716231,0.13527282856609563,0.14188922163229242,0.0645137477169807
4962,0.18755174190976048,0.13497700997049716,0.1417409318274894,0.06450126373299692
4963,0.1873449018687553,0.13489929612667192,0.1411440083879761,0.0644619364367037
4964,0.1871390796158081,0.13469579318349437,0.14084414253950542,0.0644090137277522
4965,0.1869331365777015,0.1347063000171279,0.14022582907650055,0.06432992312839934
4966,0.18672884349237415,0.1344570417918812,0.1399114410040177,0.06423526577900998
4967,0.18652429089220476,0.13451279055023796,0.13935344052602303,0.06412061068272736
4968,0.18632287355722554,0.13421883133366588,0.13919452733100382,0.0640008075005498
4969,0.18612171326768046,0.1341963984887134,0.13859230726169366,0.06387500035501799
4970,0.18592739179196222,0.13391762842337085,0.13846772792562714,0.06374965506349846
4971,0.18573716586146094,0.13380626184495087,0.13788495633449652,0.06363260097588916
4972,0.1855627309960893,0.1335395991036101,0.13780456918584677,0.06351922387492548
4973,0.18540898188172836,0.1334282559474468,0.1372355027001661,0.06342457085476648
4974,0.1852880516377153,0.1333025491047461,0.13725662126943977,0.06333777223623742
4975,0.18524241266197045,0.13304035959623917,0.1368539697097428,0.06327383486888273
4976,0.18524109938155597,0.1330643491880869,0.1371432937089126,0.06323632686331031
4977,0.18545778080248995,0.1327989385012131,0.13663505259903233,0.06323669550430462
4978,0.18561032950337047,0.1326363110535765,0.13707260356267986,0.06329406992593037
4979,0.18609517173346285,0.13233258284302626,0.1368203180993274,0.06338553010504576
4980,0.18611779854112517,0.13221778878208215,0.13771904143208488,0.06356049184375233
4981,0.18603442287765767,0.13211798241702752,0.13723968183211113,0.06370599353165786
4982,0.18614999466608148,0.1322749375799119,0.13826528671711827,0.06384429546626512
4983,0.18622248354249438,0.13204199593775723,0.1382152271656626,0.06388913679366254
4984,0.18614039848226163,0.13218222835566287,0.1398057051064287,0.06383256493438004
4985,0.18606116187242566,0.13191068400639946,0.13935336942126675,0.06372502336252804
4986,0.18607329215650323,0.13197639774332606,0.1407768286722677,0.06364257537352373
4987,0.18609983924550288,0.13170089326582762,0.14041349890448876,0.06363250463343852
4988,0.18597635117536215,0.13181448849932353,0.1416987133425961,0.06370397693742322
4989,0.1858139100436439,0.1316111864935013,0.1415519414343608,0.06383465584449333
4990,0.1857664301706892,0.131892165473769,0.14214409461241817,0.06397359487775166
4991,0.1858050584479287,0.13160477798942383,0.14232664599272113,0.06417533640713874
4992,0.18609344303754433,0.13189693435435332,0.14235439973578087,0.06431528972998884
4993,0.1862659956809597,0.13169953733615888,0.14321782736939884,0.06440353748690138
4994,0.18681740104010933,0.13199677533664453,0.14283030837458827,0.06440680786424473
4995,0.18678221329473982,0.13175120725345468,0.1434113272072343,0.06432244797926472
4996,0.1867787321257063,0.13196225447819923,0.14301364036775405,0.06424081703118403
4997,0.18700019550698732,0.1317836902695344,0.14320746876289583,0.0642133846637255
4998,0.18694989817403732,0.13205333767798136,0.14282990800296472,0.06423496169985463
4999,0.18717684307385338,0.13186837297428902,0.14258596991120795,0.06428401316094322
5000,0.187479600640848,0.13209744558548442,0.14233990134243354,0.06429582211910172
5001,0.18749215412343473,0.1324942128619694,0.14197369381444233,0.06426290067020349
5002,0.18792858228374046,0.1323058109161593,0.1417181365337618,0.06420080565405017
5003,0.18852321685630027,0.13262025211492687,0.14140805668079567,0.06411884548088825
5004,0.1888460577578881,0.1325538380986036,0.14107211821505036,0.06402038541056775
5005,0.18940625416034812,0.13256331244362923,0.14077924731846658,0.0639193038706727
5006,0.18970675973734027,0.13234525489081705,0.14035260880784864,0.06382710794664159
5007,0.1900840186449238,0.13223960873418464,0.13999118892588316,0.06375003210337411
5008,0.19028797111219203,0.13205418824577078,0.13968543413040968,0.06369892701691184
5009,0.19057849495195772,0.13204213173974677,0.13931933885404096,0.06365142290626828
5010,0.19095021126355985,0.13190041687543372,0.13902692683830364,0.0636188735411633
5011,0.19114412790448354,0.13176337613833847,0.13884530589023175,0.0635951553940116
5012,0.19141041018624172,0.13165589853378173,0.1384961491380003,0.06355817517226357
5013,0.19145970999452422,0.1314289438155122,0.13856921416694817,0.06350502977602177
5014,0.19173915626440885,0.13135310794186525,0.13807964710376833,0.06344818270984619
5015,0.19172591148019605,0.13123203007599285,0.1382424570187062,0.06336998134869498
5016,0.19199489311222603,0.13132937187730737,0.1377533870021185,0.0632779566975243
5017,0.192266999031928,0.13126533065716992,0.1380589183593912,0.06317487415873985
5018,0.19235597021046796,0.13155514941546487,0.13749445808580985,0.06307780430850099
5019,0.19266802466144353,0.13149199120654168,0.13767514032446254,0.06297001475828168
5020,0.19271296402998497,0.1318686395390951,0.13717354398165293,0.0628749254404986
5021,0.19281028605158484,0.13202727002964446,0.1370566157867838,0.06278979362986352
5022,0.19294449425351665,0.13264062312494415,0.13657829591798154,0.06272568564210987
5023,0.19283110884963295,0.13259400185907327,0.13621054871542448,0.06268320285011512
5024,0.19292574606748963,0.13311450874487182,0.13570829310134105,0.06268767657655513
5025,0.19279905864792782,0.13357334593635026,0.1352417202213729,0.06275985060137158
5026,0.19287950322806163,0.13450902151219762,0.13475717758567524,0.06286093039101996
5027,0.19280667829988166,0.1353073147427733,0.13419275110245618,0.06305434400784676
5028,0.19278333942612816,0.1353664439057794,0.1336898536132416,0.06321875471098191
5029,0.19277138348221548,0.13602118988134554,0.13325656591923182,0.06336383351069542
5030,0.19267643278964527,0.13610463194848696,0.13268255245968846,0.06340390046924296
5031,0.19264815788771622,0.13637414899133238,0.13218837792966914,0.06334444173599275
5032,0.19252302809033095,0.1368721998361675,0.1317207637686242,0.06323656835389999
5033,0.1924873529011642,0.13697234076396012,0.13118656445440138,0.0631643280215358
5034,0.19238773415817478,0.13746627658083743,0.13074900218895782,0.06316730177744317
5035,0.1922993634241123,0.13752803426387242,0.13022661328676688,0.06325614334878692
5036,0.19223465793819272,0.138170438865029,0.12989284805104936,0.06342326862256907
5037,0.19210521684407256,0.13875150272116776,0.1293390201346505,0.0635951090549725
5038,0.1920125336295011,0.1389874403797973,0.12903718820586438,0.06383661571163149
5039,0.19188889771888165,0.13994220123417894,0.12854497571215046,0.0640025182545495
5040,0.19176982504123577,0.14050732977290037,0.12830138912088213,0.0640916665529619
5041,0.1916532872957005,0.14204962321831374,0.12782751059472094,0.0640776783163084
5042,0.19151710772135155,0.14231601747244615,0.12748374044212651,0.06399057738676019
5043,0.19140879891327084,0.14394939817893673,0.12696156580254694,0.06394750206327314
5044,0.1912695110487147,0.14411594778069484,0.12678544095905844,0.06396803931159373
5045,0.1911369083912084,0.1449663084692735,0.1263894701410081,0.06402376068019651
5046,0.1910105376023777,0.14559325660762623,0.12624935274401156,0.06408804374209905
5047,0.19086975361993613,0.1455881161870554,0.12582873687717613,0.06409577891166512
5048,0.19073473134218177,0.14619392411809015,0.1258001687750149,0.06404261973827656
5049,0.19058924049031103,0.14657734541834735,0.1256296504579786,0.06396074124598679
5050,0.1904535342393476,0.14651865851640838,0.12602396296804189,0.06387047953438815
5051,0.19030886995319346,0.14697207477615612,0.12562272243011618,0.06379312114700075
5052,0.19015962673782083,0.14740683610455896,0.1261843235270427,0.06372628889767303
5053,0.1900220306438372,0.14733611826191964,0.12577532139625774,0.06367916346467072
5054,0.1898711104990265,0.14735755250958274,0.12645117293403726,0.06367167152809254
5055,0.18972149250945636,0.14765141481138402,0.1259616273563548,0.06370115017526265
5056,0.18957476354042796,0.1474382974100088,0.1266877457341546,0.06374346328357608
5057,0.18942134282690593,0.14774213924681298,0.12619720778126092,0.06377259114898098
5058,0.18926934973447426,0.14757618319816168,0.12698893057023247,0.06379061476309368
5059,0.18911448034789965,0.1478361230208739,0.1265419345020528,0.06375806228682074
5060,0.18896155441125742,0.1475955100484136,0.12695671082266577,0.06367087484252056
5061,0.1888054663568921,0.14767915695228237,0.12651264389421352,0.06355822398107343
5062,0.1886446960340864,0.1474254795498795,0.12652570660313314,0.06342971734320758
5063,0.1884913687292024,0.14747955653758954,0.12600798442773564,0.06331212985694468
5064,0.18833030592968247,0.14722939034848065,0.12590031137758348,0.06323402867647915
5065,0.1881674209674899,0.14730877089173502,0.1254507274114241,0.06318738841777786
5066,0.1880096906008147,0.1470379791285351,0.12514615541580992,0.06320603071249441
5067,0.18784464554783298,0.14702648292967443,0.12480488857485346,0.0633175720940424
5068,0.18768062034108243,0.14675156878067872,0.12448334051069111,0.06347522309492439
5069,0.18751597716217525,0.14665610817423116,0.12395863031584735,0.06377939514408566
5070,0.1873499661726522,0.14646068330507872,0.12365828696560904,0.06404405511473225
5071,0.18718389187357642,0.14646849254155547,0.12326191997246286,0.0642724697035485
5072,0.18701501304729395,0.1461877435430881,0.12307054546615806,0.0643269003911042
5073,0.18684879150086606,0.1462233776379448,0.12276683307971893,0.06427347298378076
5074,0.18667925337882613,0.14594126523037032,0.12278572649394805,0.06431751300193125
5075,0.18650839980494888,0.14595740593382994,0.12240689864315973,0.06439342142754065
5076,0.18634022045423396,0.14576232854959603,0.12263433571993786,0.06450403570041259
5077,0.18616779228551417,0.1459150352465863,0.12256379655721387,0.06460987395940397
5078,0.185995420088045,0.14571496895907485,0.12333705600947681,0.06459309769236726
5079,0.1858244193585047,0.14604289407976837,0.12287398179806858,0.06452157015571608
5080,0.18565045833938779,0.1459123765808456,0.12363808988838917,0.06446642748006698
5081,0.18547653761156155,0.14640977564009053,0.12337518917728821,0.06446214370621814
5082,0.18530349716603217,0.1461388478330201,0.12445053509894902,0.06458673461643463
5083,0.18512879119306147,0.14659523459555399,0.12414314609490064,0.06477748547875153
5084,0.184953335842762,0.14690435514917258,0.12475713130101732,0.06491931969768158
5085,0.18477849004634328,0.1480679928699129,0.12463959917251086,0.06512236414598545
5086,0.18460293032643368,0.14795918373992523,0.12462336898056217,0.06523422843869413
5087,0.1844262902943426,0.1488343544372601,0.12466982873674327,0.06517830294914649
5088,0.1842501807879028,0.14863754513793578,0.12443403249831816,0.06511091131658474
5089,0.18407400827216863,0.1491012040405842,0.12473936003750422,0.06507480886389974
5090,0.18389662333425427,0.14891747778579348,0.12434327757494863,0.06515738154402487
5091,0.18371965732689055,0.14904696997448932,0.12469700857978817,0.0652863744717226
5092,0.18354291709037943,0.14887180211494772,0.12424788735408966,0.06526828008105641
5093,0.18336492420523143,0.14879351822970963,0.12433006247631896,0.06518362769676232
5094,0.18318708285447158,0.14850619465581041,0.12390325431984586,0.06509090596490372
5095,0.1830096188936798,0.1484349703634193,0.12367879503860761,0.0649996792861124
5096,0.18283106501069266,0.14813855780687812,0.1232863995228452,0.06500570901213672
5097,0.1826525407563772,0.14794236952249457,0.12295448441204258,0.06501001290257964
5098,0.1824745402424101,0.14766198929350402,0.12278738630845697,0.0650503404374402
5099,0.1822956625987775,0.1474327042613906,0.12245119810668935,0.06525191818098762
5100,0.18211673444469248,0.14717914673213262,0.12236818862372965,0.06544518723051683
5101,0.18193836816243883,0.14687272067143498,0.12200886650947164,0.06561441693023971
5102,0.18175931874266635,0.1466660352094482,0.12190855787504672,0.06569956307000965
5103,0.1815801608514753,0.14633119319921167,0.12166029076548711,0.06565503031794097
5104,0.18140154212773474,0.14609272347981933,0.12179613813506454,0.06560788484599388
5105,0.1812223992563835,0.14576803971588342,0.12146639852661552,0.06561881437301899
5106,0.18104320311560393,0.1455132465448323,0.1217886909791439,0.06567031799483561
5107,0.18086451611842844,0.1451875091413072,0.1216894305741011,0.0657489361067327
5108,0.18068544032332579,0.1449974692547385,0.1224727178142719,0.06577026102542516
5109,0.1805063810259895,0.14466420491915383,0.12203389897218035,0.06571540017445027
5110,0.18032775340310483,0.144461792103122,0.12275095382269016,0.06564135381948494
5111,0.1801488039224951,0.14410399998571669,0.12247554682188472,0.06555736624175991
5112,0.17996990742956095,0.1438431111363765,0.12320768035263606,0.06546133566185644
5113,0.17979137131123885,0.14349434416629425,0.12299899447394523,0.06537392362045384
5114,0.17961256464687034,0.14325570661072298,0.12335715246562244,0.06529527575737934
5115,0.17943385407672635,0.14292982888038597,0.12321044866427812,0.06524066963033742
5116,0.179255483120835,0.14277692003194556,0.12322403176077443,0.0652235051708488
5117,0.17907692102468595,0.14241664892761255,0.12325855725173256,0.0651881950281295
5118,0.17889849584709436,0.1422211737237543,0.12310193975686483,0.0651402001321387
5119,0.17872040862146027,0.1418677478219727,0.12338238031337675,0.06509147900070959
5120,0.1785421778263092,0.14165298950073432,0.1232915339176886,0.06500782094628943
5121,0.17836409141942233,0.14133325479455613,0.12392095615058119,0.06488378352573938
5122,0.17818633169967651,0.14116389054897113,0.12393408343617471,0.06475059701185097
5123,0.1780084756961628,0.1408626228146103,0.1249454086263615,0.06461709716812786
5124,0.17783078260225674,0.14078460829016917,0.12566314770112044,0.06450436152146792
5125,0.1776534197004002,0.1404943055064685,0.12773139836287795,0.06442580053772433
5126,0.17747601893462925,0.14045797911179073,0.12922411800511702,0.06436233445920621
5127,0.17729879964008285,0.1401757401632274,0.13136439033449102,0.06435785036266828
5128,0.17712189867116138,0.14023187688439784,0.13234408901799427,0.06444064623577972
5129,0.1769449921067962,0.13997664778721777,0.13322455408893055,0.06455706635843973
5130,0.1767682673551814,0.14012131781959022,0.13402647816303345,0.06479541101761266
5131,0.17659183177691098,0.13984599724412528,0.1347649154636843,0.06501535257214373
5132,0.17641542755489262,0.14007733305842243,0.13576574477012635,0.06520714506741858
5133,0.17623922233153247,0.13986451971690167,0.1364334341485152,0.06524710690426641
5134,0.17606329428638146,0.14018723090285565,0.1371289478895721,0.06517585763262534
5135,0.17588744274621362,0.1399758622945153,0.13798494676476258,0.06513555797184199
5136,0.17571181426740154,0.14039763149582338,0.1384460087947295,0.06515490950068797
5137,0.17553644690097245,0.1402948494655706,0.1395294293562989,0.06524821890795092
5138,0.17536118698546796,0.14094928412246738,0.14063688247172212,0.06536745235795122
5139,0.1751861655405129,0.14069405053558443,0.14125828780225713,0.06543704326025615
5140,0.17501138614973255,0.14137911041806123,0.14235411812617738,0.06543621868500223
5141,0.17483674290330317,0.14115817556745144,0.14402642996381795,0.06540749681877409
5142,0.17466235754336917,0.1419002166965753,0.1444095122984268,0.06533887679481634
5143,0.1744882035851589,0.14156438839087926,0.1470211619197348,0.06524879750706115
5144,0.17431421162564664,0.14223609125357659,0.1472126541811333,0.06515731448754045
5145,0.174140490931425,0.14200485724111975,0.1490362613514224,0.06507456154215088
5146,0.17396698785222492,0.14273711612334924,0.14984900698054363,0.06501212635937892
5147,0.17379366242376096,0.1423883247391236,0.15256769913557777,0.06497249787071888
5148,0.17362061191568923,0.14302486174188783,0.15247659289878351,0.06491516740217254
5149,0.173447767676137,0.14273234302593588,0.15452658230029992,0.0648630875539181
5150,0.17327511620189714,0.14325962321156613,0.15430491966312834,0.06480290462795053
5151,0.17310274369063613,0.14298075369286914,0.15591324623862474,0.06470965914953042
5152,0.1729305757864272,0.14327992060290712,0.15649071759377411,0.06458732715193825
5153,0.17275861888988686,0.14301605064821146,0.15688732846488287,0.06446063232709642
5154,0.1725869431322728,0.14303351922786378,0.15826350290400149,0.06432920625101256
5155,0.17241547415703162,0.1427732267786946,0.15860139266849166,0.0642034730921986
5156,0.17224423127973604,0.14259277508130536,0.15939932624645234,0.06408982399723166
5157,0.1720732669622135,0.14252327833603828,0.16013862536575568,0.06397918196025618
5158,0.17190251289548983,0.14231303496172878,0.16042487028914282,0.0639087914613571
5159,0.17173199886371715,0.14239755324096282,0.16098684891811854,0.06387981299477297
5160,0.17156175904692653,0.1421448396773432,0.16175578994655193,0.06388884459359337
5161,0.17139173756867648,0.14227650647070386,0.16202740963659543,0.0639818592970647
5162,0.17122196876042425,0.14206611127811516,0.1621143260641627,0.06412683049498022
5163,0.1710524687018223,0.1423278136039978,0.162082867722504,0.0643649026037229
5164,0.17088319467763455,0.14202469214253421,0.16197970060754527,0.06454465251759371
5165,0.17071418095177243,0.14230364275555343,0.16180440295399195,0.06469096976245645
5166,0.17054542784928023,0.14202761216975876,0.16160683429216682,0.06471309768010255
5167,0.17037690764311614,0.14235013361347257,0.16145833285019806,0.06462396097558072
5168,0.1702086532088357,0.14203942947295484,0.1612289266482636,0.06454088021848793
5169,0.17004065411679875,0.14235321713779012,0.16134558915011835,0.06451749301154439
5170,0.1698728976708963,0.14217464212951234,0.16105294057548408,0.06458892715442209
5171,0.16970541227546235,0.1426294922724891,0.16111538185818614,0.06473246840827851
5172,0.16953817914192407,0.14236511646109826,0.1608966965423238,0.06492837411092939
5173,0.16937119761674602,0.14274289623256542,0.16099098957514646,0.0650811031116057
5174,0.16920448845321795,0.14249646383801337,0.16082116469780436,0.06526118703295723
5175,0.16903802900446924,0.1428037192020599,0.1608156690237875,0.06534594859105235
5176,0.16887182853505614,0.14263675402882842,0.1605007177376041,0.06531719910075044
5177,0.1687058997890535,0.14279337918213736,0.1603048804169204,0.06522514474439052
5178,0.1685402216370603,0.1425603445908623,0.1600895887614239,0.06512110093521267
5179,0.16837480923528364,0.1425526575454564,0.15989251680003524,0.0650716964905784
5180,0.1682096673495859,0.14267248816439992,0.15953535344301792,0.06508118122831472
5181,0.16804477776988302,0.14244632939610619,0.1595600979035739,0.06509530692264845
5182,0.16788015772394485,0.14262942904619544,0.15907288503709976,0.06511270469149533
5183,0.1677158049665209,0.14241404767487176,0.15895343863272765,0.06511328951410433
5184,0.1675517068297636,0.1423445135513987,0.15850752258922626,0.06506571816584737
5185,0.16738788044368125,0.14218568382690305,0.15822692751485692,0.06497780819772796
5186,0.16722431877159144,0.14200181931396133,0.15791565857960677,0.06487895663574507
5187,0.16706101619531968,0.1419478282882681,0.15745932899830697,0.06476189861641769
5188,0.16689798654276727,0.14177131640611995,0.1571265086909635,0.06464122747105075
5189,0.16673522052483045,0.14193329607084806,0.15667525982326166,0.06452414516630872
5190,0.1665727182363634,0.14178199446610845,0.15624396610958016,0.06440695401867716
5191,0.16641048839980307,0.14187253823658005,0.15593918644765234,0.06431458205437944
5192,0.16624852178286867,0.1419041905102757,0.15541420024442734,0.06423594284024342
5193,0.16608682249338202,0.14171916089019568,0.15504628166186715,0.0641709128762451
5194,0.16592539434037676,0.14159337915334685,0.1545231202720653,0.06412368622076425
5195,0.16576422982646294,0.14152559541393633,0.15405823698269305,0.0641030814547703
5196,0.16560333586004178,0.14147521433200108,0.15377945999927908,0.06409812858071114
5197,0.16544271115496026,0.14142119457404653,0.15320957878627575,0.06410661652661218
5198,0.1652823518720885,0.14127933704026474,0.15289496679621348,0.06416390714510747
5199,0.16512226464431531,0.141458368433536,0.15234417610474713,0.06424051616293337
5200,0.1649624448185353,0.14132566907366695,0.15186154720913894,0.06435720689081784
5201,0.16480289209463778,0.14135061785647055,0.15132346883503006,0.06446111003953932
5202,0.16464361126185878,0.14170283126601016,0.15083075807694885,0.06457887957018339
5203,0.16448459650885563,0.14165994628051512,0.15025101354326667,0.06462895669216032
5204,0.1643258507083841,0.14176348751545642,0.14976819050537168,0.0646123552160784
5205,0.1641673760531769,0.14177689641075225,0.14918118660344215,0.06453818225016324
5206,0.16400916752314457,0.14177077388053247,0.1487174899728912,0.06441627282118427
5207,0.163851229298529,0.14193010070332568,0.14815317578202536,0.06429466008947093
5208,0.1636935614645681,0.14193091642450928,0.14772151652091692,0.06421646500466288
5209,0.16353616004576293,0.14224705315961123,0.1472037860165005,0.06418242362664472
5210,0.16337902970606316,0.14223742645851783,0.1468893888678248,0.06421408225833078
5211,0.16322216826045752,0.14249304061569423,0.14631840062968357,0.06432022261572386
5212,0.16306557423238469,0.14265545760403536,0.1461265653057406,0.0644475061779245
5213,0.16290925117365304,0.14267461166256576,0.14553998136974625,0.06465021306793879
5214,0.16275319613578637,0.14301787564179838,0.14534164907918423,0.06480824946709858
5215,0.1625974095140655,0.14290623663267923,0.144736053744101,0.06491818326812629
5216,0.16244189332720735,0.1433622404625955,0.14445105942276562,0.0649139261902485
5217,0.16228664449741945,0.14352575320675848,0.14384277868379783,0.06482246303275804
5218,0.16213166478476645,0.14345490937959654,0.1435392774979558,0.06474925550120078
5219,0.16197695415392835,0.1438864356826131,0.14293442456130231,0.06473814854023871
5220,0.16182251072191167,0.1437688118584586,0.1425284764679682,0.06478935306658871
5221,0.1616683366812313,0.14408825742808926,0.14200809826012203,0.06487744666339035
5222,0.16151443067726595,0.144418854039236,0.14149127308601,0.06495991103092898
5223,0.16136079231550327,0.14425548786977177,0.14104363934504827,0.06499397206161289
5224,0.16120742312446962,0.14437876914065528,0.1404249627459167,0.06501178431314328
5225,0.1610543207925854,0.14478225522613367,0.1399825472668699,0.06499272489970513
5226,0.16090148636938068,0.14458276040413937,0.13956754316862824,0.06491716924182783
5227,0.16074892046270223,0.14502907346088356,0.1389834044915345,0.0648250456639414
5228,0.1605966209485433,0.14486870202381583,0.13863671645033993,0.0647131091060334
5229,0.1604445896745794,0.14545019281078753,0.13804962272122082,0.06459014044067096
5230,0.1602928255269101,0.1451739341049992,0.13773304285972668,0.06446075019253072
5231,0.16014132774031484,0.14570115225309682,0.1371208631178515,0.0643301516079303
5232,0.15999009757021082,0.14539260303997079,0.13680914689685017,0.06420746557327653
5233,0.15983913371395522,0.14577020457976025,0.1361941069331071,0.06409506419959647
5234,0.1596884361306587,0.14548246885051327,0.1358493317950802,0.06399891767870305
5235,0.15953800550221994,0.1457507873198534,0.13524454334904887,0.06390531750800524
5236,0.1593878403634067,0.14547528475068897,0.1348085386539094,0.06383454059103778
5237,0.15923794145356368,0.14552927110078606,0.13425631719616057,0.06378765660168681
5238,0.1590883081098478,0.14527787080236038,0.133667990726754,0.06376991809759282
5239,0.1589389399501384,0.14517392848828056,0.13313275896398946,0.06380773791444276
5240,0.1587898374014671,0.1449344829734328,0.13253642416935169,0.06389935477552926
5241,0.15864099959361036,0.1446483683472953,0.13201551811322487,0.06408770415033624
5242,0.15849242655588017,0.14450022794633124,0.13141716258478606,0.06426091569345689
5243,0.15834411850006896,0.14420281909582386,0.13095893705606637,0.06446499724356422
5244,0.15819607419585838,0.14419575818058333,0.13054710436619457,0.06456823144651701
5245,0.15804829448292676,0.1439405183213512,0.1300954822584573,0.06454764296562239
5246,0.15790077861974997,0.14407299504282298,0.12969715036214804,0.06444803432407241
5247,0.15775352609352966,0.14379553472063653,0.1291242501659998,0.06434892169079036
5248,0.15760653746537673,0.1439513692961276,0.12860611003507097,0.06431876231539892
5249,0.15745981156301977,0.14373957160501277,0.12815724174532628,0.06438019846578046
5250,0.1573133485241089,0.14404833209436788,0.12762355394928018,0.06450327623773223
5251,0.15716714844504068,0.14374262606997834,0.1272407238759496,0.06464713789901796
5252,0.15702121022620072,0.14410629881118783,0.12669016927019783,0.06486983620119348
5253,0.15687553420813594,0.143838350069464,0.12633808124159054,0.06502634557338847
5254,0.15673012029112784,0.14430727644163474,0.12611414079224184,0.06512928585475715
5255,0.15658496746668663,0.14397475944068147,0.12609741715107986,0.065137512915355
5256,0.15644007642707175,0.1444427497384507,0.1256915639067394,0.06505102026175152
5257,0.15629544617187643,0.14411926459511826,0.1258909517554571,0.06494808933061498
5258,0.15615107647382975,0.14457126538241413,0.1254758596437606,0.06489263951187359
5259,0.15600696757922722,0.1442672708898344,0.12590848765619703,0.06488330349147818
5260,0.15586311842629486,0.14454708583262668,0.12540506384213934,0.06491616305419702
5261,0.15571952925923382,0.14428137155978948,0.12554234740768958,0.06494913251909469
5262,0.15557619979276568,0.14430077002615754,0.12528851680374783,0.06495394539849748
5263,0.15543312935475231,0.14399963184486,0.12586938873976197,0.06494008271874693
5264,0.15529031814239258,0.14388218491865912,0.1255894503722328,0.06489719087238657
5265,0.15514776557017992,0.14366405335002394,0.1256939031139145,0.06480883039468298
5266,0.15500547134435147,0.1434462921170998,0.1254007606037402,0.06470306036574493
5267,0.15486343523878712,0.14342470754602207,0.1255078435276596,0.0645794861858893
5268,0.154721656707444,0.1431906411346948,0.12571900360644417,0.06444982177463218
5269,0.15458013567103263,0.1432390611066838,0.1263727918808712,0.0643175352391085
5270,0.15443887165181605,0.14299212129510422,0.12632289121088763,0.06418299807217952
5271,0.15429786453809125,0.14311670047356678,0.12700654809584835,0.06405347751706043
5272,0.15415711415504862,0.14283129497085933,0.12674726504841194,0.06392801417857213
5273,0.15401661975825884,0.1429872380200411,0.12748826029447152,0.06381971657374308
5274,0.15387638133121298,0.14280942211072822,0.12720591878438592,0.06371768880789043
5275,0.1537363983209934,0.1431737516956883,0.1282043912674565,0.06363805661875793
5276,0.15359667051478965,0.1429153674451431,0.12809481329085132,0.06358362824161742
5277,0.1534571976555134,0.14335271852238782,0.12930099424215324,0.06356500041658873
5278,0.1533179793673813,0.14300338441904573,0.12940850631591402,0.06360629301743527
5279,0.15317901521203156,0.1433918214870225,0.12948273056137904,0.06371159321349795
5280,0.15304030520646456,0.1430465051721848,0.12964544077631956,0.0639542607362124
5281,0.1529018484922034,0.14327045580698655,0.1293399049007168,0.06420141157935831
5282,0.15276364521459132,0.14292884841634668,0.12913123084814626,0.06452307651632645
5283,0.15262569487793087,0.14293349932765928,0.12879831058609287,0.0646944548183943
5284,0.15248799681615266,0.14256941517571894,0.1286073675102294,0.0646877195497894
5285,0.1523505513517214,0.14257754482133575,0.12823397199127834,0.06460407126219234
5286,0.1522133573163407,0.14220508871852724,0.1281405448501812,0.06455872400507137
5287,0.1520764150602439,0.14211818891204867,0.12800611051106534,0.06463180302453818
5288,0.15193972413575188,0.14176295348356452,0.12821181913578303,0.0647712293990296
5289,0.1518032837906069,0.14156373370236192,0.12799982855976863,0.06488851994057027
5290,0.1516670942016531,0.14129695871810918,0.1285166092475197,0.06497312861388553
5291,0.15153115469228953,0.14094472081282836,0.1282724796298267,0.06506603938594065
5292,0.15139546476235696,0.14070248483744766,0.12901774885785378,0.06507375514289566
5293,0.1512600245757982,0.14033621153527864,0.12862170390048697,0.06500349853090369
5294,0.15112483326432274,0.14005057359896994,0.12946325385517637,0.06491292549628677
5295,0.15098989075113825,0.1397137809513716,0.12916849050399298,0.06482432078890621
5296,0.1508551967062862,0.13949770983930573,0.1302715861563613,0.06477035446672148
5297,0.15072075040558722,0.13913915827837353,0.12980242021303642,0.06473691519675119
5298,0.150586552161941,0.13893004524674943,0.13059422736529827,0.06468913919895466
5299,0.15045260082730763,0.1385988825193504,0.13017293850502046,0.06465087897599964
5300,0.1503188966268501,0.1384009315782092,0.13081932955872244,0.06460933275643609
5301,0.15018543919295996,0.1380461105913903,0.13056021009953309,0.06454620989720528
5302,0.15005222749938754,0.13785564230717032,0.13077194870184847,0.06446156785504471
5303,0.14991926213498638,0.137521861219308,0.13044138494698992,0.06437450475929547
5304,0.14978654192909532,0.13737819209226143,0.13023629321891872,0.06426106253503439
5305,0.1496540669837185,0.13703129148314924,0.12994626010643082,0.06413162728869651
5306,0.1495218368008843,0.13685201184626797,0.12958297422920992,0.06399337559356158
5307,0.14938985096929877,0.13656926898638902,0.12918566982863408,0.06385551196483816
5308,0.14925810911946866,0.13657737948361132,0.12889571848247583,0.06371871913795475
5309,0.14912661094969498,0.1362665052162983,0.1284461440351605,0.06358237549344133
5310,0.14899535596144176,0.13631634977809,0.12819846109226848,0.06344996560122602
5311,0.1488643439142151,0.13611090689104946,0.1278192681922344,0.06331881665942325
5312,0.14873357434821,0.13633590273962556,0.1276254485378763,0.06322056644590911
5313,0.14860304686787096,0.1361442844475717,0.12723612024873893,0.06315309974206046
5314,0.1484727612423464,0.13614910426396964,0.1269703759697474,0.06313583135209275
5315,0.14834271699910256,0.13601149966066622,0.12656298854584644,0.06322220090979122
5316,0.14821291377458415,0.13599075296145496,0.12621981382454142,0.06339271637197846
5317,0.14808335126929298,0.13592486009589044,0.12589838584238403,0.06373189230545889
5318,0.14795402885650424,0.13589485221567998,0.12556015962724185,0.06403702054133621
5319,0.14782494643973787,0.1358390295671516,0.12517590958638733,0.06437936580123559
5320,0.14769610344959483,0.13578411607158758,0.12503503636437058,0.06451407774823253
5321,0.14756749951152998,0.13575316913298285,0.12455277815062281,0.06446092906174221
5322,0.14743913447526474,0.13566307365096766,0.12428140903389738,0.06443944813660556
5323,0.1473110074867412,0.1357706314238526,0.12381790103536995,0.06445951148574566
5324,0.14718311882982307,0.13564472021863405,0.12349427837250627,0.06460335439971576
5325,0.147055467577087,0.1359319152282627,0.1231374427576231,0.06480698559593491
5326,0.14692805348841798,0.1358924150038726,0.12273494708960965,0.06491661907836074
5327,0.1468008762086971,0.13642585998983403,0.12237180376504098,0.0649471375553186
5328,0.1466739351525478,0.13630724336721164,0.12195847747510229,0.06498363052729103
5329,0.14654723039886586,0.13694296521780466,0.12168158669768328,0.06494264245746004
5330,0.14642076124780368,0.13681654048212752,0.12130018450324302,0.06489218946156532
5331,0.1462945272505077,0.13751978371478263,0.12103627319496903,0.06487431719567222
5332,0.1461685281154844,0.13726171745451746,0.12060990394956865,0.06489639092986794
5333,0.1460427634400644,0.13778439343968527,0.12048155001873125,0.06500144250897058
5334,0.14591723279258142,0.13752667333093285,0.12009889066082566,0.06509371247608413
5335,0.14579193587261766,0.13803125482579037,0.12013766197962852,0.06509576235634938
5336,0.1456668722685974,0.13773645306846566,0.11969847711451917,0.06504377837678534
5337,0.14554204162564752,0.13811167780056557,0.11973394243133935,0.06496044454907117
5338,0.14541744346294466,0.13784669245881326,0.11926717029954376,0.06484131512872937
5339,0.1452930775241446,0.13805997470219408,0.11924925082166259,0.06472938399947832
5340,0.1451689431361833,0.1378859496981251,0.1187938821215837,0.06462063949814652
5341,0.1450450402867192,0.13788830623698692,0.11885280425994227,0.06454362417214769
5342,0.1449213681252451,0.13799028553994097,0.11842792393430163,0.06453643827926507
5343,0.14479792662624397,0.137700187829777,0.11857830324801247,0.06459875490300292
5344,0.14467471525761036,0.13761880153907455,0.11811557133591884,0.06472753556733103
5345,0.14455173356280884,0.13735853355969638,0.11828017151166535,0.06488977139124223
5346,0.14442898146992195,0.13713802219789648,0.1178942097465085,0.06517358076303506
5347,0.144306458188195,0.13696673262310144,0.11817444954586105,0.06538385857612548
5348,0.14418416344999552,0.136643525322414,0.1177114843004661,0.06552755884812081
5349,0.14406209695842387,0.1363777885557074,0.11792184860587132,0.06555428485111271
5350,0.1439402580334694,0.13610326656113111,0.11753173961661709,0.06547515969734088
5351,0.14381864670428665,0.1357886081759432,0.11777308674391603,0.06541348138182752
5352,0.1436972624411782,0.13554442476681647,0.11732282781943024,0.06540321583770957
5353,0.14357610457767042,0.13521216157147803,0.11748417672300268,0.06543946237089367
5354,0.14345517294781143,0.13494651872457733,0.11705323036225082,0.06553142043693383
5355,0.1433344669985511,0.13460674386656743,0.11719142673419378,0.06563103779658477
5356,0.1432139865691009,0.13431913909369986,0.11674886815309937,0.065675648482092
5357,0.14309373098862901,0.13397983565138288,0.11687760048188262,0.06571655085364038
5358,0.14297369996762505,0.1336628863364257,0.11648601664665789,0.06571991544652143
5359,0.14285389319480574,0.13335083068264508,0.11672566105125852,0.06564324575034002
5360,0.14273431009874019,0.13301090982579908,0.11629015656872707,0.06553141250100367
5361,0.14261495069028557,0.13271423931569956,0.11656788001913497,0.06540912002900937
5362,0.1424958139856249,0.13236799043290662,0.11625642242727635,0.06529313405691882
5363,0.14237690013539697,0.13203391482980034,0.11656350629338694,0.06520531328643465
5364,0.14225820819097879,0.13169871291752386,0.11611948154706665,0.06511527464031655
5365,0.14213973805501068,0.13134936535300862,0.11651727673677142,0.0650284121173822
5366,0.14202148948131618,0.13100908788824916,0.11617771687181457,0.06495214531156043
5367,0.14190346176227508,0.13066000518832024,0.11670819996925355,0.06489205692396519
5368,0.1417856548808612,0.13031354145452628,0.11631749589756861,0.064821886342789
5369,0.1416680680862002,0.12997317233571434,0.1165680706190976,0.06475865489285701
5370,0.1415507009194921,0.12962520159701088,0.11625049592493446,0.064704418697693
5371,0.1414335533214606,0.12929017252954325,0.1165136682564358,0.06464574810169077
5372,0.14131662445063703,0.128939652525597,0.1162352678364833,0.06457193543496655
5373,0.14119991445443753,0.12861400945141627,0.11659916702692862,0.06450895063996823
5374,0.14108342249278147,0.12827218560950399,0.1163932966798659,0.06445450905045776
5375,0.14096714834566665,0.1279463847280399,0.1166551913727666,0.06440734379207595
5376,0.1408510916445192,0.12765891371251165,0.11647986087009109,0.0643744984718852
5377,0.14073525184268842,0.12731402068886272,0.11667022715325318,0.06436853595194014
5378,0.14061962883047602,0.12703063999419756,0.11667432515552098,0.06438294805142987
5379,0.1405042217049161,0.12668876404482943,0.11690670315130891,0.06439188180944264
5380,0.14038903055950136,0.12640406303375193,0.11697081131372264,0.06441823885006741
5381,0.14027405467169882,0.12610497312327607,0.11694672524807331,0.06444238796395282
5382,0.1401592938866648,0.12588604919386387,0.11750353905199305,0.06446241392693827
5383,0.1400447476102809,0.12554853038600206,0.11753334662290779,0.06446351773087582
5384,0.13993041562587144,0.1252890126007603,0.11869465453347128,0.06446104469174324
5385,0.1398162973595661,0.12508859084221893,0.11846766149980442,0.06443719664191512
5386,0.1397023924621598,0.12474916540463575,0.11983457650170463,0.06438154082787963
5387,0.1395887005516182,0.12448580111566096,0.12007443535881994,0.06430545528890161
5388,0.13947522110883537,0.12418748644764617,0.12212482780523949,0.0642041760876592
5389,0.13936195393611842,0.1238620265155933,0.1218316338674545,0.06409088510095745
5390,0.13924889859402612,0.12355928902869447,0.12364407338607365,0.06396607736193212
5391,0.1391360544540062,0.12325461828330952,0.12336300956100422,0.06384366893938041
5392,0.1390234216561734,0.12291466019925178,0.12487059706064033,0.06372389975481979
5393,0.13891099904768645,0.12260534774650948,0.124917088923322,0.06360668673027092
5394,0.13879878699792816,0.12229268753238387,0.12549494959873414,0.06349730574918529
5395,0.13868678444503116,0.12196268302017776,0.12578798265786686,0.06338824043492304
5396,0.13857499145428945,0.12167818329053876,0.12591820989622174,0.06329563074300168
5397,0.13846340749109473,0.12137116395407585,0.1266510256065079,0.06321809707227628
5398,0.1383520318356434,0.12112094334347843,0.1264192652324951,0.0631665625012424
5399,0.13824086486853213,0.12083429668757698,0.12703063089438038,0.06314838620434939
5400,0.1381299051702811,0.12060234371241245,0.1269125580872967,0.06316352080440704
5401,0.1380191534364891,0.12038403098830812,0.12689199930978548,0.06323108997064832
5402,0.13790860832735524,0.12021092157698161,0.12687957067821784,0.06330730266794476
5403,0.13779826985431332,0.12002402801792626,0.12650905248413605,0.06342417762242544
5404,0.137688137756828,0.12000411614212791,0.12647446385161967,0.06351305169535154
5405,0.13757821115276161,0.11974849037005239,0.12614903893593882,0.06358212803052476
5406,0.13746849020109675,0.1197440628510253,0.12616882767973608,0.06358694349850592
5407,0.13735897418878007,0.11967999741112477,0.1258893488670029,0.06353241021856418
5408,0.1372496628251422,0.11981643125689932,0.12591181199355575,0.06342975665912158
5409,0.13714055582382031,0.11970396596541527,0.12565926963686375,0.06329800267050614
5410,0.1370316524370884,0.1198616094346719,0.1255762174098912,0.06317674022053481
5411,0.13692295266004864,0.12005096637294667,0.1254988852232584,0.06310265106836087
5412,0.1368144557911837,0.1206198252069011,0.12594510969899686,0.06308293101293078
5413,0.13670616187171206,0.12053989767337037,0.12558863286431546,0.06313503109109123
5414,0.136598069970469,0.12096358441246222,0.12585680710833394,0.0633007986795481
5415,0.1364901799702654,0.12084965853559977,0.12567011580982004,0.06351846262781005
5416,0.13638249154180507,0.12128374422142572,0.12622931015149125,0.06389005766255995
5417,0.13627500399137177,0.12118307823143322,0.12669604520523328,0.0641518499281369
5418,0.13616771736051905,0.12141068382269055,0.12800344488541396,0.0642830390604566
5419,0.13606063086742812,0.12195427408009649,0.12816910688283017,0.0642535654688
5420,0.13595374419750514,0.12209601153794855,0.12856937637421048,0.06421702299457775
5421,0.1358470572901052,0.1229867089551152,0.12897424524062978,0.06432157270148174
5422,0.13574056919436028,0.12359000455142596,0.1300951945151773,0.06444168551923933
5423,0.13563428014222118,0.12348842421606214,0.13043640930223718,0.06450080662621847
5424,0.13552818902407016,0.12401726921213524,0.13074851494646944,0.06452857857339603
5425,0.13542229624870197,0.12390663556482685,0.1313879576413389,0.06451176528747933
5426,0.13531660077495586,0.12432979122986557,0.1319060546722448,0.0644424009524209
5427,0.1352111026105599,0.12422193506605139,0.13371063025131535,0.06437813930761423
5428,0.13510580117835622,0.12445987206226068,0.13411753889372316,0.06431841872376798
5429,0.13500069601409984,0.12432628643952658,0.13459687133714768,0.0643207630851009
5430,0.13489578701582755,0.1244915929854476,0.13633347336137908,0.06444689291407146
5431,0.1347910733665243,0.1246814561022779,0.13645115448049033,0.06461191131448776
5432,0.1346865553646708,0.12448553675204947,0.1386178854315504,0.06485996500533969
5433,0.13458223176960604,0.12456053338693064,0.13901096121808504,0.06503401846044005
5434,0.13447810295992618,0.12436278071786214,0.13961209783416223,0.0650678557490406
5435,0.13437416792021173,0.12427418788958412,0.14063635300924385,0.0649788069866272
5436,0.1342704267062323,0.12408525377025582,0.1411275251074204,0.06492621180740112
5437,0.13416687874779715,0.12404486487731661,0.1425318781266634,0.0649463618044106
5438,0.1340635235950653,0.12404240124285915,0.14238023278702439,0.06499672909369843
5439,0.13396036119770147,0.12392661697513256,0.14361214243090167,0.06505227178227725
5440,0.13385739083864406,0.12412713985355857,0.1436216453201771,0.06508034877856438
5441,0.13375461217106938,0.12390528666460118,0.14400675899170734,0.06509552985618973
5442,0.13365202492335318,0.12405583477016471,0.144049449909113,0.06513161266895147
5443,0.13354962851894062,0.12405339305516284,0.1440109183359578,0.0651857013574665
5444,0.13344742285181657,0.12443029564784587,0.14380079349601324,0.06523114840026378
5445,0.13334540727973618,0.12420263139226326,0.14367921145721263,0.06526025425045691
5446,0.1332435816609279,0.12459576759193536,0.14343771348044512,0.0652447164723849
5447,0.13314194520197795,0.12437139597075109,0.14319635813512127,0.06515483323211252
5448,0.13304049814296484,0.12470356080238262,0.14312474681878762,0.06503007478516455
5449,0.13293923967295504,0.12459282946872431,0.1428915141390469,0.06492156525524855
5450,0.132838169370067,0.12464594802932222,0.14263765722382957,0.06481915220118599
5451,0.13273728719696795,0.1245054504864454,0.14247337902610316,0.06474530108371924
5452,0.13263659227448407,0.12436643631732211,0.14230265886510055,0.06468110666857713
5453,0.13253608499552397,0.12436523070080446,0.1424533101920353,0.06463074810373903
5454,0.13243576404602742,0.12413393265249978,0.14228031604047003,0.06460305000526488
5455,0.1323356298728994,0.12407740557590063,0.14203682874156034,0.06462257156602408
5456,0.13223568143948544,0.1238613654313181,0.14208302459787733,0.06469499867926246
5457,0.13213591881761572,0.12365265925335443,0.14175934603179202,0.06478650750231102
5458,0.13203634149783136,0.12343731941627481,0.14159006852450123,0.06494174165878491
5459,0.13193694902012124,0.12321113613173647,0.14129179477386034,0.06503959647540775
5460,0.13183774121969216,0.12302760825209971,0.14091854248257488,0.06506011858300273
5461,0.13173871736583645,0.12280232194301874,0.1405584385346405,0.06499067408496961
5462,0.13163987761592685,0.1226560159947346,0.14015281221604098,0.06487086409731757
5463,0.13154122097218143,0.12243214756908426,0.13977340083754458,0.06476855618470193
5464,0.13144274773148953,0.12225466391987201,0.13935112966546262,0.06471841386270735
5465,0.1313444569309986,0.12200076766375566,0.13894188287709855,0.06470675052943978
5466,0.1312463485597308,0.12177327802095358,0.13857937612682303,0.06473978195050793
5467,0.13114842185422165,0.12155269523001688,0.13817833280801645,0.06483331820845246
5468,0.1310506770248343,0.12129346822849703,0.13772767026239327,0.06495418902707341
5469,0.1309531129851102,0.12107985673088364,0.1372610979710082,0.06514779259949806
5470,0.13085573009990165,0.1208102078407987,0.13679864383091742,0.0653081887374464
5471,0.13075852741830374,0.12058800083601316,0.1363319348472184,0.06544223813209361
5472,0.1306615049859659,0.12037156121835431,0.13585478457394554,0.06545111416643817
5473,0.1305646622486745,0.12009756624868308,0.1353766387591534,0.06535139062382658
5474,0.13046799879116008,0.11989558084179898,0.13489751498498467,0.06526262068889777
5475,0.13037151421761023,0.11964278623862157,0.13442122540110113,0.0652442372409903
5476,0.13027520825966393,0.11936639502335165,0.13397841867456958,0.06528176251717517
5477,0.13017908058616706,0.11909550136243434,0.13351551115955984,0.06533228273068635
5478,0.13008313077722075,0.1188251472532556,0.1330285046020195,0.06536313740834986
5479,0.12998735849944765,0.11854631518668994,0.13260343964876353,0.06536490391128527
5480,0.12989176333445546,0.11829954438242146,0.1321488584550445,0.06535222354860207
5481,0.12979634484606226,0.11803658815169,0.13165097189584565,0.06532430799394295
5482,0.12970110292305873,0.11780414302221383,0.13117146077561595,0.06526400841667253
5483,0.12960603688821382,0.11752809260637649,0.1306674029483503,0.06519008280865378
5484,0.12951114674365377,0.11730010639296803,0.13016774901007386,0.06508889592677967
5485,0.12941643166076086,0.11702761243359247,0.12965992141730576,0.06496589488386526
5486,0.12932189180350187,0.11678433985695857,0.12915966811837473,0.06482801527068185
5487,0.1292275261173456,0.11649918137321562,0.12865783775153544,0.06469090528434755
5488,0.12913333515547012,0.11626895364809077,0.12816506073211797,0.06456708555859089
5489,0.129039317517895,0.11601372462031345,0.12772853699046197,0.06444947672258616
5490,0.12894547410966917,0.11575668192602212,0.12721295445318814,0.06434298233454622
5491,0.12885180308104197,0.11555623530175319,0.12672768306614665,0.06423527616767953
5492,0.12875830571148075,0.115379131746609,0.12621025667877034,0.06414459548838512
5493,0.1286649798878798,0.11527786725785076,0.12575291138447323,0.06407163757332004
5494,0.12857182700685776,0.11518848870787134,0.12525167241336008,0.06403651793456672
5495,0.12847884505732468,0.1151961967154855,0.12486970173735035,0.06405622944405491
5496,0.12838603517635785,0.11528372646053552,0.12440398425483884,0.06413384541739982
5497,0.12829339572341913,0.1158068026729079,0.12413059909817886,0.06432330305485041
5498,0.12820092737093142,0.11565037009860214,0.12373363017352491,0.06451379056468677
5499,0.12810862891242647,0.11608365908196977,0.12345837866551564,0.06474257433629628
5500,0.12801650065259151,0.11636859720579538,0.12311963673636195,0.06485205561762565
5501,0.12792454184124727,0.11709315414630964,0.12303754128914517,0.06482643942029562
5502,0.12783275219537613,0.11730764421300666,0.12276423987210922,0.06472020320132454
5503,0.12774113166721981,0.118075957677406,0.12274121795441612,0.06463779775878942
5504,0.12764967939327695,0.11903350349166365,0.12254021412286145,0.06462954483976711
5505,0.12755839581562478,0.12092547657011826,0.12291024973099343,0.0646942676731745
5506,0.12746727945693187,0.1213904807451793,0.1232773811745562,0.06481125274567859
5507,0.12737633095506107,0.1225096098617724,0.1243111968184533,0.0649368258706998
5508,0.12728554935590056,0.12270255184802724,0.12408199676588248,0.06511678013568716
5509,0.12719493478013036,0.1231819454222932,0.1253236846534815,0.06526017700742948
5510,0.12710448640569064,0.12380652422811235,0.12558742104282458,0.06536856148116997
5511,0.12701420450740103,0.12378842608263212,0.12748102067055608,0.0653808664296403
5512,0.12692408794392127,0.12437533285468287,0.12764810933411427,0.06529219788125533
5513,0.12683413708121102,0.12437461109477499,0.12894892913320785,0.06518009869638652
5514,0.1267443507906566,0.12491572866897413,0.13015759913785846,0.06514502742555392
5515,0.12665472987560197,0.12484590935108886,0.13106288360842017,0.06517930067105411
5516,0.12656527253008115,0.1255375064662182,0.13351178418702814,0.06523853641341827
5517,0.1264759801145116,0.12573471743388256,0.13348312952716335,0.06529551225548236
5518,0.12638685058912516,0.12591877646128996,0.13527576926250248,0.06530870844244481
5519,0.12629788521511515,0.12614866698144633,0.13553934310405152,0.06528202449664895
5520,0.1262090819281935,0.12624980602499808,0.13648094678100942,0.06522253344502049
5521,0.12612044206939083,0.12623390917286556,0.13717711630530913,0.06512862645277895
5522,0.12603196347900805,0.1263316470817601,0.1368960241593548,0.06502008754872848
5523,0.12594364806223196,0.12631434695856728,0.13761454213080854,0.06489085371066383
5524,0.12585549294089143,0.12620269699409378,0.1376014030129872,0.06475773040306226
5525,0.125767500763452,0.12609108648620246,0.13805974282876693,0.06461622739981758
5526,0.12567966766127478,0.12603322022395916,0.1382928022084102,0.06447350304009161
5527,0.12559199726501696,0.12589925860895612,0.13868168618670132,0.06432870640435054
5528,0.12550448467461023,0.12582312439673868,0.13864423797347933,0.06418264128027203
5529,0.12541713470789292,0.12579984218410906,0.1392453330363637,0.0640418741440679
5530,0.1253299412281648,0.1256239661906371,0.13946132197492472,0.06390382499625044
5531,0.12524291068757903,0.12553454255933943,0.14078378617685594,0.06378166599105158
5532,0.12515603485519133,0.1254602157596102,0.14067102742534981,0.0636694224850233
5533,0.12506932261187648,0.12530237080027498,0.14193012368739358,0.06359121417900086
5534,0.12498276290534553,0.12517337582422283,0.14152120423263595,0.0635557144520994
5535,0.12489636769418061,0.12499168939829788,0.14257734345985115,0.0635768183112268
5536,0.12481012213565998,0.12491562102602141,0.14250324044363707,0.06370552529890575
5537,0.124724043416991,0.12482873669149365,0.14263783435022684,0.06389920061329246
5538,0.12463811004857037,0.12497215875017123,0.14275741348567983,0.06423996640142544
5539,0.12455234748145355,0.12494097894728023,0.1424037115488356,0.06449947998307408
5540,0.12446672401081893,0.12474099116778214,0.14267463813716255,0.06465305136298487
5541,0.12438127771778773,0.12466127940187414,0.1423615300381494,0.06463532404151631
5542,0.12429596130562169,0.12442632148927661,0.14230928063027484,0.0645670499815726
5543,0.12421083250987845,0.12427057180791976,0.14232853894511854,0.06462252690217025
5544,0.12412581927701453,0.12404592809299561,0.14196122639168735,0.0647353911007645
5545,0.12404101082757484,0.12399008501776887,0.14172643721657405,0.0648740014371451
5546,0.12395629577931981,0.12381567103291838,0.14137935579708227,0.06500922850345475
5547,0.12387181429575907,0.12360543648004196,0.1410278505905695,0.06510781723277796
5548,0.12378739089935029,0.12350786915820502,0.14058214239144898,0.06512121587062322
5549,0.12370324978109863,0.12328100456366593,0.1401229542412512,0.06510936699758342
5550,0.12361911067792687,0.12314778516182608,0.13972625415396944,0.06507885045565037
5551,0.12353533845191256,0.1230807875785168,0.1392998088924204,0.0650075243917414
5552,0.12345148007808095,0.12290655371466988,0.13895294336678268,0.0649569245009146
5553,0.12336814055940996,0.1227526514803133,0.13859993833004702,0.06495639524615102
5554,0.12328458155245868,0.1226116348540423,0.1384555994893151,0.06502720728563777
5555,0.12320182674404169,0.12239950311327573,0.13800471619619054,0.06514522839310044
5556,0.12311867362255485,0.12226152314887814,0.13791038618541906,0.06526658273106975
5557,0.1230368920393054,0.12209977506337703,0.13755811162665238,0.06530544041652811
5558,0.12295456335676808,0.12182454468738983,0.13770121042449898,0.06525752414615488
5559,0.122874805001136,0.12166217264393757,0.13725528019691993,0.06514627137350318
5560,0.12279478251847714,0.12149885117138913,0.13747696233157625,0.06501799727336258
5561,0.12271997831720376,0.12132064694568379,0.1370065957380857,0.0649235411129908
5562,0.12264725963104116,0.12132664626149177,0.13712303597087774,0.06486260648157981
5563,0.12258542830152998,0.12114932339110772,0.13670508590386934,0.06480213297154856
5564,0.12253574482867999,0.1212506641232988,0.13656934125952225,0.06475017326295496
5565,0.12250654394294166,0.12098148875001576,0.13621606784628007,0.06471851075809716
5566,0.12252224235361431,0.12101451411719807,0.13580448117232036,0.06471172720102877
5567,0.12256197243311368,0.12082758416708618,0.13552079086573005,0.06476595843120286
5568,0.12272563953111178,0.12094262653031874,0.13503181376668894,0.06492050234911292
5569,0.12285218405874358,0.12081719138470028,0.1347972239123562,0.06517863166918618
5570,0.12316281446929259,0.12102559431523581,0.1342982025149029,0.06540201954545886
5571,0.12326039805926135,0.12105586819236326,0.13391987023854193,0.06554500481227833
5572,0.12328430770136334,0.12157775178102577,0.13342833671308765,0.06554660700831412
5573,0.12327221947814844,0.12147300296500509,0.13294633534750688,0.06546579099659602
5574,0.12335745884795993,0.12211127587738443,0.13252631711203297,0.0654950541678037
5575,0.12351486366025974,0.12213613156330978,0.13201383315737317,0.06561412048571813
5576,0.12360242650628393,0.12287587677844497,0.13160209073273105,0.06578076739184399
5577,0.12355029225527113,0.1227786841778069,0.13110828277371553,0.06596531507337569
5578,0.12352646754457064,0.12363490508488502,0.13077938069975784,0.06616371512318309
5579,0.12361490877013366,0.12382066284625955,0.13032111876153324,0.06625369023362927
5580,0.1238519152898379,0.12499710151140074,0.13010255087202063,0.06629381577223274
5581,0.12401578983137908,0.12501849087207276,0.1295973676335193,0.06626855630321536
5582,0.12433629697709245,0.12618313356357927,0.1294637101190674,0.06617195620785175
5583,0.12441250017748937,0.1261897701403501,0.12900848765795986,0.06612810460057625
5584,0.12448606959287059,0.12738960399370367,0.1289955746972877,0.06615088912027711
5585,0.12446162955498818,0.12832626193955807,0.12856205765320938,0.06622242152831699
5586,0.12450768609169176,0.12818938609144878,0.12857010057734133,0.06629239338739253
5587,0.1246091622581522,0.12914658868040524,0.12820886163007233,0.0663206836359006
5588,0.12464370044305915,0.12898832647559297,0.12842367931181567,0.0662486883504858
5589,0.12463719122420276,0.12982214247797394,0.12795427088381406,0.06611830397483229
5590,0.12470468770826762,0.13035588176882656,0.12812578572884664,0.06601115946022258
5591,0.12475265274526849,0.13022035972987323,0.12782052790730772,0.06591039857767372
5592,0.12471374765944492,0.13088940553869938,0.12802308300917656,0.06581176264343001
5593,0.12466450559343085,0.13068767140635457,0.12762053518530542,0.06569815880721858
5594,0.12468093275716598,0.1310971225582258,0.12777511720929102,0.06555180239188393
5595,0.12481788327953532,0.13163062058327424,0.1273527093997403,0.06541586711762033
5596,0.12490909113834293,0.13170325521951556,0.12724827381674533,0.06528935957236978
5597,0.1250086162857343,0.1324586199211976,0.12684218155726948,0.06519617559840254
5598,0.12498386051042724,0.13258589253566774,0.1265400700566765,0.06511054383807702
5599,0.12493286133400879,0.13266191226195198,0.12629910885572565,0.06513915348967271
5600,0.1249079137384007,0.1333887011830126,0.12593182905179928,0.06529427462667976
5601,0.12491239555482382,0.13317338359792968,0.12589213862359058,0.0655203871305436
5602,0.12487892943281637,0.1338266442097996,0.1255292542400624,0.06586918179579296
5603,0.12483213203160354,0.13362638733197105,0.1256548109615154,0.06608100608900963
5604,0.12480791191304098,0.13411957634987243,0.12526729754244853,0.06608283037293652
5605,0.1247854898694583,0.1338758366846472,0.12547421782363574,0.06600139252899295
5606,0.1247458946389736,0.13423851671250786,0.12507869113082762,0.0659808699159117
5607,0.12468188088878152,0.13402254743223355,0.12514320963308126,0.06612110498785476
5608,0.12462743512993722,0.13414717365459344,0.12482892315222935,0.06635659680253071
5609,0.12459411847389001,0.133942806469003,0.12494783702864923,0.06657485557604208
5610,0.12457363962919182,0.1339758250332044,0.12462008461444135,0.06668669386251104
5611,0.12454122486681825,0.1338721449015126,0.12457248638404345,0.06680768856121218
5612,0.12448273962343875,0.13381164547437405,0.12418686948992913,0.06684792022320926
5613,0.12441647117956413,0.13360687645401365,0.12439114473073341,0.06677880593772961
5614,0.12436029409485742,0.13346113403007565,0.12408282034303743,0.06669276293614808
5615,0.12431402048520694,0.13321190147579562,0.12411531948419469,0.06663641353887127
5616,0.12426286261002566,0.13306846786177107,0.12374163298364432,0.06667132900744277
5617,0.12419583998698895,0.13288478424939285,0.12387431689506828,0.06677826636924496
5618,0.12412954950083044,0.13282745054800119,0.12355170873261707,0.0668995134599475
5619,0.12407991103411962,0.13254508611144236,0.12357259679327424,0.066947398175635
5620,0.12402044568168209,0.13248212133619888,0.1233254039910494,0.0669223354309935
5621,0.12395622367823791,0.1322550117018306,0.12311583362640631,0.0668339503737676
5622,0.12388482022751711,0.13212137798813695,0.12319122597851694,0.06669599875859678
5623,0.12381660405111714,0.13187140819004153,0.12297183966188523,0.06658325519296773
5624,0.12375554563736695,0.13165226170942804,0.12285016897996316,0.06649569382365875
5625,0.12369069296510524,0.1314732418800691,0.1225230071056812,0.06639604176067661
5626,0.12362494312191728,0.13119000851249424,0.12245702424058483,0.06630778506543172
5627,0.12355282144228413,0.13099253904598504,0.1221483351529668,0.06621998052219752
5628,0.12348065946630474,0.13086273908298374,0.12233933771626085,0.06614595595541699
5629,0.12341114088429582,0.13061386263539648,0.12199733205793896,0.06610616558306304
5630,0.1233404805920969,0.1305030681661209,0.12214477188521612,0.06618292445945563
5631,0.12327013561016575,0.13024786682616504,0.12189728285651952,0.06633314121199431
5632,0.12319529425564889,0.1300632666307924,0.12179501701067963,0.06653039596642671
5633,0.12312057009930966,0.12980941814538804,0.1215463842462041,0.0667628175884961
5634,0.12304821046379572,0.12960429120319766,0.12134202099486831,0.06687237218505408
5635,0.12297360467486572,0.1293856044249375,0.1211254915261828,0.06680672058440829
5636,0.12290214469122733,0.1292210861855205,0.12087461957595359,0.06674492159456209
5637,0.12282651640124788,0.12898276415299761,0.12070633220234792,0.06675184647217736
5638,0.12275085058503722,0.12886939418871932,0.12074287629886335,0.06687885904635457
5639,0.12267498329684126,0.12878102153735294,0.12042726134930072,0.06711383195498427
5640,0.12259908486127036,0.12853541833096194,0.1206143293638706,0.06735812161795741
5641,0.12252597159675498,0.12847854487100027,0.12025820879230023,0.06749027582392378
5642,0.12245088561737215,0.12823688825506754,0.12051360168717798,0.06762616975802538
5643,0.12237630063543666,0.12817773845753166,0.12015958275175948,0.06767931088971461
5644,0.12229945785007326,0.1280398588107406,0.12060762878886283,0.06758774173276155
5645,0.1222223238537614,0.12777159532199273,0.1203657287646085,0.06750192740721203
5646,0.12214599386822429,0.1276444175069632,0.12110608122753388,0.06747376885679249
5647,0.12206871967563336,0.12736109242677454,0.1207574753489915,0.06752910860462535
5648,0.12199282682540225,0.127225037189678,0.12116265766691524,0.06762148263397944
5649,0.12191501626525325,0.12695290838653234,0.12082494207532464,0.06768099459304329
5650,0.12183804732725714,0.12685493629052752,0.12105282572734435,0.0676253032233064
5651,0.12176030658132199,0.12661541573015492,0.12079977561678273,0.06749676806329596
5652,0.12168225743628015,0.1265862053776642,0.12103758062952025,0.06738753098539674
5653,0.12160506269146956,0.12644925912858407,0.12071738321287959,0.06728111717658194
5654,0.121526962636345,0.12616966996292922,0.1207114558562895,0.0671952185552112
5655,0.12144990519925605,0.12609700365148138,0.12069487353163398,0.06708731390337773
5656,0.1213719031622724,0.12583994529970727,0.12084502139476393,0.06693604037527368
5657,0.12129449971992719,0.1256499449314336,0.12070604843076013,0.0667910485979771
5658,0.12121673896508406,0.12541484054261465,0.12078631035015694,0.06665118442077399
5659,0.12113882852244175,0.12527549900365223,0.1204904089395705,0.06653722626163032
5660,0.12106138759247959,0.12502444282051015,0.12027024427707807,0.06642445563023287
5661,0.12098333848571495,0.12496291811790772,0.11998070461745783,0.06640373913187557
5662,0.1209060296548367,0.12489959963981384,0.11968032633178785,0.06646012010611672
5663,0.12082791934959039,0.1246756992251173,0.11937202540520789,0.06660868502507997
5664,0.12075038605512023,0.12457965710291692,0.11905484443820093,0.06692299920907756
5665,0.12067238748817323,0.1243387756494113,0.11867932418580013,0.06717648932907169
5666,0.1205945780287403,0.12425648855131777,0.11836887395027271,0.0672721521940114
5667,0.12051694530317164,0.12397925762238206,0.11805599359222739,0.06719420895371343
5668,0.12043902128878076,0.1239376924434065,0.11780014073531478,0.0671301383448545
5669,0.1203616479249592,0.12374883705452236,0.11764487841234489,0.06722676071880156
5670,0.12028380611522713,0.12377370805173891,0.11733587413319789,0.06740983047749702
5671,0.1202065695683236,0.12357850796681275,0.11734310709669014,0.06759958989990526
5672,0.12012895334003915,0.1237544608197423,0.11702108744801266,0.0677289541493844
5673,0.12005175941772335,0.12359367812637519,0.11704044510769879,0.06783868136083941
5674,0.11997442738090851,0.12384985798909477,0.11680890434294043,0.06785417696911077
5675,0.11989718625354913,0.12364221312781315,0.11716333349288438,0.06779945809962938
5676,0.11982009289174607,0.12382750132122874,0.1168743280346468,0.06771652398358759
5677,0.11974285119701734,0.12375719403323575,0.11721783685270429,0.0676500583413911
5678,0.1196659894178952,0.1240627804008281,0.11699157879308258,0.06766578709893462
5679,0.11958887321952621,0.12399032961344919,0.11751158402439463,0.06775392126636179
5680,0.11951221398927006,0.12452139271806797,0.11724856875416112,0.06789106233853588
5681,0.11943529934979874,0.12449805827569033,0.11788354534558393,0.06799148255319692
5682,0.11935875975479487,0.12526824138733655,0.11770528800223146,0.06801938818829895
5683,0.11928207880693699,0.12505613405865476,0.1179476782228086,0.06794297593735608
5684,0.11920561329176176,0.12580394146879748,0.1176776004801159,0.06779173806441016
5685,0.11912920270267971,0.12575253045298193,0.1177449440153117,0.0676750601958511
5686,0.11905286908041478,0.12663134524980035,0.11753304363703562,0.06763026306045515
5687,0.11897676688548187,0.12651962087114704,0.11749868454832259,0.06761901617148171
5688,0.11890063763024437,0.1274533708799109,0.1173933996273809,0.06762307674833294
5689,0.11882483410538539,0.12759451460924587,0.11748578771592551,0.06763602902496771
5690,0.11874892109688025,0.12878104621049172,0.11787703897822782,0.06764151424869787
5691,0.11867333697371472,0.12864430442211056,0.11832814178273085,0.06767614041742054
5692,0.1185976245624185,0.12985155201239626,0.11943835972324181,0.06775979784393295
5693,0.11852220646317956,0.1298860785229934,0.11960603330398739,0.06784378903560503
5694,0.11844671235976223,0.13121161543872087,0.12116284943250899,0.06792305184270343
5695,0.11837147312427171,0.13115629981709917,0.12145891901296067,0.06792387851452901
5696,0.11829623703202087,0.13210824637834861,0.12373925934112665,0.06784958471851243
5697,0.1182211946588496,0.13210843882017842,0.12359874251035312,0.0677252688529264
5698,0.11814622757777136,0.13253827289142453,0.12551994967887428,0.06763301222630443
5699,0.118071379782892,0.13332474074310316,0.12529458011739572,0.06762256932531854
5700,0.11799667438203341,0.13330756706956548,0.12693254977801688,0.06767079573709454
5701,0.11792203825725693,0.1343660194307437,0.12726576926834257,0.06778631086279444
5702,0.11784760444913855,0.13425444788602203,0.12769174116511328,0.06798806767231567
5703,0.1177732082342152,0.1354382536881454,0.12907825986192195,0.06816384463919711
5704,0.11769904949970782,0.1352901424623202,0.12890285741128574,0.06833879178331738
5705,0.11762489790161773,0.13601849037690833,0.13005707712001782,0.06841117378759994
5706,0.11755099194483404,0.13583919594553565,0.13010164716698222,0.06834633280248861
5707,0.11747707136613103,0.13620728602179008,0.13034424263140051,0.06820392190648232
5708,0.11740339964355716,0.13608279917989946,0.13048609835572725,0.06813967777347266
5709,0.11732970925431686,0.13618615797852976,0.13010157087849092,0.06815771417670369
5710,0.11725627645111796,0.13606904334673808,0.13027111556585297,0.06819362175470745
5711,0.11718282887690468,0.1359960721611011,0.1299201708859749,0.06820791797621671
5712,0.11710964438964423,0.13613167794998815,0.12986620917978503,0.0681502875478288
5713,0.1170364448061009,0.13597163698195464,0.12988055703455884,0.068035476931782
5714,0.11696350829409151,0.13582274519628237,0.1297153769367712,0.06793521505031205
5715,0.11689055362684901,0.13589032958904723,0.12988518424975287,0.06782083415272137
5716,0.1168178665555486,0.1358744475479426,0.12963640915078797,0.06771305239061157
5717,0.11674515773069213,0.1356125558162058,0.1298951651094935,0.0675751822074785
5718,0.11667272968190837,0.13549233856070567,0.12973852630039173,0.06743264307602062
5719,0.11660026771999132,0.13524722052782462,0.13037773077538667,0.0672975728918979
5720,0.11652810632090149,0.1351049819906934,0.129965679739213,0.06718851101061406
5721,0.11645588314292409,0.13485261437036417,0.13054099676240077,0.06708451346266914
5722,0.11638398980782493,0.13461397861556842,0.13014982709534956,0.0669844130597274
5723,0.1163119946808089,0.13444734611539594,0.13076429266247408,0.06685434446114069
5724,0.1162403793884504,0.1341873533154419,0.13065197499902212,0.06670957584419228
5725,0.11616860945246436,0.134122453107612,0.13074099996596558,0.06655722419916028
5726,0.1160973008459645,0.13382546488375047,0.1304256155273081,0.06642448284237029
5727,0.11602575854275284,0.13371501797634786,0.13025127568880676,0.06629111329894165
5728,0.1159548007226192,0.13346279241296086,0.12997616002529044,0.06619985316326216
5729,0.11588349354546772,0.1332628886036741,0.12978363369412418,0.06613837208471542
5730,0.11581295843007111,0.1329923389436805,0.12958876723339802,0.06616101226512329
5731,0.11574192174625178,0.13270734290819305,0.12934405649640274,0.06628027260052381
5732,0.11567195837269302,0.13240979489895932,0.12914231287314043,0.06643213360879303
5733,0.1156013017013762,0.1321090901706583,0.12881905459978116,0.06662326705805077
5734,0.11553222621280584,0.13182925119026473,0.1287673475307982,0.06669157479916867
5735,0.11546224714248415,0.1315992341716225,0.1283472776106518,0.06661808919575096
5736,0.11539473111015736,0.13128656261391833,0.12812842109922873,0.06650027106648136
5737,0.11532623789467429,0.13105026662509894,0.12780594707958834,0.06643578700689695
5738,0.1152617832627346,0.13074695121507296,0.12736237335590428,0.06647540602280082
5739,0.11519695434274643,0.13052002345278013,0.12693660007287252,0.0666011937106889
5740,0.11513899281572068,0.130299010714942,0.12651356031852068,0.06676793170107059
5741,0.11508357156362001,0.13017541244933856,0.12615255372600856,0.06690318949107815
5742,0.11503964314523113,0.1298948574990859,0.1257129586898184,0.06707891364767221
5743,0.11500784423066623,0.12987129864580196,0.1253399576629456,0.06719903005895214
5744,0.11499266926726918,0.12963906026233563,0.12491225479893975,0.06722695632930609
5745,0.11501462333721577,0.1295992682898301,0.12448234558628123,0.06716117637925081
5746,0.1150492261814675,0.12932222936206925,0.12407728214931923,0.0670372115562719
5747,0.11516720363305669,0.12934402654578883,0.1236237835168921,0.0669605495438387
5748,0.11525385238169678,0.12912757379174775,0.12322697194813416,0.0669881155437115
5749,0.11543601590766678,0.12926517951189223,0.12276114799101585,0.06707003898301757
5750,0.11550767706282358,0.12921229201428838,0.12233289452221789,0.067128383492501
5751,0.11553409249310222,0.1293844099716185,0.12188720103203268,0.06715396643499141
5752,0.11551093141111808,0.1292622189766625,0.12143988751757957,0.06712173685124027
5753,0.11551222699595819,0.1293763184215851,0.12100923658271726,0.06702348045158689
5754,0.11556002240844472,0.12939187178739867,0.12054118934488868,0.06689372754205081
5755,0.11564782148584692,0.12971866367539084,0.1200645863755699,0.0667595237540406
5756,0.11575008996042607,0.1296825922922682,0.11959469475122261,0.06663963700738708
5757,0.11578344149964623,0.12998972478602422,0.11911422743193868,0.06650084704072648
5758,0.11578827836876529,0.130376353405452,0.11864532655322071,0.0663547276519792
5759,0.11573556927132495,0.13113879508755957,0.11816029848059129,0.06619995961297218
5760,0.11567972787150058,0.13136086472245498,0.11773065891678443,0.06605833868183315
5761,0.11564131938718215,0.13183552102824628,0.11730401526476049,0.06592172194394105
5762,0.11563717639645786,0.1318972794644304,0.11690272468860952,0.06579835029458772
5763,0.11564905040779164,0.13251770360917908,0.11656587123112139,0.06568253659940701
5764,0.11565409174940798,0.13278406594105369,0.11610629861942533,0.06557081062339998
5765,0.11570353018978288,0.13286631663877035,0.1158570123179889,0.06544467025988589
5766,0.11569439338717433,0.13338028713129038,0.11537045584190758,0.06532983644665105
5767,0.11567356106280709,0.13341653171558443,0.11507201835844805,0.06523281200705984
5768,0.11563208590006974,0.1338080066213992,0.11459395807178371,0.0651788211766295
5769,0.11558766635657385,0.13375397802329428,0.11431718665218067,0.06516879733156615
5770,0.11554198830407095,0.13416607416080123,0.11385616899923208,0.06524819235141273
5771,0.11553006401998867,0.13403732720985662,0.11350910804128599,0.0654184728886636
5772,0.11552225542843722,0.1344071302575844,0.11315080523481727,0.06559336935240251
5773,0.11551055318285845,0.1346982368318153,0.11265914549483184,0.06572328765923213
5774,0.11549023960314674,0.13452290852819612,0.11232043728538306,0.06572597484723487
5775,0.1154482905311775,0.1346468297457194,0.11185562784491276,0.06562110258831162
5776,0.1153921711971268,0.13488752850717983,0.11138931598495114,0.06556299935480069
5777,0.1153367583339756,0.13472960370563017,0.11091664356231246,0.06560003150400132
5778,0.11530450928326196,0.134977769719001,0.1104834226783005,0.06573110537990556
5779,0.11527756906394675,0.13476638092123383,0.11008294237762951,0.06594763393442633
5780,0.11526307311510867,0.13495456735223826,0.10966695830641679,0.06624215038073161
5781,0.11524619589161986,0.1347677095135614,0.10938352634157303,0.06647339434233644
5782,0.11520590662635653,0.1348006645946266,0.10893255061090532,0.06672093513437412
5783,0.11515046832330957,0.13461130112489256,0.1086901362024474,0.06688054615372578
5784,0.1150930489973545,0.13459500151765635,0.10833290369915453,0.06687883417041192
5785,0.11504429782873067,0.13443641370041,0.10825305627270278,0.06676609723100994
5786,0.1149915042883136,0.1342312874350728,0.10788617240558912,0.06673599951162472
5787,0.1149491987860944,0.13417980715759223,0.10793484809655103,0.0668222842578447
5788,0.11490356050727493,0.1339853533049622,0.10763873017176534,0.06696655744309568
5789,0.11485141448480021,0.13377903131648877,0.10795733011551334,0.06710563887680934
5790,0.11480140942645596,0.13352771164218538,0.1075580267836662,0.06713839289064447
5791,0.11474561581185362,0.1333124529663101,0.1079298473070216,0.067059351262278
5792,0.11468454410525719,0.13313002362652704,0.10750234666811534,0.06694312459781021
5793,0.11462538186930393,0.13288350366607374,0.10782193640911258,0.06683870775286337
5794,0.11456560378133585,0.13267778059271265,0.10734863852007559,0.066784461221174
5795,0.11450257518430164,0.13240622389801,0.10754341791939306,0.06671501157847068
5796,0.11444250511678589,0.1321594154140126,0.10709572976823119,0.0666303371771667
5797,0.11438420218494959,0.13198228894415176,0.10723265739379823,0.06649951114829093
5798,0.11432987327042114,0.13170756329619845,0.10680255098118195,0.0664004413350456
5799,0.11427152742980486,0.13149490757101617,0.10682352180508765,0.0663697502375854
5800,0.1142161312821854,0.13130260342033975,0.10644069083505767,0.06640737926134535
5801,0.114154734606753,0.131002302167976,0.10627319272829175,0.06649602974062882
5802,0.11409337678643046,0.13074755926956563,0.10590054363549022,0.06656470103296333
5803,0.11402915717287654,0.1304482841396548,0.10567486554902282,0.06665635174479613
5804,0.11396488812711385,0.13022668534613616,0.10527512047008014,0.06672433805663583
5805,0.11390238459023092,0.12994417491718116,0.10506119326151539,0.06670912286068699
5806,0.11383927345228223,0.12970616024619006,0.10475509441387504,0.06668767996279967
5807,0.1137781294074369,0.12952341866804892,0.10477207354661232,0.06658763434363237
5808,0.1137153895803232,0.12923474789810346,0.1045333948700896,0.06645232633799034
5809,0.11365658244974644,0.1291127716494988,0.10475706903467438,0.06633515979698021
5810,0.11359382467428104,0.12881051078249253,0.10519057349628759,0.06626403831724291
5811,0.11353452218314347,0.1285771063007185,0.10649162845475164,0.06628281659588263
5812,0.11347326599622624,0.12825866784039464,0.1079095205833122,0.06635108020115912
5813,0.11341395008825984,0.12797872509900637,0.1095176336428938,0.06650736070253427
5814,0.11335269954385559,0.12770255897417357,0.11144958624050894,0.06682654930857405
5815,0.11329419933521782,0.1274036552192501,0.11500826257451612,0.06715951138314155
5816,0.11323149618723499,0.12716383856133354,0.11863943485953757,0.06748832879609033
5817,0.11317176372542054,0.12683214130240433,0.1225275109877048,0.06760872492932214
5818,0.11310787042958143,0.1266266692710575,0.12671441479227633,0.06751429908518214
5819,0.11304539380744733,0.12632123118825192,0.13043910373941836,0.06747103837558624
5820,0.11298118396375663,0.12603711101232962,0.13428485305038995,0.06760562312185121
5821,0.11291800289026438,0.12578538448803028,0.13662358404002004,0.06782381013789729
5822,0.11285347747528747,0.12544437603266476,0.1414106174691101,0.06794859162536919
5823,0.11279082736331968,0.12517409445363661,0.14369708451061397,0.06795361046353798
5824,0.11272650126940838,0.12483740854423035,0.14762294814598506,0.06787405626687429
5825,0.11266388104481674,0.1245257203094163,0.155980936779903,0.06778993634821927
5826,0.11259972736399303,0.12418967718225604,0.15865207012957963,0.06777469052361693
5827,0.11253706757392096,0.12388116332436776,0.16634814401359724,0.06772931703808217
5828,0.11247304936873194,0.12355612094124108,0.1711473330996645,0.06765556807878512
5829,0.11241125074556492,0.12323516765840699,0.17613202359142074,0.06752437421801273
5830,0.11234765984009663,0.12294230964404654,0.18300821589113409,0.06743431716563277
5831,0.11228770905774015,0.12261447217776576,0.18461551815007493,0.06739530081865651
5832,0.11222571563475425,0.12232587902799874,0.19114700528866277,0.06737616226440545
5833,0.11216869687676022,0.12200024114696037,0.1959387644641203,0.06731572546724525
5834,0.11211081440168927,0.12168571327839903,0.19689874639322502,0.06720011011031246
5835,0.1120598853799549,0.12135630491342185,0.19994453568934073,0.06705554556458583
5836,0.11201143193398928,0.12103532283630179,0.20460673360597012,0.06693193096184574
5837,0.11197331123723293,0.12071484124206579,0.20646957977613728,0.06681741866435878
5838,0.11194549383250234,0.1203816027660207,0.20765939469916536,0.06670859702088129
5839,0.11193224948907199,0.1200670695224594,0.2100484676979227,0.06657147161520424
5840,0.11194839522182717,0.11973932685351321,0.21214444059555607,0.06645947583176313
5841,0.11197600986361399,0.1194161980171896,0.21350749891098242,0.06638937545723549
5842,0.11206848331638469,0.11911383188585913,0.21458557330735753,0.06637551074119705
5843,0.11213909705511328,0.11878653948864712,0.21557532674159657,0.06642618869647716
5844,0.11228435403149857,0.11845989154586758,0.2161435370530034,0.06647332588887024
5845,0.11234947203307799,0.11812964833267547,0.21661541985632454,0.0665295602998935
5846,0.11238500694574945,0.11781372100939927,0.21722418125988388,0.06654629339388944
5847,0.11237108099785197,0.11748856809028908,0.21766687079395547,0.06649191392301397
5848,0.11234368099322015,0.11717644417044996,0.21796488986777082,0.06641434026161513
5849,0.11234203692399455,0.11685553517094445,0.21822968187711883,0.06628913175128583
5850,0.11240473468542841,0.11656496673035557,0.21830259695741308,0.06614955972583215
5851,0.11251900011084344,0.11625629203542466,0.219195867304227,0.06603718065864211
5852,0.11260145837519867,0.11598428156812264,0.2197016607149459,0.06596177073956165
5853,0.11272648509428297,0.11569342719023502,0.21982618820528674,0.06596546490492851
5854,0.11276050534360829,0.11539439914596628,0.2206391750653333,0.06602092829065936
5855,0.11277871387213663,0.11512504158102163,0.22090823335623624,0.06615152432132593
5856,0.11275853221636191,0.11482164674867466,0.22175136366728596,0.06640810010324703
5857,0.11270203500748806,0.1145848213718576,0.22262294860808993,0.06664671517030232
5858,0.11265065167115738,0.11432149093320584,0.22317363078369737,0.06683618991916632
5859,0.112610573064328,0.11403948771398031,0.22437066019017718,0.06684631215469071
5860,0.1125788003201869,0.11382307389593184,0.2255272159010286,0.06673760913773227
5861,0.11254870845631715,0.11359068203104018,0.22874492396979568,0.06672493552241753
5862,0.11252900093767489,0.11340854144920227,0.2289263666298345,0.06683291988843341
5863,0.1124983270040502,0.113299929212855,0.23052846553692924,0.06699253488120727
5864,0.11245431301799487,0.11306169967057315,0.23186802098532833,0.06707440242612964
5865,0.11240890421183364,0.11301978222157556,0.2336933590970899,0.06707772957973065
5866,0.11235675852612688,0.11289466146856912,0.23389613291436914,0.06701284775526742
5867,0.11230020730280679,0.1127087942757628,0.2355952158638714,0.06690652495089384
5868,0.11224934506979221,0.11246016241122579,0.23611756793940028,0.06680562736707078
5869,0.1122036055186838,0.1123437523145154,0.23777707466590375,0.06670127449712715
5870,0.11216500595669263,0.11210008936707493,0.23899167868509108,0.06658050921835158
5871,0.11212645815009269,0.11198439374140297,0.2397545354973586,0.06644059892176354
5872,0.11208824061728521,0.11170661982097761,0.24115580546800616,0.06629119879988701
5873,0.11204004316543788,0.11163986565624717,0.24268342161773357,0.06614809687339199
5874,0.11198955511383434,0.11145027492749461,0.2436510842925958,0.06601332149003612
5875,0.11193221031736884,0.11153523139517735,0.2444117707221156,0.06588571562327886
5876,0.11187470819724928,0.11128716648046598,0.24541636008649928,0.0657457093210335
5877,0.1118231649256347,0.11136435955660842,0.24619137436886085,0.0656219720349718
5878,0.11177273514360042,0.11142140977653678,0.2467318192984092,0.06551517544088055
5879,0.11172565259555849,0.11170100337572347,0.2474105203863849,0.06545209192455116
5880,0.11167505014458132,0.11151736281974528,0.2483442783843827,0.06543420052607062
5881,0.11162732846053237,0.1116311394133925,0.24900284755532068,0.06544968913842047
5882,0.11157213088769487,0.11187541839917162,0.24926999206956219,0.06552742906170152
5883,0.1115180744307734,0.11183300001884461,0.24932724737521686,0.06561596426808115
5884,0.11146027310841704,0.11227208397957321,0.24933361819384398,0.06573555299168884
5885,0.11140222682530798,0.11209863038298262,0.24909891753838376,0.06580688752056091
5886,0.11134283389207887,0.11254768913243798,0.24890722500120394,0.06579306021416509
5887,0.11128371805092745,0.11250001942829106,0.24912260049126494,0.06571455361181401
5888,0.11122557335039746,0.1130430275580509,0.24891440045363858,0.0655968145888322
5889,0.11116598363657683,0.11286384178107653,0.24860592106582188,0.0654984086411786
5890,0.11110858586488177,0.11351507065908258,0.24839184444064152,0.06545883873445829
5891,0.11104965776700669,0.1138388417343305,0.24831153998487046,0.06547193157035933
5892,0.11099294642466202,0.11503171799521708,0.2483578765900419,0.06555856078773271
5893,0.11093475521324256,0.11497510395436344,0.24819145751246863,0.06571769626423701
5894,0.11087944121178729,0.1161450595272473,0.24867546135990132,0.06589245537348151
5895,0.11082153576979745,0.11651508344807496,0.2485123667385146,0.06612423289051078
5896,0.11076617987084357,0.11818241673887053,0.24868928723664116,0.06629005305681894
5897,0.11070801136270872,0.11823434982947387,0.24838446315426743,0.06634698992583353
5898,0.11065153636401852,0.11980839149386305,0.24857358430966758,0.0662677387613568
5899,0.1105924530540926,0.1202599433335112,0.2482196382639707,0.0661727343839825
5900,0.11053518983946171,0.12229538799684089,0.2484006663041011,0.06618723354669498
5901,0.11047552306363459,0.12273377715576726,0.24783130747502632,0.06629737523344582
5902,0.11041803178416348,0.12378767473706496,0.24808450085261075,0.06644956317406583
5903,0.1103582472211838,0.12473486753421871,0.24745552340936897,0.06653449231823166
5904,0.1103009221752988,0.12477296525768697,0.2474488010304043,0.06656001177149694
5905,0.11024129617461619,0.12562701525648035,0.2471495761426579,0.06651589647192849
5906,0.11018427827003159,0.12632577790193558,0.24663953119090445,0.06641440951521493
5907,0.11012525263981494,0.12620271165550684,0.24611320726460464,0.06630071891163113
5908,0.11006895400458933,0.12647554188752205,0.24564156077265284,0.0661822197003315
5909,0.11001100233922016,0.12699591659243017,0.24520864614810373,0.06607558876826956
5910,0.10995667617317192,0.12697851773062283,0.24463970268406535,0.06594490113191874
5911,0.10990052791972518,0.1278439329850588,0.2443469066868782,0.06580005636695928
5912,0.10985011863752685,0.12776573641389352,0.24427026891503792,0.06565014157914356
5913,0.10979890512579077,0.12857914906688822,0.24357662838804225,0.06551583398713041
5914,0.10975584250469096,0.12848229255267532,0.2432751978117997,0.06538645682464492
5915,0.10971695091630547,0.12931548051668812,0.24269322413948904,0.06525836240380306
5916,0.10968944910037436,0.12912364405749183,0.24192797917859254,0.065120703464671
5917,0.10967639812481585,0.12966445703651658,0.2412451327986801,0.06497542129711002
5918,0.10967741436953225,0.12940197673004786,0.24059753147505256,0.06482005870140504
5919,0.10971343344341207,0.12978295876710721,0.23979702999428745,0.06466588307314045
5920,0.10975311176715997,0.1296678508039163,0.2391166083954442,0.06452390093385887
5921,0.1098539759271863,0.1298295629147209,0.23836776874259807,0.06439248253117814
5922,0.10991995520585933,0.13004274137756722,0.23766092784790324,0.06428350187995543
5923,0.11002386681953838,0.12984644207459478,0.2369217122567943,0.0641882660648621
5924,0.11006323688054413,0.13004691497918247,0.236145786767422,0.06410885056896407
5925,0.11005131240003985,0.12981593993198473,0.23547792599617673,0.06406258816247862
5926,0.11001500527578645,0.12992673010212322,0.23471141144491334,0.06406339326167657
5927,0.1099953403317632,0.130014499961751,0.2339043291725278,0.06412511964213084
5928,0.11000244185012721,0.12973933789292494,0.23313910382229458,0.06424758916172758
5929,0.11006104902876197,0.12972737370723209,0.2323010848702759,0.06439438195549457
5930,0.11019291843513522,0.1299000815421318,0.23144934221514343,0.06452440698683652
5931,0.11029556539464785,0.12962615037367992,0.23066443856393218,0.06452678082353562
5932,0.11048759588117575,0.1297969424860847,0.22979545027818854,0.06443752354161796
5933,0.1105696267349337,0.129510874092354,0.22895947520910134,0.06433399450156065
5934,0.11065314659475176,0.12957001537539042,0.22820101338380158,0.06431579100741552
5935,0.1106566911498794,0.12933068238352924,0.22732032029603227,0.06444048680790106
5936,0.11062175082256087,0.12919129577246224,0.2266126192728965,0.0646497663998425
5937,0.11059744548172264,0.12897219506074567,0.2257340734408991,0.06492684216691562
5938,0.1106205104772028,0.12874047818589937,0.22491408069906133,0.06538003208599032
5939,0.11065012914894115,0.12867313717548734,0.2240839614275113,0.06583088529358042
5940,0.11064519585969225,0.1283840220566438,0.2231880719419712,0.06627620945350313
5941,0.11061641028373015,0.1283358753802992,0.22232127155529452,0.06650482441883389
5942,0.11056989144356921,0.12809633207591414,0.22148908969233258,0.06646328603280433
5943,0.11053171182448399,0.12784603083939033,0.22061858685147798,0.06640758644233229
5944,0.11051403683846377,0.12764086757127568,0.21987570045071553,0.0665944799772067
5945,0.11053380840043557,0.12737369131586457,0.2190279849168307,0.06688995912397477
5946,0.11059426065111451,0.12709718990595437,0.2181588454948932,0.06709697238493413
5947,0.11064099037381653,0.12686342147394955,0.21736133483856623,0.06715808892241626
5948,0.11071710712418137,0.1265692901839109,0.21647719503350593,0.06707811108923506
5949,0.11072443703414765,0.1262809124606992,0.21559958674193605,0.06701294194410809
5950,0.1106853947941717,0.12598621452741868,0.21479052815332925,0.06707430760571674
5951,0.11065213885629653,0.12570140883009714,0.2138857882534509,0.06709420966463059
5952,0.11067982044280598,0.12539712898117977,0.21304947420590517,0.06716050922853237
5953,0.11069659046240754,0.12509650499246283,0.21214133186902565,0.06712544166614684
5954,0.11070384760180405,0.12480158994849676,0.21127728533972898,0.06720399221457266
5955,0.1106667715434763,0.12450927028921617,0.21037018855692438,0.06740442245700792
5956,0.11062443982345702,0.1242058660744929,0.2094838519846104,0.06754275488395335
5957,0.11059374961948668,0.12392192165774675,0.20859287699051393,0.06753170054680256
5958,0.1106018701144942,0.12363083917033135,0.20770692378814298,0.06740855064367024
5959,0.11063444722354318,0.12332334464381935,0.2068277447533511,0.06735760115154478
5960,0.11068406615845944,0.1230389342685575,0.20593009123199876,0.06743217676237279
5961,0.11070820396258632,0.12274038125389661,0.20504967974079888,0.06758119611139872
5962,0.11071806359742058,0.12243666414337631,0.20416448959852823,0.06778415296864806
5963,0.11068280088317459,0.12213421687146216,0.2033447583851869,0.06790989024249551
5964,0.11063663652978581,0.12181836887485671,0.20247369051628228,0.06801133641929724
5965,0.11060176402041672,0.12150497043918027,0.20174972301590785,0.06803036058082822
5966,0.11060298398251274,0.12118811250804863,0.20091795173614987,0.06794661230421532
5967,0.11058681465098966,0.12087805510186758,0.2002853594587342,0.06781491239834415
5968,0.11055758395563453,0.12057014825736968,0.19954183886890942,0.06770658475750431
5969,0.11050672897123642,0.12025847987762601,0.19896709673963206,0.06763727865671888
5970,0.11045486269554994,0.11996131068802728,0.1981495774328826,0.06760887551166611
5971,0.11041743469695427,0.11965785704073975,0.19778209892728302,0.06757927184359439
5972,0.11039053817600268,0.11934602369226596,0.19692985070974772,0.06752273877231703
5973,0.11037266120483713,0.11905835869782462,0.19656463683529224,0.0674364184098401
5974,0.11035502822761631,0.11877685913303423,0.19571717252731166,0.06734130010276274
5975,0.11033030884908404,0.11848651358636353,0.19538581023446763,0.0672172321526869
5976,0.11029174208637946,0.1181879323921489,0.1945127403894635,0.06707874860482123
5977,0.1102443864004004,0.11788326730115989,0.19413646933475684,0.06692693790810678
5978,0.11019106814847147,0.11757335828502834,0.19332454574629937,0.06677121591499484
5979,0.11013750895973627,0.11726375050645134,0.19265114550570744,0.06662044424230984
5980,0.11009438182201337,0.11695450820130164,0.1918467005643908,0.06648034394704357
5981,0.11004692612683552,0.11665034129869485,0.1910205184230991,0.0663618748271807
5982,0.11000787798934764,0.11635340892253604,0.1901705913598954,0.06625738253201517
5983,0.10995640283778149,0.11606798796679471,0.189416694559592,0.06618596508123423
5984,0.10990442156645586,0.11577029881248141,0.1885669586459919,0.06614909668935195
5985,0.10984906920629962,0.11546800046496013,0.18771344606747958,0.06613452066341531
5986,0.10979320086017795,0.11518137646439926,0.18688420876863637,0.06616369718897039
5987,0.10973985206978118,0.11488357718981444,0.18603122668120284,0.06622318507894631
5988,0.10968603896446827,0.11458147692572229,0.18518088308445063,0.0663264443167193
5989,0.10963974049496757,0.11428430019941625,0.18434286019095925,0.06639701515768494
5990,0.10958807886025797,0.11398626331792339,0.18350202032757723,0.06642694011586758
5991,0.1095398193194541,0.11368656298564905,0.1826878789310514,0.06638544283205333
5992,0.10948846350042865,0.11339201496632695,0.1818740886987145,0.06626720539868715
5993,0.10943600289979565,0.11309647255772194,0.18104083694660256,0.06612963942455886
5994,0.10937894262575179,0.11279773402813248,0.18022144672289572,0.06603267382635475
5995,0.10932305668987496,0.11250170092567956,0.1793937035013584,0.06598615620258978
5996,0.10926656652507452,0.11220521725459624,0.1785855243678969,0.06601014942034993
5997,0.10920851140279804,0.1119221724794061,0.17777684457978105,0.06610207102253425
5998,0.10915384616470451,0.11163461621474448,0.17699207563932073,0.06621656311523533
5999,0.10909841773821993,0.11134407496431833,0.17620444343574032,0.06637820186286428
6000,0.10904563947174206,0.11105779308179488,0.1754303126914012,0.06649085532348763
6001,0.10899177612921544,0.11077547643938633,0.17469733442796057,0.06652278567942782
6002,0.10894068774672178,0.11049228372598367,0.17390666393470025,0.06643790523691563
6003,0.10888583050988757,0.11021589902651861,0.173171144147615,0.0663135475796329
6004,0.1088340836082796,0.10994150457183015,0.172399553921035,0.06625156418084678
6005,0.10877764484661519,0.10967125004529947,0.17169336059277018,0.06626749631908117
6006,0.10872304196139121,0.10942236362367863,0.1709337204139398,0.06632889016318665
6007,0.1086649696823953,0.10917854614757144,0.17029358167311845,0.06637841660545869
6008,0.1086080852133934,0.10894942025258274,0.1695180412793335,0.066419604904555
6009,0.10854894661450767,0.10869664305785855,0.16891162264372186,0.06642898186201075
6010,0.10849076963521337,0.10852425289407731,0.16813918499436578,0.06641159831567058
6011,0.10843185103454372,0.10834499306461796,0.16744020685688749,0.06636299169312448
6012,0.10837287576730197,0.10823432109514054,0.16668942723013602,0.06627504428656676
6013,0.10831448221198395,0.10802558142257611,0.16596965986690698,0.06616154613275944
6014,0.10825541098836751,0.1080153569124273,0.1652924705622282,0.06601845452760628
6015,0.1081976836022123,0.10785611741189369,0.16454820616646534,0.06586823091676679
6016,0.1081392262050203,0.10780578562822925,0.16383908547268508,0.06572813208324951
6017,0.10808287087394337,0.10765778609897646,0.16312894301916217,0.0655987972477687
6018,0.10802488732851459,0.10753808773648761,0.16240802699403384,0.0654933191630805
6019,0.10797053358182192,0.1073452130269911,0.16168155671549722,0.06540220120278216
6020,0.10791356070625216,0.1071672324827906,0.16093235916602747,0.06532977071499904
6021,0.10786093568434174,0.10696240036814297,0.16019429852203704,0.06527073963841398
6022,0.1078062930036445,0.10686564113605261,0.15946125788001936,0.06523163290509379
6023,0.10775645396209775,0.106674131354478,0.15876176449486276,0.0652167284167593
6024,0.10770474431494698,0.10656611669091687,0.15804212714549262,0.06521488966503752
6025,0.10765976687609816,0.10640978519780599,0.15739674418880684,0.06522998803108153
6026,0.10761265667531872,0.10622967360121356,0.15667961461150293,0.06523396902377875
6027,0.10757389071165994,0.10606959085726575,0.1560677330441179,0.06521278825767332
6028,0.1075359951781662,0.10588374447843449,0.15535083135954278,0.06514906338496165
6029,0.10750650888406006,0.1056797109577647,0.15473323356429533,0.06503565238332938
6030,0.10748456439670247,0.10546799954545232,0.15405095010405337,0.06489550383764366
6031,0.10747106934590865,0.10540568318640563,0.15340438899824735,0.06475148276121387
6032,0.10747416273379048,0.10519800557933247,0.1527551358802389,0.06462480882247601
6033,0.10748258144371185,0.1051810774020432,0.1520522688290455,0.06454041938781105
6034,0.10751743511995722,0.10512318096166036,0.15138502709614746,0.0644942864934143
6035,0.10754403536367185,0.1050391661656117,0.15077714055652103,0.06449772803385942
6036,0.10759162723489674,0.10500356781366511,0.15011479206498024,0.06456757591312516
6037,0.1076141177324368,0.105141697152144,0.1494858133296892,0.06467093927651307
6038,0.10762022339557585,0.10506069156360412,0.14885757740370628,0.06483715394238346
6039,0.10760491159382926,0.1052500030000272,0.14823024412890246,0.06494377433078204
6040,0.1075572227109454,0.10516338902178071,0.14755217032135695,0.06496661525577435
6041,0.10750321697539526,0.1053203307655985,0.14693529560653532,0.06488365517372469
6042,0.10746867878778522,0.10533972924597038,0.14625605282032736,0.06477118988312042
6043,0.1074535227810011,0.1056683850056801,0.14566055739657421,0.06471654091022286
6044,0.10746964012738829,0.10565777770509713,0.14504859442055906,0.06473304865557118
6045,0.1075543222205485,0.10613399579943458,0.14455478071549438,0.06480530118367744
6046,0.10763375258067169,0.10634634551303718,0.1440709622744297,0.06489038708279098
6047,0.10782303068069299,0.10710459613415249,0.14385960609210233,0.06501037075501895
6048,0.1079220884116652,0.10726040759106065,0.1435191721341933,0.06510939343184535
6049,0.10804579443196635,0.10793046333022402,0.14364174590881384,0.065204133855857
6050,0.1080605374315109,0.10827285094051906,0.14308183316038137,0.0652413438732125
6051,0.10806409233343091,0.1093851366418044,0.14331955813547534,0.06520942707805079
6052,0.10809362798536244,0.11073340106343756,0.1432932000205745,0.06511097753599038
6053,0.1081595062103392,0.1124426771471287,0.1442522599205284,0.06498496408854401
6054,0.10819484490739786,0.11330507772893093,0.14385972923637175,0.06489277053963645
6055,0.10818410908619869,0.11433102028908064,0.1448000744189276,0.06486474247148678
6056,0.10813531987815526,0.11585745401089412,0.14483582253545677,0.06488249240457207
6057,0.108121409697071,0.11780399306089179,0.14620459546509507,0.06491774834827577
6058,0.10814638570534171,0.11956592840307101,0.1473070092134086,0.06497452834979012
6059,0.10826617464736907,0.12039125621459265,0.14828820411438554,0.06501786362465856
6060,0.10838586470827635,0.12119133167555604,0.14958651039388066,0.06505869647815778
6061,0.10863617020430649,0.1221850859361412,0.15039714925038397,0.06506774567663848
6062,0.10872874159035405,0.12283672307941658,0.151265448617734,0.06504364443642079
6063,0.10873803763260927,0.12330216748454448,0.1535413147174149,0.06497313818865089
6064,0.10875098584227905,0.12379494390163406,0.15713228515234484,0.06485441431881639
6065,0.10884601629552125,0.12456388257684525,0.1583916572513855,0.06471575656860316
6066,0.1089309169874919,0.12518745728784308,0.16028263696910916,0.06458194688150136
6067,0.10896383439856568,0.1259501826078816,0.16344819969117447,0.06446120054442837
6068,0.10896525447494868,0.12765358529285273,0.16398775006966337,0.0643629493280829
6069,0.10905722374317277,0.1287010654294163,0.16581883914428042,0.06427490407741397
6070,0.10914244233973855,0.12966126889102178,0.16763808097389327,0.0642032855356112
6071,0.10924841851690628,0.13128340620956772,0.16811499753679193,0.06414473171644935
6072,0.10930062896676679,0.13211225469053925,0.16893451447806518,0.06410857587777537
6073,0.10934070849204544,0.13316000666241282,0.16934410148136922,0.0641025905693506
6074,0.10931685755974964,0.13467453810885877,0.1701331070152938,0.06412911340450347
6075,0.10933153890268268,0.13593704062922551,0.1704993927747412,0.06418397408208078
6076,0.10933497404129176,0.13605881011543308,0.17055413299605357,0.06424252753653548
6077,0.10936145553475347,0.13687827658829435,0.17095988610102208,0.06425197611746619
6078,0.10936278279470162,0.13757011296045243,0.17147411174458738,0.06420627309178256
6079,0.10934587033833129,0.13820574361640217,0.17151054640749394,0.06409588742805986
6080,0.10933354074453883,0.1385860365831873,0.17123071774679746,0.0639667511428838
6081,0.10932463742465955,0.13922683622991056,0.17118895908807177,0.06387602325275221
6082,0.10933573427172341,0.13984041729740534,0.17107073593477565,0.06384007735987213
6083,0.10933354464900588,0.14045975738591326,0.1707991369044212,0.06389106391290832
6084,0.10929797205375266,0.14122334809384984,0.17051883050035432,0.0640317834034851
6085,0.10926539300452212,0.14175460194871656,0.1702589021541017,0.06422649385975941
6086,0.1092518031783243,0.1421248041582525,0.170080784537014,0.06455359032635796
6087,0.10925628358418397,0.14248499371135812,0.16994431275074512,0.06485739834016048
6088,0.10926531842789117,0.1426190680405692,0.1696618562722128,0.06512931496621129
6089,0.109244670134119,0.14266048333960174,0.16942182048394622,0.06523179028225294
6090,0.10922191401323592,0.14273020598647804,0.16932294933495126,0.06518023140081157
6091,0.10917463633324617,0.14266230875368935,0.16920104288377089,0.06512416274313279
6092,0.10914232028340401,0.14265004066671375,0.1689919950625499,0.06520920724964964
6093,0.10911234610581866,0.1425566965945583,0.16884972239352974,0.06539374298245056
6094,0.10908921132006111,0.1425310527791561,0.16874112394860874,0.0655393924879123
6095,0.10905221788588988,0.14243045149817382,0.16857675805399427,0.06563279322316286
6096,0.1090031275016747,0.14233112922019206,0.16839750984419527,0.06563256517435001
6097,0.10896210956150856,0.14219137148872427,0.16822229212850706,0.06555066579755854
6098,0.10892684700985171,0.1420850138705853,0.16800986877643628,0.06542931215427396
6099,0.1088953179606658,0.14199885459308068,0.16773679417125997,0.0653348629928357
6100,0.10886074643720033,0.14186682050209662,0.1674392290842568,0.06527856693688212
6101,0.10881831852029825,0.14170906627359503,0.16711501693479822,0.06524139739876551
6102,0.10876832265497449,0.14164721199447017,0.1667781212047223,0.06520953331426069
6103,0.10871600874015212,0.14158989184778162,0.16640103111340854,0.06514567036351916
6104,0.10866876687817796,0.14144375398656053,0.16599617515928083,0.06502530112603555
6105,0.10862500571802852,0.14130392039841236,0.16557154590944,0.06488635842225754
6106,0.10858017438663449,0.14116068667807374,0.16516821104786428,0.06475682912935261
6107,0.10853189207161842,0.140964975743418,0.1646915625370753,0.06467581627115455
6108,0.10847979190912135,0.14078615775702438,0.16422205383579946,0.06461216371228917
6109,0.10842510237952425,0.14062718368587943,0.16378466857717444,0.06458528101857276
6110,0.10837045249527727,0.1404317208857135,0.1633131234551051,0.06451664695256643
6111,0.10831977607619427,0.14019419004267872,0.1628789391036974,0.06453018401407325
6112,0.10827082577296136,0.14001118637991633,0.16245578725285667,0.06454234339193908
6113,0.1082194963354085,0.1397977199319335,0.16197635279499795,0.06468557530203885
6114,0.10816642802280164,0.13956975381523523,0.1614670451465098,0.06491434718784321
6115,0.10811095384259355,0.1393506089287043,0.16094763463596187,0.0650764723918194
6116,0.10805447049418422,0.1391327989116167,0.1604235366406159,0.06508545183078425
6117,0.10799771369183435,0.13888550873396602,0.15988990715063228,0.06499390278088596
6118,0.10794252385490144,0.13863943263683534,0.159345654870671,0.06495235738551526
6119,0.10788802243603685,0.13838977445979764,0.15879637855343298,0.06506348684314817
6120,0.10783378789781282,0.1381140334877695,0.15825047925719035,0.06531135035079727
6121,0.10777822193690968,0.13784658775289443,0.15770160605084552,0.06558502948032717
6122,0.10772159732207115,0.13758287051053633,0.1571591522543346,0.06577969509679243
6123,0.1076636223755857,0.13729575863245258,0.15659996651696406,0.06604374752046241
6124,0.10760496276940461,0.13704628628675453,0.15604205831369392,0.06631144628560609
6125,0.10754722541708653,0.13675334482725351,0.15549180885242192,0.06653464742968863
6126,0.10748939977726962,0.13648001807122637,0.15493979289296927,0.06662024162886573
6127,0.10743290902036769,0.13622388119402787,0.15438141230331873,0.06656352846705312
6128,0.10737587581740445,0.13592416679701452,0.15381158121451144,0.06643876371043649
6129,0.10731879461954327,0.13562023954316516,0.15325775930772953,0.0664459863110402
6130,0.10726095007332156,0.13531098563364063,0.15270404627089001,0.06657035395167755
6131,0.10720260707228428,0.13500153433428666,0.15212357588378733,0.0667242581956255
6132,0.10714387943375775,0.13468876705532995,0.15154559981260465,0.06684192144918981
6133,0.10708477259108037,0.13437803049408792,0.1509759808114045,0.06687664429492801
6134,0.10702617893599226,0.13408795831763032,0.15040551027609975,0.06682443267488296
6135,0.10696718854951648,0.133784242342884,0.14982313957894736,0.06669990983973588
6136,0.10690893161392502,0.13350853380162991,0.14926717157543,0.06658059536264631
6137,0.10685011616215208,0.13322815625994383,0.14867794208342966,0.06654499566942017
6138,0.10679201012599834,0.13299710698719652,0.14812108438665003,0.0664814087590338
6139,0.10673313850335153,0.13267396491201572,0.14755115730774054,0.0665001345402556
6140,0.10667471817899275,0.13248872683060361,0.14697599847564266,0.0665326412010118
6141,0.1066157948181529,0.13216564945922923,0.1463922898849897,0.06668400390177816
6142,0.10655700653722765,0.1319529607732733,0.1458156858143593,0.06692822700479328
6143,0.1064979972859325,0.1316732640834343,0.14526417973911598,0.0670767284450184
6144,0.10643901228758312,0.13137919044609697,0.14467358886798626,0.06709477896314507
6145,0.10638009244951518,0.13112701985734457,0.14412086562939685,0.0670050388882313
6146,0.10632113926766719,0.13084782884449028,0.14354874014054045,0.06694158735654801
6147,0.10626248505991785,0.13059995446156078,0.14304675562950417,0.06703592276119331
6148,0.10620375095489148,0.13038462578438578,0.14247685922380326,0.06726531231704279
6149,0.10614539912661074,0.13023856903587225,0.14202330884509948,0.06762466449619739
6150,0.10608677578948457,0.1303055374122865,0.14144486742375742,0.06791085774127148
6151,0.1060285398161069,0.13044833389229787,0.14101799970811446,0.06816879689620321
6152,0.10596989932537715,0.13064010343646681,0.1404660416411779,0.06822952783444776
6153,0.10591165636549274,0.13048235134842193,0.14003289303884406,0.06810428738061396
6154,0.10585305923835178,0.13055301712544645,0.13948042883126496,0.06804658295634129
6155,0.10579493204575288,0.13062267531016397,0.13906877397291878,0.06810970269144202
6156,0.10573645204878712,0.130489734639487,0.13858977268257705,0.06824927528203151
6157,0.10567849460279653,0.13069246934415152,0.13819962282737724,0.06835205380000788
6158,0.10562011755004166,0.1304815980182682,0.13799030960271563,0.06839333222877211
6159,0.10556230537773818,0.1307326843489867,0.13780338845407086,0.06834487113196026
6160,0.1055040306945273,0.1306156529435429,0.1378760561089499,0.06824912148278633
6161,0.10544648014062935,0.13076137068437224,0.1376799862427113,0.06819558874367547
6162,0.10538834357330387,0.1305133085083599,0.13742562731508903,0.06809894798058647
6163,0.10533125022074627,0.1304934637661752,0.13763136610340734,0.06797629513225542
6164,0.10527328272047644,0.13026262432834976,0.13761748304304477,0.06782461410243987
6165,0.10521682210409879,0.13020822534907825,0.13850074539904433,0.06768013442788054
6166,0.1051591695738728,0.13002068001701655,0.1380615674398826,0.06754928154331805
6167,0.10510372682612233,0.13000291689168264,0.1387752344277391,0.06742913112076072
6168,0.10504683218968601,0.12983539483794268,0.13849563474681684,0.06730776425836522
6169,0.10499344774929231,0.12982776292104972,0.13864795770943286,0.06716832381795942
6170,0.1049384852109338,0.1296731372269467,0.1386349524220151,0.06705539854118768
6171,0.10488944745543292,0.12971359117460876,0.13833110752048094,0.06698551394880609
6172,0.10483979340632485,0.12956068851564792,0.13829282539621598,0.06695693618554961
6173,0.1048000844622875,0.12955306966366267,0.13803523227100928,0.06697371949011183
6174,0.10476508364658697,0.12948506333756532,0.1377249579507975,0.06700652744318371
6175,0.10474529070238253,0.1295074476566061,0.1374301442499177,0.0670537378469169
6176,0.10474722569361151,0.12936441995487252,0.13714518641417223,0.06704536149078752
6177,0.10476464929883154,0.12924117559737672,0.13702347497910364,0.06698709008672113
6178,0.10483867547809148,0.1291468641848512,0.13661296829320205,0.06689335945313557
6179,0.10490100370750095,0.12893148010238425,0.13649760098838856,0.06676481224478589
6180,0.10503115234356578,0.12880493369239662,0.13612545731244446,0.06664049916187327
6181,0.10509907127545567,0.1286077468291462,0.13603222174728827,0.06651504063208455
6182,0.1051327861948216,0.12845034617702789,0.13569561491943322,0.06637900442021893
6183,0.10513279605638953,0.12821650135569795,0.13551226741716926,0.06625185697345304
6184,0.10511884652395555,0.12800552360937256,0.13525803235783324,0.06613122094544793
6185,0.1051234154248622,0.12778897454067203,0.13508962323137466,0.06603624060964744
6186,0.10519864730514071,0.1275464179807704,0.13481446182799106,0.06594179080342331
6187,0.10534723791561551,0.12731072095213655,0.1348399441333042,0.065890230118687
6188,0.1054964494873669,0.12710250594769848,0.1347533122457749,0.06585021927213447
6189,0.10573602510047427,0.12688344912454147,0.1348742229471487,0.06584747574227053
6190,0.1059055018247899,0.1267080608735833,0.13460709959524603,0.06584955682582669
6191,0.10606871118357708,0.12655882448508857,0.13485743920342055,0.06583477126385646
6192,0.10613648441131421,0.1263837373076801,0.13452421973738646,0.06577355308698364
6193,0.10611600423978881,0.12627288480064075,0.13486585915227153,0.06565692049289658
6194,0.10609109344717724,0.1260862704080939,0.13454907993253015,0.06550877831915805
6195,0.10614230620465268,0.12590387877961365,0.13461727647925428,0.0653756266271903
6196,0.10623992989288156,0.12566613273438976,0.13446248313861486,0.06530800724115518
6197,0.10630912740584941,0.12547160454500794,0.13427985394885,0.0653187781226249
6198,0.10633955085265258,0.12524558418126935,0.1344714077211482,0.06540370775668357
6199,0.10631840540960077,0.12500388694620504,0.13405600648944907,0.0656114321208645
6200,0.10628082244487261,0.12483603220323515,0.13425415968303933,0.06584643462366022
6201,0.10625321809563908,0.12467558524965339,0.13394065338705696,0.06616007592773265
6202,0.10625934656660403,0.12453634504476485,0.13373306296508883,0.06631709759087212
6203,0.10630337546605113,0.124359897329701,0.1334984862734942,0.06628651023186835
6204,0.10634023113337722,0.12433655773875271,0.13310163631054836,0.06619553075260126
6205,0.10637116436124833,0.12424169770889748,0.1327872081298628,0.0661924371787267
6206,0.10636367854305177,0.12421980565342508,0.13249968962538797,0.06629264949833505
6207,0.10631970400526536,0.12415267215644753,0.1320862162307588,0.06640510608273027
6208,0.10628370828176124,0.12424746507076481,0.13175357417546887,0.06645020168232114
6209,0.10627707383256252,0.12432500113136787,0.13136290460667707,0.06640948399505173
6210,0.10627422463162396,0.12450700003297907,0.1310961860965223,0.06632886235915768
6211,0.10626670065572984,0.12479438835717563,0.13072796988941005,0.06626360655305914
6212,0.10624144251883054,0.12517460617115733,0.13034825104569467,0.0661953185231188
6213,0.10619626525604271,0.12588954411349876,0.13002127575053182,0.06611794733537193
6214,0.10615069417180038,0.12627455045968464,0.12981106234220854,0.06601575944494745
6215,0.10612166841974233,0.12642627459455746,0.1293241188625971,0.06588907616154037
6216,0.10610241737152212,0.12727309388226044,0.1291373555416193,0.0657664019011617
6217,0.1060958720529348,0.12746016572360439,0.12865036926418005,0.06564855067394122
6218,0.10608355562261758,0.12859029615041637,0.12834764766034695,0.06553615541278954
6219,0.1060599845886357,0.1287591233584676,0.12788152388464263,0.06540473381115285
6220,0.10602315673884224,0.1300205483582841,0.12746805832424496,0.06528647213682404
6221,0.10597270566932518,0.1306621430515737,0.1270363606500304,0.06515857905740387
6222,0.10592601187810038,0.132530119129369,0.12657472594221558,0.06503448161642375
6223,0.1058881957872129,0.13298119961252566,0.1261991231346095,0.06492534795696357
6224,0.10585863898290492,0.13498427887494965,0.12572083331935469,0.0648616396369869
6225,0.10582760054194043,0.1355066357752872,0.12527506841993147,0.06484329158923753
6226,0.1057879212738719,0.13794670811868573,0.12486463700204474,0.06485491658958216
6227,0.10574305241804949,0.13796343767103036,0.1244324113485028,0.06491904433080412
6228,0.10569097726300983,0.14009589665024677,0.12398392561429858,0.06502160671794227
6229,0.1056391266559374,0.1402227292825754,0.12359474470906595,0.06518742502084963
6230,0.10559009223825355,0.14186651183348156,0.1231896051544526,0.06530310440858042
6231,0.1055489759033156,0.14221071374108743,0.122999548786345,0.06539502172575232
6232,0.1055080945304992,0.14299596871144474,0.12257701048438613,0.06539632341711528
6233,0.10546854500119271,0.144500693890759,0.12253293792181283,0.06531240508970183
6234,0.1054274157476037,0.1445342410676103,0.12205688843913037,0.06524960161744535
6235,0.10538018517295779,0.1461924274789352,0.12204746178744881,0.0652084299965847
6236,0.10532912679443818,0.1462262691907012,0.12155214637199975,0.06517260946509021
6237,0.10527789089003406,0.1472778214631144,0.12140784097005602,0.06515336099926029
6238,0.10522336308467749,0.14885411302492774,0.12097718181909273,0.06513919341906983
6239,0.10517417899364975,0.14940146825755166,0.1206232694645697,0.06513660017764422
6240,0.10512316491153396,0.15182784975503189,0.12021391959872883,0.0651320121292797
6241,0.1050754385172294,0.15176766697160532,0.11972046168244216,0.06519447805076883
6242,0.10502562547574525,0.15335457639817565,0.11928980953129786,0.06520394948131934
6243,0.104976421180868,0.15355462788382718,0.11881691137054294,0.06524594166300754
6244,0.10492353538407569,0.15427466714427224,0.11833358004046023,0.06518919141756942
6245,0.10487364374408341,0.15495186165347818,0.11790196488293084,0.06508673870125525
6246,0.1048196228633185,0.15504073656274128,0.1174228401452266,0.06497450450308688
6247,0.1047722928097129,0.1560216355461864,0.11697029166007271,0.06490154696977465
6248,0.10472425348366694,0.15607752335923844,0.11655597893768192,0.06493804767413881
6249,0.1046870188887098,0.15642523411108697,0.11608266468038188,0.06500700801410304
6250,0.10464831512930277,0.15678720074994046,0.11569061635987159,0.06518073620373047
6251,0.10462989595153688,0.15664132173967524,0.1152267030029774,0.06559695285572774
6252,0.10459895946577709,0.15716396265284818,0.11482805491064839,0.06615179934456046
6253,0.10459344527333508,0.15698868193319757,0.1143660716081493,0.06694911886068508
6254,0.10457988765912365,0.15721667406882706,0.11395812976539424,0.06757686111671987
6255,0.10458069304578461,0.15735595216600828,0.11362059578031827,0.06797122717377094
6256,0.1045980083886092,0.1571640854612985,0.11315772663692548,0.06794939981108322
6257,0.10461345255498276,0.1572439071829934,0.11281533851868843,0.06805579668878901
6258,0.1046269878843818,0.15735438098478713,0.11235243742050634,0.06841965060126176
6259,0.10462792231978923,0.15726694755510545,0.11196616871574255,0.0687267616874271
6260,0.10459361197862295,0.15763750004313662,0.11157819946815373,0.06881416466050962
6261,0.10454802394403657,0.1574076890414413,0.11110932678139043,0.0687615428177769
6262,0.10450667809454256,0.15759978824040582,0.11068791891005876,0.06888291995430626
6263,0.10447752899592755,0.1575119512405533,0.11023926045711509,0.06929279624820864
6264,0.1044784077685307,0.1573399989285475,0.10980136216565631,0.06948094303388506
6265,0.10453009416698099,0.15742554717744528,0.10942563060411283,0.06984153383775767
6266,0.10457515609431867,0.1571856410053145,0.1089661515372152,0.07012516090110138
6267,0.10469755198443201,0.1571798564263222,0.10854032181546934,0.0705040147186917
6268,0.10475829027148582,0.15707342324460022,0.1081058948820673,0.07072646855055728
6269,0.10485259654361401,0.1568156288905983,0.10767232652430651,0.070843106899244
6270,0.10491120770885465,0.15666094668182975,0.1072598177460923,0.07125008570563247
6271,0.10493907443089574,0.15639817873622855,0.10680672822907246,0.07174494894295329
6272,0.10494330975592615,0.15612422249092114,0.10638531951035135,0.07244532024403062
6273,0.10498730773502708,0.15594349836077873,0.10595546771468815,0.07293685114718426
6274,0.1050065542251326,0.15561286270524313,0.10556283775211793,0.0730318348199652
6275,0.10499628796383503,0.1553800307994656,0.10517891118944915,0.07332933237031834
6276,0.10495611469076428,0.15511511767783703,0.10477231510660136,0.07379217242500542
6277,0.10493942932035626,0.1547844021566664,0.10444110745766577,0.074490526716658
6278,0.10496704549664863,0.15453945399909863,0.10403293308021391,0.07512679341931619
6279,0.10501410051964183,0.15423437040380342,0.10365844205242349,0.07509281193031103
6280,0.10509775273316001,0.15390665188419364,0.1033091457708468,0.07533987669933999
6281,0.10526604957558978,0.15360731438199782,0.10289513942558301,0.07571054335120041
6282,0.10537478533798368,0.15328715873383583,0.10251887530716777,0.07584531607048516
6283,0.10544108470528409,0.15293131220859774,0.10210607648787988,0.07586639866166035
6284,0.10546700389195071,0.1525814033830402,0.10170499290145243,0.07599209264189558
6285,0.10552840457902916,0.15222349777361416,0.10130452109668144,0.07618314536481303
6286,0.10562581312401567,0.15185787201330522,0.10093711753279401,0.07612903641980247
6287,0.1057366786103446,0.15150865601552954,0.10057990655875007,0.07612685915328313
6288,0.10576097451007334,0.15113452783654793,0.10022537785755366,0.07626106692443055
6289,0.1058054901837434,0.15082201364510764,0.09994765268046023,0.07630691183183902
6290,0.1058670689566699,0.1504687412367179,0.09958548380935602,0.07621124901869836
6291,0.1060087719444394,0.15010177495623475,0.0993954880462724,0.07625662470516013
6292,0.10614989704948585,0.1497943200068635,0.09901197726442433,0.07675897174187665
6293,0.10633342902658183,0.14940810056129866,0.09880217874635874,0.07707061999929571
6294,0.10640930949813328,0.14910787341648613,0.09841572704253089,0.07709912236256561
6295,0.10649046308823297,0.14873002320072057,0.09813572367008655,0.07716650585924134
6296,0.10645675886311942,0.1483733876823713,0.09776703389784987,0.07721960723329656
6297,0.10650070343719457,0.14800633624523213,0.09748472742123093,0.07742863698829637
6298,0.1065853846732569,0.1476382177195468,0.09717032302746681,0.07749664420271196
6299,0.1066204318367903,0.14725811207700876,0.09691533684076568,0.07764309093318737
6300,0.10659118942375359,0.1469336409690436,0.09660459573856302,0.07756884728949562
6301,0.10659842545341916,0.14655855052429875,0.09635515695182749,0.07755949085236478
6302,0.10663727933384343,0.146260571438766,0.09601935774220219,0.0776122000817655
6303,0.10666805027116269,0.14587090422600804,0.09577468445819873,0.07792596624609605
6304,0.10664621826909534,0.14557014045147446,0.09556796500318548,0.07823924108257087
6305,0.10661443137853094,0.14518431175282306,0.09531483910519549,0.07858995461951336
6306,0.1066138881231476,0.14490416563960964,0.0952514156612694,0.07894756610051482
6307,0.1066343168613373,0.14450727285209786,0.09496700953056904,0.07885645175073455
6308,0.10667042722172188,0.1442150668239313,0.09498364528170446,0.07911705647159062
6309,0.10667313140791569,0.14381974440562614,0.09474099875539702,0.07948594844219287
6310,0.1066442137922604,0.14351630683232494,0.09497909998104284,0.07952413462696288
6311,0.10660493463936722,0.14311770596217813,0.09467239885324114,0.07944555338895395
6312,0.10657793297724873,0.1428174419545496,0.09500004819365655,0.07969057730168297
6313,0.10656242955181237,0.14242108640277362,0.09465473033893096,0.07985756721197111
6314,0.10655092115875413,0.1421030274356947,0.09501116896674167,0.07988786659109642
6315,0.10651169069205697,0.1417285600820102,0.09484094768544132,0.07994647189141026
6316,0.10646925766666518,0.14137168433729044,0.0948249249780092,0.07988251897347379
6317,0.10642558801274485,0.14107173475554502,0.0950466741763101,0.079766996861576
6318,0.10640115139176234,0.14068232437810563,0.09483068612975858,0.07961899171269045
6319,0.10637636910597688,0.14035024126469647,0.09526318954943261,0.07957033256040141
6320,0.1063427912864463,0.14004668021027303,0.0950184969385317,0.07947891669310028
6321,0.10630464910696245,0.1396575264398499,0.09525649873633107,0.07935376758193184
6322,0.10625736611348228,0.13936077859157547,0.09498599362009652,0.07927647054099672
6323,0.10621029905967228,0.1389802430812116,0.09496893021816959,0.0792037854656365
6324,0.10616297306440599,0.13863733046450988,0.0949469370295253,0.07906133531891679
6325,0.10611941986042939,0.13825847565849902,0.09497434314698965,0.07905095506575265
6326,0.10607571890193387,0.13790976397491178,0.09540224137226455,0.07913523401863601
6327,0.10602498852841742,0.13752470843516484,0.09525785019443408,0.07915923374262442
6328,0.10597315165301584,0.13716564200244924,0.09588610990472489,0.07913314431451415
6329,0.10592065215542536,0.1367830961669531,0.09561914533334431,0.07898835067781251
6330,0.1058706356921668,0.1364231551576576,0.09636554942551012,0.07883445916035055
6331,0.10582024662307872,0.13606540099488962,0.09609922951574719,0.07867615377346414
6332,0.10577028452599795,0.13574497025302282,0.09696184372095054,0.078464235694831
6333,0.10571721007253986,0.1353893374358443,0.0966714533537524,0.07826527619358625
6334,0.10566318101020265,0.13509352385799622,0.09714069785943209,0.07808784429345769
6335,0.10560814896796092,0.13472658200588358,0.09693692032572811,0.07790829872439226
6336,0.10555269724234737,0.134412811207363,0.09704591097867632,0.07772841650823177
6337,0.1054982170702774,0.13404407249706593,0.09688190840717743,0.07759476178753151
6338,0.10544302915570886,0.13369574100234627,0.09672596129440103,0.07745036276925042
6339,0.10538984802442466,0.13334695633581506,0.09665536830354923,0.07724629546550109
6340,0.10533379906931042,0.13301373840334088,0.096357004736935,0.07703008063549009
6341,0.10527787165199202,0.13264515709114333,0.09634720798699496,0.07683274626545246
6342,0.10522092213721844,0.1323146434456219,0.0960502406669543,0.0766702364500669
6343,0.1051638059847632,0.13195462175853145,0.09611656042291677,0.07650275955418506
6344,0.10510675163115192,0.1316334575796262,0.09586838787121056,0.07630366189574858
6345,0.10504967391185997,0.13127634536174085,0.09596885353808822,0.07610456649801813
6346,0.1049939784405495,0.13098761388490507,0.09567870214791918,0.07590551825806473
6347,0.10493697462969716,0.13063908880289157,0.09572450011700731,0.07572001319653292
6348,0.10488065843176551,0.13037830193473976,0.09546648636425266,0.07551991760501132
6349,0.10482300849619433,0.1300312748465529,0.09561694364736453,0.07533678753501448
6350,0.10476564849465289,0.1297858607299897,0.09555510631099885,0.07515272724333794
6351,0.10470742035859923,0.12944730133328677,0.0960326741262205,0.07495489491307361
6352,0.10464999303699725,0.12925026083202434,0.09609132982895376,0.07474793126693323
6353,0.10459194067523113,0.1289093904049716,0.09694834199808401,0.07454906316333414
6354,0.10453495257162472,0.12874014017567176,0.09775812173988944,0.07435343409720543
6355,0.10447719039089773,0.12839796250646027,0.09962440011293472,0.07415485992418246
6356,0.10441957632337172,0.12824421014382728,0.10075367664594496,0.07395694533892803
6357,0.10436163369759809,0.12796623724204118,0.10149338287186575,0.07375702279970091
6358,0.10430353281668822,0.12787008198141364,0.10254177493827987,0.07356541365179387
6359,0.10424546759676394,0.12760638052266451,0.10345083936230944,0.0733695578161652
6360,0.10418710640076552,0.12757105681818132,0.10500833455897739,0.0731823696721575
6361,0.1041293027444854,0.12733607769140398,0.10678857812263697,0.07299838648731127
6362,0.10407095771077139,0.12728306181707136,0.10866651343291284,0.0728280350218181
6363,0.10401336121733762,0.1270572974299715,0.10943619041031981,0.0726593749335497
6364,0.10395517823238597,0.1270512258107711,0.11116225947427431,0.07249223433247792
6365,0.10389812481040903,0.1268060544121785,0.11389592732222145,0.07232046936955333
6366,0.10384023312853652,0.126785190196691,0.11570262089733925,0.07216388445807
6367,0.10378366721176727,0.1266901980071254,0.11975293911384637,0.07200804772815542
6368,0.1037261628593367,0.1269854953043503,0.12074227264015758,0.07187134463131159
6369,0.10367006106161981,0.12678502894275667,0.12326879124170007,0.07173990149457783
6370,0.10361262758968216,0.12688035813320792,0.12521136161767624,0.07162391342310839
6371,0.10355685414569721,0.12678531603502602,0.1258239715231816,0.07150311454547734
6372,0.1034996359154458,0.12671013501788111,0.12747623149065437,0.07137775261939788
6373,0.10344417245638027,0.1268690514899036,0.1298732676321636,0.07123482046566922
6374,0.10338736502328266,0.12676589558100274,0.13055587682245867,0.07109144414665605
6375,0.10333288496253641,0.126679565554884,0.13186569805077578,0.07093007123030766
6376,0.10327669680686509,0.12666543266132155,0.13345107552598856,0.07076449537089473
6377,0.1032237919052002,0.12647908229380753,0.13345290036246782,0.07059184840164533
6378,0.10316927952997863,0.12642206575479267,0.1346823610744564,0.07041981945932149
6379,0.10311918010424688,0.12631000234746562,0.1354056394513961,0.07024971205279468
6380,0.10306833661482624,0.1261901258756052,0.13551027702208368,0.07008355470864785
6381,0.1030243683363708,0.12620706094318968,0.13619375379038448,0.0699289418160366
6382,0.1029815857294898,0.1262244219889171,0.1365702496925446,0.06977923024283843
6383,0.10294909295085404,0.12614726359418305,0.136777025712603,0.06964307983729055
6384,0.10292478935281482,0.1262636513725908,0.1375032039270323,0.06950606379714108
6385,0.10291243715621358,0.12651233295263462,0.1376416574581735,0.06937591228354686
6386,0.10292417676786832,0.12644955720504925,0.13839209487955995,0.06924284412899484
6387,0.1029430111999032,0.1266875848698944,0.13853226421817919,0.06911766578931784
6388,0.10300659344774561,0.12682059562213108,0.13916383787433273,0.06898388141074062
6389,0.10305544858942144,0.12664810023806344,0.13919470955266444,0.06885135658020664
6390,0.10314138946948621,0.12665350292341254,0.1393049338990306,0.06870812170050009
6391,0.1031871241885636,0.12676141823525489,0.1392164009159672,0.06856136462997403
6392,0.1032027150370774,0.12652150611077034,0.1394662400302238,0.06840013357358875
6393,0.10319102703658155,0.1264916237749836,0.1393255778530417,0.06823666806726071
6394,0.1031507533337092,0.12624431122905416,0.13949635565757987,0.06806626566411178
6395,0.10311163582601396,0.12619413487954506,0.1400775841004836,0.0678970319738767
6396,0.10312418519667636,0.12596904471595438,0.14022141441795202,0.0677268433487393
6397,0.10320031617783931,0.12598404454220288,0.14046172257887643,0.06755717290982828
6398,0.10329792486383538,0.12577816956931162,0.1403039876824213,0.06738839980602263
6399,0.10352573156933499,0.12567022617596227,0.14046632375480272,0.06721871186749934
6400,0.10369095004955284,0.12548051053405454,0.1404355493712267,0.06705212047426168
6401,0.10392326889449988,0.12527598376944707,0.14029992630681853,0.06688510417043787
6402,0.10400135381727024,0.12510012398419948,0.14051112278950462,0.06672427104007823
6403,0.10398348008797752,0.1249209331747828,0.14031911536432487,0.06656550272292062
6404,0.10400396213716044,0.12464977026885285,0.1402061402678891,0.0664167742409183
6405,0.10410945665870311,0.12445622960218297,0.14013407452007048,0.06627172118616442
6406,0.10421817827652032,0.12418594465246861,0.13994483083325837,0.06614093244273343
6407,0.10423957990381394,0.12392246223303785,0.13973476250362243,0.0660198328969169
6408,0.10420139015242187,0.1236695014308298,0.13960171479496958,0.06592145444446822
6409,0.10417988686277149,0.12338873092952395,0.1392840302571059,0.06584201375232686
6410,0.1042252498833999,0.12312495468581626,0.1390554550526847,0.06579166244021174
6411,0.10436578636693236,0.12284626986565475,0.13883432691898362,0.06577048883250218
6412,0.10450249902642392,0.12257256985433274,0.13856123885499608,0.06576509229015615
6413,0.10474655093751499,0.12228748132858412,0.13829976216373602,0.06576782762110679
6414,0.10482725925374176,0.12200577985295026,0.1380511934107774,0.0657496508252367
6415,0.1048380571407466,0.12172891972107813,0.13773846110770205,0.06569017045612494
6416,0.10484165859364311,0.12143008653389821,0.13742328902285908,0.06558959423304381
6417,0.10494398945389742,0.12113952970166576,0.13711764913273555,0.06545270960728852
6418,0.10503385296534416,0.12085853386900101,0.136794139945506,0.06530956401068246
6419,0.10504476505427336,0.1205570316030221,0.13645206461123718,0.06519139513238106
6420,0.10504239065550722,0.12025846868232574,0.13607005431412347,0.06510597591377314
6421,0.10510170611318699,0.11995743626433916,0.1356918214343943,0.06507351627042522
6422,0.10516838467142581,0.11965933304722523,0.13531123015089602,0.06508812151293136
6423,0.10526247636774734,0.11936119667452512,0.13492266948373757,0.06513960622479992
6424,0.10526678325898406,0.11905512730308501,0.13454745138977153,0.0652322885062975
6425,0.10523685382994635,0.11876401643197226,0.13420359407804533,0.06529354999048997
6426,0.10522630683390537,0.11846809827823725,0.1338068084227545,0.06530265247906816
6427,0.10524864746942741,0.11816590896940816,0.1334171252992849,0.06522815325203185
6428,0.10527435514884187,0.11787928649063513,0.13311416500377365,0.06510107871866158
6429,0.10527107953811565,0.11757782880014904,0.1327355478136513,0.0649862387149637
6430,0.10523970967884172,0.11727974730175231,0.13242811581728578,0.06491496369265114
6431,0.10521239332494733,0.11698514788142628,0.1319794388843234,0.06487441087387484
6432,0.1052292810621691,0.11668220376295672,0.1316758443043408,0.06486368739169707
6433,0.10523553035923307,0.1163972280968846,0.13123570524845485,0.06486530861004254
6434,0.10522044679978418,0.11609930888308814,0.13088767033322757,0.06487410065472464
6435,0.1051795237585506,0.11580333291258675,0.13043541314595516,0.06489292935610452
6436,0.1051462206138126,0.11554264779883058,0.13004638541727584,0.06489777363824581
6437,0.10514480833258887,0.11523842216499094,0.12961081981749728,0.06487302813741362
6438,0.10515739281717505,0.1149969595784953,0.12930016245172177,0.06479656264918528
6439,0.10516800726303537,0.11471093330216266,0.12886374171309842,0.06467037652714842
6440,0.10516945291791738,0.114425744826741,0.1286747070187384,0.06453004568887129
6441,0.10513530667941681,0.11413708840777104,0.1283064324731445,0.06440657573376608
6442,0.10508923631984264,0.1138479592702764,0.12825170028470873,0.06429848937824209
6443,0.10504817515635603,0.11359415893286147,0.12791356533825476,0.06420700945808654
6444,0.10503128679642146,0.11337830924547741,0.12816255146816033,0.06412162816325719
6445,0.10500734519114065,0.11313743921780829,0.12778770339064574,0.06405560602616166
6446,0.10497024388445086,0.11295846114556912,0.12824348332675067,0.06399869276741187
6447,0.10492318167905015,0.11268948411209802,0.1277921459818773,0.063962899577029
6448,0.10487395914550386,0.11252594901720289,0.12792176231371147,0.06394824615481039
6449,0.10483818289509864,0.11228267220439121,0.12746160429087178,0.06394290498041338
6450,0.10480299968940723,0.11208921290007925,0.1274254587896896,0.06393611324802052
6451,0.10476552125353478,0.1118575325985487,0.12699469805607944,0.06389563084962603
6452,0.10472379060025797,0.11170325597292056,0.1268561964537581,0.0638089717720054
6453,0.1046746600265097,0.11143318789641105,0.1265640981659282,0.06368872922784406
6454,0.104623792945107,0.11126423917142393,0.12611739437121489,0.06354942716462599
6455,0.1045715072696434,0.11099785704941255,0.1258048969644901,0.06341132711499106
6456,0.1045247848222292,0.11085610525765069,0.12539027785513565,0.0632921348544933
6457,0.10447551822849684,0.1106541266362941,0.12501696834941198,0.06318818895323204
6458,0.10442501725908315,0.11057746146688564,0.12455369355255994,0.06311653156354141
6459,0.10437068541161104,0.11038929812880213,0.12422104734215449,0.06307304477967561
6460,0.10431627092672646,0.11041724392332629,0.12380439446930665,0.06307169324367097
6461,0.10426451920318042,0.11033891749272948,0.1235448560773693,0.06312638559518066
6462,0.10421353644658864,0.11052043115179493,0.12312547033704788,0.06320256066456356
6463,0.10416335359609803,0.1104047983023559,0.1229297503911478,0.06330738919376576
6464,0.10411066258853562,0.11068832544608612,0.12251228876225069,0.06334725914324073
6465,0.10405772663296337,0.1107357529249845,0.12222769644410145,0.06330331035887325
6466,0.10400206783207051,0.11122263796725101,0.12180201475242651,0.0631942025388822
6467,0.10394703319086838,0.11117287186928328,0.12143495293961404,0.06308170727344525
6468,0.10389277956980845,0.1117784289542039,0.12100809360823425,0.06300642545491368
6469,0.10384200210724458,0.11173240264709629,0.12060220657812479,0.0629874296772486
6470,0.10379222860647715,0.11250856994567869,0.12029433048957322,0.0630137916771388
6471,0.10374137474151501,0.11236202691081827,0.11984015489358085,0.06307386356825401
6472,0.10369043348109667,0.11311248610256361,0.11949360749716768,0.06318401510634616
6473,0.10363691605533355,0.1129458958089506,0.11911999494755311,0.06329968994463983
6474,0.10358145194540802,0.11357546711184131,0.11869056738848562,0.0634269994749623
6475,0.10352614638036294,0.11336926906577209,0.11833605245600669,0.06347376855700984
6476,0.10346911401268989,0.11389287701199553,0.11791465187576487,0.06342484736482129
6477,0.10341429357345616,0.1137564903739378,0.11747207442087954,0.06331102836406108
6478,0.1033572972722499,0.11426203433295774,0.11704590060518567,0.0632241342352405
6479,0.10330218103809488,0.1140777864706028,0.11660281296994726,0.06319719132827142
6480,0.10324565112818049,0.11455118588191776,0.11618556777602887,0.06320838422612536
6481,0.10319151469219037,0.11441605464915033,0.11575129847605219,0.06322835210915413
6482,0.10313677367614718,0.11483991166371205,0.1153244187753204,0.06323199647626505
6483,0.10308785027407524,0.11485397810740777,0.11495918686425267,0.06322008537634134
6484,0.10303792560170721,0.11498330465235801,0.11452025860571792,0.06319586134189864
6485,0.10299870736934234,0.11540075010679264,0.11412858658165995,0.06315233511791454
6486,0.1029571450655899,0.1152797775166878,0.11370200849850322,0.06309475069108603
6487,0.10292818351377357,0.1156824660004835,0.11328928280031572,0.06301584394035173
6488,0.10289293356246482,0.11561474532628083,0.11286620852871536,0.0629166772890329
6489,0.10287137890956519,0.11576605153297685,0.11251082980566851,0.06278801503422096
6490,0.10283444988699271,0.11559238409031657,0.11208144078216052,0.06264917186390881
6491,0.10280831305320631,0.11569622589925013,0.11174405053011247,0.06251646359814024
6492,0.10276677062451144,0.11555082260057516,0.11132342600346512,0.06239593322447242
6493,0.10273015169191978,0.11555620751224718,0.11092563418806851,0.0622984448865746
6494,0.10268721861072226,0.11567307731470017,0.11059124648383191,0.06221406350438456
6495,0.10264910102425007,0.11570548112360879,0.11015862211487942,0.0621488121296479
6496,0.10260517539065989,0.11613600771568619,0.1097883705311312,0.06210415818825723
6497,0.10256467269682833,0.11595673838903696,0.10934133445237584,0.062089001751121725
6498,0.10251560586874982,0.11633771172167798,0.10896343064143664,0.06211758239253955
6499,0.10246639277665744,0.11614839750351438,0.10857131378619934,0.062171777011391254
6500,0.10241503463662337,0.11639808480548679,0.10813538523705485,0.06226745548963999
6501,0.10236189103085515,0.11627209994914413,0.107709965514852,0.06233513382926437
6502,0.10231456440723737,0.11639667488290538,0.10727929943897764,0.06235860570858497
6503,0.1022668043844176,0.11629527176388008,0.10686265089032304,0.06230615871069457
6504,0.10223506068086903,0.11624606566521588,0.10642284229272933,0.06219535218361058
6505,0.10220296602245657,0.11617576787927347,0.10600346882368337,0.06207599455347531
6506,0.10222080944930409,0.11614972594450718,0.10558169451291993,0.06199598839075335
6507,0.10222012504942203,0.1161721713280226,0.10515905289778694,0.06196030753393981
6508,0.10229238875306616,0.1160523769483832,0.10475102758938648,0.061976745872719216
6509,0.10230105947039302,0.11612285977189622,0.10433416805946663,0.06205077056601943
6510,0.10232031454563749,0.11596625763296542,0.1039338910936102,0.06215934608161673
6511,0.10230374923547875,0.11609013716532647,0.10352162852481239,0.06232836096745058
6512,0.10232518933483332,0.11615955292262724,0.10312487657184964,0.06245873806267994
6513,0.10234667079025342,0.11605291105715136,0.10272211201912022,0.06253595422534214
6514,0.10233142456850496,0.11627701274773142,0.10234957300971326,0.06249871585305955
6515,0.10233676171281143,0.11612030226572909,0.10197452776749356,0.06239192737446471
6516,0.1023798118656501,0.11621090226103002,0.10159144910283474,0.062328672467194125
6517,0.10249028194093442,0.11629950066249062,0.10121969329141413,0.0623442171701337
6518,0.10267826095687795,0.11610600935460416,0.10083987967553312,0.062418637520457544
6519,0.10282155664877607,0.11619291715367219,0.10043961828798449,0.06250332044837704
6520,0.10296397524607459,0.1159950979766087,0.10010533646848742,0.06259704661348404
6521,0.10302474854312553,0.11596415941238424,0.09971818829309638,0.06264962224544632
6522,0.10299715510662764,0.11580060742408951,0.09933203203055833,0.0626804738439832
6523,0.10296124116761543,0.1156536608176963,0.09894846527030626,0.06267202643943084
6524,0.10297969521473539,0.1154845636105884,0.09856386427978978,0.06261120857013058
6525,0.10305192494698277,0.11531329481415621,0.09821319598926606,0.06250600493184455
6526,0.10311628933955526,0.11522225577167777,0.09782965999372986,0.062376853402461296
6527,0.1031582295283365,0.11505475916181453,0.0975072835479179,0.06225378464534944
6528,0.10315081001007739,0.11485342608529703,0.09713242779913953,0.06215587139559974
6529,0.10312710304700151,0.11473239331635518,0.09678356359082665,0.06207180519215538
6530,0.1030818307083699,0.11450151283762573,0.09645464493568201,0.061996245341717826
6531,0.10305698588882777,0.11436093172878634,0.09609857615065387,0.06191670213043295
6532,0.10305261648837828,0.11423882842218736,0.09576915783130316,0.061846263062383784
6533,0.10306156554390802,0.11399853143063764,0.09544426464777277,0.061779295580132725
6534,0.10306858503880774,0.11385744462376081,0.09518148010554313,0.06173050294075032
6535,0.1030544038486436,0.11371235241644499,0.0948159810594551,0.061695147789938766
6536,0.10301310077733906,0.11350458695691976,0.09453282974474027,0.06168907986704151
6537,0.1029686516589548,0.11329850749143602,0.09421122807705112,0.06171177599731109
6538,0.10293504430298929,0.11306068320747513,0.0938623782653322,0.061734509493246735
6539,0.10290656151898736,0.11283897486406483,0.09352041327663752,0.0617486919768983
6540,0.10288420256304719,0.11259955800640113,0.09316403821200166,0.06172521677531721
6541,0.10285980329121472,0.11239146839958618,0.09280735200151208,0.061650264507987426
6542,0.1028251168956847,0.11213617650792279,0.09245144672578447,0.06153557328560803
6543,0.102779828588896,0.11193159443931928,0.09210127506173324,0.0614026449733149
6544,0.10274111335185324,0.11169314350431825,0.09177046349455471,0.06128042573762239
6545,0.10270004393282275,0.11145149534237322,0.0914372475221146,0.06119370123043298
6546,0.10268871968641377,0.11120386933625219,0.09109842691699346,0.06114348692781643
6547,0.10267084329012223,0.11095600721377905,0.09077650168520732,0.06113626879052799
6548,0.10267357571130813,0.11071922889131387,0.0904466825875853,0.0611860685421874
6549,0.10264924021804739,0.11048762107987393,0.09010716196409285,0.06127466069131897
6550,0.10262034651925087,0.1102584859158714,0.0898333187156254,0.06144046858511823
6551,0.10257620016391417,0.11003160613578944,0.08957243545840786,0.061573411274673
6552,0.10254888995221287,0.10977693389406677,0.08930442646483751,0.06166421647864366
6553,0.10252287746423054,0.10953624563885848,0.08908294451915016,0.061645705360847666
6554,0.1025039177343911,0.10927774841473256,0.0888294152467848,0.061553005571797055
6555,0.10246929106123792,0.1090243933172159,0.08852459672230535,0.06147312877044716
6556,0.10242352121426197,0.10878378451449443,0.08825836939159619,0.061448986153958336
6557,0.1023840333112759,0.10854683498869196,0.08812551612785242,0.06147664982222249
6558,0.10235337682699215,0.10829534072171355,0.08803025402786699,0.061544324795673455
6559,0.10233897443089665,0.10809484226056189,0.08789172771235536,0.0616552526924201
6560,0.10233806231392258,0.10790575274115313,0.08806450039723623,0.06177011040757817
6561,0.10233372768591133,0.10765596304977021,0.08779015436505333,0.061914483180852416
6562,0.10232285968525832,0.10743002044864854,0.08801720912739049,0.06202488347153427
6563,0.10229591879933575,0.10719579976829209,0.08772639755264938,0.06209042725577214
6564,0.10225190437070648,0.10693391812080798,0.08791737337436803,0.06206180172178832
6565,0.10222271679142769,0.1066775695505091,0.08767023932779672,0.06195919517480949
6566,0.1021921069073484,0.10641836751113203,0.08793522391425498,0.06186712155525487
6567,0.10218379743635754,0.10615699008881367,0.0878106563719956,0.06185746411294418
6568,0.10216361636712769,0.10589743413726907,0.08832848435931583,0.06192516651276871
6569,0.10214258047650288,0.10563836727946418,0.08813649072477348,0.06201560672997439
6570,0.10210363898013643,0.10537970564439764,0.0886313386276317,0.0621245083243361
6571,0.10205382992369871,0.10512262457464135,0.0889677872650174,0.062196606191675594
6572,0.10200096899408952,0.10486936184686647,0.08989018058772894,0.06224422787499163
6573,0.10195604516611076,0.10461702597496525,0.09006306435792684,0.06223467240864907
6574,0.10191669330809001,0.10436473354730336,0.09131521710540987,0.062165788020719585
6575,0.10188511928947624,0.10411355126980107,0.09207293195212517,0.06206017331375365
6576,0.10185212423716776,0.10386659294491256,0.09418734039183299,0.06193710230589625
6577,0.10181448503339452,0.10362270016831278,0.09474428129135201,0.061818713235847284
6578,0.10176981006901616,0.10337742103365867,0.09581466547911424,0.06171430579168316
6579,0.10171777549074562,0.10313807349464962,0.09667258133529825,0.06160594712599866
6580,0.10166588898848591,0.10290569557082019,0.097237752177804,0.061498776610135815
6581,0.10161385759982859,0.1026819950769564,0.09833298370927558,0.06138862187813975
6582,0.10156843362125603,0.10246570581799441,0.09867504468406395,0.061294644613879436
6583,0.10152407881520294,0.10222624400923813,0.0994976173165365,0.06120684777534845
6584,0.10148376718519428,0.10201548313222145,0.10018525164332623,0.06116109551837204
6585,0.10144260880095345,0.1017799836396794,0.10031473144287456,0.06114425607811319
6586,0.10140319963325159,0.1015771258562428,0.10100711589916375,0.061194135130563904
6587,0.10136283170858063,0.10134540763831876,0.10112229266810199,0.061306749146271676
6588,0.10133003821314056,0.10117089741615015,0.10141410152211236,0.061425560078182305
6589,0.1013020648219188,0.10098460891069591,0.10179647451754695,0.06153143521768619
6590,0.10130316837238112,0.10076419416522495,0.10220614343850286,0.06154384778491811
6591,0.10130288225372261,0.10055461727890604,0.10277119836165202,0.061460970621252005
6592,0.10133579931076075,0.1003436145538754,0.10385404588060594,0.061352477051480836
6593,0.10136834410620606,0.1001219782412443,0.10417804095246472,0.06130557563444068
6594,0.10140120842593203,0.0999491774957122,0.10552379404665423,0.061350149009450176
6595,0.10142679522752976,0.09973872637449581,0.10657835473249616,0.061490872107053576
6596,0.10145510507175898,0.09957472201519096,0.10910632425390532,0.061764154284913594
6597,0.10144234869136887,0.0993845419890058,0.10897539857125232,0.0620373643294927
6598,0.10141199211188126,0.09920905471380453,0.11108804135247348,0.062372817311105805
6599,0.10144866797971877,0.09900091439381958,0.11114340132602263,0.0625740788639591
6600,0.10155280804942902,0.09881889417478186,0.11280442191298118,0.06260272278137016
6601,0.10168938460258876,0.09859853754612503,0.11385040623688066,0.06250014006896092
6602,0.10192877618783333,0.09840337530781165,0.1143926429747955,0.06248210711023963
6603,0.10209141899821154,0.09817950350447782,0.11591019352907142,0.06258313297073591
6604,0.10223800156730055,0.0979718766328421,0.11684776861011746,0.06271948276170934
6605,0.10227494163477624,0.09778257883048486,0.11740211585198825,0.06284350272434752
6606,0.1022386221845237,0.09763321971159825,0.11840513388277828,0.06287391484303487
6607,0.10225947881333719,0.09742437401697378,0.11904200163043546,0.06283777329656577
6608,0.10233392751190568,0.09730239272466712,0.11940084323615936,0.06286139721886745
6609,0.10242996113351542,0.09711264488336598,0.12011301139472713,0.06282813799793868
6610,0.10246337451892948,0.0969569736423688,0.12045184993512867,0.06280775398478679
6611,0.1024496156497413,0.09684785392101446,0.12045809024027056,0.0627066652414793
6612,0.10240938644250897,0.09671409415364027,0.12061719806812116,0.0625855033451474
6613,0.10240266574426875,0.0966547790576911,0.12046685263292645,0.06248846233839894
6614,0.10247256483930724,0.0966379727608558,0.12029400858755626,0.06243119106864263
6615,0.10254286294724325,0.09669577079285319,0.12024448667251952,0.06238154100037567
6616,0.10264066863968659,0.09687331791751373,0.12011780855485699,0.06228458154907989
6617,0.10268631542868276,0.09683453302112842,0.12036093487647075,0.06221470261792453
6618,0.10266191236393218,0.09717415710141247,0.1202384044717426,0.06226922476407599
6619,0.10262272527711722,0.09716675846676763,0.12065249496531885,0.06248894769918052
6620,0.10262930947771011,0.09764835376845034,0.12088787083338275,0.06297745698964866
6621,0.10265381961553174,0.09756466873782078,0.12196351782569288,0.06353148966212958
6622,0.10265834352701804,0.09813140366381122,0.12166880450488503,0.06424793921717992
6623,0.10261849634113154,0.09830715566859825,0.12237963047294305,0.0645526727904374
6624,0.10257344618680792,0.0992016737876957,0.12213201305731441,0.06452972571640185
6625,0.10255726804973911,0.09912274917203011,0.12279324737905518,0.06472344014419641
6626,0.102567951835751,0.10008469641990098,0.12284286181792639,0.06496691193674166
6627,0.10257313709770077,0.10011848702649474,0.12292176684566207,0.0652450245805004
6628,0.10259746480551168,0.10106632940617302,0.12360543982979727,0.06539522216794208
6629,0.10257200276483766,0.10128855824206137,0.12364203830271456,0.06548123241014212
6630,0.102538948898548,0.10182354091738854,0.12383695833023911,0.06606570088882441
6631,0.10249506244186962,0.10203472852522649,0.12402000174439519,0.06629344875488777
6632,0.1024668065782006,0.10212994933168536,0.12393421685631527,0.06710383480637996
6633,0.10244035211870713,0.10218643357048673,0.12393199558823213,0.06758147449464083
6634,0.1024127614815464,0.1021589038168817,0.12420307051567755,0.06823463253120211
6635,0.10236915035121556,0.10228953609575352,0.12394014313214542,0.06895588759337792
6636,0.10231843587663542,0.10226039459765923,0.12405701682163046,0.06900261524827436
6637,0.10227642444807247,0.10244367478895851,0.12386956673432307,0.06956204386210542
6638,0.10224155755154173,0.10251847781616574,0.12365816024480199,0.07065684761700848
6639,0.10221342829335983,0.10265363021494185,0.12345257469639351,0.07155558619292905
6640,0.10219065438503341,0.10274254709154099,0.1232559793208519,0.0717872713487632
6641,0.10215874806034295,0.10285914960028113,0.12303436505840501,0.0719758877061437
6642,0.1021196603019809,0.10289845467764908,0.12289183147216794,0.07242383187158577
6643,0.10209359225469784,0.10289982943823417,0.12264235170247854,0.07307693978603139
6644,0.10205837528997938,0.10290584527658946,0.12250363620533807,0.07338137134453333
6645,0.1020514570495694,0.10281654000050314,0.12224000222352507,0.07348400227495008
6646,0.10202604418154226,0.10282078424610351,0.12199287929812364,0.07395427480743957
6647,0.10200228248671049,0.10281145268065299,0.12181596853532926,0.07393743214636643
6648,0.10196197874820315,0.10275906269975654,0.12148446349400925,0.0740098524731045
6649,0.1019275292173637,0.10280512011487794,0.12117932178990996,0.07414438218669958
6650,0.1018879346320313,0.10279573289001796,0.12085830695341565,0.07418756251005215
6651,0.10185325408525697,0.10276256102517337,0.12049176775388085,0.07429785342348658
6652,0.10181295153144336,0.1027993184658797,0.12013997506689388,0.07463028848259526
6653,0.10176933720300645,0.10276604184595216,0.11979119712290882,0.0747026352310025
6654,0.10173521103720735,0.1027582933575365,0.11945204994493201,0.07462233218968899
6655,0.10171413313037504,0.10271955957090863,0.11910846276440801,0.07462905427544202
6656,0.10170538276836252,0.10265468140865991,0.11874555351962716,0.07478984282054246
6657,0.1017232676277972,0.10256109368389846,0.1183666439088599,0.07502496230934613
6658,0.10173051723098316,0.1024734176085946,0.11801089767230444,0.07508936834166825
6659,0.1017478359656438,0.10236550486916048,0.1176094140530636,0.07522578719031044
6660,0.10175256811440696,0.10222973433633221,0.11722705807867775,0.07531931122747433
6661,0.10173177972778666,0.10216207460152185,0.1168673446973865,0.07532266713372703
6662,0.10170493739678757,0.10205945634714406,0.1164613938521395,0.0752781041494844
6663,0.10167105794348943,0.1020579918944814,0.11607782896808908,0.07527368498262549
6664,0.10163202050499948,0.1019512104789772,0.11566552538009445,0.07536159008125166
6665,0.10161588619248556,0.10180316404924857,0.11526105882429714,0.07559252466765842
6666,0.1016140188553561,0.10164051337161596,0.11485555537175843,0.07560188761989536
6667,0.10161959009042104,0.1014518172096793,0.1144640716619371,0.07547466695520591
6668,0.10165092007237056,0.10127523877894642,0.11406040509150715,0.07540030366691197
6669,0.10167487415776198,0.10110207841217402,0.11367435995607622,0.07546430637269899
6670,0.10172447311827872,0.10095466930796984,0.11325260625505908,0.0756933435254349
6671,0.10174620111737087,0.10083986152916781,0.11291303519808643,0.07585819266545657
6672,0.10172469768458135,0.1006531888674804,0.1124900476247079,0.07580348067652527
6673,0.10169616980181595,0.10053074549227485,0.11215438762118288,0.07566388219513483
6674,0.10168759838035511,0.1003384973041622,0.11172664772796828,0.07550618965153542
6675,0.10169496038218563,0.10019963745700777,0.11132975015899937,0.07538024328717116
6676,0.10171650893601682,0.10003233873265806,0.11091972885111342,0.07535754410654984
6677,0.10172273589316685,0.09996510920165215,0.11052401438761567,0.07528463055083681
6678,0.10170441051594806,0.09977353020300013,0.11011028625697844,0.07512236830237091
6679,0.10167001195785251,0.09972613512124215,0.10968461313236788,0.07497508109115678
6680,0.10163125906284426,0.09954252200613287,0.10932224932452353,0.0748238716681858
6681,0.10161228413376194,0.09946238190746225,0.10891589130250941,0.07473336862541832
6682,0.10159491321069992,0.09927653361285069,0.10848269005046599,0.07479843274114042
6683,0.1015893760445888,0.09922286789906239,0.10807436765805213,0.074917406007456
6684,0.10158699104308375,0.09914810715676103,0.10763433481772046,0.07504382922771889
6685,0.10156568466048489,0.09916153272383363,0.10722456988623406,0.07523757831616402
6686,0.10153573744758176,0.0989791048433978,0.10680792413701266,0.07522390104054297
6687,0.10150129954171855,0.09899821142626461,0.10637250919599635,0.07511014297428519
6688,0.10148035601459317,0.09886366694143706,0.1059486635599592,0.07501633209038452
6689,0.10145074597200758,0.09875974651303328,0.10553881731853289,0.07491055757019353
6690,0.10142985346921886,0.09866126042500938,0.10512317684565807,0.07485659322577085
6691,0.10140159409153052,0.09850950255827433,0.10473383716249368,0.07481796561174271
6692,0.10136401768695089,0.09843603378484293,0.10435600745298837,0.074669014154563
6693,0.10132236572418045,0.09830580564322468,0.10408419635278529,0.07450797441166758
6694,0.10127723448826674,0.0981478098368643,0.10376053886443742,0.07438965036123305
6695,0.10123591960978603,0.09802189266687317,0.10344390876191413,0.074280124531374
6696,0.10119074547493528,0.09784846604330495,0.10308580147733662,0.07431237639790247
6697,0.10115564745193385,0.09770502612266282,0.10284471191952924,0.07439986704509897
6698,0.10111670899776233,0.09756492512123757,0.10244184238395956,0.07439655412140325
6699,0.1010764476852699,0.0973965224016556,0.10222728906050915,0.07438816751634897
6700,0.1010322935007701,0.09727324923196481,0.10183586640812223,0.07428502766383531
6701,0.10098850744982006,0.09711948142056614,0.10167923061461909,0.07415352846417456
6702,0.10094286057336532,0.09704223036842471,0.10127460365673185,0.07409440212381344
6703,0.1008953546261036,0.09691936506295246,0.10104491748630026,0.07397773262317278
6704,0.10085192858533991,0.09690633376547914,0.10063997106218324,0.07383828874153914
6705,0.10080804433080771,0.09672290009132202,0.10041256858496604,0.07373089790363517
6706,0.10076532954242738,0.0966909184686772,0.1000412389590702,0.0735658475535046
6707,0.10072335686662175,0.09651010632979569,0.09990136844512632,0.07338309581812931
6708,0.10068601299778243,0.0964338695695287,0.09950735891363156,0.07322391369263856
6709,0.10064148691765179,0.0962936410884643,0.09936580924309417,0.07306232182356392
6710,0.10060730059963233,0.0962289496816875,0.09901535731469893,0.07298785329517535
6711,0.10056307675005717,0.09604533271217278,0.09893223476458983,0.07302064014912672
6712,0.10051758007867734,0.09600206513832323,0.09858734639088362,0.07301528880992356
6713,0.10047015903348995,0.0958426515820837,0.09862476521647323,0.07299928520780134
6714,0.100419583598667,0.0958151991563936,0.09829375812228952,0.07295420991393946
6715,0.10037020520198725,0.0957869732059201,0.098352308588199,0.07280945350356854
6716,0.10032071648390815,0.09587712357652929,0.09802552309220372,0.07266362655658093
6717,0.10027701562290413,0.09582156680635297,0.09785516088999054,0.0725237624558913
6718,0.10022992400908205,0.09608223542718713,0.09764641347270374,0.07238390134444254
6719,0.10018698613535926,0.09617280608786029,0.09742548122859972,0.07228060865451462
6720,0.10014098186378859,0.09657095615457513,0.09721245967507838,0.0721633662596774
6721,0.10009837618705641,0.09657294154521388,0.09702220985170061,0.07202611842758752
6722,0.10005089545294184,0.09708020488897741,0.09689516120464825,0.07187804087735475
6723,0.10000979595121194,0.09733342793809753,0.09656994017469928,0.07173552394249613
6724,0.09996131786804374,0.0981927427911882,0.09644722509272882,0.0715762174799977
6725,0.09991823902868006,0.09815404605533219,0.0961571059367336,0.07143989047075942
6726,0.0998691113489418,0.09904096633401721,0.09593191734592997,0.07132741212279654
6727,0.09982177642128405,0.09923763736430478,0.09560309283012546,0.07121016974184813
6728,0.099770501476648,0.10029926708362454,0.09536724102174118,0.07109274999539536
6729,0.09972139136163224,0.10029147426999453,0.09509745425848316,0.07094941325761903
6730,0.0996692918903678,0.10122028414322197,0.09506163478205676,0.07078250057152548
6731,0.09961945675742777,0.10128465632827276,0.09486477443524106,0.07060339073147257
6732,0.09956876712497362,0.10214031643326121,0.09484261980643142,0.07041875687602261
6733,0.09951936391643063,0.10223224639206392,0.09461974083707568,0.07023571982012475
6734,0.09946975918512616,0.10300469975831822,0.09461495806744254,0.07006198980851623
6735,0.09942069279305409,0.10372416765249672,0.09435655705579384,0.06990710283761406
6736,0.09937335152822699,0.10410050273242709,0.09447442937613651,0.06975702195973901
6737,0.09932483539679815,0.10546373591275614,0.09416952301268852,0.06963998019311476
6738,0.09928087367452951,0.1055042170025343,0.0944002413312161,0.06954711985690475
6739,0.09923451008165972,0.10680681104955546,0.09409940172529689,0.06944873797004486
6740,0.09919433124280538,0.10678767928985242,0.09421763337693012,0.06933378386268556
6741,0.0991502140227629,0.10806616052399026,0.09398747578682608,0.06921739621254992
6742,0.09911478323813736,0.10831393663970527,0.09384117200850597,0.06908250351947273
6743,0.09907237715944951,0.10879843308839657,0.09359924069263038,0.06893310803343324
6744,0.09904132116705631,0.1089732562682717,0.09332459513874328,0.06876855330824723
6745,0.0990032281946412,0.10902027391637668,0.09312879721007998,0.06860092158776096
6746,0.09897798346910167,0.10941453783690014,0.0928608905926295,0.06842869227319473
6747,0.09896008785156826,0.10961052019332035,0.0927884082821124,0.06826245128743168
6748,0.09895782659806056,0.10951532463781051,0.09250747848079338,0.06811542928805356
6749,0.09898353062944143,0.10973982351868602,0.09249517050838524,0.0679788181231042
6750,0.09902114887029703,0.11005714008495218,0.0922149737954275,0.0678644776102545
6751,0.09908373311214441,0.11011559515944205,0.09225401270209999,0.06775937711277197
6752,0.09913694066547044,0.11075134202591902,0.09199715853946423,0.06765809750026164
6753,0.09917881637898289,0.11061610036284789,0.09209583943457401,0.0675505204342392
6754,0.09919529674810199,0.1110530743566663,0.09181302742005289,0.06744836174705367
6755,0.09917137655318085,0.11093159840203061,0.09199552742789203,0.06733708962169732
6756,0.09912985334853236,0.11115440459306787,0.09173573808961077,0.06721571339395502
6757,0.09908087686468943,0.11103213671383234,0.09197741541557822,0.06707634178696298
6758,0.09904077236104256,0.11110234017738986,0.09168930463172753,0.06692683439673218
6759,0.09902240375260263,0.11099807384030462,0.09177983114513272,0.06676422216789302
6760,0.09904058696826884,0.11092154441815474,0.09155775944430894,0.06660134445880746
6761,0.09907424538986473,0.11095110011969159,0.09180528399133674,0.06645000438173483
6762,0.09917312604414696,0.11081450255982359,0.09155637667895856,0.06630746907564224
6763,0.09924932989470979,0.11090952375318525,0.09190387264437727,0.0661861121525552
6764,0.0993871085111979,0.11077335154828417,0.09177713472295225,0.0660767656818241
6765,0.0994301904147023,0.1107682935980499,0.09239644227795682,0.06598461920645675
6766,0.0994407610264762,0.11078551181712276,0.09216407898199332,0.0659033078381539
6767,0.09943638362015376,0.11061296749267213,0.09268081747134377,0.06583757766144724
6768,0.09947001078764638,0.11056669056999154,0.09245899450171859,0.06578073107853
6769,0.09951146842799545,0.11040288175105581,0.0928831789080714,0.06571556160361759
6770,0.09954115291643577,0.11025707688937318,0.09270714840674142,0.06563222706927493
6771,0.0995736470160685,0.1100775127428242,0.09317109634140187,0.06552586299414999
6772,0.09957176697126292,0.10995680010625532,0.09302795863262256,0.06538989513857303
6773,0.0995579801623277,0.10978599751531845,0.09328003961713274,0.06523878918110751
6774,0.09952998446936445,0.10970137913306124,0.09322254741575879,0.06508597810139831
6775,0.09951209356700388,0.10951150490997404,0.09304896218275881,0.06494212256204558
6776,0.0994787904759683,0.10945536315987388,0.09312868857271459,0.0648233456570016
6777,0.09946609049580067,0.10927882977708807,0.09285634007607675,0.06472431114084433
6778,0.09944451199494289,0.10924397172349401,0.0928649405553082,0.06465519319475269
6779,0.09941611410011293,0.10903556730793038,0.09259612527015212,0.06461082339905772
6780,0.09938440103593252,0.10898491628233481,0.09267909987997756,0.06458855298330345
6781,0.09934803843999163,0.108782218120521,0.09243103041829788,0.06458759702403455
6782,0.09931178194411841,0.10867761933894511,0.09259076650922544,0.06457160499429516
6783,0.09927083579971384,0.10854726511136788,0.09240637681591662,0.06452973849191897
6784,0.0992447950737421,0.10848866892860946,0.09238151681461627,0.06444697751198271
6785,0.0992177677810342,0.10841852852370922,0.09227749714798654,0.06432158613957303
6786,0.09919036755386298,0.10850137890277554,0.0923821608099351,0.06417800987880479
6787,0.09916317646964848,0.10840147940174995,0.09218812492689973,0.06404482539838001
6788,0.09913838515822024,0.10858328890618658,0.09241339897390283,0.0639344932211684
6789,0.09910337161569438,0.10847069059742383,0.09240591571595912,0.06386874407620535
6790,0.09907348993530417,0.10856670769560563,0.09300044059550343,0.06384256620162078
6791,0.09904191351457757,0.10845227446688399,0.0927313651263665,0.06385122023034673
6792,0.09900366101400329,0.108557582113897,0.09319551433330885,0.063902299112067
6793,0.09897007070177596,0.10846689527562402,0.09311920263992914,0.06395227217148289
6794,0.09893120405847246,0.10855243489796405,0.09380441771315313,0.06399926990596644
6795,0.09889271976544325,0.10852614549896332,0.093691024760303,0.06398192876901776
6796,0.09884826152274884,0.10868939114049779,0.09427552826686483,0.06389632011296766
6797,0.0988070447569825,0.10863521100690988,0.09418144294998441,0.06377275023931715
6798,0.09876548890442513,0.10875516212461364,0.09465886825294022,0.06365179558996441
6799,0.09872522938631496,0.10876791328038357,0.09471670060483543,0.06355578466984939
6800,0.09868909746811545,0.10875886336933925,0.09475634408984615,0.06349489617754663
6801,0.09865670620024149,0.10894139665058748,0.09528402698266582,0.06345415348949628
6802,0.09862801932725017,0.10887957125805853,0.09516031851425748,0.06343750197966282
6803,0.0985985878326082,0.10905659501605752,0.09554572858670946,0.06344150710871306
6804,0.09857260525983062,0.1090776587049589,0.09564040912118334,0.06344691390396788
6805,0.09854164604301217,0.10926089060905808,0.09577184946697245,0.06344688479519016
6806,0.0985096052146162,0.10935507914476313,0.09594076671281716,0.06341331932513958
6807,0.09847026286860237,0.10956137729234948,0.09616560739581989,0.06333630948539774
6808,0.09843054736309498,0.11035390074213064,0.09618198422381352,0.06322126162230789
6809,0.09838506748158676,0.1113945961324763,0.09686036458069629,0.06308526333055318
6810,0.09833856181466763,0.11182834775266545,0.09672472597697242,0.06295017443829043
6811,0.09829198082811491,0.11202711747065097,0.09717137952571701,0.0628280917712261
6812,0.09824362018834355,0.11266978746573166,0.09715321194240065,0.06271576323787806
6813,0.09819660022251349,0.11268393161486025,0.09740856120689065,0.06262453025442397
6814,0.09814905873709676,0.11309450426725033,0.09731863363479998,0.06254583734629278
6815,0.09810372925321469,0.11303354216721997,0.09742550414977628,0.06249311841878728
6816,0.0980560584991889,0.11334829854882567,0.09737011286634119,0.06246890160594552
6817,0.09801419851645403,0.1137244768505516,0.09763633045372155,0.06246460577647784
6818,0.09796761416305744,0.11375495829705361,0.09760451184883286,0.062481154001473325
6819,0.09792690888691767,0.11435886149189217,0.09814934794708438,0.06248287508436575
6820,0.09788253034966714,0.11425444560705063,0.09823696468946454,0.062466260958967526
6821,0.09784280105124803,0.11494693285049146,0.09892760407770054,0.062410084843299414
6822,0.09779926643772432,0.1148904859883541,0.09921232006327774,0.0623109256745883
6823,0.09776226990413171,0.11572535696016147,0.10058751388030082,0.062188382636770664
6824,0.09771956490467507,0.11555716476973854,0.10143720066648099,0.062054575618352724
6825,0.09768418396777448,0.11618733580386914,0.10206446267573697,0.06192493764770776
6826,0.09764346829966708,0.11601461533679461,0.10231004386655293,0.06181880708172109
6827,0.09760843432532919,0.11649677248576308,0.10280623037646432,0.061734837852478186
6828,0.09756937030855813,0.11634741212621459,0.10372290696737177,0.0616908853622748
6829,0.09753521465357333,0.11666091809189968,0.10386076346272972,0.06169122430886936
6830,0.09749502401406564,0.1165578875472801,0.10450446054272954,0.06172832560318292
6831,0.09745963572147774,0.11670893838882483,0.10467547167160682,0.06181775128561947
6832,0.09741675322493833,0.1168855308748845,0.10491801718582056,0.061889685854217405
6833,0.09737625519494653,0.11676120214648801,0.10563874896388627,0.061944946083254106
6834,0.09733037693014064,0.1170076021779112,0.10556423110009955,0.06192515531372264
6835,0.09728683764363227,0.11685806036317242,0.10632241466662322,0.061833274459419434
6836,0.09723978369092592,0.11693535364143325,0.10635817885029204,0.061714015442356364
6837,0.0971983082110518,0.11675352854606917,0.1066077461981574,0.06161310065062967
6838,0.0971557360317115,0.11668368966876988,0.10749029041486906,0.0615480072233157
6839,0.09712214216619258,0.11648488227940626,0.10737541869925779,0.061536673001787195
6840,0.0970937344545073,0.11638480949893537,0.10810443106425593,0.06157360508504453
6841,0.09707781811532563,0.11618296475996542,0.10814719371354442,0.06164263048125434
6842,0.09708067232566309,0.1160457274472318,0.1082343806598273,0.06177105140560729
6843,0.0970991436669115,0.11586432099464773,0.10817714043150556,0.061890437081103464
6844,0.09715818042912343,0.1156794179924838,0.10808396838182092,0.061998590636647456
6845,0.09722316512721323,0.11554639265698886,0.10810076406781241,0.062006797778089574
6846,0.0973482522269987,0.11537153701865556,0.10800044548033251,0.06192352820272727
6847,0.09743826046736052,0.11516943363762859,0.10826799682490969,0.06181396604078567
6848,0.09755113554985036,0.1150029680173832,0.10811746346472158,0.0617428902928538
6849,0.09759851156746077,0.11487054254037952,0.1085075898523214,0.06170956537487947
6850,0.09758813766620138,0.11471682336350979,0.10839081792324254,0.061693284471939294
6851,0.09755436527039225,0.1146730824057122,0.10857689854871673,0.061676944418310856
6852,0.09753826405516272,0.11448275876481241,0.10838621106587194,0.06166487835764084
6853,0.09755520832657003,0.11448605552466425,0.10854126413404393,0.06165209785071112
6854,0.09761451517288829,0.11428911784776502,0.1084963632598894,0.06163917179186902
6855,0.09778433274801031,0.11433445687583099,0.10872503364752228,0.06162271710662408
6856,0.09793241488548421,0.11418254502168353,0.1091040716018061,0.06158923002199552
6857,0.09823169546601254,0.11408620689971545,0.10915519840793407,0.06152345298478395
6858,0.09837214165233099,0.11407555944313588,0.109885095488982,0.06142026090391619
6859,0.09842619829153934,0.11402114606829516,0.10975463621199916,0.06128872956955733
6860,0.09843752468710508,0.11425803220567476,0.11015430107692008,0.06115746225441427
6861,0.09854202801451281,0.11415036956559504,0.1100544362912503,0.06104058853993621
6862,0.09869167077835664,0.11435151586076052,0.11000132035512503,0.060930493243523016
6863,0.09875692676563733,0.11488796477337408,0.10990862659550889,0.06083237215202067
6864,0.09872516539750054,0.11599807756687829,0.11004918915744745,0.060740238844038626
6865,0.0987301697454198,0.116214367356354,0.11018852376562467,0.06067018568735637
6866,0.0987978064428867,0.11689128768287274,0.11056101917151864,0.06062773613552462
6867,0.09900035088452487,0.11699836226560635,0.1115643341129699,0.06062743290628602
6868,0.09914655919812523,0.11758977861103091,0.1114304167037635,0.06068674396841508
6869,0.09936787218422212,0.11761975203893772,0.1126190333109489,0.060768658859152974
6870,0.09939236239849901,0.11803159251553297,0.11246427817149471,0.06088628949824103
6871,0.09946528933238842,0.11854400251998273,0.11381891579223162,0.06094608232818655
6872,0.09959794391511156,0.11856134117824634,0.1137089943724815,0.060936046397963156
6873,0.09968151045043903,0.1191182925542383,0.11453143896307333,0.06085709668571511
6874,0.09970790471176544,0.11910650977432605,0.11457333795941634,0.06075006807099169
6875,0.09974793069947917,0.11975523606881676,0.11467952759204054,0.06065279453450574
6876,0.09980981639715414,0.11982686649265838,0.11531320540999156,0.06059292065725339
6877,0.09987162053842341,0.12065107876534698,0.11510734574650743,0.06056654287713254
6878,0.09986601415533301,0.12056769018449445,0.11567673359998497,0.06058342065769729
6879,0.09986909424734076,0.12116712228981324,0.11562769895559165,0.06064904446541275
6880,0.09992295991958197,0.12112323598173787,0.11554507615867013,0.06075318318792492
6881,0.10001085040815526,0.12158403019435199,0.11546937625019585,0.06091841910160947
6882,0.100138461872162,0.12165898062140104,0.11517343585782719,0.06104288226845842
6883,0.10019844816044284,0.12187263552063311,0.1151490938669723,0.061109096873929764
6884,0.10019062051622551,0.1220039527768397,0.11482707008356727,0.061059489599153416
6885,0.10018531572589859,0.12209358499931605,0.11467580046911967,0.060950997901177494
6886,0.10022679569409336,0.12217892593944941,0.11435427422842197,0.06089870907620093
6887,0.1002423229118871,0.1221811737293586,0.1141361294698682,0.0609293681270552
6888,0.10022625162835777,0.12219115077231944,0.11386443913205294,0.06102071724233418
6889,0.10020233030956574,0.12223530672620483,0.11360257322010657,0.06110756895728809
6890,0.10020066470821604,0.1221389369716753,0.11336401395796578,0.06119669692557516
6891,0.10018890135067766,0.12200674107350477,0.11330525422219682,0.06124369652452325
6892,0.10016806769880562,0.1219791700849849,0.11296368636653203,0.06126220938066983
6893,0.10014778390343869,0.12180803611331865,0.1127097424608183,0.06123637321447672
6894,0.10013209925379607,0.12169474301841275,0.11234583000399373,0.06116331515377824
6895,0.10013061960780303,0.12157391849262897,0.11200237921652494,0.06105909339825545
6896,0.1001366457228183,0.12142468308856454,0.11165951235557453,0.06093873535808457
6897,0.1001143469460359,0.12134947923444822,0.11130151752045356,0.060822840832513575
6898,0.10008103726376649,0.12117213391584654,0.11096980327491193,0.0607255707644699
6899,0.10005654778369683,0.12109925780289756,0.11069639642209173,0.06063889957079903
6900,0.10003935620949508,0.12092808512834628,0.1103646050656703,0.06056647183592436
6901,0.10002977635204106,0.12091705941133678,0.1100377852058175,0.060498030281288834
6902,0.09999733729802401,0.12081534868611012,0.10973928874586149,0.060442507123318605
6903,0.09995572153370127,0.1206512687644854,0.10937993214466318,0.0603944403366153
6904,0.09991479328024651,0.12065636122053239,0.10911904776381033,0.06035920258039981
6905,0.09988061784631777,0.12044404417953139,0.10893363395463995,0.06033707594731327
6906,0.09984886394718204,0.12029047996628124,0.10857698765181155,0.060321335599368635
6907,0.0998085695285137,0.12020153490080138,0.10849018607318572,0.06030885670149634
6908,0.09976759294176882,0.11995341392730008,0.10810830375213137,0.06028147109693774
6909,0.09972418726509587,0.11985286916419823,0.10798147243963281,0.060231102216415165
6910,0.09968859724465733,0.11961365482421552,0.10762235674383892,0.06015593493134448
6911,0.09966738551576135,0.11941702677563602,0.10743467586103375,0.060050590691267614
6912,0.09963988417794067,0.11914872916973626,0.10707149100316318,0.059930634370272524
6913,0.09960986241550188,0.11895653138595134,0.10689680541101756,0.05979994959561382
6914,0.09956689890818038,0.11870379297261062,0.10649998457175351,0.05967045752716524
6915,0.09951784009151703,0.11857517777589957,0.10627357594502732,0.05954851269685874
6916,0.09947009542037268,0.1182966915218975,0.10595774743079081,0.05943392375150156
6917,0.09942330367373746,0.11816593155381096,0.10575539184577368,0.0593368636611217
6918,0.0993805589935512,0.11796767911579636,0.10536095874658558,0.05925620524384312
6919,0.09933697706694483,0.11770270651402667,0.10514683542473886,0.05920750859410806
6920,0.09929219968301663,0.11756678380835535,0.10478527704327312,0.059203436841230465
6921,0.09924487950785205,0.1172946160787308,0.10455059195243183,0.05923451681590335
6922,0.09919594243311364,0.11706424359109938,0.10425422925144516,0.0593215503720738
6923,0.09914827838279994,0.11679101275884911,0.10419239902890078,0.05940168328631978
6924,0.09910019329064801,0.11651631386127458,0.10386239093743838,0.05947649010617351
6925,0.09905869570192663,0.11622922792500409,0.10374851034072692,0.05948649438737155
6926,0.09902032164189552,0.11597921683297874,0.10367697451768558,0.059429872997037864
6927,0.09900052310087708,0.11569707638508867,0.10379665524078839,0.059327791627280545
6928,0.0989846473213167,0.11547630270947373,0.10369254331652063,0.059214273644415005
6929,0.0990033974007347,0.11518709293617516,0.10405598733174494,0.059118569883369235
6930,0.09901731988996938,0.11496806974913319,0.10392246561521547,0.05907302527087382
6931,0.09906337212670102,0.11468695863114906,0.1045935005245441,0.05908207646014953
6932,0.09908622842203535,0.11440063961676733,0.10430032770479708,0.05915749633806597
6933,0.09910622057307378,0.11412947537529286,0.10495790945808564,0.0593412056669609
6934,0.09909180208275356,0.11384371223516938,0.10468430076794556,0.05956217382023644
6935,0.09904594812091369,0.1135707364512517,0.10515582954733008,0.05986504257968626
6936,0.09899389398951915,0.11327646521072772,0.10507402660029624,0.06003467890739742
6937,0.09896117240244018,0.11299371346810938,0.10494558297282906,0.06003688444859983
6938,0.09894431931623578,0.11270458992550357,0.10517665743661568,0.059965412724801555
6939,0.09894065742684466,0.11242886377496954,0.10488211964091973,0.059968289991711284
6940,0.09896484482038095,0.11216314358048458,0.10520828831297324,0.06006746863245192
6941,0.09897336711299995,0.11188061526214237,0.1048719373301958,0.06019617979955799
6942,0.09901668031129195,0.11163306884682357,0.1051519176926564,0.06028790728778607
6943,0.09902786712164409,0.11136439524357616,0.10481523689730828,0.06028626475357325
6944,0.09906227205012338,0.11109434212847326,0.10498529201891658,0.060240428614668
6945,0.0990551316135771,0.11083904560221489,0.10472306961840501,0.06017784381821671
6946,0.09903866423287587,0.11056030012701143,0.10463243888172932,0.06008485343012059
6947,0.09899488414821386,0.110300022092427,0.10442139842735185,0.059983988121381206
6948,0.09894880971780783,0.11002341953499153,0.10414504480579066,0.059892071762275845
6949,0.09890572699361466,0.10977533483723918,0.10392651055170138,0.05980511811587879
6950,0.09888166040066397,0.10950901855440456,0.10357817970470237,0.05975775941016873
6951,0.09886992546353487,0.10923730744088155,0.10339045965439436,0.05976009891302474
6952,0.09885484846099099,0.10896565611634293,0.10305895085481298,0.05976546485092969
6953,0.09886452489267342,0.10869305642318,0.1027861474186933,0.059762191507070246
6954,0.09884653880501003,0.10842618999691718,0.10248468729611641,0.05974131445629868
6955,0.09885291815812988,0.10815909454745902,0.10226743417597921,0.059694744779450255
6956,0.09882978753143123,0.10790105684126655,0.10198543267022858,0.05960704106556987
6957,0.09880843784741347,0.10763380704107496,0.10182432044416956,0.0594837715728236
6958,0.09876909361808618,0.10738641281134088,0.10153393633137842,0.05935658313340316
6959,0.09872638343538903,0.10712179772652852,0.10151022413409655,0.05922607793553509
6960,0.09867859209774466,0.10687014971732775,0.10119555458787725,0.05909704896725086
6961,0.09863806574963663,0.10661671392730754,0.1012437833066394,0.05897656457997644
6962,0.09860657564977096,0.10635471673383139,0.10093856749724357,0.058851728220685295
6963,0.09857524189705578,0.10610045272773458,0.10099989654626917,0.058732530991737496
6964,0.09856732079732634,0.10584137662398442,0.10078624805380827,0.05862210944334858
6965,0.09854438978254319,0.10557533637336776,0.10105568655084507,0.05853461062705757
6966,0.09855746055060507,0.10531402550238993,0.10074918255792736,0.05846369041494787
6967,0.09854041696106448,0.1050577569161915,0.1009866149843988,0.058424210833383595
6968,0.09854517388288205,0.10480192420897762,0.10076548705783074,0.05843678992471459
6969,0.09851700638411579,0.1045422389102756,0.10113709844335494,0.05848454695703045
6970,0.0984815620385486,0.10430732842637251,0.10121298741431818,0.05857382401342341
6971,0.09843964662545644,0.10406769698084777,0.10166978471978369,0.05865395937269005
6972,0.09841121872709131,0.10381081942638037,0.10172416552721794,0.058735189712649065
6973,0.0983917405820394,0.10357883559428827,0.10162457779124975,0.058759408478038955
6974,0.0983620885322761,0.10335584636732299,0.1015597638526566,0.05871920900809463
6975,0.0983399779055169,0.10310800416815616,0.10168849555921892,0.058630607404064214
6976,0.09830414136302904,0.10286025618407225,0.1015937451670511,0.05852357034532956
6977,0.09827023336457541,0.10262574736655881,0.10145691606398857,0.05843266304930536
6978,0.098235966219147,0.10240533121013864,0.10136136353311898,0.058395749905817064
6979,0.09820579917677509,0.10216198708423777,0.1014142413042821,0.05842134206800838
6980,0.09817223140557975,0.10195385706938564,0.10140789146588422,0.058512491100158624
6981,0.09814128260495711,0.10173025391180986,0.10131269129935516,0.058718546690479614
6982,0.09811777260374113,0.10149605641075744,0.1014016009536271,0.058961344686275736
6983,0.09808541090983294,0.10131199286840588,0.10130420868910517,0.05928783699869154
6984,0.09806475028589116,0.10108483977198521,0.10141481341794079,0.05947530067413095
6985,0.09803558149039107,0.10087996134007493,0.10172810092085918,0.059499837942091606
6986,0.09801972787288982,0.100650976501284,0.1025587749689591,0.05942070734412188
6987,0.09799269308096907,0.10047616632691628,0.10251351363738911,0.0594045279907178
6988,0.09797788806019077,0.10025351782318997,0.10364781241103582,0.059490532220731786
6989,0.09795173364965451,0.10010326622467401,0.10377090297059398,0.05961313327265179
6990,0.09792060119159178,0.0999090740886674,0.10534759570223856,0.059730793221164084
6991,0.09788503426013054,0.09980246540055264,0.10546534861660826,0.05978956156219194
6992,0.09783914249606199,0.09966322847892703,0.10630619133063227,0.059803608072463904
6993,0.09779393364086084,0.09964678575194291,0.10645398541481528,0.05982178360916764
6994,0.09774613288632178,0.0994790157224827,0.106691471446374,0.05979107096065186
6995,0.097702590599914,0.09952736244781439,0.10688021463712773,0.05973262519039469
6996,0.0976568348152529,0.09958004297144915,0.10704101593949195,0.05966324387082972
6997,0.09761745797164288,0.09985182746247516,0.10774526332672626,0.059600839696939495
6998,0.0975758509020896,0.09974238350293126,0.10773163705020843,0.05952112028513365
6999,0.09754101726944542,0.10021568979004601,0.10875742894552201,0.059425124740391404
7000,0.09750812780308948,0.1001805203322687,0.10865545812678391,0.05934027962016362
7001,0.09748766461025009,0.10071279832877691,0.10934943440932066,0.05930045145158133
7002,0.09746970987923254,0.1007719119440733,0.1092377605419048,0.05935237418032825
7003,0.0974715004436085,0.10108578584725286,0.1095896511563682,0.05953432995691949
7004,0.0974757876256372,0.10106564114403181,0.10952821947140001,0.05978943059068897
7005,0.09749910746979186,0.10116282952613528,0.10943673139774288,0.0601775312210209
7006,0.09751907409913872,0.10112672790038547,0.10983910874140006,0.06050114230847969
7007,0.09754695002083141,0.10118319954216204,0.10957164763450583,0.06077534060171675
7008,0.09756091487493586,0.10133326284436904,0.10987922918259282,0.06082444157129997
7009,0.09755752712073225,0.10135116839408159,0.10969315538601543,0.06079106067527673
7010,0.09754014301049842,0.10153522098801318,0.10966356384314985,0.060864628265150336
7011,0.09749819764790571,0.10155716510209514,0.10943666181695944,0.06095334784654151
7012,0.09745146882349293,0.10172408514517156,0.10922251998792448,0.06098727615659469
7013,0.09740264331758432,0.10176100440776467,0.10895355535193768,0.06094579867596535
7014,0.09736042849947504,0.10185712390806614,0.10871204727896527,0.06092144525636963
7015,0.09732336759034825,0.10183518878405796,0.1084570562285723,0.06106225046472533
7016,0.0973034397790343,0.1018049690645345,0.10817420317686537,0.06110042332725723
7017,0.09728259031846637,0.10172899885078777,0.10790833107873044,0.06135134424141461
7018,0.09728780246903265,0.10167378768868751,0.1076530655264957,0.06162232438966193
7019,0.09728498991867408,0.10165457928051322,0.10744559988663321,0.06194808087714846
7020,0.09730781950620239,0.10157024835957011,0.10713016756645069,0.062227527664562
7021,0.09730542378019581,0.10161337574855343,0.10687916041121708,0.06231286513830486
7022,0.09730381323807942,0.10159989247280533,0.10659892865363146,0.06241229826110241
7023,0.09727165699805498,0.10153174543068194,0.10627366393839302,0.06260164262730031
7024,0.09722507016339967,0.10165224910246289,0.10603059298736094,0.06299211444364247
7025,0.09717819593420735,0.10155421660109978,0.1056872197015697,0.0634700093521101
7026,0.09715599539942511,0.10165827840502857,0.10542530755834768,0.06366800525502916
7027,0.09715028831482762,0.10152499782193324,0.1050777326908214,0.06368071124191556
7028,0.09716041466382734,0.10156034711860495,0.10477779250098243,0.0636942283597767
7029,0.09719231522084291,0.10143637461531722,0.1044280532528232,0.06392146577370601
7030,0.09721801651675516,0.10143772111265083,0.1041366706842746,0.06450043276543692
7031,0.09726008302681342,0.10134627244570432,0.10385526233049071,0.06504357719301977
7032,0.09728533248016506,0.10144919888516352,0.10356664144722037,0.06533651999071638
7033,0.09730312084500443,0.10135929642712954,0.10330728043023567,0.06530661229780041
7034,0.09730133033925058,0.10157724131447975,0.10304308731815709,0.06535062906598815
7035,0.09727217485780014,0.10148664026900023,0.10276590974246723,0.06552194701004516
7036,0.09722978176115896,0.10178681332887879,0.10256746430163538,0.06569695582624921
7037,0.09717717908408312,0.10170019418921632,0.10227657020918729,0.06570866096226836
7038,0.09713121029536818,0.10199384327031105,0.10200046695166703,0.06579936501276913
7039,0.09709560431917799,0.1019307313796922,0.10179618623992423,0.06585298493115067
7040,0.09708479718630048,0.1023200128470718,0.10146460121746496,0.06580420414455156
7041,0.09707557142811023,0.10229923854580869,0.10137375964670883,0.06569031831260208
7042,0.09711156354173947,0.10279277368917855,0.10101057006388267,0.06564575837747509
7043,0.09711803313536722,0.10305537882583458,0.10093109583805078,0.0656971549768028
7044,0.09715573052873604,0.10395168457300895,0.10058079783140048,0.06568243141409094
7045,0.09713610234796774,0.10403975575630442,0.10040629495270843,0.0656142336994077
7046,0.09712620384240044,0.10517891988970093,0.10006143618898274,0.06572133201910228
7047,0.09714436593036259,0.10539854457813666,0.09989953670704607,0.06591852769563997
7048,0.09721760990476254,0.10681739640865699,0.09954510573973371,0.06615642655873151
7049,0.09730536531330279,0.10677958650001194,0.09936005776506268,0.06623087661516103
7050,0.0973671181272893,0.10798372070734963,0.09900471817683609,0.06614060684160565
7051,0.09737304470463456,0.10806662146788377,0.09877316260248734,0.06614079757260127
7052,0.09733953220427845,0.10880093530956736,0.09843064841499369,0.0661864705228131
7053,0.09729373582696173,0.10902198588339598,0.0981427440949266,0.06615320987568342
7054,0.09728035119164251,0.10926054707602333,0.09782544401609689,0.06609287021140967
7055,0.09730668937453911,0.10938015546007447,0.0974993949649982,0.06606037055991898
7056,0.09740053742765095,0.10931579460849836,0.0972209774547194,0.06613233309726015
7057,0.09751995650559096,0.10965906036222699,0.09687498006750851,0.06610287787895792
7058,0.09773609428737728,0.1095759054217547,0.09659953594120842,0.06615252887092021
7059,0.09789650827503105,0.10996380626339125,0.09626693698357158,0.06628625272495128
7060,0.09805203588283248,0.10998883606091157,0.09593184212416389,0.06635699393924241
7061,0.09809412955495948,0.11057402650306165,0.09561241194241235,0.06628296244790935
7062,0.09806507382621098,0.11047650698563051,0.09528479659456074,0.06615621880064437
7063,0.09808622389134833,0.11089871444674224,0.09497971906685107,0.06615079156004568
7064,0.09815493242486194,0.11090756490794351,0.0947076100951911,0.06627267901858651
7065,0.0982317397372006,0.11136380210933777,0.09448063532097196,0.06639139041726448
7066,0.09825910745311046,0.11129650555032596,0.09415586079126571,0.06646059903437927
7067,0.09824871785081196,0.11172841806901707,0.09396833132427149,0.06642715336489538
7068,0.09822607767933106,0.11179442977813131,0.09366396219100717,0.06632154107379239
7069,0.09824444824098337,0.11197853904990067,0.09340693212747277,0.06621020847060666
7070,0.09828266488950958,0.11212914932002695,0.09310727040568295,0.06608310838285479
7071,0.09834483076102164,0.1121075412331911,0.0929263083306959,0.06596460762335286
7072,0.09842832314072741,0.11228695790175572,0.09270651304717706,0.06587368026226618
7073,0.0985079490541865,0.1122591278645193,0.09264630377203598,0.06579010227732966
7074,0.09856804821467903,0.11222743898660753,0.09248572514266772,0.06576774013070806
7075,0.09858885568230702,0.11226185949065447,0.09264840183611041,0.0658055706434538
7076,0.09865859838848963,0.11222676576697399,0.09255660635451116,0.06585027654171234
7077,0.09873904934913519,0.11217443314881079,0.09292828164531886,0.06587215277792756
7078,0.09876951551276268,0.11218418894623713,0.09269739379974565,0.06582130453289088
7079,0.09876887128761555,0.11210995645707271,0.09301422702306424,0.06568785347442115
7080,0.09877165219445151,0.11208093573255831,0.09288424955236094,0.06554913630825313
7081,0.09881741604096297,0.11194435957563893,0.09324183070145237,0.06546758400773824
7082,0.09891256761337153,0.11187121647696209,0.09344916565426004,0.06541859947146417
7083,0.09916744641603292,0.1118081818827491,0.09417582501267749,0.06540792822690242
7084,0.0992741100774902,0.11166722182849631,0.09447907858615409,0.06545346055889802
7085,0.09935139633577311,0.11151376413638381,0.09476341973965977,0.06553094010519339
7086,0.09937902531724693,0.11139460106602125,0.09493274925800199,0.06561998657993989
7087,0.0995122115981392,0.11130839360106745,0.09554806434568236,0.06569236964061315
7088,0.09966341574534458,0.11115913745375489,0.09551586761509155,0.06567486636973006
7089,0.09969040203174544,0.11098852708827907,0.09582304839098187,0.06558608652349214
7090,0.09976434372051984,0.11082764146965739,0.09615190483373508,0.06547622562562347
7091,0.1000252102649218,0.11063161066895512,0.0962889167177569,0.06543781309596544
7092,0.10011786945574822,0.11049116061495899,0.09711827069151757,0.06553063511687504
7093,0.10011096244759872,0.1103007481926215,0.09700977249836881,0.06573296098027424
7094,0.10010184332545696,0.11010943763902929,0.09797241449518689,0.06588579136205938
7095,0.10017377208765811,0.10996843165540586,0.09789636497055532,0.06597191812826059
7096,0.10033732171807958,0.10977252175673317,0.09854854444046374,0.06593635107418346
7097,0.1003986586995161,0.10961275646227747,0.09849504902682105,0.0657938023013497
7098,0.1003814290886126,0.109406258810485,0.0988477889093096,0.06573207214427355
7099,0.10040705399941921,0.10926672323860723,0.09879484841946151,0.06580404866886737
7100,0.10044990478939868,0.10904322623197146,0.09888830808038834,0.06605077708891867
7101,0.10046100160965406,0.10887122691237915,0.09873599247306264,0.06634044863165596
7102,0.10044322424661224,0.10863997302687335,0.09886145626745113,0.06675707510406051
7103,0.10046006026619715,0.10844921827614296,0.09877495316907563,0.06698673210032585
7104,0.10051898833054834,0.10823936042001832,0.09893327187430942,0.06695310109263027
7105,0.10052296656456249,0.10800969504244062,0.09887559031511901,0.06688884187509206
7106,0.10049932241996609,0.10781566216585337,0.09869870615114867,0.06686973093525309
7107,0.10047610155720871,0.1075902124224068,0.09853970879669317,0.06714648778595388
7108,0.10049204383170011,0.1074004043045711,0.09832938094359976,0.06762160913006535
7109,0.10050947490749411,0.10718242819071372,0.0981915555961816,0.06788438614409954
7110,0.10049458455538568,0.10700118772360938,0.09798910706601176,0.06783149589457395
7111,0.10046379423288332,0.10678118248854965,0.09784386687289776,0.06773587558032564
7112,0.10044478720263174,0.10666157728606974,0.09772536724501772,0.06787507791340036
7113,0.10044241058472653,0.10642969717563334,0.09757943143714037,0.06854704915831074
7114,0.1004185636843599,0.10634939305229721,0.09746049908299433,0.06968500769240496
7115,0.10038488469872339,0.10610933833837528,0.09726566548920365,0.07025584454533779
7116,0.10036006554592407,0.10599640250059385,0.0971726415897037,0.07049152567556834
7117,0.10034084994380174,0.10576601922105408,0.09702974703299136,0.07055066820108373
7118,0.10031897121471096,0.10562110042539938,0.09698967154001117,0.07067748902631663
7119,0.10028435381839003,0.10538726543871428,0.09674173761972482,0.07160940870916742
7120,0.10024358794991321,0.10526607478544539,0.09677050251706654,0.07272528514017183
7121,0.100213835321092,0.10503813107471663,0.09652107634478911,0.07364731082296144
7122,0.10018471280024344,0.10492079264248602,0.09657770106467868,0.07533111597081912
7123,0.10015555469182454,0.10471124257066416,0.09633798296062501,0.07832107497111944
7124,0.10011150533200648,0.10462611246684168,0.09630932150204671,0.08288304771077343
7125,0.10006571586979295,0.10440004121883294,0.09614720035534854,0.08661246882146845
7126,0.10003025097152352,0.10427268076740664,0.09586762798397902,0.08743025599256077
7127,0.09999250954117136,0.10407662293721187,0.09564657797844389,0.09085923765742028
7128,0.09995623580171968,0.10395447261968654,0.09539248086721362,0.1013552728590372
7129,0.09990783820675013,0.10382897753119673,0.09512552112101702,0.1079631098489481
7130,0.09985897347997572,0.103737584538581,0.09495465281189357,0.12833335112915586
7131,0.09981682782853249,0.10375204792582533,0.09468890742284862,0.14100523651469965
7132,0.09977598007483914,0.10385915364855253,0.09460411166734545,0.14659840851053668
7133,0.09973575263775097,0.10377606299920435,0.09437644346957841,0.15804114052732735
7134,0.09968762460477743,0.10387634182017581,0.09445734200792612,0.16813299892877093
7135,0.0996367065437271,0.10387388278987338,0.09419085508854867,0.18011107960682987
7136,0.09958596976433978,0.10407170525835552,0.09439909133414705,0.19113162452722757
7137,0.09953577372611679,0.10412275340197846,0.09410519170526244,0.20486014150849424
7138,0.09949047451788937,0.1042337327282446,0.09423862504786981,0.21752617215568903
7139,0.09944025087757513,0.1044321521096342,0.09391372052775766,0.22718341115293708
7140,0.09938834826237757,0.10484319873432801,0.09403176636533257,0.2394043877558104
7141,0.09933353922785942,0.10482067386226439,0.09371656195887985,0.24460831718762824
7142,0.09927914970340909,0.10506607914161684,0.09389446751540481,0.25575104862386494
7143,0.09922803245217737,0.10512204487878622,0.09359417658653578,0.2614215736576402
7144,0.09917663927377933,0.1053636443612203,0.09370141937268747,0.26540909490123804
7145,0.09912551757778397,0.10539829475926746,0.09344034112801594,0.2725496708574865
7146,0.09907077035011351,0.10541526372078708,0.09335433551459778,0.27732571103939
7147,0.09901524642621573,0.10557687049477729,0.09302888236408674,0.28038230923885843
7148,0.0989588197980927,0.10561395309845692,0.09293037203462408,0.2863694887969332
7149,0.09890224831881894,0.10597449141236827,0.09272351263206606,0.2927163597872227
7150,0.09884770259869702,0.1058823094592017,0.09283836489373162,0.29531756181475693
7151,0.09879151021462064,0.10626727503502313,0.09257455309607623,0.2990695622142393
7152,0.09873649970517892,0.10613020938725892,0.09278956762969882,0.3047644111035623
7153,0.09867909648105189,0.10631484708369936,0.09264518681142478,0.30863619055159547
7154,0.09862173276035503,0.10628071549050767,0.09301385651213856,0.3100311011302334
7155,0.09856429553190608,0.1063068970481574,0.09278739820698054,0.3130656627790851
7156,0.09850668719855368,0.10642409407772813,0.09316755070501265,0.3177353589844544
7157,0.0984503015026403,0.10638450428666972,0.09305261754318278,0.3200112073735674
7158,0.09839301212148494,0.10634332813295913,0.09357164655418129,0.32226230623033625
7159,0.09833637725894245,0.10623084171127106,0.0934413686326235,0.32520979731876104
7160,0.09827844797577881,0.10612947502675922,0.0938149634911688,0.32714254102757034
7161,0.09822087771578043,0.10594586415674344,0.09373108636529975,0.3296869365567188
7162,0.09816266413464787,0.10581035373526936,0.09386954891486358,0.3316893968212853
7163,0.09810444821469758,0.10565532613238726,0.09385149919727213,0.3329528429122874
7164,0.09804675264491308,0.10552493141379286,0.09402616607926881,0.33487249889443793
7165,0.09798876367898783,0.10546326206256845,0.09434609517845628,0.3368656544494443
7166,0.09793174138338583,0.10525932581647485,0.09430516181134051,0.33867202686168485
7167,0.09787403577869012,0.10513772403142976,0.09488701674782897,0.3400025705443148
7168,0.09781678884835307,0.10496304907356617,0.09479811441868105,0.34078521545942553
7169,0.09775894333915951,0.10485504794495942,0.09555921898936998,0.3414182881875321
7170,0.09770108034185616,0.10469857302852724,0.09539973582418443,0.3423150149620242
7171,0.09764307725858791,0.1045443656481605,0.0961982412082209,0.34337971240763704
7172,0.09758494827231008,0.10454049655299531,0.09608301705833852,0.34405290153952856
7173,0.09752728544934668,0.10435093269071123,0.09653394435690904,0.3443557224620954
7174,0.09746929627043555,0.10427534584832227,0.09642017043871814,0.3450013703420587
7175,0.09741199454431518,0.10415968635972712,0.09657190313331715,0.345656988574391
7176,0.09735408018165086,0.10400352975452831,0.09646532506830677,0.3462001970440733
7177,0.09729672794866549,0.10390039023231731,0.09633347436502152,0.3463152710795834
7178,0.09723894737712872,0.10375461711524835,0.09620746358448337,0.34633911480550283
7179,0.09718175343714384,0.10368163940552588,0.09604194690249435,0.346489490130485
7180,0.09712453193285212,0.10359479352603354,0.09592925793385344,0.34699690837775293
7181,0.09706812499145179,0.10368690968003023,0.0957205557898993,0.34722944473593487
7182,0.09701194658635208,0.10366451301345148,0.09552212249577348,0.3470813508057814
7183,0.09695697835131122,0.10392116594193451,0.09540231992926122,0.34716519795090955
7184,0.0969025917937015,0.10384183153449181,0.09516656425555586,0.34725596322933683
7185,0.09685034087260318,0.10424597111656257,0.09512095521163264,0.3472376632094209
7186,0.09679912873007687,0.10453767796558558,0.0948744839317294,0.3470627657386487
7187,0.09675257852874236,0.10531788623930421,0.09488010718665871,0.3467666563867292
7188,0.09670673437217506,0.10542734801216325,0.09463236186509487,0.34658565087282334
7189,0.09667052205945087,0.10625095426039083,0.09465393893475255,0.34650786222490526
7190,0.09663312924819134,0.10630826652249896,0.09438902672687705,0.34643110774050645
7191,0.0966117754474889,0.1069966187347988,0.09445941135030109,0.3461834766604507
7192,0.0965820188381592,0.10704096540745792,0.09418237182570427,0.34597649695325033
7193,0.0965702041673862,0.10763982924830927,0.0942368860456985,0.3458224031563987
7194,0.09653846892379984,0.10763197089467896,0.0939951624417798,0.34562005973932225
7195,0.09651354749965606,0.1080754875814744,0.09383218094449587,0.34534238877586215
7196,0.09647174143411717,0.10803375671579926,0.09356787020286578,0.344971139334671
7197,0.09643392849778896,0.10829103752472119,0.0933315846399259,0.3446399071204336
7198,0.09639429028345281,0.10873225522588319,0.09304900699722378,0.3442340003905925
7199,0.0963682994786611,0.10955537196584417,0.09287525952339704,0.34381826146030836
7200,0.09633889676507545,0.10956496144550476,0.09258741824065318,0.3433179844068139
7201,0.09631453545131764,0.11048401437815375,0.0923609635511242,0.3428321241913652
7202,0.09629054505681997,0.11069435092214014,0.09208007692870977,0.3423530748330577
7203,0.09625901482281977,0.11201260351977,0.09192497814931413,0.34183411435050853
7204,0.09624080884828506,0.1121537513455703,0.0916345900196957,0.34129344919780163
7205,0.09621066263385207,0.11294311900673801,0.0914916682750318,0.34074513665176404
7206,0.09621203679586902,0.11318229070630968,0.09118771168497813,0.3401695070833493
7207,0.09619117131847107,0.11327561956937775,0.09098437774918736,0.339571811156191
7208,0.09621288342839408,0.11329587416657991,0.09069616255339051,0.33898670692963795
7209,0.09619266908505357,0.11339961903765937,0.09045576558523707,0.3383389922281085
7210,0.09618258571521957,0.11331657864849035,0.09015539330960551,0.33771047842884844
7211,0.0961549520761244,0.11334508039823932,0.0899136900682965,0.33716230895988997
7212,0.09614948803707277,0.11351753354202115,0.08964504906299323,0.3365822253223607
7213,0.09613791256050533,0.11366185664551708,0.08936182709225786,0.3365640973680583
7214,0.09612489826706515,0.113942364368043,0.08914051914912413,0.33786041444343334
7215,0.09610855301273873,0.11439939612213337,0.08887662231188552,0.3381489904351333
7216,0.09607594256463552,0.11537909250277525,0.08861286608898844,0.33777066499433545
7217,0.09607240714900869,0.11520623288975809,0.08836632841360605,0.3377605749620936
7218,0.09611561505950124,0.1159724858831815,0.08818959122006904,0.33762916957578776
7219,0.09617496791967468,0.1159182445270861,0.08794819112374462,0.3375366566088349
7220,0.09626313483925403,0.11630308312999503,0.08784098546451627,0.3372107435086387
7221,0.0963296038045418,0.11634507964713534,0.08765121222375406,0.336724979442847
7222,0.09636847940580684,0.1165063978392367,0.08771621340841257,0.336161118992845
7223,0.09635669072306796,0.11673022100977025,0.08747483040268114,0.3356005592643582
7224,0.09632013760310383,0.11680697209279897,0.087556422202858,0.3352807578227785
7225,0.09628487254810698,0.11717918991528906,0.08734823747878687,0.334972585434512
7226,0.09627458870789511,0.11710799847628219,0.08755388640502669,0.33490885350860333
7227,0.09630058690448941,0.11756359920787429,0.08738921933715642,0.33476502450544027
7228,0.09631590612551828,0.11736353803632833,0.0877693370642432,0.33422722852207415
7229,0.09634741530751802,0.11782602740936862,0.08760188524065249,0.33388688219137297
7230,0.09635769700918342,0.11766993541948816,0.08799409392087526,0.3331653262342967
7231,0.09635440746358949,0.11785965027459619,0.08777480621959373,0.3327126914998022
7232,0.09633077033045981,0.11774476419439332,0.08805666294670925,0.3321551913560854
7233,0.09629507535311309,0.11768210290295546,0.08795847627198188,0.33157907263623865
7234,0.096257471088474,0.1176266618110791,0.08848349372045954,0.3310671897618101
7235,0.09623706341442187,0.11743307282406736,0.08836569540920637,0.33035269897467745
7236,0.09621427393610682,0.11729616280922547,0.08888821444188776,0.32968869715239024
7237,0.09619547786098813,0.11714983398463934,0.08887971321529443,0.32889718586339445
7238,0.09617758155175578,0.11697516912766175,0.08904142488790344,0.3282808726431253
7239,0.09615011376850718,0.11687457298350967,0.08957443728568178,0.3275300232519026
7240,0.09611658313733824,0.11664221257778082,0.089355889084914,0.32692339051361574
7241,0.09609077598149343,0.11661337803883368,0.08968517180519087,0.3261381124054662
7242,0.09605661862883741,0.11647633147614796,0.08947568548856302,0.325348888460278
7243,0.0960429456234096,0.11625318733879139,0.08974112053584216,0.32452758204848775
7244,0.09603130670337064,0.11623507614421913,0.0895892622534142,0.32368110904248215
7245,0.09601633755857038,0.11599715469266601,0.09002316392376622,0.32287901712165173
7246,0.0959980859468609,0.1158882581779927,0.09000964753154614,0.3220783103831596
7247,0.09596241304025148,0.11579985822331132,0.09077441882741881,0.3212360783939657
7248,0.09592268181634549,0.11555414905091888,0.09056279099917278,0.3204122238844605
7249,0.09587686803357819,0.11547237435247562,0.09113247946205054,0.31952312364901325
7250,0.09583990233341043,0.11525598083580266,0.09096088890932696,0.3186304280432721
7251,0.09580917501111613,0.11504485794724531,0.09147341668491343,0.3176933119018919
7252,0.09579697411480016,0.11483863859998585,0.09127345670370346,0.31678429716561696
7253,0.09579020698020878,0.11459688503262165,0.09171429946705033,0.31585833706697614
7254,0.09580023980246705,0.11438327910178084,0.09157499088184574,0.314970172339177
7255,0.09580460674007245,0.11416796255312674,0.09177881843229814,0.31404401100827095
7256,0.09580646110541254,0.11395238493791521,0.09170140189184267,0.3131173419210272
7257,0.09579243833731309,0.1137382433508758,0.09162614602501436,0.3121464293274226
7258,0.09575439961141222,0.11348891779757536,0.09163097686588423,0.31119832840674394
7259,0.09570790886822444,0.11325238580979022,0.09143757860291023,0.31023612257592587
7260,0.0956598519404552,0.11302856809012321,0.09128054125254376,0.30927015729689544
7261,0.09562034656321824,0.11276881655759281,0.09107614889572568,0.30829343064754433
7262,0.09559422103654731,0.11256599964291486,0.09091642059248381,0.3073017989825068
7263,0.0955876741457006,0.11231018150046645,0.09067589697947265,0.30629981389005523
7264,0.09558757284092155,0.11207349709457858,0.09052057107395121,0.3052988438055689
7265,0.09561614591657751,0.11182163589301476,0.09029573574364629,0.3043037261402404
7266,0.09563628276295537,0.11157889128662403,0.09013084003033779,0.3033019378371901
7267,0.09567634313282232,0.11133345208945443,0.08996890305245045,0.30231211411418296
7268,0.09568456295012341,0.11108134840536274,0.0899412551655896,0.30131390228134364
7269,0.09567147408091176,0.11085192627358056,0.08971189403415579,0.3003189853829956
7270,0.09563079999595703,0.11061812560386339,0.0896194527760018,0.29930031687136016
7271,0.09558976804744602,0.1103893870893741,0.0893745515632992,0.2982751349549983
7272,0.09556098916307428,0.11013447613862218,0.08925089580254221,0.2972484666417576
7273,0.09556032331063338,0.10992715830718801,0.08903026486848203,0.2962173028843089
7274,0.09557630546566287,0.10966871044650424,0.08906042400575188,0.2951916329319231
7275,0.09558908578451561,0.10947235022169029,0.08883945580136252,0.2941589089967238
7276,0.09561375565278227,0.10923130869826443,0.08874928062047355,0.2931214075670878
7277,0.09561560587335426,0.10904331857001745,0.08854119600630393,0.2920884212203879
7278,0.09561186311693291,0.10886499822838389,0.08844418342770789,0.29107230513320054
7279,0.09558576255907811,0.10870994767049716,0.08821296560206138,0.2900496511817531
7280,0.09554537767594512,0.10862286114242939,0.08822896917714235,0.2890212505710376
7281,0.09549597986073895,0.10858120656191837,0.08804439751975915,0.2879938762719672
7282,0.09545628970594744,0.10846498518435789,0.08825008775102565,0.2869632440703427
7283,0.09542202060659803,0.10857470065990973,0.08800188039114391,0.285928958415521
7284,0.0954017157545149,0.10848256864695935,0.08811665751193686,0.28489788456520454
7285,0.09538760855645725,0.10868962347091678,0.08800460039425533,0.28387397774090084
7286,0.09537692219094522,0.10851752323355313,0.08844260242831409,0.2828407178003546
7287,0.09536946278438901,0.1087315299698095,0.08823335217864253,0.28180425456842395
7288,0.09535934275590065,0.10864412970795617,0.08845568114369036,0.2807742104583453
7289,0.09534875947694259,0.1089761451347879,0.08834877297607044,0.27974692459716927
7290,0.0953317920519745,0.10887182748435839,0.0888460925621757,0.27872068949041723
7291,0.0953130928077825,0.10936774819357505,0.08876182491015874,0.2777038630679048
7292,0.09529026777135641,0.10925467513034237,0.08913754865726295,0.27669269462122253
7293,0.09526854271666343,0.10985559489969755,0.08927625132125178,0.2756803655317203
7294,0.09527087602462553,0.109685611855225,0.09031839734597909,0.27466514842992745
7295,0.0952543145235309,0.11021271967821325,0.09085115023337224,0.27365376780467027
7296,0.09525718472294979,0.11002822952532113,0.09138036028829458,0.2726399594248494
7297,0.095233642767163,0.11041445138184253,0.09143788568172088,0.27162343073774425
7298,0.09521781237087774,0.11020491318831725,0.09194477195619821,0.27061138340428076
7299,0.09519800344233516,0.11050643689751857,0.09223107310522323,0.2696016891203982
7300,0.09519875009881013,0.11043548071989051,0.09255641758518422,0.2685932711534847
7301,0.09519304649016758,0.11094698243772576,0.09292833363668586,0.26758595838030513
7302,0.09516778112922646,0.11080596998662662,0.09329738482750326,0.2665860921357914
7303,0.09514871188433556,0.11141846805989003,0.09437684221379411,0.2655884393200298
7304,0.09512670346632328,0.1113412972225831,0.09585682535086339,0.2645926804025267
7305,0.0951277071413165,0.1120964242783105,0.09813271718995635,0.26360266589196
7306,0.09517342696273448,0.1119518368440947,0.09877487039787,0.26261420541411756
7307,0.09521640991901113,0.11254236411830688,0.10127397358028957,0.2616276671644458
7308,0.09526466465913538,0.1124291926799665,0.10166834576057004,0.2606407302033779
7309,0.0952762631515606,0.11279499559378205,0.1042617077816995,0.2596582854185072
7310,0.09524362464537857,0.11271264252756238,0.10511633275157668,0.25867623582200205
7311,0.09519838738124625,0.11287947906509767,0.10606536879096441,0.25769633802639863
7312,0.09517413329741055,0.11271676791348507,0.10748641575034792,0.25672129111404796
7313,0.09518185512107981,0.11275882079725721,0.1078626263274624,0.2557492953758041
7314,0.09521174355964471,0.11260512535959614,0.10828656589830288,0.25478092349042464
7315,0.09528981262218325,0.11252693736169916,0.10876777959136623,0.253815263697382
7316,0.09536055632972544,0.11263558982594422,0.10880165479006945,0.25285515055103286
7317,0.09547343669808643,0.11253153490711941,0.10892612680571895,0.2518969149493224
7318,0.09553240743617002,0.11289919051429873,0.10904740131561137,0.2509419220807683
7319,0.0955679700084041,0.11272285890503962,0.10899157756375798,0.24999050534088604
7320,0.09555872225382879,0.11303741098060824,0.10902203157813227,0.2490413679009934
7321,0.09555759817592022,0.11288544883702244,0.10929636344834148,0.2480943571202088
7322,0.0955682837841536,0.11304017960898256,0.10948467729712835,0.24714945723364928
7323,0.09559811621555389,0.11292883847415759,0.1100121119668358,0.2462083111103766
7324,0.09563279788652464,0.11291161785872293,0.10997433770541565,0.24526868110554031
7325,0.09563117521929229,0.11277374313945328,0.11058872665025102,0.24433252990733412
7326,0.09562977403980126,0.11262371452019991,0.11079779647086467,0.24340007423759374
7327,0.09562013712356951,0.11254413666324864,0.11069393475471283,0.24247093252394467
7328,0.09559442942337995,0.11234425100348458,0.11091620288919425,0.24154480563333727
7329,0.0956095842749557,0.11226285342448707,0.11076276455017527,0.24062202167471192
7330,0.09560411757272677,0.1120865299072453,0.11071441303334387,0.23970278852184754
7331,0.09557717269405834,0.11193830590983288,0.11053320755898713,0.23878532924550416
7332,0.09554730656165503,0.11179026781514144,0.11034762866578877,0.23787088154225203
7333,0.09551260712309466,0.11157823370670161,0.11016203923629128,0.23695903498916634
7334,0.0954880048943426,0.1114375279080471,0.1100397413657224,0.2360497757516192
7335,0.09546618321564199,0.11126643971134649,0.10995370053339133,0.2351427863971171
7336,0.09546259807505557,0.1110579916425226,0.10975580126560244,0.23423910319306934
7337,0.09544482631657951,0.11087423001736299,0.10974168836119669,0.2333385225432713
7338,0.09542747725241467,0.11067501690571355,0.10965494515689311,0.23244052008823668
7339,0.09540631854697762,0.11044286832302234,0.10938583154940856,0.23154590826574398
7340,0.09537291000481812,0.11021645066006953,0.10924016688913607,0.23065441129877384
7341,0.09533722827216959,0.10998407047494903,0.10899913230469277,0.22976591737017377
7342,0.09529282001527362,0.10973849847028286,0.10871328876662191,0.22887998628805695
7343,0.09525349266878236,0.10949660755968672,0.10842073472263118,0.2279973820450372
7344,0.09521542860067253,0.10925119194885294,0.10812925589668997,0.22711734315375032
7345,0.0951833180214005,0.10900614523026048,0.10781457583335669,0.2262399091883023
7346,0.09515911754188808,0.10876241648636296,0.10754037849226133,0.2253652122334343
7347,0.09514218069126641,0.10850729255323435,0.10725094421844887,0.22449335088434302
7348,0.09512296578056031,0.10825864099179806,0.1069144799369794,0.22362405954781395
7349,0.09510316067183892,0.10801378729667789,0.10661469303876801,0.22275745755174065
7350,0.09507837706946722,0.10775617694867544,0.10630875062930056,0.22189404031941903
7351,0.095045636219433,0.1075021764302783,0.10598925334700501,0.22103331893623435
7352,0.09500806225454385,0.10724542363471887,0.10573159003790356,0.22017556928952148
7353,0.09496252984905584,0.10698676493507787,0.1054105511040676,0.21932068499021543
7354,0.09491523873410757,0.10674374165444031,0.10506948570669394,0.2184688167559092
7355,0.09486686930863987,0.10649261651122979,0.10477472227145113,0.21761940614474815
7356,0.09481753091332627,0.10624279647490371,0.1044111714838403,0.21677282386105545
7357,0.09477120241976458,0.1060171331776816,0.1040874492535649,0.21592890361302478
7358,0.09472439317160612,0.1057620380014996,0.10373134965050128,0.2150875764299841
7359,0.09468139014017839,0.10551141524288715,0.10338111840342454,0.21424882469465228
7360,0.09463803877204174,0.10526335966628088,0.10308062653910503,0.21341291062850945
7361,0.09459522862931068,0.10500401511732327,0.10271401287005033,0.2125797411974405
7362,0.0945534396501936,0.10474908788297443,0.10241806283662207,0.2117492375043163
7363,0.09451167940531098,0.1044958044144998,0.10206234959097207,0.21092165034818586
7364,0.09447067615007416,0.10425448107925281,0.10173278735918483,0.21009685246098933
7365,0.09443067757379836,0.10400937425982147,0.1014558842955508,0.20927482046674095
7366,0.09439627290115399,0.1037613976604167,0.10107642802523858,0.2084554612478286
7367,0.0943603193677957,0.10351768309507679,0.10080921983149446,0.20763900479496433
7368,0.09433576767550508,0.103269196519114,0.10045221684206337,0.20682510430307993
7369,0.09430358229003138,0.10301654732439729,0.10010325872812678,0.20601396931769547
7370,0.09428395355578208,0.10276644402104361,0.09981622623072675,0.20520546434329734
7371,0.09425101108885081,0.10252209720565333,0.09947186659095134,0.20439977675289414
7372,0.09422760084948142,0.10228295886482484,0.09925084411144477,0.20359658700438787
7373,0.09419750030269064,0.10203689205605149,0.09894679247311693,0.2027963017316673
7374,0.09418262485383926,0.1018282826418039,0.0988130413322065,0.2019986277047598
7375,0.09418038839182793,0.10159814374419401,0.0984599416464433,0.2012038400139843
7376,0.0941928072393276,0.1013814512062916,0.09816855413005211,0.2004116032100819
7377,0.09420907794267902,0.10113858062431262,0.0978091247458454,0.19962240923163463
7378,0.09422499744701691,0.10091599937168777,0.09745950041933772,0.19883567112093004
7379,0.09422403594470115,0.10069341236721556,0.0970957775210624,0.19805194640972026
7380,0.09421150248075384,0.10046107556545959,0.09672898392505626,0.19727060220092504
7381,0.09418222268897503,0.10023728577984975,0.09642702144004692,0.19649239526377588
7382,0.09414261082119993,0.10001278996070363,0.09605202069388295,0.19571632368787414
7383,0.0941010350044433,0.09978086818769213,0.09573020747065962,0.19494366242203529
7384,0.09405571902173282,0.09957405409879548,0.09542587368411419,0.19417301228544212
7385,0.09402374277396765,0.09934770443361231,0.09507342429152667,0.19340618567171536
7386,0.09398885848307609,0.09912145848564428,0.09483878890669045,0.19264108715406636
7387,0.09400066608061027,0.09890219394467435,0.09448614960472512,0.19188074942367098
7388,0.09399325440200063,0.09868344644376785,0.09419715054051879,0.1911219057974183
7389,0.09404947949987798,0.09846503077468083,0.09389949363034254,0.19036961603778388
7390,0.0940604444007582,0.09825840937485994,0.09359452119132237,0.1896191439077228
7391,0.09408284369748686,0.09803592023157823,0.09326292226191098,0.18887925752212553
7392,0.0940867343828536,0.09781976725714135,0.0929395148300072,0.18814422989276697
7393,0.09413028995959818,0.09759705906859482,0.0926283269655148,0.18742886057797284
7394,0.09415624190904025,0.09738123787589559,0.0923084342449625,0.18673137657726005
7395,0.09413822749493767,0.09715660608405322,0.09198958039551294,0.18606940029158964
7396,0.09417433740416936,0.09694153125694868,0.09164850082245898,0.18546079055720865
7397,0.09429181847787234,0.09672318501418749,0.09132202465729118,0.18489558107751636
7398,0.09447425637988945,0.09650784585133383,0.09103185814582236,0.18443482472871778
7399,0.09480861200173699,0.096296801196922,0.090692870696775,0.18395675617062213
7400,0.09506785498344344,0.0960812129338604,0.09037784203599307,0.1835309987079615
7401,0.09532396188160654,0.09586797377429622,0.09004930308294734,0.18298577444317013
7402,0.09538492858806565,0.09565432313688006,0.08978341575117521,0.18231181286329287
7403,0.09541471021794792,0.09544292210739722,0.08947254941376101,0.18158427092076823
7404,0.09555626766372392,0.09523676657595595,0.08920053749030794,0.18091178292113816
7405,0.09571538791582676,0.09502893767119713,0.0889845903421168,0.18036729057128612
7406,0.09582984831854344,0.09483685185528758,0.08869301493414157,0.17983635476800705
7407,0.09582092140143901,0.094633277162953,0.08851677862184522,0.17934076097063759
7408,0.0958098270568027,0.09443568253320313,0.08822582626594243,0.17879306693854705
7409,0.09588140464590275,0.09424256875535197,0.08806842132599021,0.17814529425844908
7410,0.09600471951398006,0.09404121690937128,0.08786200538828004,0.17745880744709952
7411,0.09620937204944179,0.0938461480630289,0.08775600623006773,0.17678365446175248
7412,0.09632050634268831,0.09365458667798701,0.08755347277880952,0.17617109956887747
7413,0.09632696212889973,0.09346009617853904,0.08756021043485022,0.1755510457216168
7414,0.09631189260317981,0.09326751903747221,0.08752479597339866,0.17490029982109093
7415,0.09637112170286209,0.09307756682969061,0.08737056929915119,0.1742297370716043
7416,0.09645080323346035,0.09288468307749174,0.08736714549929525,0.17356964966739835
7417,0.09646015474887609,0.09269035658253494,0.08723944058727852,0.17292164321410353
7418,0.09642876562697228,0.09250972386581895,0.08739281252072902,0.17230347224587556
7419,0.09643940756189913,0.09232654537373564,0.08728301785053139,0.17167892040495358
7420,0.09648664496301765,0.09214816402368954,0.08764118964925105,0.1710298029121718
7421,0.09659089018956062,0.09195332452511634,0.08778106038989138,0.17036770730706816
7422,0.09659825049777951,0.09177539207643834,0.08845107324833633,0.16970863034074804
7423,0.09656448525686309,0.09159544983137186,0.08833021986424482,0.16908145984091186
7424,0.09653119547316677,0.09140263024268441,0.0889859799068568,0.1684338849444805
7425,0.09655012425450432,0.09121156138423983,0.08904895164723178,0.16778597233768008
7426,0.09656340142656974,0.09101828433493955,0.0898968062145799,0.16712708344177973
7427,0.09654112197631075,0.09083063937346719,0.08988630002167192,0.16647654285421956
7428,0.0965111731077048,0.09064571673420548,0.09066949718791627,0.1658433283340338
7429,0.09649374117231799,0.09046149698817474,0.09063503340880766,0.16521397453201772
7430,0.09649492137473702,0.09028429984484239,0.09127610917020529,0.1645940239843696
7431,0.09649018707301414,0.09011565996333414,0.09135141922198523,0.1639573020486295
7432,0.09645209299674971,0.08993457602755558,0.09187130895620235,0.16332052272466505
7433,0.09640801371114492,0.08977234265391876,0.09215629796305387,0.16268695508332945
7434,0.09638723135501231,0.08959721843827691,0.09278078851444777,0.16205898958045928
7435,0.09636801628976131,0.08942369392838856,0.09369966139273696,0.1614334282673716
7436,0.09636386296810355,0.08925226053814238,0.09424397452426667,0.160805176448793
7437,0.09633162247303449,0.08906978326962933,0.09594281797758188,0.16017861315181944
7438,0.09628496082409219,0.08890611548299007,0.09666773179948712,0.15954892893803108
7439,0.0962434758954786,0.0887323357355251,0.09930075964860044,0.1589217306443416
7440,0.09621630794685242,0.08855406266668893,0.09923417440629202,0.15830273665545097
7441,0.09618682056424414,0.08838288548075517,0.10161094122206335,0.15768764609434874
7442,0.09615018104118983,0.08820808833758972,0.1016464955905193,0.1570755292576872
7443,0.09610240235138609,0.08804773913215933,0.10386487373292645,0.15646205501114935
7444,0.09605616943722224,0.08787064602111161,0.10461002467081089,0.15585040834526304
7445,0.0960140369653889,0.08769577175014921,0.10525705866499845,0.1552361992552398
7446,0.09597873272230706,0.08753692839901189,0.10719583915240283,0.1546228237174944
7447,0.09593264204578618,0.08736126532841461,0.10740956347036608,0.15401280587222485
7448,0.09588550482250636,0.0872027984715779,0.1089374364125958,0.1534040754485108
7449,0.09583558023124208,0.08705596781273613,0.10975453808886541,0.1527989664834105
7450,0.09579029780640178,0.0868869600733611,0.1099469784632112,0.15219499079727195
7451,0.0957464442793026,0.08674518796245659,0.11099104912764252,0.15159534209148434
7452,0.0957049167440541,0.08659057027129534,0.11099297645801917,0.1509954641494698
7453,0.09565576608366122,0.08642481067215961,0.1120600064119976,0.15039974922884292
7454,0.09561992687479234,0.08625781933844968,0.11251876803533557,0.14980552645473721
7455,0.09557775535797662,0.086089522912517,0.11256494204133996,0.14921341915119982
7456,0.095555995986942,0.08593277868123624,0.11352616221329309,0.1486239717066869
7457,0.09552384862145918,0.08577097761441582,0.11347553572544349,0.1480356600676757
7458,0.09551341166291094,0.0856029070170747,0.1138854961062319,0.14745092040376695
7459,0.09550130230717926,0.0854493779154635,0.1144147515837444,0.14686613038992083
7460,0.09550363109318419,0.08529509532088601,0.11483149966376865,0.14628605951559912
7461,0.09551340445365894,0.08513178095404199,0.11501850572816928,0.14570574814751902
7462,0.09550978881892976,0.08496756384442718,0.11508085010887933,0.1451292996660673
7463,0.09547562464566889,0.08480573550633708,0.11553700959501326,0.14455390306617064
7464,0.095430311478554,0.08464348329472798,0.11542043265709713,0.14398154011635697
7465,0.09539615264762843,0.08448152384895997,0.11590645968065032,0.14341111231998724
7466,0.09537567849881397,0.08432402198605461,0.11608175038068345,0.14284326224840277
7467,0.09537842535093519,0.08416239451472719,0.11598304278790919,0.14227803346975407
7468,0.0954188450255877,0.08400124765323337,0.11608930286089567,0.1417144470634703
7469,0.09543344470518116,0.0838491752269596,0.11600345981506753,0.14115385532630295
7470,0.0954740598372814,0.08369929614229664,0.1163618269585225,0.14059427037582095
7471,0.09553731527557498,0.08354881624021476,0.11639735331401173,0.1400379327504865
7472,0.09554822616067792,0.08339916845885569,0.11629232613459815,0.13948248368128505
7473,0.09555718949852078,0.08325133113636589,0.1165947952832091,0.13893119553269193
7474,0.09555565795168135,0.08310569777532066,0.11649815464877097,0.13838071871107854
7475,0.09556438426080469,0.08296999386185334,0.11654154857038426,0.13783514977776268
7476,0.0955618449012768,0.08282143835328774,0.11663207748458976,0.13729053341599148
7477,0.0955411373728922,0.08268428319352114,0.1167255906368664,0.13675062054691794
7478,0.09553778286612055,0.08253723224353252,0.11660080929633314,0.1362115062032674
7479,0.09555827690764616,0.08239039417877496,0.11673042877218207,0.13567696262139944
7480,0.09556487010048968,0.08223982241467463,0.11703933452032678,0.1351425178472715
7481,0.09557312832787522,0.08208718590470401,0.11685441125175787,0.1346134147003437
7482,0.09556975336921074,0.08194328002328263,0.11688805642086011,0.13408421553954422
7483,0.09557683275200679,0.0818001800328107,0.1167116028264288,0.13356125354973988
7484,0.09558833140304326,0.08165997223872576,0.11654944759207546,0.13303865879048876
7485,0.0955883583120932,0.08152436467977404,0.11633740633595879,0.13252359417402368
7486,0.09556918419411231,0.08137505804332275,0.1161490160715313,0.13200919659137234
7487,0.0955527341575069,0.08126410997964956,0.11599461169340106,0.13150530419790254
7488,0.09555322901191528,0.08115313376943495,0.11577216681307859,0.1310031288016169
7489,0.09555026710734417,0.08103987027660434,0.11567995217197678,0.13051596997474255
7490,0.09552714981450874,0.08097530503467368,0.11554432338425286,0.13003565628873207
7491,0.09549655936955026,0.08082746090204684,0.11528449215893571,0.1295760854842679
7492,0.09546693612960988,0.08074353266671412,0.11521305498426947,0.12913572113288982
7493,0.09544945177364705,0.08060775390039422,0.11516361876090042,0.1287222142229048
7494,0.09544153995657466,0.08046716705713854,0.11489888711674366,0.1283478164892415
7495,0.09543024774635646,0.08032417626530344,0.1149857341515872,0.12799606122137752
7496,0.09540284075158162,0.08017846857824587,0.11468980802823882,0.12770007034712869
7497,0.09537417707117089,0.0800396203726984,0.11482164101375811,0.1273922014396237
7498,0.09534492062143629,0.07990176547448384,0.1146224701041247,0.12711147873985693
7499,0.09531663269851526,0.07976185815817262,0.114376715276522,0.12677178803673372
7500,0.09529896851362597,0.07962529775599354,0.11414693024005033,0.12638163064952226
7501,0.0952677116623009,0.07949153045827363,0.11388774606063284,0.12593486966625206
7502,0.09523147052117426,0.07935731760438923,0.11361313767459987,0.12545746920382655
7503,0.09519009619009557,0.0792212044238325,0.11335777270733226,0.12500703869224886
7504,0.09514851294352569,0.07908743126768168,0.11313122100935216,0.12460628132295105
7505,0.09511436502560149,0.0789508666762253,0.1129264804019997,0.12424794738238192
7506,0.09507875604518574,0.07881932562529521,0.1128517599454431,0.12391642003540108
7507,0.09504548955124761,0.07869527595214326,0.11278652868929524,0.12358921048045149
7508,0.0950069219349903,0.07856811253850578,0.11315570263397871,0.12323657786153247
7509,0.09496571526285251,0.0784329947764108,0.11293565814049397,0.12283999008785662
7510,0.09492020372222391,0.07829940134532822,0.11343642772496634,0.12239855960662635
7511,0.09487449668887443,0.07817728356322978,0.11309401375777589,0.12194067275501484
7512,0.09483300107302368,0.07804504391113745,0.11357212609746035,0.12150613526519198
7513,0.09478901357617911,0.07791233234506874,0.11331465417018623,0.12111203828854837
7514,0.0947484195640147,0.07778414283419667,0.11334908131923768,0.12072603590395511
7515,0.09470530927376343,0.0776564726028978,0.1132095466844472,0.12034740732593763
7516,0.0946625284879009,0.07756901209741023,0.11291630300610633,0.11994053072533022
7517,0.09461498958528468,0.07743504484433174,0.11288995938102668,0.11951906762680169
7518,0.09456948812683531,0.07732265394293814,0.11252122240959668,0.11908084112498861
7519,0.09452014376102237,0.07719804484751554,0.11252851692090601,0.11864432640861207
7520,0.09446972561214954,0.07707693642600077,0.11216849083788116,0.11822706256341964
7521,0.09441917918677054,0.07696472556782344,0.11210198183726579,0.1178087738938567
7522,0.09436756382996651,0.0768524595916084,0.11184002639054964,0.11739840701704221
7523,0.09431753595266325,0.07674274167984352,0.11156275022147906,0.11696936383074842
7524,0.0942657788012365,0.07662293006938474,0.11130445922061284,0.11653679587541958
7525,0.09421716507177667,0.07650306759351957,0.11099165246210464,0.1161045013252243
7526,0.09416602563385482,0.07638835424814718,0.11064930622641955,0.11568152801358977
7527,0.09411738712590204,0.07628824483477499,0.11032296633035601,0.11527566986433872
7528,0.09406673180017136,0.0761655141719213,0.10996555879802491,0.11486937609765874
7529,0.09401833560734348,0.07606106826317714,0.10961696074828853,0.11447094403745409
7530,0.09396651669418829,0.07595060458540066,0.1092807527851102,0.11405788337304162
7531,0.09391775600247448,0.07583754655711698,0.10891969351825516,0.11364148113492525
7532,0.09386561645456751,0.07572710542016112,0.10857678337311147,0.1132168160841771
7533,0.09381558723223034,0.07561189322600483,0.10819817676314702,0.11279211889174615
7534,0.09376291098711768,0.07550141920134495,0.10787253785826074,0.11237333777760167
7535,0.09371205437623306,0.07538995170034613,0.10749786044333305,0.11195724363990003
7536,0.09365894803063032,0.07527508110623019,0.10718952287294177,0.1115522791454001
7537,0.09360741825489845,0.07515843335940296,0.10680892514871364,0.11114439261847583
7538,0.09355424032445221,0.07504287590988562,0.10646203969223297,0.11074256699834643
7539,0.09350119959527053,0.0749287455020452,0.10608181881448006,0.11033691153752662
7540,0.09344767962993553,0.07481831420778373,0.10570270643914831,0.1099319902207575
7541,0.0933936229482906,0.07470801334850534,0.10531822688133613,0.10952392712897471
7542,0.0933402448560641,0.07459968823719701,0.10494408282338419,0.10911649353399207
7543,0.09328582428659142,0.07449373689578014,0.10458126185687826,0.10871000989032395
7544,0.09323329770619285,0.07439591966233756,0.1041996081102538,0.10830358650084677
7545,0.09317937774053715,0.07428861274757778,0.10379699381206407,0.10790168559419475
7546,0.0931281839872531,0.07417661318671308,0.10341138042067366,0.10750057476951952
7547,0.09307543576136247,0.07407806578235471,0.10301266365461542,0.1071047466647829
7548,0.09302684311165677,0.07397031101787449,0.1026382361762524,0.10670966977969501
7549,0.09297639483890013,0.07390137954690397,0.10224936172511782,0.10632047217371778
7550,0.09293260641367947,0.0738158898339187,0.10186386953520854,0.1059300443220392
7551,0.09288746084185213,0.07376249358942978,0.10147209295715374,0.10554419067847867
7552,0.09285182444359806,0.07370881721140363,0.10109299136109039,0.10515622394406696
7553,0.09281844597041344,0.07366448703060657,0.10070514997757014,0.10477068610409429
7554,0.092797484969872,0.0736211668187068,0.1003138217005394,0.1043841741756964
7555,0.09278752021176238,0.07355890209339734,0.09993152930769317,0.10400011436852181
7556,0.09278754516897852,0.07356092718120279,0.09957908520295682,0.10361640653645052
7557,0.09280368554800092,0.07358217985932015,0.09921510593595705,0.10323593840377408
7558,0.09281667014681219,0.07362051358070437,0.09889683211624209,0.10285690731368953
7559,0.09282126549225522,0.07369460030764571,0.09861161215974516,0.10248081509829493
7560,0.09281415490974775,0.07365261071409664,0.09826574167220802,0.10210661458504078
7561,0.09277668560840141,0.0737994549215431,0.09805070864868409,0.1017346182317209
7562,0.09273139759020861,0.07384154006929616,0.0977552795090602,0.10136450816071713
7563,0.09268893930557988,0.07412776311055783,0.09751036342308698,0.10099594084261408
7564,0.09265897651490704,0.07418145648531003,0.09730747479427852,0.1006293243526107
7565,0.09264817899482629,0.07454313398482824,0.09718132350418861,0.10026383824820494
7566,0.09267543747161971,0.07460676095289005,0.09684872130231437,0.0999006140502721
7567,0.09270056565500176,0.07515086815724774,0.09672742970713617,0.0995384401374626
7568,0.09277377154615603,0.07525458125313275,0.09667685683159175,0.09917914113025865
7569,0.0928058489951959,0.07582026370093178,0.09698246047719344,0.09882104828996356
7570,0.09282355239876944,0.07598870061448541,0.0968201664953754,0.09846683405084095
7571,0.09282158429351509,0.07670889652444195,0.0971925849630674,0.0981136587236719
7572,0.09281580363161569,0.07707548417041604,0.09776877365383908,0.09776538719691581
7573,0.09281060874728671,0.0776774481721516,0.09930040653407862,0.09741770408304243
7574,0.09282170771268779,0.07817419016697572,0.10008901400714386,0.09707634047666391
7575,0.09286078379929422,0.07847786559901508,0.10074004964079283,0.09673577626813654
7576,0.09289353609827754,0.07909455645750624,0.10101410307604573,0.0964051993162593
7577,0.09294748146291675,0.07945453032158124,0.1019650150682695,0.0960784387207955
7578,0.0929893042795677,0.07996772226970192,0.10248116949083845,0.09576926349098187
7579,0.09301970976894233,0.08052076215961965,0.10327871782496832,0.09547452444734401
7580,0.09302759584559522,0.08157973742204204,0.10450835227385019,0.09520836106082017
7581,0.09301492184465106,0.08316223103616345,0.10460084982235185,0.09498170286339536
7582,0.09298319817801164,0.08389243426963329,0.10553858722861925,0.09478962638859853
7583,0.09297212528752691,0.08597696821718828,0.10566259382215147,0.09467412369614323
7584,0.09297095585298808,0.08765791790758837,0.1059696943570244,0.09456181426698618
7585,0.09297629375492938,0.09126610491315416,0.10618015879139346,0.09451916776329657
7586,0.09298842252668675,0.09249458112663718,0.1066237076890352,0.0943983317903601
7587,0.09298089171746554,0.09467704958076237,0.10692789142861758,0.0942216535977486
7588,0.0929984037180601,0.09582011886709117,0.10744014188534072,0.093955970912586
7589,0.09297804832276292,0.09691130863708076,0.10849972717962511,0.09363699398045819
7590,0.0929541484151478,0.09833790804789869,0.10887830261196528,0.09337702546911493
7591,0.09291955236523619,0.09986473591245389,0.11001493752180729,0.09318580478305687
7592,0.09289274393639378,0.10078702950240762,0.11045682149020769,0.09307536988395644
7593,0.09286724358611474,0.10150682547035597,0.1106336764891418,0.09297152910524112
7594,0.09284871645175957,0.10281613140305944,0.11114628535895803,0.09284616544407144
7595,0.09282362777241802,0.1044186827046778,0.11156984789478316,0.09265753219849097
7596,0.09278505630778511,0.10525087242281345,0.11156834233745318,0.09238219801988051
7597,0.09274817907127009,0.10984284700285522,0.11217839304568143,0.09208728405922717
7598,0.09271602743745487,0.11513187929962548,0.11206311265167136,0.09183220526314889
7599,0.09269487822605053,0.11575431534026663,0.11254832194452269,0.09163172708199352
7600,0.09268524097525849,0.1190795346357696,0.11239687999468395,0.09142594907844762
7601,0.09267067767609682,0.12203851474195535,0.1128790317818888,0.09116398493554569
7602,0.09267289234166014,0.12394719821418787,0.11272726731794082,0.09089431280313277
7603,0.0926550160510216,0.12556125752324301,0.11303770866350257,0.090625729043372
7604,0.09263506217440447,0.1273862107920991,0.11364353399235935,0.09038164605511187
7605,0.09260030178748765,0.12960425747252552,0.11346340501908082,0.09014788325771832
7606,0.09255741476487271,0.13202728593501412,0.11426549390163415,0.08990502099123515
7607,0.09251242029261797,0.13424115613432921,0.1140429775708412,0.0896528410443642
7608,0.09247688085384195,0.13587440401718553,0.11434835811336243,0.089365072715477
7609,0.09244566319173506,0.1372107851433606,0.11418732650369652,0.0890799562898575
7610,0.09241890591974417,0.13915351809816676,0.11402632968323147,0.08881288547047349
7611,0.09239211569458414,0.14143674952634505,0.11372422794957794,0.088562238888415
7612,0.09235752086291421,0.14336845229376444,0.11352160058348496,0.088302047240513
7613,0.09231763704646437,0.1443370129285509,0.11340030277016873,0.08802674595790709
7614,0.0922712517731463,0.1450380259518984,0.11318199615834566,0.08775385264940527
7615,0.09222482901932487,0.14612348001662268,0.11332976355778976,0.08748870663136771
7616,0.09217800368465429,0.14691934958329853,0.11305069285144814,0.08722348903825211
7617,0.0921370841985767,0.14737975423266392,0.11293347817542986,0.0869597934135226
7618,0.09209672493462497,0.14761297117900105,0.11271701817663665,0.08669141068451708
7619,0.09205856908196493,0.14795582003444527,0.11240361158361027,0.08641215388789664
7620,0.09202327643440777,0.14827578417474868,0.11212745037068744,0.08612544823689576
7621,0.09198582071043453,0.14850143143911926,0.11185371828444393,0.08583973938439836
7622,0.09195317983062512,0.1486916805345105,0.11149419953997948,0.0855667824918377
7623,0.09191691223147097,0.1487436918256775,0.11120801298434026,0.08529525860777505
7624,0.09188702708657441,0.1488533666027243,0.11084876140419825,0.08502611553136609
7625,0.09184939554123586,0.1490778671556405,0.1105849475464566,0.08475405086892875
7626,0.09181520280497202,0.14913464526900883,0.11034904509641072,0.08448073494297953
7627,0.09177217971540903,0.14916039481067545,0.11021592095472753,0.0842041850587192
7628,0.09173234583139321,0.14915498877001174,0.10997874036037417,0.08392559227730685
7629,0.09169243559253713,0.14915335393707163,0.11002897791083918,0.08365199979343936
7630,0.09166734411386128,0.1493722111178081,0.110058704661947,0.08337709317473502
7631,0.09164611938922942,0.14982895896625295,0.11078715835023736,0.083102833358321
7632,0.0916381468295324,0.14974888077006057,0.11132482791355008,0.08282627000043447
7633,0.09163456306128995,0.14993843757370798,0.11200315845936416,0.08255180168827629
7634,0.0916347167204197,0.14989164576946087,0.11211057615868121,0.08227737173313254
7635,0.09164048792548528,0.149847076717027,0.11325440880337086,0.08200589216562591
7636,0.09164441010732745,0.14990662390164328,0.11322637375461037,0.08173974625440607
7637,0.0916531537099832,0.1497724978243404,0.11403387556655313,0.08147510311130493
7638,0.09165617548211469,0.14969029462332706,0.11416633420603299,0.08121343915927598
7639,0.09165817324532553,0.1497472097948462,0.11433061851772573,0.08094949476859817
7640,0.09165057777678032,0.14964959292962093,0.1151811151897601,0.08068800215040287
7641,0.0916331947740061,0.149504064758069,0.11501674668417095,0.08042294645763007
7642,0.09160575317237284,0.14937968434095325,0.11574888690149525,0.08015998173017586
7643,0.09156641470938641,0.14931031397463324,0.11552795871994286,0.07989723838380712
7644,0.09152114192852992,0.14927215776852304,0.11622043453447102,0.07963651447316436
7645,0.09147129448984265,0.14921432065778947,0.11632228102122777,0.07937910119153635
7646,0.09142055795340469,0.1490497715360165,0.11655274972524929,0.07912342162931003
7647,0.09137423018989198,0.14902383499600583,0.11672088841686885,0.07887250812358179
7648,0.09133036622173069,0.14887779737454457,0.11670682117737441,0.07862100835646427
7649,0.0912960740267132,0.14870036917507243,0.11660622521203587,0.07837293273098976
7650,0.09126619104611045,0.1484083470975776,0.11686160011057155,0.0781235309169518
7651,0.09124598418036134,0.14824546270336136,0.11669165033164966,0.07787587554768452
7652,0.0912313065710695,0.14804568165467777,0.11704860082116628,0.07762712407660385
7653,0.09122159687846554,0.14786592337669893,0.11692537887708321,0.07738048659069231
7654,0.09122046580615951,0.14761823528685722,0.11667100724974536,0.07713404541353511
7655,0.09121756203673191,0.14755705514597556,0.11654486899388301,0.07688999640918698
7656,0.09123392246968054,0.14730972870143674,0.11625676968121311,0.07664785004853746
7657,0.09124602537473928,0.1471960735273377,0.11628900647381757,0.0764077639907702
7658,0.09128900733141748,0.14695666164393284,0.11591375898652549,0.07617012552529114
7659,0.09132233793353589,0.14672281880201282,0.11590477754164678,0.07593346750666936
7660,0.09136162321762166,0.14646814384263032,0.11577773261922121,0.07569922231486031
7661,0.0913842958187454,0.14642806612685588,0.11592716928249118,0.07546489549663003
7662,0.09136762416029397,0.14621179350074717,0.11587922258969684,0.07523296015414252
7663,0.09135424166319861,0.1461292163977256,0.11593199366365835,0.07500100561559589
7664,0.09134874278067845,0.1459238954613094,0.11567443313637593,0.07477172104983269
7665,0.09138598340940257,0.14587231078131369,0.11581665684677307,0.0745426245619992
7666,0.09148028513138887,0.14576722609268083,0.11576773836615546,0.07431684166158874
7667,0.09170098739916788,0.14604648521920166,0.11634383441112482,0.0740910847802044
7668,0.09189357520419952,0.1463621641424618,0.11604619537196388,0.07386889597071813
7669,0.09211604576514204,0.14669010486962253,0.11658356531015056,0.07364669320730755
7670,0.09221330535554516,0.1466730559818749,0.11641951672182639,0.07342783765634792
7671,0.0922165932656759,0.1472422743666212,0.1169391041402274,0.07320862473064603
7672,0.09225646792914778,0.14728096582655115,0.11710121965745329,0.07299305303447069
7673,0.09236832346556761,0.1479068942951479,0.11753950253436829,0.072776536811179
7674,0.09252069827681882,0.14790099364736495,0.117575015098231,0.07256466332183992
7675,0.09260510154706807,0.148067172874587,0.11773818107528917,0.07235212542896402
7676,0.09264642039086705,0.1481953356373105,0.1176942468090986,0.07214558423285442
7677,0.09263507169552637,0.14811495657593055,0.11804880615361589,0.07193944770069055
7678,0.09266543855055032,0.14794296674182905,0.11794213939395091,0.07174192267258987
7679,0.09268796879146785,0.14779729367471872,0.1180833888334854,0.07154629013798659
7680,0.09272903182325862,0.14762677114838116,0.11796689306106108,0.07136381146295831
7681,0.09276218973856833,0.1474958638674327,0.11789581344137684,0.07118827056362277
7682,0.09277391931275668,0.147448895510254,0.1177606693153662,0.07103114748837228
7683,0.09277080870775802,0.14744320484055737,0.11788123378816913,0.07089313689214453
7684,0.09278050676091716,0.1476359980957547,0.11779809897783919,0.07077685344505562
7685,0.09281757584958272,0.14753493095187395,0.11776282860764879,0.0706961007476778
7686,0.09283511454761524,0.14747071496644923,0.11779950200007872,0.07062841266921427
7687,0.09283394415597815,0.1473094079944175,0.1177500628669273,0.07060050484020124
7688,0.092807694023568,0.14711331335839312,0.11771216008802618,0.07055344077593304
7689,0.09278253376183622,0.14687560177689787,0.11789331269593718,0.07050920199350005
7690,0.09279911664752481,0.14669446218782928,0.11835773636704049,0.07041622836282362
7691,0.09279589238497676,0.14650096482900674,0.11830377893442137,0.07027967209377443
7692,0.09277667976883645,0.14634419730612194,0.11919917735781932,0.07010757466551923
7693,0.09275965528649747,0.14625460939533524,0.11899193852830309,0.06992513646565653
7694,0.09272954911181068,0.14608594815735895,0.11944649190908233,0.06976028536373985
7695,0.09271934706681328,0.1459183439920431,0.11952476535384476,0.06962800521308223
7696,0.09270382338569494,0.14570780565860722,0.11934255320323614,0.06951493090240428
7697,0.09268730503795862,0.14552435425465543,0.11974937405247148,0.06942755642241764
7698,0.0926598072770572,0.14535688477190845,0.11953256675669298,0.0693471234790285
7699,0.09262856338191922,0.14511110742857405,0.11949480380950137,0.06925423153606955
7700,0.09260403147246794,0.1448679415389448,0.11928020324812233,0.06914181738608642
7701,0.09258458164304041,0.14469751222824323,0.11892603565725543,0.06899308347537861
7702,0.09257042883014287,0.1444403538430809,0.11886166959868419,0.06881095049694748
7703,0.09253924825632824,0.14415574402520595,0.11852342303390287,0.06862742859896018
7704,0.09250267337999309,0.14392781977732969,0.11834664367521223,0.06847355370267842
7705,0.09246729687361997,0.14365853978636953,0.11809237356930202,0.06834706753141573
7706,0.09243511129302842,0.14334035920973498,0.11780602239315789,0.06824683631905572
7707,0.09241626799052255,0.14305526886780062,0.11752991082805758,0.06814544074134442
7708,0.09240549304252273,0.14272476820302013,0.11725434700146911,0.06804105615215432
7709,0.0923825665617394,0.14240657302139942,0.11695694325895735,0.06790591268893527
7710,0.09234890122595418,0.1420842437057371,0.11657657934282628,0.06774917545099472
7711,0.09230877444097621,0.1417514794257166,0.11627166616793003,0.0675699475986239
7712,0.09226341017315114,0.14147566076638277,0.11586076423926053,0.06738926322033646
7713,0.09222411496110623,0.14114325842138992,0.11551360557230887,0.06722511630615134
7714,0.09219036869359543,0.1408181097022939,0.11510741607213328,0.06707445242551452
7715,0.09216570306850697,0.14055823848969606,0.11472988374810178,0.06694453377436597
7716,0.09214277581011414,0.14021734323099488,0.11436440167435798,0.06680925044949049
7717,0.09211030004028369,0.13985506273610152,0.11398553871522875,0.06667405624456722
7718,0.09207271175020616,0.1395377893998349,0.11359392221641201,0.06651887645636927
7719,0.09202639003506118,0.13918668920599955,0.1131848056887394,0.06635227990151302
7720,0.09197784497644496,0.13881766320844013,0.11279435860491117,0.06617311703764747
7721,0.09193304260683437,0.13846945219893378,0.11235967552189714,0.06599240392058178
7722,0.09189039461018796,0.1381049400861395,0.1119358096703491,0.0658183724619924
7723,0.09185239563601962,0.1377386295983052,0.11149836094792279,0.06564665606576096
7724,0.09181510481548623,0.13738017906736946,0.11107867754905704,0.06548401898465407
7725,0.09177827363377503,0.1370311809172646,0.11066876766286708,0.0653195655788257
7726,0.09174477051313082,0.1366919909624968,0.11022552987840771,0.06515993518760284
7727,0.09170385149006177,0.13632923804572925,0.10981009547085216,0.06499279105268248
7728,0.09166544155891101,0.13597006324691024,0.10941185613633649,0.06482609972516017
7729,0.0916239811781757,0.13560967558206255,0.1089756553724689,0.06465172766138881
7730,0.09158459698320484,0.1352353369719111,0.10853130443434374,0.06447602960185281
7731,0.0915403850550029,0.1348783580051056,0.10811158683983657,0.0642990706449622
7732,0.09150442714857303,0.1345320702267945,0.10768130149114684,0.0641223210411588
7733,0.09146001948934306,0.13417009670236646,0.107248835016304,0.06394937826700339
7734,0.09142066472886469,0.13379834324834688,0.10681932080924078,0.06377668576199355
7735,0.09137838780383496,0.13343291449548655,0.10639570740014899,0.06360997249769419
7736,0.09133749557759592,0.13306949235225066,0.10597114347955121,0.06344262141249392
7737,0.09129212886735574,0.13270034148346108,0.10555486159851897,0.06328024302573755
7738,0.09124996774359034,0.13234509617679285,0.10513211568583482,0.06311559701037651
7739,0.0912010394812878,0.1319997869632145,0.1047158281932444,0.06295374659866725
7740,0.09115281003934081,0.1316438176216426,0.1043204645284672,0.06278818974921883
7741,0.0911015959692547,0.13128455411375403,0.10392383365359195,0.06262465378274155
7742,0.09105094582744679,0.13093304255431826,0.10354700874849264,0.06245816343943511
7743,0.09100095793641035,0.13057851118452155,0.10320778023921603,0.062293691223928166
7744,0.09095449407703032,0.13021925048027208,0.10279392466099155,0.062128021647484086
7745,0.09090924753856397,0.1298680515987307,0.10243340265050564,0.061964839323288425
7746,0.09086881187184168,0.12951620028347938,0.10204581220846344,0.061801649225745686
7747,0.09083119188656673,0.12916207869936042,0.10164968022196652,0.061640985624893625
7748,0.09080102089147214,0.12883603792117104,0.10136441554240622,0.06148042996073226
7749,0.09077223005656643,0.1285184633570158,0.10107293219879718,0.06132131948257722
7750,0.09075640568672333,0.12818898461416933,0.10075017659937185,0.06116195026240559
7751,0.09073320014829075,0.12788335792305366,0.1003956308564178,0.061003282413801076
7752,0.09072139365312981,0.12756081300374753,0.10011916331091796,0.06084457699706496
7753,0.09069114830674581,0.1272642624242594,0.09976048680544197,0.06068680927614708
7754,0.0906644923813014,0.1269791905387414,0.09950703600062427,0.06052967950095025
7755,0.09063158594322356,0.1267356340781005,0.09923649389649832,0.060373985861538255
7756,0.0906154565642441,0.1264569570276068,0.0989212848637667,0.06021947692857376
7757,0.09060951164239689,0.126311559526092,0.0987240447589663,0.06006665063800723
7758,0.09061813565534649,0.12606706865713133,0.09852182205664466,0.059915012533344816
7759,0.09062252134971234,0.1260074224183431,0.09847761307141997,0.05976480620757103
7760,0.09062277401497591,0.1257416076744768,0.09830894595505242,0.05961528258694543
7761,0.0906058966866196,0.12565419882647666,0.09845874482083912,0.0594668248545996
7762,0.09057643869137354,0.12535368609055292,0.09831535162675156,0.05931868974765016
7763,0.09053707492250557,0.1251434901917854,0.0987116012890164,0.059171723394000265
7764,0.09049101918095905,0.12485464263069676,0.09844351262627452,0.05902511484945736
7765,0.09044801614340393,0.12460373999046788,0.0989593410889105,0.05888027480138885
7766,0.0904047368274424,0.12435500477376747,0.09876487487258985,0.05873586935414949
7767,0.09037602940322767,0.12414031000907273,0.09936250768841859,0.058594085040574354
7768,0.09034694736076958,0.12397202024847444,0.09914096168137952,0.05845260695399906
7769,0.09035556662444094,0.12388689384872938,0.09976736497290098,0.058314991019945896
7770,0.09035046593663187,0.12378955583458293,0.09986079274358663,0.058177713272328326
7771,0.09037960448289371,0.12379540413301908,0.10105272633056955,0.05804729861240176
7772,0.09038651313550877,0.12365452050363833,0.10090208924703865,0.05791952036218827
7773,0.09040289577111872,0.12376954084212417,0.10182430337374228,0.05780615888694922
7774,0.09039878754295648,0.12373088691082557,0.10187831341049357,0.05770625090161164
7775,0.09041344573508486,0.12404756661111836,0.10304420313328042,0.05763511673901383
7776,0.09040832458943092,0.12380371957421751,0.10323457846285806,0.05760748558392063
7777,0.09039369886251233,0.12407115920934528,0.10374891744603428,0.05761998037220722
7778,0.09044326637736637,0.12387747438741904,0.10523815427118405,0.05772296450992998
7779,0.0905830500469861,0.12409582938510394,0.10517553531330433,0.0578266755804248
7780,0.09073747842216144,0.12386386638859337,0.10645926617234146,0.057998040908029
7781,0.09095387407299124,0.1240391630070858,0.10677350570922743,0.05807306003928986
7782,0.0910829215587172,0.12380807970556273,0.10711676458797843,0.05805244931465887
7783,0.09113716797628114,0.1239439958169529,0.10830109687368092,0.057945614541615745
7784,0.09111940361474864,0.12409687843325702,0.10819660085184353,0.05783378819139846
7785,0.09115392045100612,0.12390449987596226,0.10897832075544969,0.0578417492055842
7786,0.09125633796322587,0.12418154681113583,0.10921491654038683,0.05791532560147136
7787,0.09135185836501625,0.1240693824060538,0.10913970202414704,0.05806792061043286
7788,0.09145063809732806,0.12439416147991415,0.10982864861485414,0.05821377550919792
7789,0.09149659211810282,0.12468664420133604,0.10965824368850363,0.058283279463357145
7790,0.09151966851135195,0.12461330426793144,0.11004004757717928,0.05824454847321697
7791,0.09149175661770245,0.12460525059720418,0.11006461373602719,0.05814519619765688
7792,0.09146676918155755,0.12445403277961352,0.10998735172022306,0.05811850304435884
7793,0.09146833181496691,0.12430061094475288,0.11009183631411831,0.05810908817654887
7794,0.09148854194055993,0.12415664669734673,0.1100666314861838,0.05811299434678265
7795,0.09148621477425153,0.12406035779519006,0.11044659723708056,0.05810636584207044
7796,0.0914680009897011,0.1238836174744875,0.11020802407202561,0.05802109838374856
7797,0.09143950843054321,0.1237723758014111,0.11054499194494165,0.057943584918048595
7798,0.09141132921235551,0.123778110361706,0.11025386139194646,0.057886600043819625
7799,0.09140017198772506,0.1235974722458946,0.11040463109723622,0.05787199385336443
7800,0.09140575608354581,0.12345029789455306,0.11026555337997786,0.057846765264342695
7801,0.09139050484702278,0.12325842885716591,0.1100524328348345,0.057760575843228024
7802,0.09135955037547427,0.12307718565067763,0.11016500869946433,0.057669273736786104
7803,0.09133248836497,0.12291187039043615,0.10991487151409045,0.05757091114301006
7804,0.09130371766739222,0.12272404235299408,0.10986438485038957,0.057516432008088904
7805,0.09129171317208037,0.1225614039407422,0.10967898593379372,0.057444925784380804
7806,0.09128699070610057,0.12235729808196114,0.10950604160702308,0.057361682103303585
7807,0.09126605492124612,0.12220885791827502,0.10948555462450334,0.0572815499999214
7808,0.09123493000479614,0.12198679809465524,0.10917404368547413,0.05718120905903213
7809,0.09119148308741898,0.12180028299300415,0.10914226049808283,0.057082064468416044
7810,0.09115361594481701,0.12160355377430221,0.10883269072850771,0.056985267694017495
7811,0.09113051917505052,0.1213978732995026,0.10860159345034526,0.05690107999232421
7812,0.09111544833083036,0.12122414607256389,0.10836866182777602,0.05680153949319893
7813,0.09109740632209265,0.12099252270368227,0.10803518345680797,0.05667673650041993
7814,0.09107983314199465,0.12075557656411282,0.1078982817051001,0.05655062665807701
7815,0.0910461992390137,0.12053019198862047,0.10754577172162803,0.056430009106272556
7816,0.09100450446371702,0.12029474026706709,0.10734390449358656,0.05632885836677176
7817,0.09095929009640355,0.12007534277886805,0.10719612759685317,0.056223871331608194
7818,0.09091759619651527,0.11983035434497798,0.10695818255709556,0.05611515348326655
7819,0.09087503437566968,0.11961736709691423,0.10709767239574969,0.05600873396162574
7820,0.09083605745086547,0.11938128941606235,0.10674922762404768,0.05588226773130459
7821,0.09079295929170823,0.1191378081979503,0.10668154113830876,0.05575116509352997
7822,0.09074738384858154,0.11894913006985576,0.10633521020691454,0.05562003243636688
7823,0.09069918254193894,0.11870194655377238,0.10623398543620004,0.05549651894603662
7824,0.09065001268544672,0.11847750949857111,0.10599703416787412,0.05537341418804049
7825,0.09060188053041855,0.1182478161772836,0.10571264644745873,0.055242682916687054
7826,0.09055302244950511,0.11806747013431242,0.10561068332348664,0.05511950690022587
7827,0.09050793143981814,0.11784951961915635,0.10538845051585453,0.054987439226958874
7828,0.09046002613368999,0.11775602980761765,0.10508340824565794,0.05485817093046452
7829,0.09041497100606206,0.11755006038720403,0.10486338044212815,0.05473181851077811
7830,0.0903698325801513,0.11744280182775974,0.10456455871558697,0.05460758384355051
7831,0.09033338819392762,0.11733267825931144,0.10442004471926226,0.05448954966105969
7832,0.090294630350017,0.11735746252267941,0.10432603467634793,0.054362647686893854
7833,0.09027618437935984,0.11733311886877554,0.10424927162073608,0.05424072204378509
7834,0.09024517373879966,0.11749628689551635,0.10454640806400733,0.054114502038116526
7835,0.09023323110358851,0.11744150914009374,0.1042593189841923,0.05398616030127058
7836,0.09020684474918944,0.11771525621061209,0.1047075109367621,0.053857920087389134
7837,0.09019332565203582,0.11773849076277473,0.10445692445457049,0.0537317056439091
7838,0.09018084966600541,0.11817400216823047,0.105143206638403,0.05361056599449221
7839,0.09017946318371775,0.11812923635757366,0.10494235823097439,0.053489528183839695
7840,0.09016534534809505,0.11857399600160935,0.10511977856587185,0.053372713755099443
7841,0.09015038674967567,0.11854540988058601,0.10511424630541799,0.05325584198267591
7842,0.09011297115822917,0.11862953009907902,0.10482011133103653,0.0531396239479897
7843,0.09007121088119353,0.11897919843783952,0.10494682509614428,0.05302014584733694
7844,0.09004678276268623,0.11880991702057443,0.10465359150798129,0.05290431106957725
7845,0.09003790797982421,0.11921447128607467,0.10463538058501969,0.052784221268244745
7846,0.090038418568963,0.1190497735856808,0.10439901716398371,0.05266600046108457
7847,0.09007304631988068,0.11949002529633468,0.10413439978255791,0.052548008832037855
7848,0.09010358846061647,0.11935673098353211,0.10384875064075295,0.05243187907303314
7849,0.09012465418856813,0.11954228993763254,0.1035337560722524,0.05231759866631394
7850,0.09016038399436584,0.1193698313371805,0.10328160852562378,0.05220467333697859
7851,0.09017052512646233,0.11952013630271309,0.10295566828072958,0.05209393890976972
7852,0.09016172947742496,0.11944243585002771,0.10274035859064505,0.051982703972048225
7853,0.0901622907597168,0.11947097292910208,0.10244302055175654,0.05187291469192329
7854,0.09017420998521516,0.11931213099137782,0.102228920935755,0.0517626558358917
7855,0.09019575876916701,0.11925212109482744,0.10192159912259466,0.05165467015453896
7856,0.09022275569736365,0.11921558945451653,0.10169251388373164,0.05154529855689384
7857,0.0902754945943654,0.11907844031953915,0.10139240584266436,0.05143959062793128
7858,0.09035870829950975,0.11908731446530504,0.10114218533199833,0.05133319166704546
7859,0.0904196223386302,0.11897180170565101,0.10086620271000438,0.05122979525761066
7860,0.0904634227406619,0.11884730073730654,0.10067433249433458,0.05112638906951821
7861,0.09044141344145284,0.11867358252759679,0.10047243099904818,0.05102592362814393
7862,0.0904271398236008,0.11846393740640702,0.10034929212869491,0.050923717935782965
7863,0.0904317898761384,0.1182995302396197,0.10010938301645414,0.050824592758270885
7864,0.09047271005732119,0.1180774807100587,0.1001155511503712,0.05072362204795829
7865,0.09054348840353345,0.11790017375106787,0.0997775151407757,0.05062512149137728
7866,0.09056784907072167,0.1176762802575916,0.09970942864169739,0.05052586221501341
7867,0.09061510747861069,0.11753979025063568,0.09939249741777392,0.05043020025980805
7868,0.09059481195776482,0.1173223759628958,0.0991387412352403,0.0503331825515193
7869,0.09056387385278426,0.11713986302036924,0.0988068209263403,0.05024170036836559
7870,0.09054766371193909,0.11690126918413529,0.0985821570066869,0.050149317820946115
7871,0.09055657003988522,0.11667731085017322,0.0982371780357015,0.050063097550972636
7872,0.09056431525985757,0.11642381220014912,0.09798977007676493,0.04997772806424083
7873,0.09055261177040418,0.11618774701513113,0.09769813669880595,0.04990138871280343
7874,0.09051738238451724,0.11592518714204902,0.09737510110426191,0.04982724548404615
7875,0.09048622309297928,0.11568983053788341,0.09708712356832946,0.049767359582410006
7876,0.09048529705243655,0.11544524699607664,0.09681939680049313,0.049716279782738904
7877,0.09049032346015844,0.1151911072817532,0.09650645120358772,0.04968231904481569
7878,0.0904879044634547,0.1149440714652491,0.09631974809663885,0.04966871123050497
7879,0.09050980487591637,0.11468752479023998,0.09598655323912016,0.04967259520609847
7880,0.09049157655555366,0.11442906246336727,0.09574040177572972,0.04970331171016468
7881,0.09045484322911225,0.1141691121242808,0.09548779184718868,0.049740518947728185
7882,0.09041748273907611,0.11390502035925336,0.09516482684129716,0.049795733088564144
7883,0.09037956164038612,0.11363888611242672,0.09488959794859034,0.049831057486648074
7884,0.09035356442381859,0.1133733701402572,0.09453860237457457,0.049853519857651137
7885,0.09033030165656825,0.11312371692731023,0.09420493048114872,0.04984108877186726
7886,0.09030605995419196,0.11286582429002394,0.09386207766964051,0.04979873384834307
7887,0.09027457396164582,0.11261360496304151,0.09353448851039584,0.04973669514864159
7888,0.09023428960795299,0.11236153236798056,0.09326283738944592,0.04966671248878464
7889,0.09019042882841613,0.11209886056247106,0.09291327771362788,0.04960072039858647
7890,0.09014630491887274,0.11185675269330479,0.09262307850834635,0.04954507909485119
7891,0.09010886971532338,0.11159885635162506,0.09232490341478276,0.04949157184878563
7892,0.09006785917138332,0.11135705566725819,0.09208183261739107,0.049454553910898445
7893,0.09002703536271615,0.11109904534844141,0.09178729588489715,0.04942513600158269
7894,0.08998947700984403,0.11088086524895273,0.09150870524714963,0.049407219815420476
7895,0.08994729459191232,0.1106257639886934,0.09133623628072919,0.04939389633178863
7896,0.08990216076994995,0.11037942510897303,0.09118895430562607,0.04937629029159697
7897,0.08985926214837839,0.11011470720389598,0.09102020312836595,0.04933791354769148
7898,0.08981060095355752,0.10987494143613197,0.09101376519855749,0.049285834705109985
7899,0.08976182139426857,0.10963689042197343,0.09077950350906046,0.04921411052659076
7900,0.08971357444467513,0.10944806992624047,0.09084058425191374,0.049138528587615464
7901,0.08966703383965575,0.10922904043896271,0.09077463879760393,0.049061333497772606
7902,0.08962077417478559,0.10909547174268223,0.09111164350792025,0.048985767391679626
7903,0.08957824012605932,0.1089246893907268,0.09096799286810422,0.04891686268899208
7904,0.0895337113009557,0.10884802374216475,0.09146370557481656,0.04884627756308365
7905,0.08949122738541479,0.10868363782199915,0.09154455760803687,0.048785316334445716
7906,0.08944572535284273,0.10853980454279018,0.09249074568737606,0.048727868672123094
7907,0.08940226330308772,0.10832172570549614,0.09269192468341526,0.048676837063114826
7908,0.08935699907527128,0.10819846715885949,0.09356606364406966,0.048623467893922905
7909,0.08931163523336835,0.10799319660640516,0.09439116967729448,0.04857414535721586
7910,0.08926353367386368,0.107925743967512,0.09609623804679152,0.048517201382594737
7911,0.08921604424410731,0.10777343971497581,0.09653227336561383,0.04846214109694863
7912,0.08916660466099068,0.107706540515293,0.09772003333970121,0.04840148188406701
7913,0.08911799162171956,0.10761188854768175,0.09872853554751258,0.048342335978791645
7914,0.08906827573605965,0.10764305383507736,0.09908295147750298,0.04827494648307294
7915,0.08902032634957963,0.1075985474800478,0.09969710748217092,0.04821033536436589
7916,0.08897011809469903,0.10780882791413203,0.10031056086084082,0.04813820088993479
7917,0.0889217332924982,0.10761778239177831,0.10091299253058243,0.04806828153272981
7918,0.08887254034963538,0.10774542325211896,0.10130823751206543,0.0479949432593317
7919,0.08882720756472463,0.10766709658683306,0.10211907339869378,0.04792504729094083
7920,0.08878075652535193,0.10779910494625629,0.10322703613652774,0.04785197916905746
7921,0.08874162944102289,0.10784547624430418,0.10409201041690797,0.04778614218627922
7922,0.08870504439493133,0.1082376507863815,0.10663917704017425,0.0477181409771123
7923,0.08867862064603839,0.10825029907556259,0.10680138951513991,0.0476586747514088
7924,0.08866877011444117,0.10877972614956125,0.10835657328389096,0.047600483335755235
7925,0.08867291803342077,0.10929635863956078,0.10873502721241965,0.04755357434620555
7926,0.08872003300032626,0.11015834596454087,0.11073655112329017,0.0475121431033437
7927,0.0887700870325717,0.11043167403728255,0.11172992289241841,0.04748640245473349
7928,0.08887921920480049,0.11085888621641732,0.1121211865986432,0.04747369723861003
7929,0.08895016584058199,0.11114003557633727,0.11326973991060554,0.04747399558656276
7930,0.0889951092751133,0.11128660583548756,0.11396753236248144,0.0474924412468592
7931,0.08900406215174049,0.11138792265288777,0.11443585169794053,0.04751586280592006
7932,0.0889710612726796,0.11136819254111333,0.11497339328397828,0.04755024931595805
7933,0.0889553246525251,0.11150016131224559,0.11568278816444308,0.0475780365010823
7934,0.0890113977434306,0.11144259585140859,0.11588390083360585,0.04760203612645681
7935,0.08919887606863028,0.11155405638747137,0.11656740986550031,0.0476076779338093
7936,0.08937677556360481,0.11171392196806329,0.11768005776491233,0.047597703222509176
7937,0.08970074759132216,0.11187191641748048,0.11789949147944513,0.04757054689616518
7938,0.08985007302109536,0.11198957442356146,0.11932111119162589,0.04752636869344964
7939,0.08986717528255629,0.11219100275168747,0.11945804279818661,0.04747574137519682
7940,0.08992988833059413,0.11257630694781523,0.1203143027166238,0.047414166693814395
7941,0.09005306658479575,0.11247543477967786,0.1203591324279738,0.047350407294100186
7942,0.0901733294759029,0.11270174508266778,0.12119743402260565,0.0472808603724786
7943,0.09020484630863529,0.11278702622873847,0.12181849728007929,0.0472084854546481
7944,0.09018490329818388,0.1127994604129806,0.12181108291837034,0.04713631729497533
7945,0.09025767388150678,0.1130423195177683,0.122035876724583,0.047062535409261294
7946,0.09039703904908075,0.11321393934679995,0.12240779632108198,0.046994935105874
7947,0.09065990961862139,0.11340427321174745,0.12250280896216978,0.04692663058885007
7948,0.0907923955732384,0.11382576858805228,0.12243953063467758,0.046867510730431265
7949,0.09083526549793988,0.1140033784508961,0.12271794326110641,0.046807672489194825
7950,0.09088533477854326,0.11409736334572297,0.12266693255590828,0.046759457753565124
7951,0.0910245152876561,0.11425210050052516,0.12269917448583662,0.04671168241209923
7952,0.09112248577879405,0.11422563750606857,0.1226982157284454,0.04667760279485934
7953,0.0911144885414851,0.11418053144729903,0.12256510421456937,0.0466473821486116
7954,0.09118778633058311,0.11423766709026383,0.12237820887024989,0.046630993198705735
7955,0.09141205136206032,0.11416443164073828,0.12215632375117738,0.04662265660581118
7956,0.09155137297469207,0.11407856937546318,0.12189179823415322,0.04662451301881214
7957,0.09163488684141549,0.11402927912279756,0.12169547832963393,0.04663453852168418
7958,0.09162157590878829,0.11393117795134353,0.12144352935449602,0.04664674578365225
7959,0.09167198909631809,0.11381761551818295,0.121155112837478,0.04666069373665011
7960,0.09176843731517412,0.11376330218219696,0.12100738595623911,0.046668602349130985
7961,0.09180785884883988,0.1136381168118012,0.12074758227628217,0.04667007527205828
7962,0.0918091470173114,0.11355245345022653,0.1204511241598677,0.046662627877754125
7963,0.09186218865243308,0.11335924240284108,0.1202522500622635,0.04664449295424158
7964,0.09193132483614143,0.11325637502256809,0.11999153438369298,0.04662013397973151
7965,0.09196417386780531,0.11308008265018324,0.11972268391842886,0.04658434506603394
7966,0.09194211769093524,0.11292803567076486,0.11952695882293957,0.04654605148159288
7967,0.09196193987278611,0.11277448945385851,0.1192670152953174,0.0464971817673689
7968,0.09203560173089478,0.11261692389549736,0.11890057545193135,0.04644825427135961
7969,0.09208316006671413,0.11244625682051891,0.11859745084967795,0.046390717231324624
7970,0.09209816448876462,0.1122921698223187,0.11821461223876474,0.046335342712651544
7971,0.0920738270831925,0.11222865547957322,0.11792549966939077,0.04627350063337743
7972,0.09208133253538775,0.11203782804636846,0.11754175475178769,0.04621604070820203
7973,0.09209510967600344,0.11190739411328779,0.1172129751912707,0.04615379298929375
7974,0.09208401057394408,0.11193070562269264,0.11693017684658372,0.04609793590800694
7975,0.09205051110307891,0.11172104091088517,0.1165410085304809,0.04603893890099225
7976,0.09202424462565062,0.1117842619266345,0.11624927576894489,0.045988772096506404
7977,0.09201387330146056,0.11156440247699646,0.11589858633000973,0.04593786937580535
7978,0.09199739091443934,0.11156491072296602,0.11553205929194676,0.04589896505789806
7979,0.09196007281082097,0.11133391832970485,0.11524285574824437,0.04586375601000602
7980,0.09193002917099147,0.11127576574469199,0.11489328225809166,0.04584352616547276
7981,0.09190739716219597,0.1110408749890642,0.11448820757116202,0.04583363682635959
7982,0.09188553970259862,0.11095486269431859,0.11414169737154847,0.04583937025857761
7983,0.09184918303554288,0.1107277344519383,0.11371370947535259,0.04586119406604598
7984,0.0918067577209721,0.11053574882449844,0.11337532755834057,0.04589328475897919
7985,0.0917801945431726,0.11030381538646548,0.11294603301587183,0.04593991815114899
7986,0.09175768221623197,0.11006809212973957,0.11261177312349738,0.045983486634190475
7987,0.0917259207579601,0.10983921956973959,0.11219247384439758,0.04602782817409646
7988,0.0916842114364785,0.10958607258061966,0.1118116510121361,0.04605486466318449
7989,0.09163770855866975,0.10935031704643963,0.11141268841876359,0.04606640646754135
7990,0.09159574791630408,0.10909532272817593,0.11098548630862529,0.04605799524025556
7991,0.0915571359614096,0.10888788989925774,0.11058019891102285,0.04603161957111214
7992,0.09151463521559267,0.10863870876317888,0.11017930499805645,0.045995700381845465
7993,0.09146502167396893,0.1084310452620113,0.1097538170965908,0.0459473088179151
7994,0.0914171209391189,0.10824890900055811,0.10933556400792113,0.045896409295638325
7995,0.09137353407371242,0.10799914292179788,0.10892276576389787,0.045836270214979075
7996,0.09133030675291162,0.1077721019813153,0.10851884062601931,0.04577276450494171
7997,0.09128703121005757,0.10755227479240191,0.10810020050130993,0.04570468553883328
7998,0.09123586340642914,0.10729415988772002,0.10769543910381844,0.04563458284710925
7999,0.0911838900553599,0.10705360190726462,0.10728221608258434,0.04556589878873483
8000,0.09113446737695736,0.1068371120922154,0.10685820866247761,0.04549622862248443
8001,0.09108442457033461,0.10659180996077497,0.1064467155351033,0.04543167114136397
8002,0.09103510745967665,0.10642041391552441,0.106031058788289,0.04536597695807258
8003,0.09098205273517,0.10624066918319809,0.10562981811607326,0.0453087004714369
8004,0.09092941233573051,0.10618177236261682,0.1052156799451742,0.04525152964408878
8005,0.09088029755139923,0.10604132699084284,0.10481223778710462,0.045207570394445014
8006,0.09083429956583784,0.10597244721205475,0.1044124200804104,0.045167415024219164
8007,0.09079039643759836,0.10587432431932474,0.10403816901957275,0.045145981377458885
8008,0.09074855584357379,0.10571139791873499,0.10364094164885157,0.04513853998719735
8009,0.09070458539304425,0.10556369302119878,0.10327883005051468,0.04515182757494736
8010,0.09066507660891945,0.10543331085824804,0.1029081067624618,0.0451901766273856
8011,0.09062248289370778,0.10523914781747179,0.10252196640120435,0.04524270342232411
8012,0.09060046862209513,0.10517506281013517,0.10213821771486663,0.045318236901332104
8013,0.09056852160457159,0.10515387574412279,0.10176039088139786,0.04538816289896699
8014,0.0905693161538865,0.10500768015203339,0.10138550272391504,0.045459049823740695
8015,0.09054664651309674,0.10508518960359568,0.10099809446891767,0.04550232897482343
8016,0.0905451594863903,0.10488592359661023,0.10061678311820227,0.04552341661520916
8017,0.09051379981998824,0.10498126190153524,0.10022942259976496,0.04551560619303114
8018,0.09047616171357527,0.10480163587422694,0.09985867876508578,0.045487785962503496
8019,0.0904285331825163,0.10490713399226534,0.09949240677086366,0.04545018613595013
8020,0.09039199855617946,0.10474151168619288,0.0991225120481616,0.045403359582592576
8021,0.09036373378886661,0.10490229264592547,0.09874933344112023,0.045353839768349315
8022,0.0903338947791832,0.1048679983729317,0.09836642846278629,0.04529915505561957
8023,0.09033977841150555,0.10526000251334143,0.09800288018562987,0.045239206406478195
8024,0.0903167742401577,0.10517951079407262,0.09764052720784887,0.04518266131001372
8025,0.09033537812028294,0.1055929306416008,0.09728836983816133,0.04512733176569214
8026,0.09031908936729012,0.10562686636939164,0.09698506898826532,0.045085336444653276
8027,0.09032161627685148,0.10618241840794726,0.0966586699691529,0.045046707683044494
8028,0.09030160458546051,0.10608689681625931,0.09630502355648728,0.045024388686216506
8029,0.09026408977292823,0.1065410228069314,0.0960480047709572,0.04500744301477536
8030,0.09023682394036532,0.10653185808914008,0.09568472447757422,0.045008319044932396
8031,0.09022421924195749,0.10693256273926116,0.0954029751153305,0.04502085698167537
8032,0.09023593715425549,0.10690401827529582,0.09505114659830373,0.04505309303112282
8033,0.09021167863054101,0.10723498472754492,0.09479829092053861,0.0451020575842253
8034,0.09018797002932169,0.10718192226949744,0.09446986273719561,0.04515948005836076
8035,0.09014576884289917,0.10724236068677996,0.09426548411079383,0.045225980464659754
8036,0.09011157876507417,0.10738796552086209,0.09396947546063104,0.04527512876552583
8037,0.0900779562265025,0.10730488448790226,0.09387729411716692,0.045305448300966916
8038,0.09004770469553329,0.10745773131230728,0.09356557424965167,0.045306581754552974
8039,0.09004166108874762,0.1074191505835092,0.09338766115337556,0.04528304470114143
8040,0.09001063872370389,0.10752439000333426,0.09314012762768005,0.04524681360796909
8041,0.08998045498858173,0.10755124772287361,0.0928255789269248,0.04520506596447966
8042,0.0899465192296189,0.10751208084534573,0.09268343347854562,0.04516378476082068
8043,0.08990735114442366,0.10751239560541921,0.0923837412385376,0.045122648561082654
8044,0.08986916864514752,0.1074391392256809,0.09211991214159271,0.045075998152456644
8045,0.08982779094230336,0.10744626230054226,0.09180463410560608,0.04503677336728688
8046,0.08979106167712708,0.10729462504968405,0.09152777961946337,0.04500347064952637
8047,0.08975492999274912,0.10719262562153174,0.09122843073497128,0.04498760051861884
8048,0.08972172932226205,0.10714037188090529,0.09097883610678793,0.044983171110091646
8049,0.08969410658285962,0.1069870737900998,0.09077043142981141,0.04499513310945466
8050,0.08966361398726835,0.10688372325806443,0.09059997696285288,0.04501111117618931
8051,0.0896291056277819,0.10683737120329422,0.09058941795194751,0.04503412446148261
8052,0.08958468946585679,0.10674012357187854,0.09040568550187603,0.04506032344587872
8053,0.08953911055047398,0.1068426402687691,0.09020396894328245,0.045089999276561425
8054,0.08949819675277916,0.10670600721235217,0.09016387165913643,0.04511962108038075
8055,0.08946389072387283,0.10675632788973714,0.08993163965091461,0.04515083605037228
8056,0.08943396362808712,0.10679915685272691,0.08977082174133992,0.04517680514657165
8057,0.08941551696425748,0.10667293023625905,0.08951660386228515,0.045192702426360525
8058,0.0893900351026529,0.10654059277837073,0.08928558020182872,0.045196580459452906
8059,0.08936521485063198,0.10641349161769224,0.08901898861547018,0.045186502260519415
8060,0.08933368367168841,0.10622974539627379,0.08882957392573722,0.04516074456796357
8061,0.08929428611078968,0.1060834105703294,0.08861000841393953,0.045129662872641606
8062,0.08924908227296027,0.10589573645788873,0.08859800635522744,0.04508819376745112
8063,0.08920365993800969,0.10577052289808743,0.08840773634053685,0.04504483016640391
8064,0.08915693208599056,0.10564944748870658,0.08848138497162715,0.04499255899258101
8065,0.08911576919490016,0.10544730716278818,0.08824308401872846,0.044936643966777184
8066,0.08907449721300054,0.10531763930732026,0.08838169456620437,0.04487339215077395
8067,0.08903403211305977,0.10522336790204986,0.08838961652126637,0.04480756581514525
8068,0.08899695546466212,0.10501855695031324,0.08887556579498727,0.04473955210309227
8069,0.08895509381637995,0.10485922023580302,0.0887908548292345,0.04467071344490791
8070,0.08891785529918404,0.10476090431885123,0.08958708950311824,0.04460259939734652
8071,0.0888772368941863,0.1045608986399851,0.09008633724944658,0.044533497285924775
8072,0.08884198897884601,0.10441379593187276,0.09178671137911269,0.04446729824586164
8073,0.08880133723034164,0.10422736157307362,0.09190044162879123,0.04439982810265306
8074,0.08876542478401536,0.10403467720332434,0.09323394727907842,0.044337576679110535
8075,0.08872178632159905,0.1038370278191296,0.09374721182313413,0.044274513747442665
8076,0.0886767301896075,0.10363311158586731,0.09563260722752773,0.044220715143860036
8077,0.08862939572716573,0.1034409508944486,0.09618185292885888,0.04416986855721747
8078,0.08858089588773299,0.10324903585319517,0.09711824127299333,0.044135718060950374
8079,0.08853144708332086,0.10306351277309929,0.09933379167452361,0.04411632946901305
8080,0.08848259497588427,0.10292625625792029,0.0996255654570059,0.044123470356577835
8081,0.08843388961983463,0.10275436280408072,0.10170523927383222,0.04416615474426412
8082,0.08838535523035403,0.10269071268523608,0.1028442584726432,0.04424155377447749
8083,0.0883393980514709,0.10248124232587666,0.10315125365981921,0.0443727660301789
8084,0.0882935725804965,0.10236655841625196,0.10482978522946396,0.04451305578416557
8085,0.08825820145636665,0.10215726975790838,0.10543987702596952,0.044683516911190165
8086,0.088220187975363,0.1020478101064386,0.10571462545826919,0.04480376090500634
8087,0.08820363008527882,0.10184566697114943,0.10698064931081377,0.04486715248452536
8088,0.08817686525535413,0.10172784171905187,0.10719629540390488,0.04485748619370934
8089,0.08817083535866663,0.10158055606987612,0.10771823600377926,0.04481307396708042
8090,0.08814148941119682,0.10153826340997223,0.1086114775709129,0.04478438231773446
8091,0.08811228146332711,0.10142710436956767,0.10913692571230867,0.044807248268998005
8092,0.08807197780125195,0.10152017175087134,0.11090898997367006,0.04487642687033013
8093,0.08804635089210101,0.10147714223398921,0.11096679352780797,0.04501637334017002
8094,0.088020064689798,0.10167672542636083,0.11254460975805117,0.04522486943382624
8095,0.08800620185863642,0.10160525251604581,0.11262191662847736,0.04541726969839842
8096,0.08799211665949826,0.10178641542674677,0.11343674811325591,0.04560217464996777
8097,0.08796272955826602,0.1020306373033143,0.11401884616349048,0.045688622068695575
8098,0.0879392930274377,0.10248204245132714,0.11420049764868984,0.04567536034072507
8099,0.08790157113853687,0.10260834624337849,0.1148029350419369,0.045718458611971574
8100,0.0878715465628587,0.10338609156079946,0.11504281474684873,0.04581355475334863
8101,0.08783787958951352,0.10379466473691183,0.11521876116484853,0.04605980705056387
8102,0.08781451902970965,0.10494398045623655,0.11534074642579972,0.046353595908156325
8103,0.08777938113451923,0.10513124554225736,0.11538185248954069,0.046561904518199894
8104,0.08774705315693462,0.1062011167883832,0.11540639886015842,0.04668498806176183
8105,0.08770516907194371,0.10616086051514338,0.11539384805493465,0.04669708474416295
8106,0.08766109124301948,0.10679856137084302,0.11536990153664926,0.046693863625579236
8107,0.08761604592306534,0.10772529856904448,0.11526670732450443,0.046725465252475826
8108,0.08757299873528791,0.10775999822056671,0.11528537272578471,0.046828011894603075
8109,0.08753686246684508,0.10830504990962345,0.11516009045985172,0.04697212411228081
8110,0.08749962438237165,0.10825123569851579,0.11506900316783192,0.0470080536141688
8111,0.08746978850204062,0.10855316196832095,0.11508057953590396,0.047011068597636714
8112,0.08743744812027847,0.1091103165058123,0.11496212910694403,0.046993691438338245
8113,0.08741492061737183,0.10909067168911674,0.11482078374254152,0.046977897329895775
8114,0.08738256561373826,0.10974174687345799,0.11478748808097496,0.04700302292206658
8115,0.08735557174414323,0.10976733857725637,0.11462841695423535,0.046995366185926195
8116,0.08731733759049044,0.11059316468226814,0.11440099927797401,0.047010560945593007
8117,0.08727437203430989,0.11059516715447569,0.11419652108357232,0.046998075679595845
8118,0.0872322988638108,0.11100436449377002,0.11396251094232342,0.04694424063635598
8119,0.08719174772720212,0.1116130400257967,0.11372510796064743,0.04688791854711241
8120,0.08715978018368516,0.11185438016763566,0.11349876505347775,0.0468400061441755
8121,0.08712837243374569,0.11193255313920658,0.11324497593864498,0.04685237903636984
8122,0.08710480853922954,0.1120494237763856,0.11296834807659908,0.04685501812084099
8123,0.08707775755979395,0.11210519699425084,0.11267274616771206,0.04685332456372839
8124,0.08705858569184205,0.11217156973386536,0.11235146099078626,0.04685129865690518
8125,0.08703017518150391,0.11216490636351413,0.11202194351212914,0.0468249740146575
8126,0.08700345103847112,0.1122480976691573,0.11168386150622306,0.04676136461758492
8127,0.08696418526388518,0.11221290063685929,0.11134119869666169,0.046691133405574244
8128,0.08692275260212101,0.11233469873957456,0.11099797904721988,0.0466177655884912
8129,0.08688364824675951,0.11224624840682902,0.11063126636026271,0.04656960399404356
8130,0.08685025660541044,0.11223330717906184,0.11028176733568928,0.046539745342772824
8131,0.08683297474354201,0.11231189070658587,0.10993627482361706,0.04651738801745714
8132,0.0868124731361007,0.11218278743536889,0.1095647126968072,0.04652726671406279
8133,0.08680365451109182,0.11226265187211892,0.10919807007900066,0.04651484728432802
8134,0.08679237113888966,0.1122144378584854,0.1088694331155146,0.04648944899563215
8135,0.08678541498087758,0.11216540259251206,0.10849224552461836,0.046461040459124754
8136,0.0867673137771041,0.11220395122611089,0.10809891439998834,0.0464105035698794
8137,0.08675146111016244,0.11214222260125324,0.10771990861522172,0.04633502577627209
8138,0.08671962080422482,0.11220756619243628,0.1073312112125737,0.04625598213322545
8139,0.08668765426359966,0.11222050284605187,0.1069737163651935,0.04617565128813284
8140,0.0866712270372215,0.11235799807965414,0.1066207948762098,0.046108636593739656
8141,0.08666075801518727,0.1123443107121076,0.10622504500797426,0.046058011991459494
8142,0.08666285784886116,0.11247021844102158,0.10588113130654671,0.04601178292790053
8143,0.0866892924360647,0.11255747561069973,0.10546813841618694,0.045997225905641446
8144,0.08672139357738791,0.11252651082466626,0.10509231371773674,0.04598235434540471
8145,0.08676103309632015,0.11267329074100287,0.10467089182075599,0.045978047364871884
8146,0.08679134717686961,0.1125809959068383,0.10428714731261315,0.04598821867192941
8147,0.08678941432597023,0.11279350123673805,0.10386326696982191,0.04598465637332928
8148,0.08676759795302011,0.11266634434882082,0.10346983317911261,0.045954836612809684
8149,0.0867417916323935,0.11299398553007504,0.10310892146534201,0.04591637909955247
8150,0.0867234343860907,0.11284386364135139,0.10271862353108356,0.045859878708235734
8151,0.08672368111463526,0.11301919388920494,0.10236688224385654,0.045801545342930405
8152,0.08675218737212453,0.11287919360831057,0.10197757074209653,0.04574459705440711
8153,0.08679019625589707,0.11285186283332607,0.10169202484935316,0.045687099102835534
8154,0.08685212283009537,0.11294167562876928,0.1014114911223406,0.045630741546235656
8155,0.08691332566019792,0.11275211180679018,0.1010079058577269,0.04556696201677994
8156,0.08696269360430384,0.11281944450020645,0.10073891435431065,0.045508237188203106
8157,0.08698540670437464,0.11264041856836235,0.1003818172393844,0.04545781068267152
8158,0.0869734428130321,0.11260906502350072,0.1000733024573679,0.04541738364349223
8159,0.0869373634712524,0.11241167610779584,0.0997758559361826,0.04537719183871314
8160,0.08691352078031635,0.1123684220315586,0.09953359213589633,0.04535656279812871
8161,0.08691237302148057,0.1121807613130721,0.09943907530222507,0.045337771858914855
8162,0.08693516973068978,0.11205778708090693,0.09906595406983168,0.04532995829603418
8163,0.08699154068617865,0.11189734181406755,0.09894394297311697,0.04533279547664759
8164,0.08706087265704737,0.1117272725707734,0.09864589763534688,0.045352183328572625
8165,0.08716923271622336,0.11155688342962783,0.0986368639382487,0.04537591007478157
8166,0.087247449509363,0.11146356448160162,0.09834151039952796,0.04541407582080845
8167,0.08730688577925812,0.11137935704629538,0.09840205829035956,0.04545898093290032
8168,0.0873090737860757,0.11147032797418746,0.09818623639193054,0.04548977529495326
8169,0.08727358045664979,0.11129062483504215,0.09842605853386271,0.04550814196193636
8170,0.08725640334151763,0.11131988859917546,0.0981392050422221,0.045507513340818866
8171,0.08728838838659378,0.11118404296300903,0.09841208695131347,0.045483502515939814
8172,0.08736590045459675,0.11125031549981022,0.09809764414143066,0.045451371999091404
8173,0.08743657498331936,0.11116907481282483,0.09826770978706797,0.04541060631465064
8174,0.08753048504506078,0.11116208165521306,0.09796425380319314,0.04536775043883612
8175,0.08757803587108152,0.11107371930454381,0.09804484126854825,0.04531585176609254
8176,0.08758659304547627,0.11112222603960173,0.09777408225331372,0.04525837017202809
8177,0.08755968504980785,0.11096439579159836,0.09793306401247988,0.04519503170166326
8178,0.08752888074738692,0.11094542246558434,0.09764987467526479,0.04512877766155295
8179,0.08752058276743159,0.11096507283973868,0.09778635808952142,0.04506422462500659
8180,0.08753485333722874,0.11088296830903524,0.0975408638863623,0.044999457176095145
8181,0.0875661943067952,0.11095716562072216,0.09749629613212424,0.04494252950990008
8182,0.08757688440505905,0.11095880127741674,0.09727139216871575,0.04488466346457439
8183,0.08757593072775993,0.11116885619620294,0.09716977075664733,0.04483870523608092
8184,0.087549514732255,0.11107903115636121,0.09693626871302262,0.044796520071344395
8185,0.08750907524642396,0.11133931930584293,0.09691239178722474,0.04477242395692193
8186,0.08746509036003165,0.11139735802579888,0.09670536085547562,0.04475897369774488
8187,0.08743368815648014,0.11192903379297378,0.09688245400567339,0.04477485262629734
8188,0.08740657689849456,0.11186363463188352,0.09670899651898474,0.04481936030895471
8189,0.0873849650863266,0.11231370547177609,0.09701078456199522,0.044885980319424514
8190,0.08735389038768103,0.11232779087368057,0.09684499488391439,0.044986013442562846
8191,0.08731752823960778,0.11278302543172924,0.0968850619734837,0.04507972988082507
8192,0.08727207415093634,0.11285650410324971,0.09684994840773671,0.0451670368581322
8193,0.087227478499453,0.11320147848060018,0.09677556077747206,0.0452176046073646
8194,0.0871859770819448,0.11375654057910675,0.0969020591096868,0.04523592292497154
8195,0.08715362582641767,0.11374688473201673,0.09671069386778994,0.045219332799151024
8196,0.08712458247388254,0.11437641977243222,0.096953887716,0.04518925435414941
8197,0.08710643896883687,0.11433391150189175,0.0968693368494404,0.045156437678679086
8198,0.08708000849487492,0.11483338237524995,0.09722047022480501,0.04512151731146031
8199,0.08705568942512576,0.1148172817849106,0.0970461009797776,0.04508176544509521
8200,0.0870181614080502,0.11507845784779604,0.09731252357900869,0.045042844235772185
8201,0.08698462177878565,0.11511832576844529,0.09714573560823446,0.045005330382125994
8202,0.08695456332695299,0.11500335241761474,0.09727651611379047,0.04498498080908828
8203,0.08693880441500097,0.11506496545304493,0.0972039411137589,0.04498011772504325
8204,0.08692813359953883,0.11487767907290644,0.09710055504949366,0.04500178906281809
8205,0.08691997296607898,0.1149564815511052,0.0970016345853209,0.04503690557201922
8206,0.08690338655374857,0.11477064485698894,0.09685527370895221,0.04508369895679373
8207,0.08687901534179139,0.11479632132933244,0.09677355954095321,0.04514040212592289
8208,0.08684089192339986,0.11463190432208058,0.09671481048885767,0.0451981781294644
8209,0.08680058754257391,0.11456139256731362,0.09667111631572761,0.045253877961148485
8210,0.08675877069109168,0.11454498255823864,0.0969155726056907,0.045305092947326216
8211,0.08673415867655614,0.11434529782237549,0.0971564540282947,0.04534568223363052
8212,0.08671032367738883,0.11432199163024553,0.09803575152212876,0.045369258685319235
8213,0.08671375527864313,0.11417934612118705,0.09793332384339092,0.04537632836162206
8214,0.08669927912881817,0.11396298679565475,0.09900250898075044,0.04536691248279423
8215,0.08669717261478288,0.11388960059164277,0.09888548926036096,0.045341218348342205
8216,0.08666659689929498,0.11365308064644455,0.09977696435368948,0.04530970825280302
8217,0.08663949630302628,0.11358204525518213,0.09994482507968817,0.04526923063709513
8218,0.08661860164745804,0.11334960199307656,0.10015778830737095,0.04522517065887754
8219,0.08662629517039326,0.11328597354865769,0.10109499419185111,0.045173314025443584
8220,0.08663367989496813,0.11315225702933288,0.10101381353903731,0.045115244700401604
8221,0.08664089563797665,0.11292720232916133,0.10150595091638305,0.045054080080372726
8222,0.08663046186481049,0.11279069434580401,0.10146182666870293,0.044990014534928624
8223,0.08660037646108372,0.11263988126786857,0.1014298548268057,0.04493013868311249
8224,0.08656371060018417,0.11240779344911325,0.10146583816267644,0.044869811466771437
8225,0.08652571215017306,0.11223281490990593,0.10141906278532338,0.04481972603204934
8226,0.08649792986274857,0.11201093994737295,0.10178189818303963,0.044771046670087404
8227,0.08648083667185681,0.11179752857630276,0.10168592224661502,0.04474103069618263
8228,0.08647208405888401,0.11159322848632038,0.10237246390320842,0.04472206353007102
8229,0.08646728503326188,0.11136662992410888,0.10232761739191928,0.044732399934421505
8230,0.08646900566969684,0.11114166998836066,0.10331865667380925,0.0447730517052075
8231,0.0864616603735016,0.1109459280766825,0.10329978417239577,0.04484739876629396
8232,0.08645291008211775,0.11074240594407332,0.1037151781593841,0.044967960914793374
8233,0.08642472540490119,0.11051359182016463,0.10365681634967089,0.04509237031670277
8234,0.08640530451607688,0.11036326914977856,0.1043289651832798,0.04522346254678274
8235,0.08638119265047749,0.11016396712501415,0.10465579020820918,0.045305523543400034
8236,0.08635941664605165,0.11006007001259298,0.10558395562398397,0.045332760847482334
8237,0.08636036486365763,0.10982784754900712,0.10640112750339675,0.045304487382746124
8238,0.0863886481324483,0.10969313946226474,0.10699253179515314,0.045267272380316755
8239,0.08643523468951878,0.10952992680321078,0.10775180972218232,0.045248926477581636
8240,0.0865169331694815,0.10943657541770925,0.10826194350926596,0.04526942854358815
8241,0.08656507046616506,0.10923232124263241,0.10899271175318419,0.04531159318233919
8242,0.0865613117960417,0.10911037077341598,0.1092654476954846,0.045400495686001234
8243,0.08653065304652147,0.1089036545054113,0.10921910170928123,0.04555625880430372
8244,0.08651992512830994,0.10873874810129555,0.10944186667592301,0.045712665599801944
8245,0.08655122470778946,0.10856850228936674,0.1094666144994501,0.045873644180901556
8246,0.08659743006099142,0.1084556433919325,0.10941397511354292,0.045973671436725726
8247,0.08669389553962886,0.10827274363204224,0.10960451476372746,0.04595902118396419
8248,0.08674717528683486,0.10812588865009011,0.10972776178254967,0.045915158096838486
8249,0.0867931663905225,0.10803295942606853,0.10980234744611526,0.04591961784858907
8250,0.08680177364993219,0.10789025326420877,0.110078902176106,0.04607206979300487
8251,0.08678754245469598,0.10792712625588738,0.11016410696696881,0.046353813934811736
8252,0.08677535613208183,0.10771406248961522,0.11023714821782511,0.04669493166739379
8253,0.08678880470354866,0.10774750409499666,0.11042878166005585,0.04697389080617787
8254,0.08680818596318157,0.10753605344380916,0.11039872732355609,0.047134696290482996
8255,0.08681637369689467,0.10753865658274343,0.11030163840741668,0.04716096963247852
8256,0.08680933390509017,0.10733333108324206,0.11038394270732221,0.04721785765794307
8257,0.08678472707273588,0.10734051625230316,0.11030043633188265,0.04748528879506243
8258,0.08675017835585098,0.10714833228969983,0.11018764528178293,0.04771383752204218
8259,0.08671927842000171,0.10720017316988101,0.11022445138780095,0.04778369364915641
8260,0.08670214506078806,0.10698702116048073,0.1101664660853883,0.04783520413974385
8261,0.08668831328257788,0.10707764950483596,0.11003097624004991,0.04786061967508756
8262,0.08667122238899727,0.10684299051343508,0.1100395912366178,0.04794647179763793
8263,0.08663812093011944,0.10684008553431643,0.10990974985135167,0.048043354099568454
8264,0.08660272312112911,0.10661448827604136,0.10969375894945921,0.04809697552457337
8265,0.086573361675882,0.10651584542432013,0.10953918552407808,0.048192051907531515
8266,0.08655704784125266,0.10634251128887524,0.10933053884287301,0.04819253569832825
8267,0.0865548393505287,0.10625988326022141,0.10909537621836826,0.048175891887385906
8268,0.08655691810893186,0.10603296972392864,0.10890436173502563,0.04815722486735191
8269,0.08655710547030245,0.1058951104468949,0.10867673095394463,0.04819166756748162
8270,0.08654267655241046,0.10569468017547458,0.10856619455255553,0.048339300882380275
8271,0.08652012922286688,0.10549722963507954,0.10840248010424398,0.04839947700950331
8272,0.08648107921122371,0.10536931441765332,0.10831590450952003,0.04843202754036151
8273,0.08644010913584411,0.10523033835660515,0.10814331499685349,0.04845571367372756
8274,0.08640767572203628,0.1049887454788411,0.10796566122401612,0.048399807690953575
8275,0.08638047171636018,0.10484168529005068,0.10771994559090291,0.04835952112206915
8276,0.08636104989814347,0.1046196031874047,0.10750977148668575,0.048313253745706906
8277,0.08634487609724255,0.10445391951579333,0.10720788273122124,0.04830617862687326
8278,0.08632641449589264,0.1042788008456239,0.10691925338110198,0.048326110977253194
8279,0.086303316672034,0.1041490193134084,0.10658655315183066,0.04830766336508519
8280,0.08627508030772027,0.10398031974729469,0.10628933790992363,0.048271738953823716
8281,0.0862397932476991,0.10397859274841434,0.10599412954620986,0.04824198604260652
8282,0.08620111502088698,0.10381355731325449,0.10573673996915482,0.04817493136631047
8283,0.0861591878686233,0.10372344303274071,0.10557159858385655,0.048099823284852634
8284,0.08611527839800474,0.10358339540564215,0.10529813905641788,0.04802170591244061
8285,0.08607389905782298,0.1035180537210522,0.1049934584041909,0.047946610238892476
8286,0.08603110358714354,0.10336145955163586,0.1047666459886722,0.04788993213219834
8287,0.08599197111112965,0.10336492812235312,0.10442689555076091,0.04781577810968136
8288,0.08595021089762377,0.1031980825843529,0.1042164759544732,0.04775654178061633
8289,0.08591196671682821,0.1031396439301675,0.10395928021458233,0.04770751120341376
8290,0.08587053090544652,0.10299333207615385,0.1039353596802963,0.047644384463842636
8291,0.08583518134923465,0.10291594641476004,0.1036389791466751,0.04757103691918388
8292,0.08579700270754043,0.10276582806553725,0.10372930853525525,0.047512457800488885
8293,0.08576870606147269,0.10274906221181206,0.10358896052116659,0.047431054176681545
8294,0.08573481579012089,0.10270865763186714,0.1038602243478853,0.04734862663111025
8295,0.08570830728096406,0.10261829343559349,0.10372095803657654,0.04726892140616605
8296,0.08567311244032458,0.1026755022271116,0.10432393399862257,0.04718747262351544
8297,0.08563826769906314,0.10257855623611024,0.10422245943200482,0.047101076310593556
8298,0.08559725902589556,0.10253770795265804,0.1050365025852256,0.047026259333034434
8299,0.08555544560942224,0.1024956765566366,0.10492828378950596,0.046948671662051855
8300,0.0855107724492906,0.10244812386533883,0.10554804607066924,0.04687001485197314
8301,0.085468806884985,0.10257276394183198,0.10560848033894181,0.046791029294835786
8302,0.08542495193573457,0.10239685133508032,0.10557235798876778,0.04671424372230194
8303,0.08538395824206509,0.10255784745771816,0.1060571872007331,0.04662950001178236
8304,0.08534225946389926,0.10240065612251893,0.1058142873028219,0.04654972433846901
8305,0.08530186083388175,0.10247675274253942,0.1062562439337517,0.04647181205758404
8306,0.0852636942594141,0.10232304205217811,0.10596910469290408,0.04639695502545592
8307,0.08522700601619804,0.1024016352382328,0.10624547556068892,0.046326106396963454
8308,0.08520080520222306,0.102339194434021,0.10604741487767508,0.04627754825315078
8309,0.08517766388145785,0.10258188518861772,0.10608696070543573,0.04623160007524136
8310,0.08518384225273058,0.10244560601117653,0.10590562160651908,0.046209190923973964
8311,0.08518115989813922,0.1028090122713986,0.10584812719228504,0.04621822573573393
8312,0.08521579224193909,0.10268903058779451,0.10573367788113573,0.04625447796053536
8313,0.08520757888543774,0.10302535531398804,0.10552693418906528,0.04632495223157618
8314,0.08519673267075016,0.10290359905774162,0.10527914828221671,0.046424406303387365
8315,0.08517571651791986,0.10314494935579789,0.10519965803881533,0.04654103404730993
8316,0.08519842029365644,0.10329765937048349,0.10489594577795491,0.04662496434977338
8317,0.08523733680845538,0.10325528342412475,0.10468006298577191,0.046673094940871324
8318,0.08528866863867081,0.10364287905362378,0.10447841511332447,0.04666384052771019
8319,0.08534295588858123,0.10352063051392431,0.10417856991134893,0.046620185903136914
8320,0.08535411645762069,0.10391846505599366,0.10391930196860344,0.046577140809613324
8321,0.08534969826948999,0.1037969384299781,0.10360747944997906,0.04656496154979892
8322,0.08531806233184074,0.10398534275166996,0.1033521821898505,0.0465803674703707
8323,0.08528090492319287,0.10393596269885642,0.10301754558140226,0.046643025145470134
8324,0.08524985100309411,0.10384826000465894,0.10274947599088956,0.04674559574769073
8325,0.08523340045545894,0.1037121041361667,0.10245694813611307,0.04686474086333218
8326,0.08522166591978202,0.1036190271440105,0.10229017986779235,0.04701023292187808
8327,0.08521303583961663,0.10348284535173491,0.1021990564152335,0.04710580101980009
8328,0.08520841001900409,0.10332531295258399,0.10232470381413318,0.04710599771183105
8329,0.0851958754162839,0.10314950899696253,0.10226344185029304,0.04705098552621816
8330,0.08517760913579159,0.10302112221291981,0.1027274650696531,0.04700717567449388
8331,0.08516077870002862,0.1029537450122184,0.10261822486366529,0.04707166795345991
8332,0.0851325514641775,0.1028498456881056,0.10336053691913265,0.04724247915114745
8333,0.08510348604315704,0.10274512175724722,0.10311992641639024,0.04746746304013288
8334,0.08506776087737875,0.10258660620126414,0.10387106144047628,0.04772386631335881
8335,0.08503005719801071,0.10249846059103729,0.10362849427676729,0.04796618469741181
8336,0.08498872045538865,0.10232725040246865,0.10415118514734126,0.04804455370091204
8337,0.08494736993476071,0.10218656722418142,0.1040321251538441,0.04804438246457169
8338,0.0849079171287615,0.10200886851567142,0.1040008861222899,0.04813153015092062
8339,0.08486936846958236,0.10183977588216983,0.10386869249905079,0.04825029219619902
8340,0.0848355565753327,0.10168676838084578,0.10355110262431477,0.048441948078128794
8341,0.08480110561357665,0.10153492444858449,0.10340124543232808,0.04862844533201837
8342,0.08478624054705813,0.10139639629259675,0.1031885436487002,0.04869876142697433
8343,0.08476070030587796,0.10120396100425019,0.1030589090564718,0.04869978471802041
8344,0.08475954369087783,0.10103458213275748,0.1028132897325027,0.04865795683411592
8345,0.0847383271213274,0.10082428808675455,0.10278219770088437,0.04861161562293862
8346,0.08471870210218319,0.10065269757882174,0.10250312933236141,0.04860564573894088
8347,0.08468808339784535,0.10045644371151963,0.1023315870721381,0.04858666571682884
8348,0.08467894979602587,0.1003237314315919,0.10203312388152147,0.04857895448200566
8349,0.08467332277109145,0.10013943070169017,0.10189236219706767,0.04855407378874172
8350,0.08467493668599027,0.1000279149795646,0.10160815476001059,0.04850334818362384
8351,0.08468506696296027,0.09990525479583931,0.10152839108119814,0.0484413481280649
8352,0.08466367392413165,0.09988766487605022,0.1012645332929863,0.0483788632867552
8353,0.08464054244617623,0.099693070269856,0.1010015612707736,0.04832399952600182
8354,0.0846070499696263,0.0997027762570947,0.10069250922961916,0.04826999833533
8355,0.08458162118245885,0.09952048972433059,0.10037871033482688,0.04821811200284299
8356,0.08456117968346899,0.09949064514708342,0.10005182281043835,0.04817063082857996
8357,0.08455237395902528,0.09933503534385028,0.09975228239220739,0.048131182816871
8358,0.08454723378440115,0.099325495797232,0.09940873101769392,0.048065945323481414
8359,0.0845483290439301,0.0992629312834601,0.09913462486240342,0.047998032155353205
8360,0.08456551046827261,0.09937646495870282,0.09884517792320215,0.04792872152936189
8361,0.08458770894518004,0.0993453428742406,0.09851539848130714,0.04785883540989875
8362,0.08464759636763221,0.0995905278766286,0.09822339620981711,0.04779309228193273
8363,0.0846975803710103,0.09958038027407339,0.09792303265776772,0.047723441683683324
8364,0.08476685975406625,0.09995209413985413,0.09759537325210883,0.04765740803851819
8365,0.08480027254099876,0.09980459047944747,0.09728913385705312,0.04759142152333523
8366,0.0847860580824701,0.10020643106647775,0.09698079828615394,0.047522718854670166
8367,0.08475595729605379,0.10009528693696562,0.09663654240410566,0.047457095678272165
8368,0.08473040107411056,0.10048356103678545,0.09629829942890955,0.047405609975525946
8369,0.08472676835094756,0.10031692471271854,0.09597447180855762,0.0473447497536792
8370,0.08472890310472843,0.10064158606390428,0.09566024385601016,0.047293062445290725
8371,0.08475386930560691,0.10053454479161371,0.0953186173766679,0.047249671879121664
8372,0.08475400030130656,0.10091371164848956,0.09499151283558384,0.04721583142648931
8373,0.0847513458850531,0.10077109814435144,0.0946707661997555,0.047182781251862066
8374,0.08473198037560813,0.10114232105608931,0.09435068903355989,0.0471787187315091
8375,0.08469748187932967,0.10105056078442107,0.0940263904798604,0.04718416091728003
8376,0.08465618399153998,0.10144198831694454,0.09369007739597529,0.04720008074510249
8377,0.08461557134346276,0.10128815133850519,0.09336135743157815,0.047235137064226586
8378,0.08457977564754483,0.10158909794497828,0.09303819835759773,0.0472702741502705
8379,0.08455651276572697,0.10146204585146704,0.09271550321627191,0.047290408224944055
8380,0.08454755765540029,0.10171523450727502,0.0924372200460751,0.047297970828814664
8381,0.08454305136027873,0.10199994418889943,0.09219298400260295,0.04729003734130794
8382,0.08455857534498269,0.10187497578624696,0.09192933934865241,0.04726167758658964
8383,0.08456623353800886,0.10203394387762736,0.09176196858264286,0.04722210012156428
8384,0.08457785831039379,0.10203592065165923,0.09148873547755121,0.04718156573646782
8385,0.08457069276320874,0.10194565104903812,0.09140411489752076,0.047126878794083005
8386,0.08454073639651977,0.10211764565643891,0.09114119938184631,0.04706775814928736
8387,0.0845004867685036,0.10203420852700411,0.09119016997716449,0.04699943951738313
8388,0.08447209191519536,0.10211154421634118,0.0908949513789784,0.04692721628565415
8389,0.08446023794451477,0.1020762550361634,0.0909940535350267,0.04685187674197534
8390,0.08447428723622603,0.10195543396125657,0.09068595373327121,0.04677682838197613
8391,0.08452263178267423,0.10197607154970041,0.0908178669727715,0.04670109624756409
8392,0.08458013651330935,0.10193829027449636,0.09051180655712922,0.04662546855054863
8393,0.08468036800796339,0.10181508276248842,0.09066444950580949,0.04655090160955593
8394,0.08476808139705856,0.10175367251292314,0.09036360095500341,0.04647638723540462
8395,0.08486257070636899,0.10168031357518503,0.0904421042712825,0.046404251609051886
8396,0.08491495610463101,0.10152583427382221,0.09019364170972123,0.04633009158562684
8397,0.0849201862895499,0.10141750805444466,0.0900852696626078,0.04625857105945407
8398,0.08489618122719153,0.10126651324657214,0.08991102014548978,0.04618674560700242
8399,0.08486478024027883,0.10113621262859279,0.08964158219223647,0.04612142478611631
8400,0.08486478248303665,0.10099704049823402,0.08942392478096536,0.0460574247468698
8401,0.0848439072333515,0.10088656853023896,0.08933008624131575,0.04600779378336341
8402,0.08484517632854133,0.10074741897192409,0.08910084135891486,0.04596924185574862
8403,0.08485499609991197,0.10058791137594258,0.08901240212210573,0.04595340662179349
8404,0.08491020644759452,0.10047421946748082,0.0888029702213768,0.04596718295651742
8405,0.08503517169073427,0.10032788620107734,0.08879066898633166,0.046020855277323504
8406,0.08513860219963962,0.10015830688175854,0.08861855977351128,0.04613229957602527
8407,0.08518670325597202,0.0999869252502651,0.08869153617823756,0.046271454267776964
8408,0.08517613579178686,0.09981400051796759,0.08856336082571847,0.046463518688541226
8409,0.08516548545987551,0.09963798484021329,0.08876797469745303,0.0466105302605423
8410,0.08523986164120319,0.09945183304520779,0.08885036700310005,0.046695769383259186
8411,0.08537034219047136,0.099276769711668,0.08908448219585718,0.04669182053553942
8412,0.0856570169452789,0.0990889496096216,0.08926659321994863,0.046639445456650296
8413,0.08584762858040279,0.09889273181987814,0.08996970928820773,0.04661623895056298
8414,0.08605304755959681,0.09870267131682085,0.0898456334020745,0.046674149466309094
8415,0.0861025079925595,0.09850220786568589,0.09046829555702,0.04681251153321502
8416,0.08626072677126118,0.09830566168764612,0.09060069543753452,0.047048113869593344
8417,0.08643852699802605,0.0981150213978905,0.09054896511225348,0.04740239572160539
8418,0.0864696872676241,0.09792873151356551,0.09113893984650896,0.04764872550020547
8419,0.08650319718941431,0.09773050803076029,0.0910017581932799,0.047770182856094655
8420,0.08658909001436961,0.09756230446847922,0.09137120227781281,0.04780297200321501
8421,0.08674895356933433,0.09736417931491517,0.09135203991372857,0.04784623340665945
8422,0.0870392240773487,0.09717838916220775,0.09133315578787225,0.04814177097747873
8423,0.08717014215692541,0.09697868659929254,0.09145873064020155,0.04842947972477277
8424,0.0872277416354423,0.09678615403273841,0.09159061400268818,0.04860061849055187
8425,0.08730616003482274,0.09659556017370169,0.09205209965067232,0.04876396710224955
8426,0.08743492337612624,0.09640157437543957,0.09191459229613567,0.04879386845690775
8427,0.087539891055755,0.0962190073121566,0.09247253599239437,0.04877364918156668
8428,0.08757694597018671,0.09602667894470528,0.09222585484768686,0.048759579323394926
8429,0.08767758817874358,0.09587693301563756,0.09270337051235673,0.04877691047449958
8430,0.08787584247817755,0.09570220316858759,0.09266002225677626,0.04889090089859815
8431,0.08797020320340891,0.09551645037727666,0.09264792332677398,0.04891629508913
8432,0.08799331311172653,0.09539267631420123,0.09286192915721193,0.04888434370305675
8433,0.08813207926540412,0.09519589549912397,0.09269649641874206,0.048852578518818364
8434,0.0881771828460143,0.09506264068017718,0.09291217855277292,0.0488117858600521
8435,0.08817702574466577,0.09496020354535346,0.0926817878694931,0.04884572377629523
8436,0.08818582300940196,0.09476453502791757,0.09287886089352947,0.04884648940474597
8437,0.08821763430923067,0.09464107609161285,0.09272496750048602,0.04885845791204029
8438,0.08826046248992346,0.09447807973212705,0.09258528110773524,0.048904949331395206
8439,0.08826373912864549,0.09428939634123218,0.09256440209773106,0.04889367638177357
8440,0.08827329857699748,0.09412793138924716,0.09230771753961776,0.04883487241243023
8441,0.08836237280006777,0.09393052642749707,0.09237396418607244,0.048767656263928365
8442,0.088385322996067,0.09377415746605322,0.09208816181281325,0.04871586059507941
8443,0.08838061683324061,0.09358030504291401,0.09210339698741339,0.048725144786783345
8444,0.08835610902618554,0.09342185808356722,0.09188335480868474,0.04873731582317009
8445,0.08835503096877102,0.09325116506648996,0.09171685443874794,0.048742344385842365
8446,0.08837441933132774,0.09305916129450773,0.09154611261614365,0.04877751917397239
8447,0.0883667144806545,0.09289234544181596,0.0913001931784521,0.04877220503614824
8448,0.08835469662861012,0.0927079023310746,0.09119787831352896,0.04872133676338542
8449,0.08834683515013805,0.09252101373620422,0.09100187511170427,0.04865734297690498
8450,0.08833382110567677,0.09234371233471089,0.09071339458438801,0.04857424769831865
8451,0.08831205693121,0.09215271221158816,0.09055840255127903,0.04850314729046576
8452,0.08828434474051766,0.09196750790824616,0.09025099755041213,0.048443609249962806
8453,0.08826686860399655,0.09177984039456023,0.09002486211294855,0.04840868106615948
8454,0.08825425628259437,0.09160157629803342,0.08975865770592571,0.04840210993577287
8455,0.08823029083051072,0.0914164314302131,0.08944917217179915,0.048421935866443305
8456,0.08819311330242664,0.0912394010818663,0.0891631797720272,0.04843313093311304
8457,0.08815907023186151,0.09106141120532447,0.08886342924747802,0.04847426837161264
8458,0.08813233940969899,0.09087646794021227,0.08857603977511863,0.04850827731351262
8459,0.08809783749414138,0.09070538749227025,0.0882784276634982,0.04849929726766452
8460,0.08805921267342952,0.09054138463131539,0.08799251562886108,0.04844898048913648
8461,0.08801686488529685,0.09036660637157651,0.08770208491205612,0.048372006428371264
8462,0.08798173193504176,0.09020318893747037,0.0873997131024669,0.04829971744760349
8463,0.08795039629559738,0.09002841002981586,0.0871052872204906,0.04826392725326123
8464,0.08791089051410338,0.08986110050347466,0.08680279406561725,0.048280960988168066
8465,0.0878688232621341,0.08970170068688874,0.08652307377132964,0.048326703198560396
8466,0.08782414104518765,0.08952977825224842,0.08621456527707061,0.048423652740313884
8467,0.08778143303310393,0.08935264410066449,0.08594748998241228,0.04855915476757716
8468,0.08774249802367973,0.08917519885170364,0.0856553373963605,0.048660474908516195
8469,0.08769703584026707,0.08899800062853658,0.08536836183427311,0.04869662264320211
8470,0.08764948545776,0.08882424104921689,0.0851135581955217,0.048655487333847
8471,0.08760307075018113,0.08864532699492184,0.08483034465594375,0.048581290430265024
8472,0.08755872745565133,0.0884714947278805,0.08459904784188767,0.048601839506879616
8473,0.08751405096230956,0.08829836168374418,0.08435655411783871,0.04873173910459766
8474,0.08747021944866276,0.0881291087166058,0.08407370585841029,0.048945627045536885
8475,0.08742176889119153,0.08796760343123068,0.08382360980370734,0.04921178660951091
8476,0.08737376631364356,0.08779058284717844,0.08353507783739149,0.04950520655961059
8477,0.0873243572534422,0.08762129614462214,0.08329807020648103,0.0496303527568178
8478,0.08727677534116877,0.08745448781349965,0.08301965564518486,0.04962674319035805
8479,0.08722600252904877,0.08728407266134734,0.08274599717832218,0.04964914366941216
8480,0.08717568084751992,0.08711537483019373,0.08248933084809952,0.04972136424222449
8481,0.0871245376696201,0.08694203903085815,0.08221621529145184,0.04993141474346483
8482,0.0870736768995873,0.08678435026986195,0.0819666528204775,0.05014491454683307
8483,0.08702482312846596,0.0866201891011087,0.08169763855029627,0.050244304491012796
8484,0.08697441701832968,0.08646066586621677,0.08145051816427468,0.0502702046316513
8485,0.08692433566996526,0.08630325808756882,0.08121988187532617,0.05024106253680988
8486,0.08687274727485352,0.08613785735080806,0.08097171369670715,0.05018702849497315
8487,0.08682275158033022,0.08597897831068553,0.08072906026636097,0.05018142018443512
8488,0.0867724936858467,0.08581563791445182,0.08048740727572412,0.050162459594707054
8489,0.08672378299756253,0.08566570422991841,0.08023267643785664,0.050153802262842016
8490,0.08667410684572814,0.08551694803545878,0.079992838461312,0.0501317092605197
8491,0.08662558554387355,0.08535881729579922,0.07974994145375844,0.05008923732388762
8492,0.08657528150686336,0.08520015499255232,0.07951053457450925,0.050041676537772056
8493,0.08652746053145821,0.08504443611731,0.07927845160691058,0.049998080769066644
8494,0.08647823204709373,0.084894016019873,0.07904720754518527,0.04996391270241659
8495,0.08643173534917888,0.08473748824542791,0.07881928708217299,0.04992344642102086
8496,0.08638306013772448,0.08458516849565804,0.0785913928509188,0.049860161206099055
8497,0.0863370253274888,0.08443316017124414,0.07837625280197057,0.04978772959316055
8498,0.08628857716896038,0.08428073536727024,0.07815894786955777,0.0497225536296592
8499,0.08624333216928387,0.08412925538486567,0.07793438192703595,0.049658825161035036
8500,0.08619577871421553,0.08397933372116084,0.0777144446306207,0.04960234763899475
8501,0.086151557647052,0.08382977225186641,0.07750092007976758,0.049540335347348294
8502,0.08610463398982769,0.08367492942177458,0.07728540757401936,0.04948040443216103
8503,0.08606136712951568,0.08353293711664664,0.07710124661552831,0.04941094679637815
8504,0.08601536971977414,0.0833881973497448,0.07695179456045458,0.04933127962333753
8505,0.08597287795971591,0.08323769266416785,0.0767487743419184,0.04924440247677396
8506,0.08592777602505383,0.08309043071888493,0.07665571722108337,0.04915458895686584
8507,0.08588588736903105,0.08294196793237323,0.0764597036573955,0.049067362271708256
8508,0.0858407053433014,0.08280820692347983,0.07629821642294357,0.048984789810302055
8509,0.08579825514713811,0.08267907111762625,0.07616425748302486,0.048891592478728374
8510,0.08575238887569872,0.08254128823552598,0.07595162887885679,0.04879904814338555
8511,0.08570879525957867,0.08242032370380757,0.07578309516837604,0.048704438193820324
8512,0.08566254433854746,0.08229188296464718,0.07558119119947447,0.04860861844533333
8513,0.08561843380084236,0.08215362606782514,0.0753973864167241,0.0485137892220674
8514,0.08557206662631132,0.08203922234547242,0.0752586865605923,0.048419394261028544
8515,0.08552774008454705,0.08190008535009369,0.07509758133046213,0.04832591822581166
8516,0.08548139449739597,0.08177367777975038,0.07509647291346308,0.048233754336225405
8517,0.08543725244403455,0.08163658705050625,0.07491160846637,0.04814046920980312
8518,0.08539130335510942,0.08151326227497462,0.0749267794896474,0.048048862676566544
8519,0.08534813655783981,0.0814043723333115,0.07474125974581593,0.04795774238110033
8520,0.08530302873157967,0.08128591682258185,0.07468394990969213,0.04787658382235909
8521,0.0852612924497992,0.08120402529986423,0.07455558098234288,0.04780171120363026
8522,0.08521743290899464,0.08109092800916198,0.07451981603611915,0.04774811895118715
8523,0.08517746041026426,0.08105489747194408,0.07450051420033318,0.047711401259098736
8524,0.08513495661429663,0.08092440723290661,0.07459307766366642,0.047729357991807976
8525,0.08509684175438559,0.08083705907244053,0.07484575623411716,0.047765777184563235
8526,0.0850556504370918,0.08071018237523907,0.07543835332780886,0.047871604166306425
8527,0.08501864688782551,0.08061195612583964,0.07607398301180979,0.047965190361681564
8528,0.0849783327294318,0.08049002745443322,0.07768945214254719,0.04807646157454875
8529,0.08494152619448325,0.0804252256436921,0.077717438612837,0.048093066639089285
8530,0.0849006557491323,0.08030374496791343,0.07942115289597432,0.048061944934851705
8531,0.08486215657456188,0.08026981673007719,0.07940093748800774,0.048017453260010626
8532,0.08481938922346176,0.08015872749570692,0.08105010300647805,0.048014600433411415
8533,0.08477823268247307,0.08015412395764654,0.08135180613538315,0.04810029180232654
8534,0.08473398260733402,0.08006500538728058,0.08199044391192699,0.04819729993072202
8535,0.08469126513367886,0.08004200082131935,0.08223839616681099,0.048418439781098714
8536,0.08464682482415897,0.07999724062969951,0.0821764398147029,0.04870559279486736
8537,0.08460408403569453,0.07989389095768049,0.08231847347862092,0.04894020356827353
8538,0.0845600229085565,0.0798051676082799,0.08237367583140474,0.04911668385294981
8539,0.08451808471683843,0.07969331931432568,0.08278821729332177,0.04920292964256572
8540,0.08447469975795124,0.07962482296952288,0.08341216750270125,0.04923064320669456
8541,0.0844346002894966,0.0795362988186234,0.08463059465586856,0.04936609096851403
8542,0.08439270928884661,0.07953750085540037,0.0847200432498874,0.049696131038927255
8543,0.08435598924467311,0.07959133477756265,0.08598364684741341,0.050171926352701485
8544,0.08431735262031284,0.07954518487095971,0.08659702332644978,0.0506359730725788
8545,0.08428549905250884,0.07964691854481834,0.0886648120312543,0.05124047143061721
8546,0.08425212091804699,0.07983562770888322,0.0895591631383549,0.05145155129046008
8547,0.08422546884643985,0.08019517143605241,0.0913522214086746,0.05147022499944728
8548,0.08419692050045229,0.08012422559361058,0.0919977317079059,0.05160717137738497
8549,0.0841725550660416,0.08034936721883114,0.09327068805152006,0.051892252661849145
8550,0.08414255890784528,0.08026137273220306,0.09359222705771673,0.05214920700013614
8551,0.08411329362204463,0.0804116665296708,0.09566027823558328,0.0521323521912632
8552,0.08407501774444151,0.08035762572008766,0.09768603684153737,0.05216699613873014
8553,0.08403629870334407,0.08048620271955734,0.10025445323243792,0.05234370709272851
8554,0.08399299590907397,0.080429580429901,0.10350236635801861,0.05254475736154682
8555,0.08395036836096305,0.08053209108522612,0.104581786014218,0.05262940249682365
8556,0.08390863928391934,0.0805436298256022,0.10696635042166294,0.05258271733746374
8557,0.08386764497615906,0.08060063619215069,0.1110058986869835,0.05265685741853035
8558,0.0838280099212219,0.08061687088563822,0.11214605474658723,0.0527609449066476
8559,0.0837870253087512,0.08078367147591718,0.11485201023179889,0.05272912643284273
8560,0.08374685848111993,0.08083924126454466,0.11685871663658312,0.05269021458640464
8561,0.08370374208560959,0.08104923644507063,0.1173143986415139,0.05279196587519043
8562,0.08366245751941832,0.08112018926019382,0.11862229494764528,0.05282429972450795
8563,0.0836205829435478,0.08149211510975696,0.11925905589083358,0.05279716602808543
8564,0.08358421887014136,0.08164407767166434,0.11943768382010646,0.05276538338164067
8565,0.08354784822090186,0.0821667130790471,0.11972212697191262,0.052798669171781124
8566,0.08352005541148255,0.08250171005885377,0.12032224927010499,0.05286550390028807
8567,0.08348685460987512,0.08340566191682985,0.12052143078229552,0.052877535570088355
8568,0.0834622997322422,0.08376318126983168,0.12078617721873973,0.052926858164550075
8569,0.08343660646847727,0.08437101550913242,0.12114425193625594,0.05308300761326433
8570,0.08342345133218663,0.08450616723399665,0.12156229650123318,0.05303180713297983
8571,0.08341533442977976,0.08521759427558183,0.12229528011105852,0.053010068232544755
8572,0.08341337332643692,0.08593589704370444,0.12363030150635879,0.053065008779619983
8573,0.08340138811830271,0.0867995310617513,0.12420395674837742,0.053032514104635595
8574,0.08338369238849144,0.08878922731668366,0.1253203194267589,0.052992548401362326
8575,0.08334928570050706,0.08955379120643597,0.1271146435728221,0.052991265343495304
8576,0.08331038383491826,0.090694058631112,0.12747213224159826,0.05293749162132169
8577,0.0832707493026286,0.09221015874373771,0.12878074514846044,0.052865702223410235
8578,0.08323575328063876,0.09357472451462068,0.13018377917860127,0.052786361882224055
8579,0.08320719139880306,0.09492975291211456,0.13089864322438038,0.05276206749239434
8580,0.08318461225139255,0.09558973047277385,0.13268240200293002,0.052728206081649416
8581,0.08316531352788945,0.09660119972726056,0.13328629667400574,0.05265821157813663
8582,0.08314395192832309,0.09776983767166582,0.13452677196806054,0.052608557061985056
8583,0.08312103419461267,0.09791488721462858,0.13507534392108086,0.05260770624285116
8584,0.08309323035846651,0.09903320652117639,0.1357351265886183,0.05256861436680604
8585,0.08307293182397046,0.09945017548984247,0.13629666557470801,0.052526859888797704
8586,0.08304801573140017,0.10047100456752407,0.13655141659752454,0.05256598936790613
8587,0.08303618708553936,0.10073781252366341,0.13671688110876773,0.0525205309947383
8588,0.08301138676449081,0.1014149565548671,0.1365604485182708,0.0525045901667328
8589,0.0829928561948233,0.10217897920864004,0.1365847732971593,0.0525061446166878
8590,0.08297300044821583,0.10308593900165848,0.13676024984702773,0.05249205572015652
8591,0.08297029565119375,0.10400802399174454,0.13714897648672866,0.05241935168504542
8592,0.0829608339044744,0.10412968616427284,0.13720284378471317,0.052352216383202144
8593,0.08295136518303033,0.10505272835381424,0.13741018109506117,0.05228402813728288
8594,0.08293786772583354,0.10518629548885582,0.13761477730030663,0.05222838406404711
8595,0.08290904884027879,0.10592535877052413,0.1383149256500141,0.052170610765605197
8596,0.0828886865351445,0.10627844776441006,0.13827570661156757,0.05211493887830683
8597,0.0828648118546902,0.10653969884167812,0.13924885484014587,0.052070795214918884
8598,0.0828587927201943,0.10707296769121734,0.1390644527545829,0.0520239374302714
8599,0.08285744885295603,0.10735024091947029,0.13987085371109453,0.05201379968850061
8600,0.08286512803922687,0.10743942450196753,0.1402055333713726,0.05200762437651657
8601,0.08286778837012065,0.10766262417294238,0.14021822057022806,0.052003676642335975
8602,0.08286986322226803,0.10790773781370487,0.14041271731417554,0.051957164881364246
8603,0.08284618013606106,0.10806146514386146,0.14086429745639414,0.05188731946017301
8604,0.08282566636948409,0.10823205308452605,0.1407828957079873,0.0518016719254094
8605,0.0828091545528007,0.10833127814696414,0.14088775889102145,0.0517275649085096
8606,0.08280631735559113,0.10846546910964301,0.14086823556985817,0.05164399312013926
8607,0.08283618171479837,0.10866518204993543,0.1405501269651671,0.051564181004282526
8608,0.08292416667747103,0.10870026370109225,0.14049522186738725,0.05147415953761102
8609,0.0829974099267124,0.10891863217448193,0.14029183459154781,0.05138046155313732
8610,0.08306209990134454,0.1089449586297574,0.14009061750775983,0.051291643253990826
8611,0.08307290181148166,0.10924541352479405,0.13992993214530117,0.05120428364312268
8612,0.08305028705094117,0.10949790335617764,0.1396704455538417,0.05113277346920409
8613,0.08304917979277443,0.10947782209279826,0.1396507772981185,0.05106110136839282
8614,0.08309199639858005,0.10968548131134487,0.13937823974036226,0.05099379441994547
8615,0.08320372195287341,0.1100379900594368,0.13905391433757988,0.05093138853925048
8616,0.0832934898556402,0.11000157030758911,0.13886382933507352,0.050900234355444614
8617,0.08340488841149095,0.11035512340367801,0.13871327916167814,0.050865165820762843
8618,0.08344685288839397,0.11032493098057272,0.1383533796150432,0.05086765786336373
8619,0.083443581547019,0.1104624675592738,0.13810908662633037,0.05089738429350037
8620,0.08343518777981973,0.11045610653574793,0.1380624204958175,0.050929722801681024
8621,0.08345858938159531,0.11035055745124271,0.13806916767225677,0.0509565130990063
8622,0.08349651924807491,0.11040034160290713,0.13786330302527997,0.05096552652587078
8623,0.0835243611646154,0.11030246935050371,0.138126558888571,0.05093013821723297
8624,0.08353424616299406,0.11028451209790388,0.13769063051684818,0.05087138088737998
8625,0.08351728853009194,0.11037200264917557,0.1378168066307516,0.050806981131338566
8626,0.08349620336516902,0.11024128603361856,0.13763081571110675,0.050743031454214424
8627,0.08348891265596706,0.11028400371606843,0.1380747418017591,0.05068334115035169
8628,0.083496355384846,0.11010130993237116,0.13769111974609646,0.05061950124085593
8629,0.08350529223905895,0.11012515670137075,0.1379308529815847,0.05056272010725483
8630,0.08350234608428121,0.10993392490008061,0.13766939733238734,0.050515616892644624
8631,0.08347260575558035,0.10993424436681264,0.13785172219206923,0.05048810905747067
8632,0.08344569525319495,0.10974503773837416,0.13771852991977457,0.05048028674733925
8633,0.08343968400737406,0.10971368142512622,0.1375302978084001,0.050494604802029594
8634,0.08345033520745238,0.10954819128766105,0.13781070882294916,0.05050092335509039
8635,0.08346670681683646,0.10945395933973465,0.13762527575276634,0.05050315834506793
8636,0.08348032273421217,0.1092841816653881,0.137462025352727,0.05049180079474867
8637,0.0834777676246503,0.1091736310468637,0.13731983416913127,0.0504717214973514
8638,0.08344980738665413,0.10900818853107994,0.1370020963341515,0.05043665477957686
8639,0.08341508022602934,0.108849327348523,0.13710870974509787,0.0504033645391313
8640,0.08338680548800255,0.10871816907258172,0.1367750478604548,0.0503582563373296
8641,0.08336226699219702,0.1085381894988237,0.1368912568071861,0.050310764487868476
8642,0.08334737945697333,0.10834913819869418,0.13681836914399995,0.05025476514631708
8643,0.08332940391196235,0.10826882586060325,0.1372398325174061,0.05019964917742987
8644,0.08330439080387789,0.10807034637694526,0.13701806828570112,0.05013702542295119
8645,0.08326922409227747,0.1079464722284093,0.13696127277995548,0.05007814130926143
8646,0.08322932441792166,0.10783155678303265,0.13672197093083166,0.050016051524296806
8647,0.083188779094783,0.10773187290192413,0.1364179218085568,0.04995937242266866
8648,0.08314841471869708,0.10759178648151917,0.13642663740337463,0.04989932552693085
8649,0.0831131642254039,0.1075804059568462,0.13625187435957817,0.04985189966263082
8650,0.08307459486340091,0.10740945843250554,0.13607803075535632,0.04980561214056808
8651,0.08303642837205505,0.10736282049967892,0.1361316480738458,0.04977802262746157
8652,0.08299441999433416,0.10726362355010984,0.13580186061019892,0.04976401282201357
8653,0.08295400717735789,0.10713818459356815,0.13564832464194804,0.04977330218775468
8654,0.08291536274252077,0.10708452121989692,0.1353750067864771,0.049800514426263966
8655,0.08288306839682008,0.10691537115828575,0.13504920461955278,0.049839514997055766
8656,0.08285453147910546,0.106818841474996,0.13488538908666203,0.04988475581771968
8657,0.08283268068500425,0.10668286139565931,0.1345661570345053,0.04991659330018365
8658,0.0828081884852005,0.10656432706265882,0.13432729982452452,0.04993115875713094
8659,0.08278828301610658,0.10648653491309275,0.13394550508548858,0.04992247934539222
8660,0.08275960168570226,0.10642359760392343,0.1337675119419248,0.049894926776894506
8661,0.08273077163862472,0.10646134474206657,0.13360653680433787,0.04985422626821352
8662,0.08269324792260677,0.10644977880306092,0.13320139193062353,0.04980273661027067
8663,0.0826581485971717,0.10665204384188465,0.13311368722115655,0.04974734564019655
8664,0.0826212572052179,0.10660292098081915,0.1327357672722979,0.04967889601237026
8665,0.0825902427526921,0.1069203076358738,0.1324043814120532,0.0496037528212514
8666,0.08255671469688661,0.10694070999777536,0.13206184869534238,0.049519343861730715
8667,0.08252563389319784,0.10747555997949282,0.13169214240541338,0.04943274563026712
8668,0.08248811746939272,0.107390187297727,0.13124524413096375,0.04934400373238996
8669,0.08244955807411314,0.10794023751357495,0.1308525406138364,0.04925613054374587
8670,0.08240685329282953,0.10801996610431475,0.1304146346620271,0.04916664524093055
8671,0.0823702636238315,0.10880730498218794,0.12999752734639727,0.04907736114622364
8672,0.08233643032293772,0.10869165964938539,0.12956580855838173,0.04898726893391612
8673,0.08232516093072188,0.10958283696425211,0.12909359197341375,0.048898230069682205
8674,0.08231256833479661,0.10952862910449991,0.1286494088935287,0.04880827818686632
8675,0.08233051040713237,0.11039474932934232,0.12820254995778788,0.04871898200682544
8676,0.08232192212955512,0.11042671287188888,0.12780861980309188,0.04862865797748302
8677,0.08231418829497819,0.11095197185585211,0.1273522980757452,0.04853978233024263
8678,0.08228411892388712,0.1118237882048961,0.1270038754778516,0.04845111621893803
8679,0.08226478998706521,0.11187233096188516,0.12662516358521084,0.04836711091849926
8680,0.08225089645421595,0.11300040012098432,0.1263829630962542,0.04828574500022783
8681,0.08226208489874023,0.11301820371294612,0.12620104784730282,0.04821420913114659
8682,0.08228197491080105,0.11378596627986302,0.12632821891375845,0.048151349333039314
8683,0.08228542159441828,0.11371477244798829,0.12592986075928098,0.048111755575625435
8684,0.08229546936047903,0.11422916038718786,0.12621975352896583,0.04810308198134988
8685,0.08227307561347331,0.11433576870987844,0.12580624907684426,0.04814582459790891
8686,0.08225614638510174,0.11441981563230239,0.12581785153494077,0.04827282324818341
8687,0.08222693746298612,0.1149094595490752,0.1255650315052795,0.048444402634830575
8688,0.08220987585355878,0.11489662103133538,0.12521364913078267,0.04868449963766599
8689,0.08218904689486524,0.11557116519700242,0.12521325153422627,0.04885983556906454
8690,0.08217564687827854,0.11553936952895719,0.12483263060608096,0.04891323806666406
8691,0.08215482712306807,0.11594267455388171,0.12467064654670633,0.04886078658248193
8692,0.08214022203690999,0.11659297647015072,0.12434962986257254,0.04880277782363177
8693,0.08211693523266295,0.11660058078779417,0.12399831987515741,0.048898350762417594
8694,0.08209031698328756,0.11747601683537733,0.1238742002030808,0.04914604988558116
8695,0.08206362991872487,0.11758261072459388,0.12350184898906293,0.04951675564079192
8696,0.08203069698591403,0.11801360571343159,0.12332431445148098,0.04992588084442976
8697,0.08200433779995454,0.11893326971147122,0.1230419110397659,0.05026873202146138
8698,0.08197854202123812,0.11888749005692793,0.1227164429895263,0.050367074339498476
8699,0.08196231957177388,0.11974504241010651,0.12242523530037461,0.05051698773119832
8700,0.08193853082064059,0.12005953273840546,0.12212985465942701,0.0508842686719588
8701,0.08191455435022374,0.12022741075862904,0.12176249698039142,0.05108392240428498
8702,0.08188125236905745,0.12058235223046851,0.12135680648992056,0.05111539502567999
8703,0.08184703971782305,0.12055762402901701,0.12101810500585959,0.051223804300564696
8704,0.08180975764261982,0.12070281429813509,0.12059978060272811,0.05140067290197857
8705,0.08177428817320631,0.12067866514109149,0.12022946426606224,0.05183417794780326
8706,0.08174139020286628,0.12063675693827532,0.11984205611773524,0.05226017057089021
8707,0.08170766899538778,0.12053456243981296,0.11947576298776365,0.05237869400249988
8708,0.08167863852792619,0.12046726000916289,0.11906763545475259,0.05247461148053144
8709,0.08164786518568407,0.120479047612332,0.11872296477299671,0.05263472218026703
8710,0.08162510911636255,0.12038005703628339,0.11830386833364415,0.053077466792031486
8711,0.08159577621119893,0.12046860016443407,0.11789683915416443,0.05326877237906907
8712,0.0815685156700659,0.12033294647271718,0.11753227066007121,0.05351762981383104
8713,0.08153369360319901,0.12039987637265134,0.11713435124854064,0.05390075708292185
8714,0.08149874302482431,0.12053287828473042,0.11673947913844702,0.05416971146973915
8715,0.08146035979986542,0.12038071540045492,0.1163478987366758,0.0544538690290191
8716,0.0814229999711489,0.12050963355588429,0.11605155889413224,0.05458912015128946
8717,0.08138507099781576,0.12070724688949759,0.11566478196471348,0.05475654130297871
8718,0.08134672703817959,0.12059899109222155,0.11548897821608771,0.05504700035966815
8719,0.08131000746439421,0.1205123401569036,0.11504905518962705,0.055069524756687825
8720,0.08127219383867804,0.12042812345075347,0.11480470913295197,0.055068806767709415
8721,0.08124020091213105,0.12024111099563042,0.1144246921052112,0.05513849993156505
8722,0.08120482110092325,0.1200980594670712,0.11424141387306719,0.055369911763534715
8723,0.08117579048596883,0.11990157892357402,0.11387199646574186,0.05546188674069786
8724,0.08114185731333115,0.11972975169644592,0.11379616914254956,0.05544851966600972
8725,0.08111408116539494,0.11953142348093995,0.11341618974115544,0.05544613156566373
8726,0.08107997176767325,0.11933378501829896,0.1131591077006345,0.05546879656506185
8727,0.0810495862086663,0.11917733281889961,0.11307976470120149,0.05559752997463586
8728,0.08101481501858525,0.11895786673465578,0.11269945461312736,0.05560608616903041
8729,0.08098622972385973,0.11885230300275992,0.11279703971779333,0.055581847184051486
8730,0.08095672453430947,0.11861532654587198,0.11235072671641144,0.055546442816787625
8731,0.0809405995760131,0.11847781476035862,0.11233909821005511,0.05561932181257307
8732,0.08092776325564191,0.11828936749109996,0.11205011813254062,0.055757267607759516
8733,0.08092670495630468,0.11805035173301721,0.11169007514369515,0.055737099732551504
8734,0.08094024070213758,0.11783371549442709,0.11149234456795816,0.0556658352125839
8735,0.08096226679453554,0.11758398684734923,0.11111198163079734,0.055592262291782574
8736,0.08101911098053022,0.11734724991778978,0.11103229399000787,0.05562424041135024
8737,0.08107618700255338,0.11708866475827143,0.11062085583306211,0.05567736595972276
8738,0.08117738366244043,0.11682589318131519,0.1105654092207837,0.05560935668526467
8739,0.08124880004045933,0.11655899173278347,0.11018176128981122,0.05551558994064962
8740,0.0813097956811521,0.11629359593133073,0.11005312189970398,0.055426420419749454
8741,0.08132988451709978,0.1160329246574565,0.10974662774667528,0.05539725740020737
8742,0.081299813991418,0.11575937388923314,0.10946096564529666,0.05536602466317703
8743,0.08126548668078508,0.11550052979830518,0.1090677634630545,0.05528804614015049
8744,0.08124904409151537,0.11524270112710591,0.10884598853202326,0.05522731677198944
8745,0.0812615766445901,0.11496847415375619,0.1084580456871796,0.05514736501607562
8746,0.08125934102053103,0.11470598583542674,0.1082697512889301,0.05504186328002163
8747,0.08126286300116607,0.11444266245921704,0.10796740306855286,0.05492331453252193
8748,0.08123874491159758,0.11416513982854239,0.1076505085185613,0.054817661835480876
8749,0.0812048178618474,0.11389018386540056,0.10742563983392792,0.054702019314850865
8750,0.0811679475364002,0.11361723792788937,0.10707211129034988,0.054593001567416956
8751,0.08114510196260596,0.11334298916075494,0.10684069145088666,0.054488761858297485
8752,0.08113405016662043,0.11306921224061943,0.10648701211389618,0.05440666673472507
8753,0.08114237050002972,0.11280556120773629,0.10617204146007876,0.05435268589259712
8754,0.08116975210101988,0.11253893056260021,0.10585298909336566,0.05426635629420003
8755,0.08120604797380769,0.11226432879495361,0.10557648887472953,0.0541715406833425
8756,0.08126605165292074,0.11199599518866937,0.10527061089660666,0.05407055414999953
8757,0.08132554120386314,0.11173232853766922,0.10501770211142739,0.053957592403071665
8758,0.08139362218242428,0.11146600398475787,0.10476138990026973,0.053835949694826364
8759,0.0814381290035647,0.11122021461876319,0.10454220610964741,0.05371948977744638
8760,0.08145588344435765,0.11096219100045986,0.10444426504675733,0.05360008787204949
8761,0.08144662429331413,0.1107299085921336,0.10410597553480523,0.05348532589869874
8762,0.08141680582751624,0.11046263126000337,0.10393931567074811,0.05337544596825233
8763,0.08139793149968995,0.11022071900506565,0.10365400715997956,0.053264925407442154
8764,0.08137768880224558,0.10996005841321796,0.10336099434446121,0.05315719228368236
8765,0.08137703483497043,0.10972624626878315,0.10314825337537596,0.05304338657613175
8766,0.0813540397507901,0.10947376406776703,0.10280849314447355,0.052933440930327265
8767,0.08132967642482211,0.10925441583126642,0.10258308286869623,0.0528323785756251
8768,0.08130410055396972,0.1089952411465765,0.10223088876474669,0.05273958474431184
8769,0.08130455717914166,0.10877611161290172,0.10195104992073067,0.052636182490511024
8770,0.08131208390928225,0.10853205668591927,0.10158844421105105,0.052545685114133524
8771,0.0813311180243397,0.10830664828966213,0.10131403247714484,0.052455914350124526
8772,0.0813445788374012,0.10806298551656209,0.10097601568941315,0.05237319744948394
8773,0.08134020853086953,0.10786213237751438,0.10063491864850455,0.0522919034588434
8774,0.08132353453406249,0.1076187930589206,0.10037078961169602,0.052234865805440366
8775,0.08129181405168193,0.10741831731049821,0.10003304278197218,0.05217853472185984
8776,0.08125982009128624,0.10717593881318829,0.099704323487604,0.05213250609176944
8777,0.08122953334808729,0.10696536872539135,0.09944741818600343,0.052099941335398976
8778,0.08121467549842258,0.106721004191259,0.09908901013598236,0.05206410951871935
8779,0.08121218340251024,0.10649480496620471,0.09882421750798061,0.0520166952628341
8780,0.08121919050603975,0.10626344467539547,0.09850725799189423,0.05196956408556347
8781,0.08123788386792231,0.1060171247699585,0.09817966916909526,0.051910668645099946
8782,0.08125466460645069,0.10578787396764586,0.09783219334852651,0.051845863643911645
8783,0.08126279117862929,0.10555648275403927,0.09746777980015031,0.05177223722440156
8784,0.08126604780203252,0.1053148955532442,0.09709667045268867,0.051700364321228286
8785,0.08124341217748182,0.10509072450500109,0.09674007417070071,0.05161622042795781
8786,0.08121708091373954,0.10487026221529018,0.09638676941216538,0.05153150931647976
8787,0.08118818525883716,0.10462800832580024,0.09602781623871928,0.05144006695404204
8788,0.08116571576783393,0.10441412235491516,0.09566262197770081,0.05134711537167956
8789,0.0811615713978465,0.10419088751802422,0.09529506340574681,0.05124870049277695
8790,0.08118435244635405,0.103972109555959,0.09492713276025454,0.05115159841163112
8791,0.08120832707607657,0.10374642873829652,0.09456373615781428,0.0510525166253794
8792,0.08125291888804896,0.10352276364230532,0.09420563587967477,0.05095418267372956
8793,0.08127406787268202,0.10329550665199361,0.09384871331361885,0.05085566828893216
8794,0.08126481275795994,0.10308515798756683,0.09350562275305788,0.050757675477443726
8795,0.08124033992103755,0.10286694011378444,0.09316376916097514,0.050659595470786786
8796,0.08121998022837236,0.102661018229591,0.09282059450970316,0.050561393696521614
8797,0.08122526286563386,0.10244073687372786,0.09248001831065655,0.050463422836015744
8798,0.08126614517384834,0.1022284876037269,0.09214451329189045,0.05036532921513604
8799,0.08137809608738858,0.1020197481388833,0.09180830900297622,0.05026869068903062
8800,0.0814875881037366,0.10179928038121372,0.09147858315244393,0.050171606216932556
8801,0.0816206604809492,0.1015925278639605,0.09114768969260485,0.05007712445921917
8802,0.08168079264757903,0.10137409062362525,0.09081698456205062,0.049982658850708434
8803,0.08168000570369041,0.10118168920063404,0.09049190415559263,0.0498912348284533
8804,0.08170357485860003,0.10097346455799551,0.09016971324354635,0.049799220300171705
8805,0.08176762918848707,0.10081197353084659,0.08985142430207564,0.0497137707990499
8806,0.08190075365303433,0.10063260613787052,0.08955271303241594,0.04963024482690853
8807,0.08200739179286638,0.100486625356608,0.08925526019327887,0.04955902073809995
8808,0.0820964366200051,0.1003421836402443,0.0889865406941205,0.04950144137848761
8809,0.08211848666990561,0.10026591838299183,0.08872637822547992,0.04947057049403388
8810,0.08210684857307189,0.10013421583840701,0.08843742871693476,0.049473170892895754
8811,0.08208799536437031,0.10016779201230512,0.08821298029855709,0.049511491460570684
8812,0.08208513805205044,0.10005495124760867,0.08791805829450955,0.049605837849978754
8813,0.08209291361606665,0.10016313774844093,0.08766825187742264,0.049703243942944335
8814,0.08210631575992579,0.10019724874985995,0.0874112861389396,0.04981147070505091
8815,0.08209795547229304,0.10047584208594083,0.08714440408003689,0.04986304620644926
8816,0.08207372747229387,0.10049497548448631,0.08688101826289092,0.04984884077030193
8817,0.08205277155610041,0.1004568280728067,0.08661802636778895,0.049781146884825656
8818,0.08203445143784655,0.10050860071471811,0.0863665931653844,0.04972161126755178
8819,0.08201587210099896,0.10044156203774136,0.08609119950152871,0.04971158431541808
8820,0.08199410719653963,0.10042599899477744,0.0858911631908617,0.04977320361014732
8821,0.0819740805644794,0.10033610198738624,0.08561858009027991,0.04987833567758049
8822,0.08194644315210638,0.10028747295511997,0.0853619431331253,0.05002218717978047
8823,0.08191772197352173,0.10023483328009515,0.08510811391501372,0.05021603775245367
8824,0.08189686086900025,0.10010961659339512,0.08484938197396738,0.05032748973045554
8825,0.08187197396887079,0.10007563054499038,0.0846059487581611,0.050333955490419635
8826,0.08184997724973431,0.0999693638355764,0.08437021991298774,0.05029531579141589
8827,0.08182118634763662,0.09988557675256095,0.08412539753681796,0.05027386548551568
8828,0.08179182156083521,0.099868502716272,0.08387813857508512,0.0504164022540846
8829,0.08176282471015275,0.0998530533308026,0.08369434177576127,0.05065362349826788
8830,0.08173807376119527,0.09980536035011367,0.08346381780543159,0.050857992038878815
8831,0.08171764097527709,0.09980491630637253,0.08323336348182422,0.05102292461424992
8832,0.0816882891766947,0.09979296004825916,0.08303379567151008,0.051104894997937245
8833,0.08165712870171626,0.09971951919594224,0.08277642681770468,0.05106870920356507
8834,0.08161980274147727,0.09961236275518756,0.082603008690138,0.05104897550746215
8835,0.08158222567142333,0.09949986506003534,0.08234766660845351,0.051097563527841276
8836,0.08154652698227845,0.09938663653501276,0.08213454572863936,0.051212614233622764
8837,0.08152101690095964,0.09925167517024837,0.08189490906286247,0.05129634313278215
8838,0.08149817338474848,0.09920304795605708,0.08172332054212482,0.051314193731847924
8839,0.08148418726038417,0.09909782941490666,0.08149224651549208,0.05128551877089789
8840,0.0814696745876318,0.09902353186146423,0.08133791819726517,0.05122447388013907
8841,0.08145644615443925,0.09906157164950992,0.08114281312467143,0.05118570672107244
8842,0.08143306231525219,0.09892555789844618,0.08092826538513695,0.05115535400055937
8843,0.08139644029229505,0.0988063977316066,0.08078611386826119,0.051125063231556384
8844,0.08135486926699324,0.09870266568343035,0.08060485300977437,0.05109358108428759
8845,0.08131701645496006,0.09851485396098882,0.08052813487752271,0.05104477232638204
8846,0.08128204023786416,0.09839772688993247,0.0803127781485415,0.0509682359720368
8847,0.0812560260399792,0.0982245039329945,0.08018864698468171,0.05088757118245943
8848,0.08123753824824136,0.098139867982302,0.08005618151545736,0.05080936447054325
8849,0.08121986467665486,0.09796873385101926,0.07981655553201408,0.05074193817513762
8850,0.081209708697776,0.09780998321740249,0.07965333890624875,0.05068976885939032
8851,0.08119296760686799,0.09770142182366626,0.07942177120135305,0.05062326584835915
8852,0.08118810194349196,0.09751204186301224,0.07922376781769667,0.05057437919993865
8853,0.08116521933913902,0.09744020484713403,0.0790086034685383,0.05051951834835181
8854,0.08114455294352962,0.09725901385497102,0.07878629171103335,0.050450698309639413
8855,0.08111180475044956,0.09712019008807135,0.07857661873104518,0.05037042344076616
8856,0.08108956952236426,0.09705854576279455,0.0783717121152066,0.05029091156482315
8857,0.08107497104419914,0.09686093439564093,0.07819174680371652,0.05020310715182193
8858,0.0810809213101548,0.0967932388004458,0.0780600176406329,0.050119032184077796
8859,0.08108872999110049,0.09663259626045445,0.07794683975061854,0.05003981533392721
8860,0.08109848158508051,0.09646356152903583,0.0778983982351076,0.04995749898378532
8861,0.08109637518386652,0.09637935992627827,0.07773010255786525,0.04989185556389499
8862,0.08107885109828203,0.09620188717225432,0.07754865545172987,0.049829168427681134
8863,0.08105460299473402,0.09604008875373347,0.07744606180508953,0.049777825069578216
8864,0.08101915988757763,0.09594104218778934,0.07735768278181931,0.049742232422844535
8865,0.08099368012286906,0.09574496197235025,0.07722959576797682,0.04971543008897392
8866,0.08096405626083424,0.09561455040841083,0.07725886992877655,0.04967603519722442
8867,0.08095414862507105,0.09543270322278576,0.07714065596282553,0.04964968482828435
8868,0.0809439863624431,0.09530475537622927,0.07718306367994678,0.04961977165453548
8869,0.08094538050100533,0.0951664697417789,0.07706348558754744,0.049596964458180966
8870,0.08094714365016338,0.09498571633375957,0.07692910953566517,0.04957060806153291
8871,0.08095913453323339,0.0948716100385476,0.07696948263308058,0.04955867297127429
8872,0.0809469069294716,0.0947127644722944,0.07678550790255592,0.049541255172006395
8873,0.08093639139702716,0.09455087642014118,0.07678739001683185,0.049520279255864566
8874,0.08092460459989365,0.09439388753438385,0.07660224525197812,0.04949744867935355
8875,0.08091316368102046,0.09421629259431928,0.07656441643236098,0.04946591996510876
8876,0.0809306622562525,0.09408160437032427,0.07643040198693404,0.04941719466683271
8877,0.08099483650432845,0.09390508879351538,0.07630438092708053,0.04936588639378118
8878,0.08104990121328638,0.09374002258052211,0.07614833861938064,0.04930381284126659
8879,0.08109540719748139,0.09356831731579635,0.07601602811339983,0.04923966441832904
8880,0.08110220643259762,0.09344760981831475,0.07584892211943789,0.04916564418492475
8881,0.08107257424223346,0.09327723734982665,0.07578744972782626,0.049094704029084946
8882,0.08104318780800768,0.09315507552105504,0.07571171521722807,0.04901577880854269
8883,0.08104773382390405,0.09300396594341025,0.07575151177229957,0.04893992067217068
8884,0.08110259204362606,0.09286832502219326,0.07573224429804681,0.0488622583639874
8885,0.08116802926904226,0.09269787110169311,0.07605132376151252,0.048791364718605346
8886,0.081259237116418,0.09254161510771197,0.07640946796876182,0.048717579891590895
8887,0.0813168325231175,0.0923794501727934,0.07714751357687111,0.04865472273732928
8888,0.08133188392140359,0.09222421767377205,0.07739647825199988,0.04859456215938855
8889,0.08132236108960761,0.09209341317741106,0.07847634645865516,0.04854747525924419
8890,0.0813149447661687,0.09192691996347298,0.0784573949926167,0.0485075406146035
8891,0.08133407511325727,0.09177806569514804,0.07924670292886077,0.048489746462173806
8892,0.08137975676463073,0.09161145698687675,0.07923658195452704,0.04848855097548486
8893,0.08146176435072039,0.09149336646289068,0.07963586382114486,0.04850791834452787
8894,0.08150914848718818,0.09136400660389647,0.07954104287121982,0.04855390476816142
8895,0.08152842028604973,0.09130538827117696,0.07979417381828459,0.048607763365607244
8896,0.08151311598752634,0.09117904515248271,0.0798004349153828,0.04866845000001021
8897,0.08148473798547812,0.0912030130823535,0.07984727647178076,0.04870949757554796
8898,0.08146311168214677,0.09110420387539585,0.08027473600421145,0.04873472727744652
8899,0.08146538658631162,0.09125079084468933,0.08030740943371552,0.04872538587472666
8900,0.08147655167847803,0.09112994128838565,0.0810433152989205,0.04869622378676355
8901,0.08148193726507416,0.0912833472649605,0.08123147024374969,0.04865322502326045
8902,0.08146719657831844,0.09121553112206847,0.08124168660542502,0.048596548179218844
8903,0.08143732187307427,0.0914650271370242,0.08165051254371332,0.0485342001827881
8904,0.08140453115907546,0.09133797741957593,0.08152878370446812,0.048461726361415144
8905,0.08137737009029211,0.09161711342874118,0.08176557952619504,0.04838317732345993
8906,0.081364719377353,0.09158360054733092,0.08190065831445865,0.0483047295127588
8907,0.08135518792374077,0.09199011499870345,0.08184778347951363,0.04822594509737751
8908,0.0813454355237577,0.09187850669895692,0.08189406354668037,0.04815295612599428
8909,0.08131905691393397,0.0923533354443382,0.08215443639383911,0.04807917131763742
8910,0.08128415938441998,0.09228788080459936,0.08200706440445996,0.048013209934787304
8911,0.08124577497375603,0.09287597727112842,0.08214825271268243,0.04794855254554756
8912,0.08120934096294373,0.09290001343440223,0.08201062440423824,0.04790348352591879
8913,0.08117932061441833,0.09323040472837738,0.08193008758047539,0.04786887974775268
8914,0.08115167428556004,0.09324762550292501,0.08174475583376868,0.04786652638755988
8915,0.08112807014444384,0.09331416611906486,0.08167528230954495,0.047894986984471845
8916,0.0810964718409498,0.09330015240149114,0.08149436644143086,0.04795726059166458
8917,0.08106224468655618,0.09332671606909466,0.08149417883238433,0.04805547112545795
8918,0.0810209967888357,0.09324963102886455,0.08132336901621191,0.04814783515718897
8919,0.08097847547809958,0.09330071827743083,0.0813128176715443,0.048226628556488786
8920,0.0809377502805225,0.09324814136754733,0.08122073978101355,0.04825122234509949
8921,0.08089924451469575,0.09339044303597616,0.08132445910772419,0.0482380610505132
8922,0.08086568686431325,0.0935581552389721,0.08129581246407162,0.04819281037459931
8923,0.08083053082271958,0.0939463382913612,0.08148827938458236,0.04814961078086109
8924,0.0807956716094857,0.09391746193348596,0.08145174715932077,0.04811854659133422
8925,0.08075588990902867,0.09448071683524384,0.08193691501197968,0.04811530428964845
8926,0.08071607099902287,0.09459773710124635,0.08211144164749493,0.04813653643925743
8927,0.08067220143787852,0.09492043963396726,0.08250432365571132,0.04819916118415453
8928,0.08063023461081749,0.09505917904667614,0.08257660622259606,0.04832994067009386
8929,0.08059265823495199,0.09523027163560782,0.08279604953404868,0.04846455335214153
8930,0.08056725301453617,0.09567677007820721,0.08335943817157017,0.04856163182863537
8931,0.08054833895720967,0.09572786563086494,0.08342670811864294,0.04859067672902245
8932,0.08056017716908864,0.0959356233709131,0.08395667413380732,0.048539125799306526
8933,0.08056013580425624,0.09616340522536725,0.08388611166408104,0.04847798198345796
8934,0.08058853336594021,0.0961723465454702,0.08428591247334409,0.04848717883672891
8935,0.08057817880456321,0.09637060986282565,0.08430258675744422,0.04858203326867863
8936,0.08055992695953829,0.09658061916197865,0.08447168438504114,0.04878446807196547
8937,0.08053562098463227,0.09662087659456035,0.08459748852501695,0.04908163541165149
8938,0.08054154098021397,0.09668004510902477,0.08491045887323848,0.049298394646635844
8939,0.08055643394368325,0.09665314437809186,0.0850981930534518,0.049413642470920324
8940,0.08058266142848015,0.09663051356763426,0.08508984943956066,0.04942511951944214
8941,0.08062864803267712,0.09662864052942723,0.0854455834702881,0.04943888056492683
8942,0.08062940335092156,0.09666853940956664,0.08537786270454012,0.0496733287864655
8943,0.08064052631036017,0.09674349580882001,0.08540538860241632,0.049937600038996444
8944,0.08061627085245075,0.09681171165001509,0.08531980233753622,0.050135186969576626
8945,0.08060436482892384,0.09687447800523695,0.08518385168530888,0.050304325928704596
8946,0.08058981064552684,0.09697008462513708,0.08506851162756005,0.05034266831762053
8947,0.08058550559523135,0.0969627915612747,0.08495891027344572,0.050289307066115486
8948,0.0805701234734192,0.09700565484145585,0.0848456172562088,0.0502544592976408
8949,0.08056460183447026,0.09693244224781201,0.08471638146813018,0.050250124760373195
8950,0.08055213288080942,0.09688175610007776,0.08466282340376453,0.050320905506004134
8951,0.08052990554865229,0.09690209817111912,0.0845146041974073,0.05036051052532324
8952,0.08051878051368232,0.09681410175886572,0.08443657771935988,0.0503474867314907
8953,0.08050231664116203,0.09691956449339972,0.08426450618719153,0.050307858102677565
8954,0.08049842651364753,0.09684678860067066,0.08410574108910845,0.050254784658643116
8955,0.08049953716552449,0.09682097886076511,0.08391317462080142,0.05019697923993523
8956,0.08049582463086725,0.09676121302992688,0.08376283370400317,0.05014581193973896
8957,0.08047025152706025,0.09678054243731332,0.08355228665269149,0.05010469858091847
8958,0.0804374704985876,0.09673388916396393,0.0833973824802255,0.05007926402429061
8959,0.08040725041042775,0.0969647658807792,0.08324457960210273,0.050066307533094
8960,0.08039025664988943,0.09697013972108998,0.0831376811330155,0.05001173894821819
8961,0.08038680574061931,0.09728780834392618,0.08288774141596089,0.04994705879192174
8962,0.08039701719453866,0.09725945236184529,0.08278179071715819,0.049877819009702576
8963,0.08040961839896632,0.09761002413122694,0.08261697245940315,0.04980138440971898
8964,0.08041934567149389,0.09756394373680546,0.08239051371906315,0.049734294919434686
8965,0.08042303335329887,0.09767984208657213,0.0821770656589762,0.049663161849078714
8966,0.08039796593723371,0.09765305360873935,0.08195188094026912,0.0496028633969741
8967,0.08036697437814672,0.09763456190145806,0.08172719353827475,0.049558645341910755
8968,0.08035090824108218,0.09762546692844938,0.08147895320613573,0.04951314042151942
8969,0.08036062098414315,0.09762586915303198,0.08124201789343233,0.0494612129867352
8970,0.08038739042894912,0.09767703481939816,0.08104213599207469,0.0494253695145076
8971,0.08044800514292755,0.09767155303828662,0.08082606786539724,0.049381098674898476
8972,0.0804969216620268,0.09758057175640147,0.08067400824817236,0.049324530616866355
8973,0.08053308363704591,0.09760793672796153,0.08058088568823706,0.04926717207779683
8974,0.08054189855656833,0.09753623342054171,0.08048270023071596,0.049221225692038205
8975,0.08051545803474593,0.0977279830380966,0.08044376220624053,0.049160268004810756
8976,0.08048854293756438,0.09761839969023231,0.08034874424247604,0.04910910317826576
8977,0.08049243499252287,0.09781076566935919,0.0803686529143085,0.049067443345232956
8978,0.08054145133042595,0.09803796756730512,0.0803005925778524,0.04903387285391284
8979,0.08060262303931685,0.09794697071089055,0.08058407488057792,0.04900067534815961
8980,0.08069037951012856,0.09801831305162446,0.08046447835191241,0.04899016608757611
8981,0.08074887843794074,0.09796107691735681,0.08092430245738608,0.048989954946071126
8982,0.08077028374734237,0.09785854285880528,0.08095185535739712,0.04898941902775771
8983,0.08076423353727646,0.09786201093502322,0.08166625121407424,0.048999640506549785
8984,0.08074191697073416,0.09771385907295288,0.08152470292251315,0.049017307214422906
8985,0.08073340707925131,0.09781059314004706,0.0823321999745051,0.04902920089820669
8986,0.08075656686300392,0.09767145464317169,0.08251543387448038,0.049034198935790335
8987,0.0808173180489362,0.09774330696276014,0.08385553672276455,0.04904132376674181
8988,0.08086769331215654,0.09772975257455933,0.08390559800763409,0.04903658093000997
8989,0.08090739916137255,0.09789999599059453,0.08482172150126481,0.04901697060210626
8990,0.08091796877042108,0.09775977930353115,0.08504250227647925,0.0489938955932424
8991,0.08090019265484355,0.09793723962688347,0.0853734782815798,0.04896026391075727
8992,0.08087258941150903,0.09789866579968712,0.08559614360262534,0.048919317810500594
8993,0.08084796026254461,0.09782940093708024,0.08567226627071772,0.04886807794869801
8994,0.08083410934949871,0.09790150969847368,0.08611368361820651,0.04882115625892686
8995,0.08083234278701014,0.097769677311194,0.08608709937663281,0.0487627085758307
8996,0.08082949993755005,0.09780077709795236,0.08659027081521435,0.048707713010856815
8997,0.08081489384412857,0.09772001928260915,0.08656138420896767,0.04864885049694236
8998,0.08078497433989855,0.09756369253349938,0.08699803014334499,0.04859833149774908
8999,0.0807503513918415,0.09750769742877159,0.0869085396132698,0.048541848021765234
9000,0.08071363701758216,0.09735690366174399,0.08730128601622757,0.048499209851068335
9001,0.08067799447222308,0.09721926489860705,0.08730880587549657,0.04845721120741652
9002,0.08064905458258856,0.0970607500021054,0.08752949735961246,0.04843051704211685
9003,0.08061741446837915,0.0969575686681441,0.08743561664006903,0.04840689838634367
9004,0.08058501040761036,0.0968353979188731,0.0877263934204511,0.048406896684968496
9005,0.08054772071354303,0.0966849360291201,0.08768819624225353,0.048413386049674954
9006,0.0805115877696185,0.09657896574344911,0.08800645562446888,0.04843477921167311
9007,0.08047751416142704,0.09639540480749452,0.088054197597029,0.048467627339903514
9008,0.08045232547538649,0.09629313031612098,0.08816563086539461,0.048502500105626664
9009,0.0804361504871223,0.0961635685408301,0.08816532061847195,0.04853863185952966
9010,0.08042691907072629,0.09600054578850327,0.08803866203427493,0.048561935556846965
9011,0.08041614295182622,0.09590844959415804,0.08801809835463344,0.0485844811382428
9012,0.080398440919923,0.09573077399863124,0.08791650422290834,0.04859127037552471
9013,0.08037440533089836,0.0955738318029707,0.08776620436160008,0.0485928876857046
9014,0.08033982700272305,0.09541064343820979,0.08774215712424718,0.04859005581847412
9015,0.08030136814059392,0.0952467903427642,0.08766941279308663,0.048583476214647536
9016,0.08026012846639646,0.09510877199547485,0.08761220782161463,0.04857412768541033
9017,0.08021820605966719,0.09495959504434576,0.08761682809910759,0.048566379563734566
9018,0.08017844701067532,0.09483392009071175,0.08751968609030976,0.04856018352131496
9019,0.08013790775728635,0.09465182658619686,0.08754105571365638,0.0485542022695874
9020,0.0800994218181434,0.09450565121972629,0.08749829798099487,0.04854650067563416
9021,0.0800597246194165,0.09436792177835651,0.08743934022310366,0.04853749456196212
9022,0.08002067688136028,0.09418236830746284,0.08751325380605487,0.04852363275236873
9023,0.07997909470014442,0.09402901497242921,0.08787713157248411,0.048506567342152224
9024,0.07993762639085893,0.09389871436654809,0.08769725782771537,0.04849233179676501
9025,0.0798948766678731,0.09371034599003977,0.08806863722081415,0.04848150681658117
9026,0.07985318504684964,0.09356537817219394,0.08799033516133631,0.04848914090702942
9027,0.07981172716923526,0.09341809811326862,0.08797322291108876,0.048497406690100435
9028,0.07977183066706216,0.09322945066489116,0.08784028271761635,0.04855766702359984
9029,0.0797355905122514,0.09306790062729367,0.08768724926764875,0.04857127315300445
9030,0.07970138467620427,0.0928845106610321,0.08751646703611735,0.04864402908101927
9031,0.07967972573753272,0.09269962664603389,0.08730203330030546,0.04863361751623625
9032,0.07965433031799239,0.09251532065499227,0.08711652822741799,0.048618344332747025
9033,0.07964976524681726,0.09232892769602694,0.08689772853815843,0.04857930370614429
9034,0.07962852984001376,0.09214572301705795,0.08678704189250706,0.04853973797916891
9035,0.0796153815492141,0.0919563823031298,0.0865333333058249,0.0485153018592519
9036,0.07959050109340146,0.09177480064732106,0.08635888687205706,0.048513549763441466
9037,0.07957456824320246,0.09158642183530093,0.08620058593121536,0.04854912782521345
9038,0.07955680533253565,0.09139840868943752,0.08595845998179015,0.048553050997974884
9039,0.07955955117086974,0.09121321720686705,0.08584871323016921,0.04859231925721645
9040,0.07956999484044439,0.09102405678064242,0.0855925078376123,0.04857682190283737
9041,0.07957711879243891,0.09084180526598257,0.08541814131465561,0.04858243805105366
9042,0.07961185435903846,0.09065921477353218,0.08523418736633179,0.048603062433254754
9043,0.07960993044457708,0.09047712955174361,0.08496840008647523,0.048682182798649644
9044,0.07964181763327231,0.0903053544970207,0.08472364537322445,0.04886416758946224
9045,0.07963253606032648,0.09012694390893414,0.08445261611635085,0.04909602551122393
9046,0.0796205930096306,0.08995067557189894,0.08417971251704727,0.04948982979511307
9047,0.07959364498089083,0.08977459611958824,0.08391045013202077,0.04984791036982647
9048,0.07959022529191243,0.08959928250254919,0.08365769581401264,0.05035029896727815
9049,0.07959619954801533,0.08943047395279775,0.0833870318743496,0.05060722383000907
9050,0.079609147639183,0.08926955349011835,0.08313851794301652,0.05071063030389711
9051,0.07964066303744474,0.08909746566432018,0.08291908617269783,0.050683336579522745
9052,0.0796271483160616,0.08895915985079818,0.08268534399910396,0.05076993381043538
9053,0.079594912340735,0.08883114031227779,0.08256739185851038,0.05100788919935587
9054,0.07956217956277094,0.088714358120943,0.08241242271989596,0.05115595221274508
9055,0.07953955758133428,0.08864917661086814,0.08238912654843134,0.05133122202957319
9056,0.07952916223766267,0.088534123634268,0.08230759778316536,0.051450132653426364
9057,0.07952644495555694,0.08852366691484483,0.08213929039756306,0.05151968252279826
9058,0.07955409305048146,0.08856611658112366,0.0820583344763985,0.0517885502004164
9059,0.0795685341327752,0.0887847848465669,0.08187347881770188,0.05184466440485615
9060,0.07959927642232445,0.08879511473744857,0.08176000097167116,0.05186043525126244
9061,0.07960218345213428,0.08891740986907382,0.08158991247001013,0.05184161532989126
9062,0.07958485148751059,0.08890799529746551,0.08146265591820719,0.051982878838113214
9063,0.07955755373069158,0.08918499143206479,0.08136830326563277,0.05219568070462406
9064,0.07953445920912477,0.08915273520799463,0.08126200245849426,0.05236789323173568
9065,0.07951615020209468,0.0892394975891682,0.08120772579729964,0.052738393593293346
9066,0.07950490517089534,0.0892144257665294,0.08110123405898081,0.05309871120102168
9067,0.07950116849257974,0.08922932912448192,0.0810138066301411,0.0532937656919929
9068,0.07947769233958721,0.08923808142112144,0.08082233721830825,0.05335127019885865
9069,0.07944485354361977,0.08928359699789301,0.08076566738284778,0.05353051730912098
9070,0.07940853279404013,0.0893460706549972,0.08067119225780538,0.05377890558790726
9071,0.07936878245114311,0.08957083985951535,0.08059741415951081,0.05386821688878342
9072,0.07933440773493991,0.08953480892174698,0.08041459309113339,0.05387992546474651
9073,0.07929775417217941,0.08968432361065637,0.08030567086754192,0.053992861461149025
9074,0.07926541334533285,0.08961432824081078,0.08010831193835857,0.05412598808345579
9075,0.07923532727595473,0.0896773364772217,0.07998594993111335,0.05435721340093708
9076,0.07920682342802318,0.08973777661687805,0.07981139417830155,0.054493980787094706
9077,0.07917377440885626,0.08979691763089936,0.07962546139328325,0.0545313085110106
9078,0.07914298760596325,0.08979856734717893,0.07948230136762623,0.05460349904130274
9079,0.0791087163622479,0.08981639352484327,0.07931494212287415,0.05460000580558898
9080,0.07908967748498218,0.08993832200525763,0.07921614267219886,0.05461737846488429
9081,0.07907749318440623,0.08991472000986107,0.07908571017201002,0.054625721673582
9082,0.07908539873886254,0.09011335868434825,0.07900728615334479,0.054702523832184005
9083,0.0791109942244797,0.0900346350389494,0.07889173391161235,0.05470116849838556
9084,0.07914418924466912,0.09017465856265869,0.07887980607980477,0.05473882147688038
9085,0.07920419992723973,0.09012705697848288,0.07882393778012842,0.05469401061638718
9086,0.07926521474322154,0.09023163093167262,0.078953068017782,0.054607408510064105
9087,0.0793529487863389,0.09021273566332984,0.07889714531876392,0.05453033119479363
9088,0.07942541645624011,0.09038648644692987,0.07922895223451955,0.054492922727036944
9089,0.07949827502910747,0.09034356069598846,0.07932822614172527,0.05449185391217433
9090,0.07954403128934866,0.09039620486099603,0.08006701775684567,0.05443046956764125
9091,0.07956579774846176,0.09064350712175753,0.08004452633173813,0.054348090301604875
9092,0.07956519804973483,0.09059699993330944,0.08075259413451323,0.05426352145923778
9093,0.07954734669540249,0.09091133139797762,0.08078715950315155,0.05420047046222127
9094,0.07952730267197981,0.0908272741861132,0.08161775282089415,0.05409664378099588
9095,0.07950023329886985,0.09106446156117838,0.08190560914128572,0.05399475144302132
9096,0.07947592449535852,0.09095946850533242,0.0825532061682165,0.053901416628018076
9097,0.07945123278300192,0.09109603851555963,0.08294540857610486,0.05379787333246348
9098,0.07943442079075998,0.09115877422699416,0.08370392783065657,0.05369629137788312
9099,0.07941626295495557,0.0910659530661408,0.08408271760851105,0.05359105911747839
9100,0.07940390977117848,0.09120783721729064,0.08506646184049238,0.053507019494714786
9101,0.0793874534933043,0.09110569247911199,0.08595296284235253,0.05343668553094688
9102,0.07937086882664122,0.09121766458936804,0.08652483197939394,0.053350456268117526
9103,0.07934910602071298,0.09109695655239952,0.08810397013507042,0.05325037446193206
9104,0.0793217664657038,0.09117122409676677,0.08812387830886127,0.05317997970378097
9105,0.07928953282849048,0.09126809950516114,0.08967909136831534,0.05308826939704237
9106,0.07925368660331192,0.09117760444759092,0.08969827588134839,0.05300839360738801
9107,0.0792180371807331,0.09135266204454867,0.09073269545474347,0.05296343351072651
9108,0.07918217099147652,0.09123970497503356,0.09093303372768188,0.05293757632802674
9109,0.07915261176903785,0.09132826619307402,0.0912634564956076,0.05290915515811339
9110,0.07912402049804113,0.09121867048487467,0.09125779198896455,0.05289069752389828
9111,0.07910404329709383,0.09130871567049798,0.09140487912322608,0.0528748981857515
9112,0.07908668773260463,0.09131663510257582,0.09143879492659716,0.05285764408640022
9113,0.07907720353775198,0.09157814092459089,0.09154160164082838,0.052835261605499145
9114,0.07907034621193834,0.09165154926900265,0.09162377556923824,0.05283578434676564
9115,0.07906762164308347,0.09206691329935765,0.09174323418007245,0.0528234885350633
9116,0.07906256051903734,0.09199124187139947,0.09169002402472583,0.052788816397109584
9117,0.07905491384671805,0.09213317186555502,0.0918889171755319,0.05274191546254641
9118,0.079039166766366,0.09260930356548856,0.09197520146212211,0.05267363006943682
9119,0.07901964505107673,0.09247364134260314,0.09193202509045742,0.052589853200429165
9120,0.07899135812870949,0.09294465200555777,0.09221218091855665,0.05251027232485306
9121,0.07896175084956274,0.09281205171217712,0.09210877019648203,0.05242886893628195
9122,0.07892706787462919,0.09309261366365693,0.09214218493434348,0.05234301507481451
9123,0.07889382885678746,0.09296094611488431,0.09207547023959091,0.052260552135007805
9124,0.07885814074765216,0.09305373695022501,0.09193058554939092,0.05217646810675684
9125,0.07882466520356525,0.09288635760241751,0.09183305413362264,0.052108633699503526
9126,0.07878916354876175,0.09292165721911226,0.09170672020277401,0.052045703714414984
9127,0.07875462596111112,0.09278363165724521,0.09155399365575903,0.051999495344693884
9128,0.07871812119378277,0.09286766554557685,0.09150383482260833,0.05195624725296969
9129,0.07868256856352132,0.09279140652209707,0.09134856883239395,0.05193143517256777
9130,0.07864498071840745,0.09296851655478514,0.09136981926062986,0.05190695750108456
9131,0.07860990009730458,0.09283243361619176,0.09121600806966314,0.051887798690588675
9132,0.07857327947011937,0.09308264856638537,0.09149408101713265,0.0518670838338608
9133,0.07854027996871239,0.0929932904058597,0.09127892649591342,0.051849978776019025
9134,0.07850639914733708,0.0931923948822997,0.0914784521882279,0.051822509012555085
9135,0.078477258823534,0.09311640332781664,0.09128062672402674,0.05179096130155059
9136,0.07844762514684171,0.09317941975757653,0.09123803987547567,0.051752650717615284
9137,0.07842340593171382,0.09305008516564317,0.09109003204349375,0.05170280052393238
9138,0.07840041772606969,0.09309544655333038,0.09085201404291879,0.05164158213303697
9139,0.07838438041926259,0.09295290089708393,0.09061147803031804,0.05157691853661468
9140,0.07837301594510668,0.09304638667828356,0.09040955311594563,0.05149944065406456
9141,0.07836964468946063,0.09293591044266405,0.09013867649478108,0.051419190653749426
9142,0.07837481534539087,0.09306763973444487,0.0899261784051219,0.05133069873634247
9143,0.07838737554685579,0.09296194345468517,0.08966926402438669,0.051246228272014374
9144,0.07840250899554922,0.09301083059420848,0.08942806975032255,0.051158753945327845
9145,0.07842208695134828,0.09299488013564657,0.08917078885752427,0.05108081521554794
9146,0.0784310115647104,0.09313555396945492,0.08892598029139379,0.0510058302734463
9147,0.07843838799449235,0.0931309845116184,0.08868497978813548,0.05094296436410623
9148,0.07843860801424112,0.0934133285791788,0.08847878112029463,0.05088726187022497
9149,0.07842848016428743,0.09352511392482202,0.08828004448732743,0.05085576524213562
9150,0.07842388914754568,0.09402531387598156,0.08815633873705728,0.05084239324680201
9151,0.0784046038155468,0.09399258331698562,0.08799332912361334,0.050857069269791
9152,0.07840466907087786,0.09460631412825161,0.08810534172601044,0.050902372830952086
9153,0.07838677618794536,0.09454220105196902,0.08788118184798076,0.050956957066606134
9154,0.07837754864379871,0.0951602293229693,0.08802475379526378,0.05101328968634496
9155,0.07836136006317872,0.09507042922496407,0.08778650001566532,0.05103564013026295
9156,0.07836402615344855,0.09552350346376509,0.08790818003271775,0.05102259738916881
9157,0.07836581744368334,0.09539156020603438,0.08764803132586253,0.0509698031348497
9158,0.07838692214499145,0.09583043874295802,0.08775451873118048,0.05090655073523499
9159,0.07842000065016158,0.09570161685359765,0.08751326671020433,0.0508454997109247
9160,0.07843270168370875,0.09603060204249847,0.08758465367673149,0.05079502049720917
9161,0.07843601832797666,0.0959296415913345,0.08735719367555263,0.05074436504766048
9162,0.07841275517643012,0.09606749260449413,0.08734780093410256,0.05071763791011351
9163,0.07837957867837465,0.09630491523311917,0.0871544210106978,0.050723672549597865
9164,0.07834393137592875,0.09626318503717136,0.08707332738003762,0.050765113765343116
9165,0.07831563082278774,0.0962287437230652,0.08686038625170589,0.05082712289012707
9166,0.07829419635124131,0.09616723830103913,0.08688577557008756,0.05088454310085029
9167,0.07828779183737784,0.0960419201786522,0.0867395910977372,0.05089652006691418
9168,0.07829477270281837,0.0959510688486723,0.08691852377261074,0.0508601203844338
9169,0.07831001434799882,0.0958007965906722,0.08671023854911838,0.05079781585679326
9170,0.07833754038456776,0.09571849364001465,0.0868700479001841,0.05073433484046056
9171,0.07836482156552287,0.09558010305446006,0.08666937489204841,0.05068716389580421
9172,0.07838686889438766,0.09553276411336371,0.08672388691525643,0.05064582709296925
9173,0.07839670616494497,0.09537867168792587,0.0865392668834998,0.05062257882392914
9174,0.07837847608010635,0.09535471447216927,0.08645814381652893,0.0506235257362756
9175,0.07834974413072371,0.09520671241835178,0.08628656662621124,0.0506423440827733
9176,0.07831221866841509,0.09516876699764176,0.08627261365752119,0.05068095553902653
9177,0.07827995599571788,0.0950296261315788,0.0861507954439381,0.05071375120833941
9178,0.07825293816254929,0.09496576852731098,0.08630363179310394,0.05071043381067267
9179,0.0782426577721749,0.09481480785505501,0.08612787669730963,0.050666324782394266
9180,0.078225682525673,0.09476410363321547,0.08620944289328608,0.0506012517281699
9181,0.07822012242738485,0.09463635744287589,0.08608806167268475,0.050530809658255293
9182,0.07819514457772128,0.09451450491523593,0.08601904446305488,0.050459030989556196
9183,0.0781726720039663,0.0944797990821597,0.08605987502131067,0.05038328877849374
9184,0.07815573840368867,0.09434898167722255,0.08593398962760716,0.050306990151459265
9185,0.07817130614390991,0.09438800407596892,0.08579138683805204,0.05023621317777039
9186,0.07821468857465068,0.09422549229296769,0.08575061199410887,0.05018327608938353
9187,0.07828020042273208,0.09422633672332327,0.0855290328152003,0.05014543297746936
9188,0.0783770595329068,0.0940837663866846,0.08543562589217851,0.0501302776365962
9189,0.0784537988089907,0.09405839153023852,0.0852285624263706,0.050130957307675375
9190,0.0785304507006229,0.09389561744384797,0.08511284611751596,0.050143159693775176
9191,0.07856791529066791,0.09384553889936276,0.08486731494925967,0.050173411631923036
9192,0.07857336606712555,0.09370778711652793,0.084700348148811,0.050220671556288406
9193,0.07855253747844847,0.09359213995765603,0.08446014084344373,0.05027775279428555
9194,0.07851933672855957,0.09353955094222527,0.0842809220876027,0.05032582154683534
9195,0.07851372538368903,0.09347525496466239,0.08413416903248913,0.0503671566069941
9196,0.07850997832521082,0.09337839343659445,0.08391365447719162,0.05037118010396423
9197,0.07852833927651319,0.09337585498424672,0.0837849682717841,0.050341175168616456
9198,0.0785123692135822,0.0933359931168173,0.08366225311843314,0.050284067575460736
9199,0.07849522959524886,0.09340696980863096,0.08346195547235453,0.05021904123428408
9200,0.07848503754185465,0.09331161436247562,0.08343397650995132,0.050155457369758974
9201,0.07850340377554828,0.09344380960885382,0.0831900209975603,0.05009754589606118
9202,0.07852259704866014,0.0935644752514221,0.08319936204545858,0.0500351188395346
9203,0.07853604226846701,0.0940050797783532,0.08297306856794169,0.049993529499494045
9204,0.07854060859282938,0.0939989396718723,0.08300642484716107,0.04997897857354919
9205,0.078515099093204,0.09450979979024773,0.08284823602901388,0.04999627615990446
9206,0.07848701095250794,0.09541053186039639,0.08299492689640545,0.05003501105434989
9207,0.07848070814446821,0.09686814017225912,0.08305142467578276,0.05008549118711708
9208,0.07848870947810752,0.09710935846759838,0.08357160808486247,0.05012062078330206
9209,0.07851149846079981,0.09855630877430233,0.08350032256111112,0.050132922982774386
9210,0.07853247847701222,0.09979118592690346,0.08427184912822797,0.05012725196326692
9211,0.07856178962977747,0.10280769920562866,0.08436645448192276,0.05010752770618543
9212,0.0785762409336809,0.10477768502567297,0.08549834548755911,0.05007500598150606
9213,0.07857383635516056,0.10560367669984118,0.08548075947981731,0.05003820945331479
9214,0.0785620014834537,0.10769586326423082,0.08637709569051767,0.04998753077970425
9215,0.0785336944874324,0.10999129298636395,0.0863665116341869,0.04992651113241212
9216,0.07850447270243022,0.11137286482147905,0.08691075979216657,0.04985275429545542
9217,0.07847259093843614,0.11185626335668633,0.08705701990821914,0.049775481789357034
9218,0.0784436025827991,0.11315202470982502,0.08717704824061853,0.049692199508611194
9219,0.07842735768905752,0.11399793430624015,0.08789725128309431,0.049611220624533804
9220,0.07841667408156763,0.11442610040739495,0.08776495633914595,0.04952781880892076
9221,0.07841545621215855,0.11499269432930294,0.0885451258018192,0.049453482273126875
9222,0.07842799414793884,0.11628752372138304,0.08858084561914348,0.04937845870182237
9223,0.07843862129570082,0.12089175993566949,0.08878921832454913,0.04932243232730721
9224,0.07844068991158797,0.127518834439848,0.0886454966707977,0.04927893810345159
9225,0.07843268726632362,0.13071249607612137,0.08868840122939593,0.04926606378477374
9226,0.07840251632145677,0.1363069433966517,0.08854490350910421,0.04928813695312988
9227,0.07837737062892726,0.1406953542832775,0.0885156296010792,0.04934642622549776
9228,0.07836442683416374,0.14411223268580656,0.08839276110875288,0.04944776749678995
9229,0.07837041363159032,0.1467220600385652,0.08832400473348744,0.04954955002703471
9230,0.07840480122217669,0.15114783673082688,0.08817172444975077,0.04964358047888191
9231,0.07847991756173607,0.1563976017529957,0.0881311601905613,0.04968300290407523
9232,0.07854187095393232,0.16084738998171852,0.08795338099765568,0.04967756329031562
9233,0.07856566312433315,0.16433688746307673,0.0879053098943215,0.049630118643048074
9234,0.07855219535346816,0.1671600023178489,0.08776864169604845,0.04958462318083013
9235,0.07852881588693816,0.17108162332295274,0.08781446398677722,0.04955398294409229
9236,0.07853411897177544,0.17523194142456153,0.08775776210948943,0.049557088546166445
9237,0.07858559900399781,0.17969153103067398,0.08776266742376429,0.04958357689385472
9238,0.07873080523857458,0.1832547344684576,0.08761665340746488,0.0496621856866214
9239,0.07886483647768582,0.1862026051809763,0.08768631739524156,0.04982221952058809
9240,0.07900383318799928,0.19043865648654337,0.08750936066093941,0.04997926678456909
9241,0.07904596768913189,0.1950594564006577,0.08746780656782806,0.050075533337936365
9242,0.07908155049320384,0.1985013395003697,0.08729712080048485,0.05008840499588136
9243,0.0791234840739315,0.20093680228093858,0.08712128191463009,0.05002013574803316
9244,0.07916387094050328,0.20363624798777796,0.08701897634488297,0.05000291754104814
9245,0.07925715572778087,0.20650988866126024,0.08683026516668994,0.05010504897350202
9246,0.07934542728800986,0.20885987535356787,0.08671572002153465,0.050316775574381745
9247,0.07941025842972332,0.21118527371896417,0.08656459529297254,0.05064175714842987
9248,0.07939411219878235,0.2131671252287134,0.08657127805109346,0.05101734692944635
9249,0.07940358984608842,0.21531587773060012,0.08650670343133446,0.05115888323814254
9250,0.07942079836754118,0.21775374063678318,0.08678735912206956,0.051201970296834196
9251,0.07941559080490329,0.21959590785288408,0.08662376249291644,0.05130229942875168
9252,0.07939499890268287,0.22151740611315446,0.08693837778614898,0.051370752361791096
9253,0.07937532415275295,0.22516853873547985,0.0868591623579364,0.05159301227377343
9254,0.07935292718717406,0.22664378812704472,0.08735071871930129,0.051869852551234316
9255,0.07933753852186731,0.2287870812504492,0.0872421453269719,0.05193512613748063
9256,0.0793671139865106,0.23153549376860824,0.08778877606176258,0.051921201779680216
9257,0.07940518863686995,0.23345208067712078,0.08803468652585289,0.05191392495173026
9258,0.07940444009551106,0.23532747645697796,0.08902802114499615,0.05187465294853468
9259,0.07938423353169959,0.23673760481103456,0.08899431706467585,0.05189099547354968
9260,0.07936167610599727,0.23838754160441036,0.08984890122371238,0.051866769323405115
9261,0.07933678244057599,0.23985365585655857,0.090025245764064,0.051839698605061275
9262,0.07931345884973105,0.24117086431274845,0.0901536440920132,0.051860105058299105
9263,0.07931175568430968,0.2424630530216851,0.09037812344904228,0.051835830345879366
9264,0.07932654582959303,0.24399881316357508,0.09051269310528294,0.05176969764662754
9265,0.0793155421527712,0.24582144026327118,0.09066802999441381,0.05171081171941316
9266,0.07927969844719406,0.24636781401779398,0.09058643308408165,0.05162990004722276
9267,0.07924791108521297,0.24736555526812287,0.09080194435653303,0.05157102425060648
9268,0.07921722776036033,0.2488756732231241,0.09078197537794465,0.05150806890444128
9269,0.07918111650867153,0.24936707641859174,0.09129482673652183,0.05142475929753072
9270,0.07914700819686496,0.25035861211069843,0.09139676707178732,0.051359059836396145
9271,0.07911717745620184,0.2515154650600074,0.09135480827063369,0.05129227132044625
9272,0.07908908256393926,0.2524494725900254,0.09136979322548466,0.051219024839713474
9273,0.07904896198878936,0.25275912409724544,0.09143448787497328,0.0511423842507608
9274,0.07901310551342279,0.253240619158479,0.0915280617986508,0.05106599349936021
9275,0.0789811378697113,0.25358477635726706,0.0914626214082427,0.05097023209031047
9276,0.07894093194207515,0.25362594414778206,0.09167027277605329,0.05086857655502998
9277,0.07889980136532349,0.25375748053523417,0.09154794544527031,0.05077108766754076
9278,0.07885922367682462,0.25402185123742477,0.09164581139979515,0.050674060925111244
9279,0.07882384676918172,0.2542039778960044,0.091673707482885,0.05056551478726789
9280,0.0787818944478672,0.25415798827972347,0.0915644022396922,0.05047015258463481
9281,0.07873755454322616,0.2542279123422156,0.09141830655224302,0.05038387489068804
9282,0.07869717438302753,0.25457714015477567,0.09130029300584065,0.05029040782869663
9283,0.07865388061715915,0.2548655523214489,0.09111386657489372,0.050197042637067056
9284,0.07861005881435203,0.2548052896086853,0.0909739051375578,0.050138575094684494
9285,0.0785657295959047,0.2552060186184306,0.09088734401476817,0.05008321786257705
9286,0.0785248051179546,0.25513240557862077,0.09073273017177928,0.05004642120660757
9287,0.07848321010325468,0.2551440949317613,0.09075855259300032,0.05007017315654067
9288,0.07844482415104716,0.2554105150191898,0.09090871571020637,0.05013601534798212
9289,0.07841068072819152,0.25534771483778657,0.09097136395294705,0.05021556408609743
9290,0.07839509231921069,0.2550549405242652,0.09158515033383573,0.05029774812806414
9291,0.07837294970512271,0.2550026253922305,0.09144814027489313,0.05037715054026765
9292,0.07837007549842955,0.255029493433307,0.092045559180519,0.05038154271569515
9293,0.07836559401925285,0.2546856660075585,0.09192990390150928,0.050344526030707173
9294,0.07836035828045931,0.25488541367257256,0.09256245400801658,0.05029095147045689
9295,0.07835146932424528,0.2547676883478125,0.09234380884941709,0.05024631473028189
9296,0.07835411630768756,0.254393821219848,0.09286411277655222,0.05022632112692305
9297,0.07834236514065446,0.2544823554557514,0.09277119006400837,0.05024716814172821
9298,0.07833296055953497,0.2543066906745177,0.09340543290799594,0.05029431657071902
9299,0.07833691826333675,0.2539467181365556,0.09330187785888668,0.05039146420119319
9300,0.07833255957403115,0.2535682821544868,0.09386676037611665,0.050527838200324006
9301,0.07834361287282561,0.2531815764309464,0.09383588601437197,0.05062049895174132
9302,0.07838263620179893,0.25276081955224183,0.0940164011827556,0.050629899801548243
9303,0.07840080969754375,0.2522960073637312,0.09440565412234937,0.05056974476393535
9304,0.07839143909039169,0.2518853494701692,0.09433252614966764,0.050501951255958695
9305,0.0783680016485157,0.2513840213008989,0.09500907232951235,0.050529734493090325
9306,0.07835160189796764,0.25112867313278986,0.09484896431611949,0.05067894364189569
9307,0.0783587099903963,0.25079087369196124,0.09540058661406482,0.0508944882149995
9308,0.07839188542868235,0.2502600728345637,0.09544782528885115,0.05112060634836785
9309,0.07846538733960913,0.249890822297296,0.09549151074544245,0.05133502332396811
9310,0.07853214083859009,0.24969343862280874,0.09561881724545422,0.05138150149124233
9311,0.07856545676883245,0.24921081846258442,0.09564508491865516,0.05137173038014205
9312,0.0785640788866678,0.24866268406870357,0.09600260624441444,0.051469436216175446
9313,0.07855217549383758,0.24817026675949078,0.0958952494923658,0.05160268306861896
9314,0.07854900732034205,0.24759358592185907,0.09646992088681819,0.05181839586811687
9315,0.07856306988442908,0.24701398622770374,0.09641463432689087,0.0520209451594436
9316,0.07859887047189555,0.24644274411258962,0.09725475029013275,0.05206592843774373
9317,0.07863738188123628,0.2458348561331091,0.09720447943770077,0.052023545991770406
9318,0.07866113560649726,0.24531737580244098,0.09768651176527186,0.05196326188587647
9319,0.07866103914155033,0.244735309910254,0.09770951134690939,0.05191994861731215
9320,0.07864663006578802,0.24431226262817177,0.0977818380233168,0.05191855696839032
9321,0.07862367901043583,0.24373124132625804,0.09780386907927333,0.05190549328773645
9322,0.07860141914080397,0.24319906221637808,0.09769146954266363,0.05191335773393691
9323,0.07857534982536071,0.24265867283195888,0.09787515328368938,0.051893986972128894
9324,0.07856226633864925,0.24198681410972658,0.09769596123120793,0.051868045530240506
9325,0.0785641579346014,0.24143646440496305,0.09796627548761822,0.051799151111283075
9326,0.0785605554443221,0.24079183483677413,0.09775178979079588,0.05172109300354618
9327,0.07855465047531301,0.2401747630464238,0.0977902418018776,0.05163648233953566
9328,0.07853339790708848,0.23960635502959945,0.09762695807547947,0.05155492757776363
9329,0.07851212183930689,0.2389735929463211,0.09751188021086911,0.051480039585072676
9330,0.07848927673700072,0.23833911856648163,0.09762007579808411,0.05140646519665588
9331,0.07845574055397125,0.23781490008405,0.09737124921263002,0.051354695290440275
9332,0.07842166342750237,0.23723788163407938,0.09745147908254045,0.0513041137588778
9333,0.07839745816392914,0.23678600641799546,0.09720467977344407,0.05125117665410986
9334,0.07837983988826085,0.23622712881005323,0.09713957704058368,0.05118923957759187
9335,0.07835765571329395,0.23590484166141187,0.09692723094272039,0.05113049958911761
9336,0.07833674077467653,0.23530997726235148,0.09671488464201977,0.05105505732949464
9337,0.07831242628373683,0.23494301611568819,0.09662140540123693,0.05096781016279865
9338,0.07828297191568241,0.2344509030755794,0.09638810772863851,0.050874364783281195
9339,0.07825125235578029,0.23390315068446635,0.09636498115232738,0.050776949670217474
9340,0.07821144200666831,0.23326210996788863,0.09612361417319629,0.0506768955134556
9341,0.07817197302460152,0.23265144566993626,0.09622257380570977,0.05057928351420802
9342,0.07813417778845151,0.23200969396319696,0.0959477720733365,0.05048089024748006
9343,0.07809999147631376,0.23132945361716326,0.09607532605174675,0.05038043010105908
9344,0.07806826721090568,0.230654293740594,0.09588966878442456,0.050281354012957406
9345,0.07804567438018893,0.2300264129080669,0.09567789178369612,0.05017679832149976
9346,0.07802343618754813,0.22927765438637182,0.09552122389526886,0.0500765639240353
9347,0.07799890461321175,0.22865999286915004,0.09525426912474096,0.04997890698444939
9348,0.07796849079911897,0.22793308744211904,0.09502186045336512,0.04988812788694536
9349,0.07792892858956275,0.22721112298290444,0.09477758465216331,0.04980183678316661
9350,0.07788805553528537,0.22655840758851578,0.09446416772007675,0.049740832122766476
9351,0.07784557536303445,0.22582774498275968,0.09420083910054002,0.04969385566350369
9352,0.07780560750930832,0.22511769681568933,0.09393991684965543,0.049682103661461335
9353,0.0777698369348644,0.22439132071248205,0.09365460157665001,0.04970710080357874
9354,0.07774070981657004,0.22366896990838603,0.09343925664559483,0.049779387113799874
9355,0.07771147312818431,0.22299118292799533,0.09312867822944951,0.04987818773611234
9356,0.07769185856038596,0.22236273276205942,0.0929763701939924,0.049962926503456906
9357,0.07766674352505959,0.22173099765948062,0.09264968882291545,0.0500045110909443
9358,0.07764534805624206,0.22107726474749792,0.09244888640629258,0.049979580577727105
9359,0.0776141586226692,0.22062424475088227,0.09216990099218186,0.04992609498763667
9360,0.07757526780966176,0.21990667290291524,0.09190982545724143,0.04988572351703061
9361,0.07753395029914029,0.21950858627649475,0.09172682637960668,0.04990409797237484
9362,0.07750089466356858,0.21880107523233064,0.09147869354999084,0.049955462614095586
9363,0.07747178888851461,0.21838439272256407,0.09141338650939769,0.0500888599066927
9364,0.07745440074976274,0.21770156325230652,0.09112783814225098,0.05028940284559617
9365,0.07744905185215312,0.21734933775487547,0.0911430965233865,0.05045774625950001
9366,0.0774471979387066,0.21689718590516738,0.09096248962831392,0.050555868019430614
9367,0.07746119435433212,0.2168832653893252,0.09119874852000108,0.05056572432758404
9368,0.0774639698928302,0.21628835004692812,0.09118612289084735,0.05052137578467313
9369,0.07747210483472289,0.21648780050863733,0.0910950997983035,0.050609687860211576
9370,0.07746164135639169,0.2159628805079804,0.09093286249096337,0.05087080565497164
9371,0.07743792627741188,0.2164045156601521,0.09103450681377209,0.051208348846116254
9372,0.07740419243971816,0.2157823636847869,0.09104818064850564,0.051503363395656344
9373,0.0773648098948589,0.21612243394002764,0.09145332549556912,0.051767512697553204
9374,0.07732829889072032,0.21647255307431737,0.09135634622236596,0.051826447285967754
9375,0.07730760046499198,0.21790655357207597,0.09197157411835276,0.05182844677946856
9376,0.07729773834764869,0.21781333613448253,0.09215805967314294,0.05194625680816651
9377,0.07729425107627184,0.21857392108850326,0.09323741633083035,0.05214420936302958
9378,0.077304478152729,0.22011516562184277,0.09334656999239734,0.05229807797831928
9379,0.07730742903829481,0.2201230051440515,0.09419325807829007,0.05232272669387432
9380,0.0773174441052606,0.2218773796246355,0.09456601839915246,0.05230239705364167
9381,0.07731108185805322,0.22373644686395683,0.0947591252035771,0.05225743804675498
9382,0.07729506488291547,0.22503429026178004,0.09532510066514473,0.05231141749924071
9383,0.07726608067161668,0.22657384250479562,0.09540958986147109,0.052369526678185854
9384,0.07722738468356942,0.22747784862963394,0.09569738905842717,0.05237358841296721
9385,0.07718904232149917,0.22772725862138268,0.09571831963777151,0.05234880076740389
9386,0.07716530431891747,0.22919392883443268,0.09582203910895555,0.05229281870285406
9387,0.07715142757416861,0.23036549283231414,0.09589652385458679,0.05226772984808619
9388,0.07715277688070789,0.2304341917933205,0.09582944818382276,0.05229303305550124
9389,0.07716709016990587,0.23093208802965018,0.09603146583997706,0.05231563780645715
9390,0.07718168681441208,0.23195697016453345,0.09617328316286558,0.05233010720481957
9391,0.07720398234682582,0.23305981829092823,0.09640557026861257,0.05239707861693336
9392,0.07721648237062084,0.2345643222339878,0.09655380859405956,0.05237637797611331
9393,0.07722567767859183,0.23467422230620083,0.09713015735154493,0.05241471489376613
9394,0.07722378894894083,0.23454714552249512,0.09755043435638255,0.05237222516592597
9395,0.07720927616415761,0.23462799441821944,0.09878168433959575,0.05229069824211025
9396,0.07718877937662032,0.23521339764319393,0.09903619892443125,0.052223434369241324
9397,0.07715859152252369,0.2356820131852917,0.10036344965269754,0.052218715508279945
9398,0.0771293523433322,0.23603547557067064,0.10083575134591058,0.05234539327455089
9399,0.07709860849951398,0.23647193506138356,0.10148673962945723,0.05234225730630619
9400,0.07707465682653132,0.23697149167138287,0.10266451349770246,0.05239299896935819
9401,0.07705366674054749,0.23728085036828675,0.10275986544342151,0.0523605053283254
9402,0.07704286404563099,0.23754128527766252,0.10355308129054261,0.052331644421735636
9403,0.0770443349590588,0.23771557990898842,0.10395348882212062,0.05229913357891355
9404,0.07705522690928647,0.2376751027841787,0.10402081001376194,0.05225727257992054
9405,0.07707797339794273,0.23740171944811675,0.10454214922169901,0.05224566908678312
9406,0.07710111765101314,0.23700714706876536,0.10451172763878103,0.052200658424977404
9407,0.0771148035765061,0.23659803982142277,0.1047820358358381,0.052235529748983704
9408,0.07712063296319926,0.2362065183357482,0.10478300677318175,0.05233186664556025
9409,0.07710784254570326,0.23585508006561842,0.1053009317900265,0.05245484574288314
9410,0.07708374478363315,0.2355201177578201,0.10517441541435084,0.052654801166499
9411,0.07705474404178493,0.23516583961045992,0.10538671573868283,0.05276406677965037
9412,0.07702980471071669,0.2347429959550477,0.1054411222952832,0.05277608326553497
9413,0.07701849607231452,0.2342969389676652,0.10533677964759883,0.052686550113899486
9414,0.07702238031990359,0.23383888198224242,0.10533580355877724,0.052649073118779824
9415,0.0770323199920803,0.23333450686505536,0.1053168156992525,0.052751090976833996
9416,0.07704616538407046,0.2327895210482254,0.105136660477407,0.052935020383669436
9417,0.07705380129385188,0.23228500508118038,0.10505918350550136,0.053232265546486905
9418,0.07704029145194151,0.2318262756788147,0.10491495157580051,0.05342060109043449
9419,0.0770211491500671,0.2313592150975064,0.10469977797901502,0.05356291385902969
9420,0.07699155821708885,0.23084522789336262,0.10447143327028076,0.05355111513437766
9421,0.07696873317315608,0.2302898289818459,0.10418843811221129,0.05355746437927016
9422,0.07696352605188013,0.22971958534281442,0.103895089001645,0.053637173309880784
9423,0.07697785015658332,0.22914908231389208,0.10364221621182165,0.05368975012790014
9424,0.07700219174498599,0.2286074736375235,0.10331357530200198,0.05379647500931616
9425,0.0770374192340546,0.22806260932699637,0.10297513205857187,0.05389378100192844
9426,0.07705113268507387,0.22751800780589101,0.10263241197760156,0.0539200539995831
9427,0.07702969592347383,0.22696617641567432,0.10233193175278688,0.05408420219647921
9428,0.07699791160098286,0.226381782972829,0.10195643197587237,0.0540479288682828
9429,0.07697898177293766,0.22578365631100672,0.10164822337928879,0.053989389150235774
9430,0.07698496579932027,0.2252307027131185,0.1013052980156555,0.05393122456679667
9431,0.07701818874733884,0.2246469681190566,0.10096411682282404,0.05396611591775095
9432,0.07709918361698313,0.2240561147664716,0.10061860237382068,0.054037009581013325
9433,0.07717670335780714,0.22350011346020365,0.10034808697710612,0.054073155452374004
9434,0.07723334092390848,0.22291073249979987,0.1000628181063464,0.054220250381197106
9435,0.07724500253846574,0.22225885525438344,0.09981816922714187,0.05436157056068355
9436,0.07723245312710829,0.22164810779298535,0.0995472095465585,0.0544606356785506
9437,0.07722805066267993,0.22105314025660022,0.09930186899021595,0.05442567680798281
9438,0.07725992916388934,0.22043470883737273,0.0990968547934763,0.05436424169763622
9439,0.07737524243073561,0.2197982347088398,0.0989919296850265,0.054380924888507265
9440,0.07750523378713077,0.21916388912220347,0.0989027414948597,0.05448074232152647
9441,0.07766610941472271,0.21851457173070263,0.09912504124355698,0.05453863810284425
9442,0.07772242653926466,0.21787112236637618,0.09932954085879919,0.05454580059391331
9443,0.07773754159910613,0.21722223856948963,0.10010533802412255,0.05451554210311036
9444,0.07777485269166556,0.2165643322856092,0.0999943861183364,0.054442455192163404
9445,0.07780972021641148,0.21591261664953423,0.10098812186967542,0.05441631527651702
9446,0.07786030612166892,0.21528159900731803,0.1013248612987146,0.05433671621351001
9447,0.07791645720047373,0.21464132784660486,0.10303602953787597,0.054271412611359995
9448,0.07799287277488641,0.21399249034324336,0.10319067844903171,0.05418427430608905
9449,0.07801698500044818,0.21338740789232702,0.10451638813929369,0.0541064156013622
9450,0.07799621857498507,0.21271551379570225,0.10520734316660756,0.05408615124972459
9451,0.07801389542390734,0.2120975336965304,0.10545565705938058,0.05401100456951099
9452,0.07803095965187241,0.2114132726413458,0.10658756447501794,0.05396033008091745
9453,0.07801043327821582,0.2107706131868151,0.10672894280018053,0.05389652535645546
9454,0.07798667762926163,0.21008258178417127,0.10712686469950387,0.053832272464675104
9455,0.0779597968406721,0.20943668705670854,0.10773308228155,0.053741226204814196
9456,0.07793294418738778,0.20876738268968043,0.10786255212334417,0.05363171011014657
9457,0.07791411579975209,0.2081048115431507,0.1085653674267299,0.0535346339984969
9458,0.07792326982370083,0.2074474196879857,0.1086916759149163,0.05343856491980598
9459,0.07794334053322637,0.20680866422678523,0.10874081444185749,0.05336079085067866
9460,0.07792226965682024,0.2061398806647794,0.10898879228062115,0.05326934417113639
9461,0.0778948453139802,0.2055068037629331,0.1090111596031288,0.053181921536784395
9462,0.07788317679339618,0.20486130992438434,0.10943647601378922,0.05307590338639738
9463,0.07786053166206701,0.2042533156297277,0.10983086511642491,0.05297730649448494
9464,0.07783663327420941,0.2036289139500819,0.1106796134631306,0.05289464993166302
9465,0.07782108452981056,0.20302366397015795,0.11071688892435301,0.05281681131848879
9466,0.07781724729221275,0.20245255989967664,0.1114910691579911,0.052753413260321236
9467,0.0778018119932219,0.20190316522069957,0.11171974274675327,0.052711095032730415
9468,0.07776701234752958,0.20127451907002372,0.11206878780874764,0.052683421940406684
9469,0.07773766045057848,0.200854112538337,0.11234718343502564,0.05265854194854351
9470,0.07770582713842895,0.20027772063300123,0.11278130517075538,0.05263257502261975
9471,0.07767000421687151,0.19990329896448736,0.11356568878596414,0.052605484343200504
9472,0.07763175542458471,0.19928656349841248,0.11346866428676199,0.05256085036091152
9473,0.07759548931995001,0.19887859518502823,0.11394027240220894,0.05252368925216479
9474,0.0775610943847359,0.19831381681448518,0.11382198088317295,0.05247735832009881
9475,0.07752501861582538,0.19785861609860628,0.11392947984043297,0.0524248190215955
9476,0.07748908405043363,0.1972766186642592,0.11388970306031318,0.052367331301907315
9477,0.07746903778566523,0.19687321086910417,0.11401514191954161,0.05230733738836985
9478,0.07745121301303999,0.19633408182547604,0.11393118358698609,0.05223439540405924
9479,0.07743343414195891,0.19601549584138078,0.11429453948609822,0.05215642699665234
9480,0.07740709983607987,0.19543614799790426,0.11406983086274548,0.05206493080726339
9481,0.07739083067272362,0.195184029281763,0.11436004053443509,0.05196955983766137
9482,0.07737030318009723,0.19470665057058098,0.11433155173859108,0.05186984761404323
9483,0.0773407199076475,0.19459931855829743,0.11422697726656994,0.05177188074567011
9484,0.07730312792191683,0.19402077699234116,0.11423684247561902,0.05167151820887576
9485,0.07727341256349603,0.1938505483854053,0.1141503196288994,0.0515703990258232
9486,0.07723973315463167,0.19334670084501768,0.11407355884430727,0.05146966420376976
9487,0.077206565241145,0.19320498950179954,0.11386871724357103,0.051371140761495696
9488,0.07717141253727343,0.19285539880804278,0.11359915006962105,0.051274380311647515
9489,0.07713951620078792,0.19243453585167722,0.1133343915235255,0.05117594576636013
9490,0.07712142161862529,0.19225892627457475,0.11304418929337114,0.051076052873708415
9491,0.07709950327726009,0.19175180459157723,0.11288557660620131,0.050975200263279896
9492,0.07710364883007705,0.19147401524275956,0.11281374746741288,0.05087591683204485
9493,0.07709268660358962,0.19099999721486832,0.11261728981611295,0.050776680086951305
9494,0.07710521931102228,0.19057336958732474,0.11279625472596112,0.05068163324870303
9495,0.07710577616960855,0.19009758500306642,0.11273258167858549,0.05058702814962959
9496,0.07709831178914815,0.18963067215019058,0.11318918414848186,0.050499094977734624
9497,0.0770793887935067,0.18926477814268988,0.1129741007418839,0.050414904081247096
9498,0.07708234669725705,0.18878106250555976,0.1133983217369604,0.050347394314276414
9499,0.07710112975335803,0.1884044898482234,0.11332492028422657,0.050295631764116784
9500,0.07710164149705662,0.18793363781322142,0.11401599343155097,0.05027995416213472
9501,0.0770990439393509,0.18748452625352993,0.11382882129130792,0.050310926385432005
9502,0.07708797847103196,0.18704959355786901,0.11467581749122525,0.0503813553926557
9503,0.07709954861433681,0.18656477166009927,0.11508048675919628,0.050499908433042334
9504,0.07711091256404035,0.1860613309083285,0.11654450639086764,0.05060041499674713
9505,0.07711202775594178,0.18555368808214492,0.11646683297234094,0.05065853577507231
9506,0.07711307502196502,0.18505719756129485,0.11815290467396948,0.0506412838597539
9507,0.07709438005525329,0.18455463567704347,0.11810401965668187,0.050586362531192176
9508,0.07707642685263934,0.18403724105453725,0.11878722745690695,0.05053626268440737
9509,0.07705022712596062,0.18352425606861467,0.11893333953017347,0.05054221428794247
9510,0.07703422025499451,0.18301444417057616,0.11909804276292119,0.05059955535618732
9511,0.07702230912696713,0.18248753116144828,0.11891217375117481,0.05074162496014762
9512,0.07702413121359437,0.1819761189201079,0.11909983581957931,0.050956727427193586
9513,0.0770122489733785,0.18145883504715654,0.1190640863537402,0.0511286629787478
9514,0.0769951680653277,0.18092196331529575,0.1196818259149585,0.0512208693532781
9515,0.07697916816291978,0.1803930062403601,0.12071135351730042,0.051220803724437255
9516,0.07695264708659584,0.17986038745341895,0.12158620669772173,0.05118408091527795
9517,0.07692427057130348,0.17932722186402686,0.12378233582655226,0.05132939094651999
9518,0.07689848816014334,0.1787989198748462,0.12390114345591245,0.051616246709997614
9519,0.07687994423698158,0.17827106424967662,0.12481956995618235,0.05193245987964301
9520,0.07686026767168828,0.17774004972111399,0.12510632411822425,0.05218259369488324
9521,0.07684216938439846,0.1772284738435155,0.12561179992190455,0.05227411682561027
9522,0.076815709636259,0.17672031436639396,0.12583740583986078,0.052257896699549874
9523,0.07679230906473261,0.17617410295847535,0.12617686562817815,0.05227534518947394
9524,0.0767632570009018,0.17567113939573628,0.12670160395398689,0.05242078497214754
9525,0.07673227412360945,0.17516383501770108,0.12710543686705317,0.05263146245400232
9526,0.07669719132520082,0.17461951164732475,0.12809312417413377,0.05267348477865777
9527,0.07665898384990144,0.17411238249156327,0.12814351417407832,0.052647771806976634
9528,0.07662385567900701,0.17356998754822595,0.1287846077164108,0.05260443848270092
9529,0.07658754809719731,0.17304048797728583,0.13026209485847093,0.05259099308240835
9530,0.07655465501769747,0.1725257555028871,0.13027477296821385,0.05269627585456253
9531,0.07652303949796077,0.17198212123815415,0.1314466280579933,0.05273770240816726
9532,0.07649756050533364,0.1714897054814515,0.13203202132363973,0.052713952226031695
9533,0.07647118980833349,0.1709509502677919,0.131941837432454,0.05266682548668328
9534,0.07644650531801742,0.17041800102153495,0.13246229495697487,0.0526043968750622
9535,0.07641730641059255,0.1699122010944414,0.13259470867453133,0.05262080542351486
9536,0.07639136282963267,0.16938154149743292,0.1324179017138903,0.05264753127267116
9537,0.07636314579472926,0.1688513055935394,0.13242361342283862,0.052681538850558825
9538,0.07633872288196022,0.16833349706467657,0.13257386096174686,0.05268251696456528
9539,0.07630843658559798,0.1677957446944265,0.13278706358634118,0.05266316210772009
9540,0.07627849277317178,0.16726537150591023,0.13258876194412852,0.05258821551264757
9541,0.07624385508737697,0.16673349778850535,0.13238343920944987,0.05249867845161634
9542,0.07621158700646012,0.1662019613358593,0.13231335847988612,0.05241420595388569
9543,0.07617713638894884,0.165665933249106,0.13217658195052526,0.052370370457800755
9544,0.07614493651187045,0.16513884207685436,0.1319180291539868,0.05239092009460565
9545,0.0761099647736016,0.16460690959107624,0.13163839506506078,0.052373468608505114
9546,0.076077875282412,0.16407820744494783,0.13139956145790574,0.05237007147105272
9547,0.07604496074341052,0.16356201755058555,0.13111573069082902,0.0523638612348743
9548,0.0760183042296476,0.16304516146571965,0.13077855997371868,0.052317937905571175
9549,0.07599449035492435,0.16252260345150107,0.13047160279898917,0.05223693992874911
9550,0.07597762560310921,0.16200537062984632,0.13028881839309167,0.052144259459783446
9551,0.07596702603034212,0.16148711921376901,0.12997321344879043,0.05204574843138433
9552,0.07596464727398723,0.1609832686906795,0.12956810197484497,0.051985538991074026
9553,0.07597346073914385,0.16049440585507568,0.12930464082924764,0.05196928613875941
9554,0.07598837167864798,0.16001079028863657,0.12892809638138078,0.05195252259276472
9555,0.07600486762766111,0.15951726805891944,0.12848596154505187,0.0519727353642747
9556,0.07601970096026042,0.15904558296618584,0.1281311011545578,0.052001347262378865
9557,0.07602234872082861,0.15854996635717286,0.12774604497195188,0.05198539716439719
9558,0.0760221486403663,0.1580919259704016,0.12728826422953127,0.05193081856407313
9559,0.07601819793918638,0.15762984417972745,0.12682698123954012,0.0518482848699828
9560,0.07600426007005405,0.15714291122215282,0.12638444917963604,0.05175203089856459
9561,0.07599641728188043,0.1566927977965425,0.12589672809510125,0.05169690256236629
9562,0.07597353465696052,0.1562320258851667,0.12540325898420326,0.05169033401198976
9563,0.07596737356757319,0.15576283675520525,0.12492767192701074,0.05170014801209523
9564,0.07594983177484715,0.15531025362825354,0.12445298537306601,0.0517684901332848
9565,0.0759341578414782,0.15483488257193942,0.12395781371193396,0.05184767868959534
9566,0.07590973695211437,0.1543599880165066,0.1234739417667924,0.05188580729151179
9567,0.07589914697734157,0.1538890192751164,0.12302117255982145,0.05187830368438351
9568,0.07588998173406704,0.15341206407992583,0.12255182407935747,0.051814568812935974
9569,0.07588817646321179,0.15294290178570943,0.12207365756635176,0.05172288176029968
9570,0.07590075267628917,0.15248149019627302,0.1215968887782492,0.051718915772457894
9571,0.07588738231022693,0.15201489433882423,0.12119962115905811,0.05181627938713618
9572,0.07586785136514125,0.1515477327005227,0.12069472647588327,0.05196194725141583
9573,0.075836886582479,0.1510916099029212,0.12032525848143008,0.05214907390086481
9574,0.07580495765404871,0.1506275895742865,0.11985300690821964,0.05230972793099866
9575,0.07577149856528417,0.1501672080534945,0.11946562328540695,0.052334139000779364
9576,0.07574472885071133,0.1497189440959552,0.11899612900801687,0.05229037619552159
9577,0.07572503697864628,0.14926316835949222,0.11853749362168582,0.052289372211560985
9578,0.07571410140140286,0.14880487180043808,0.1180703222057234,0.052359967264146656
9579,0.07571372095363282,0.14835450753080948,0.11761041962873475,0.052535383758145565
9580,0.07570893691564311,0.1479032075006322,0.1171795103997999,0.05271925024418732
9581,0.0757001611896509,0.14745072844270005,0.11673494191233381,0.052800798311383096
9582,0.07568141737819092,0.14700031033498465,0.1163525980723174,0.05277914822109323
9583,0.07564946949881213,0.146553918179976,0.11599223813893256,0.052715651337693056
9584,0.07561461256217056,0.14610645887796733,0.11562412671343966,0.05265509864089933
9585,0.07557914782085569,0.1456598967644764,0.11525654358666945,0.0526412699085579
9586,0.07555216084556295,0.14521805321738393,0.11504737152840491,0.0526409518098876
9587,0.07553149095128218,0.14477852179917142,0.11493357592025395,0.05264719785691946
9588,0.07552581134228249,0.14434669779828074,0.11470193607297145,0.0526310730204924
9589,0.07551182403870188,0.14391952324601937,0.11464033703779475,0.05258852887189034
9590,0.07550043498867103,0.1434882201928592,0.114376547449056,0.052506649138236695
9591,0.07547498713058791,0.14305647747221617,0.11402367882244897,0.052417988345706094
9592,0.075440671573652,0.14263097780826703,0.11383261550577402,0.052336842640904296
9593,0.07540315231557888,0.14220475596319734,0.11342207846458392,0.05226330887083647
9594,0.07537606396346738,0.14178302960391287,0.11326262494041252,0.052188455012879414
9595,0.07536327428860774,0.14135985942096974,0.11288134419553411,0.05210479857668721
9596,0.07536831561668539,0.14093753306062926,0.11276903051994742,0.05203275761154509
9597,0.07539844807302888,0.14051637139123627,0.11239909653696381,0.051954545015695
9598,0.07541877757979736,0.1400951167893503,0.1121695351628873,0.0518819289753132
9599,0.07544051506628949,0.13967061688538226,0.11187845860240006,0.05179660528929745
9600,0.07544379526216127,0.13925761177115792,0.11175975488182827,0.05170312631236072
9601,0.0754319723449713,0.1388368124875256,0.11173875107728963,0.051601338696080176
9602,0.075416358298119,0.13842593999328856,0.11176610675496837,0.05149289564668113
9603,0.07539168414680558,0.13801726216526858,0.11168162455517729,0.0513824701786372
9604,0.07536740487937114,0.13761700923248898,0.1121201191119469,0.05127595503812594
9605,0.07534267940721645,0.1372395483350232,0.11178357007535417,0.05117164444413915
9606,0.07532932569806308,0.13682932542582327,0.11216400389090274,0.05107194375555663
9607,0.0753383743544825,0.1364658086952902,0.11202519444011735,0.0509749980486
9608,0.07537453040628109,0.13610119384751226,0.1118413307851196,0.050872968520209845
9609,0.07544433703092908,0.13571379513456802,0.1118920334504834,0.050771513261020904
9610,0.07550525799948014,0.13538035470070747,0.11160038255115387,0.05066882879459125
9611,0.07554973499761941,0.13501689550946847,0.11138736216848409,0.05057377870809184
9612,0.07557488057254104,0.1346972260595097,0.11117335455432473,0.05048517702111593
9613,0.07558764504111679,0.13431495458902223,0.11087098558793201,0.05041465603682941
9614,0.07558442538845973,0.13395277753401497,0.11056159256566948,0.05035412191941518
9615,0.07556618738643031,0.13360148388970947,0.1102583899976184,0.05032419016779668
9616,0.07555391323685405,0.1332264263330391,0.10993463395148025,0.05030833934748769
9617,0.07557706347858427,0.132852285370007,0.1096444331157728,0.05031903403169987
9618,0.0756294874586861,0.13247362988971273,0.10930814218701762,0.050331142848543745
9619,0.07567299311277512,0.13210955664024937,0.10909856457463471,0.050355024226539695
9620,0.07570067060845502,0.13173288193825541,0.1087633952964982,0.050347680703518985
9621,0.07570865549600812,0.13136549935535827,0.1086693843984458,0.0503173958139515
9622,0.07569463631993313,0.13101957400706665,0.10833058262041372,0.05026517590358968
9623,0.07567324522085793,0.13065371225791095,0.10812268679792149,0.05020103764730433
9624,0.0756461639355313,0.13028227995673153,0.10782654554547152,0.05014056649194907
9625,0.07563776024678248,0.12993260660305753,0.10750583855042828,0.050088135376434195
9626,0.07566094623259603,0.12959732367748975,0.10714969377178314,0.05005806409348931
9627,0.07570125138063624,0.12924054058029438,0.10682667834696824,0.05002438955048459
9628,0.07572849038341439,0.12888923805071428,0.10645282377387773,0.05002800178157328
9629,0.07573681540998418,0.12855881792563145,0.10611061085828732,0.05004492931496504
9630,0.07572601159068122,0.12821024698437902,0.10574018155298244,0.050076716464179216
9631,0.0756971656847782,0.12786530148259845,0.10536706753532867,0.050095400970240796
9632,0.07566672797919805,0.12751588465649075,0.10500891049571388,0.05008810500217484
9633,0.07565193550611189,0.12715784833499585,0.10463185064706683,0.05007094425112944
9634,0.07566621078273655,0.1267970862398838,0.10427584231006091,0.05004993968602455
9635,0.07570428184667786,0.12643786682171063,0.1039038345993433,0.05003506604294682
9636,0.07574958787049414,0.12608359913816078,0.10353349284744834,0.05000114752587826
9637,0.07577118244582604,0.1257341437102464,0.10316807967696745,0.0499681187232928
9638,0.07576562543094717,0.12540696448877967,0.10279340429284413,0.04991614845590478
9639,0.07574469483367405,0.12507059906471807,0.10242836558876922,0.04987926507708383
9640,0.07571344784223892,0.12472139853302432,0.10206721469196262,0.04986271164224414
9641,0.0756871667618673,0.12437544174764031,0.10169756257071151,0.049871984318446
9642,0.07568276758426336,0.12403492822731144,0.10133869226529514,0.04991180856856021
9643,0.07572155568513314,0.12368890874472442,0.10096595286465222,0.0499490745688667
9644,0.07577358275543665,0.12335826550769555,0.10059769454044679,0.05000239220681927
9645,0.07581896093945933,0.12302350344755758,0.10023523666325192,0.050047564952122925
9646,0.07582219974519125,0.12268945261996007,0.09985960053742368,0.05009310898376507
9647,0.07579644828288425,0.12237057437981379,0.09950820444858627,0.05010503271502294
9648,0.07576209745809606,0.12203392402251846,0.09914299549065232,0.050105272240856064
9649,0.0757290234652277,0.12172315046095038,0.09881308808108055,0.050073349411481796
9650,0.07571115829583426,0.12138998269194035,0.09844559924419348,0.050015767000819944
9651,0.0757217614905074,0.12107885193435251,0.09810721221952949,0.04995462139954634
9652,0.07579024242489761,0.12075052310451725,0.09775853888986596,0.049891679014344166
9653,0.07584057911897667,0.12042191665858264,0.09742366806246838,0.04985973870861159
9654,0.07585718406821924,0.12009944313238347,0.09708737926263566,0.04981056181827771
9655,0.07583318975432184,0.11977251208824845,0.09672759932928188,0.049788499915708
9656,0.07582191509340941,0.1194518623656821,0.09636973410697612,0.04975003210841452
9657,0.0757945553928124,0.11913348474897521,0.09603626074629892,0.0497324647466157
9658,0.07577306262444139,0.11880912243181059,0.0957053991587679,0.04973622841015607
9659,0.07577895860698917,0.11848676144949419,0.0953533577922432,0.0497527260882236
9660,0.07581799253916188,0.11816658806227112,0.09499917410325749,0.04978147229612515
9661,0.07588342691754553,0.11784708467575761,0.09465708331089875,0.04979341481842441
9662,0.07589191307440064,0.11752807866275895,0.09430967535427122,0.049797286582246456
9663,0.07586016488914721,0.11721276860385522,0.09397029110779317,0.04977853321325655
9664,0.07583835020044787,0.11689903666918117,0.09362584767626744,0.04973346931692626
9665,0.07581470743234539,0.11658286597833449,0.09328587896773528,0.04967567215944958
9666,0.07578392735490952,0.11628060377846547,0.09295988527071244,0.04960680447402303
9667,0.07576175358068957,0.11597605467673973,0.09262532367186589,0.04954401361770472
9668,0.07577441804130544,0.1156663025789723,0.09229756455878124,0.049475926014039974
9669,0.0758010732536478,0.11535891930847354,0.09197896163059659,0.049422633468352545
9670,0.07579227870257231,0.11505213074459178,0.09166105239898595,0.04936011283114212
9671,0.07575955753778844,0.11474999900644695,0.0913494981429523,0.04931248817242268
9672,0.07574785321677643,0.1144488865332628,0.09104683350044837,0.04926168942009506
9673,0.07572576577301292,0.11415353170604413,0.09074463507411104,0.0492362719587964
9674,0.07569540342426098,0.1138576709044531,0.09045551429950774,0.04922565248580473
9675,0.07567679895842398,0.11356795506288532,0.09015694515817597,0.04923701277771929
9676,0.07565911745634234,0.11329045002449924,0.08988225184867622,0.04927441052041791
9677,0.0756579990221594,0.11300146718400644,0.08959666446587854,0.04931206928712756
9678,0.07566576672578526,0.11273061807396548,0.08936078686305605,0.04935508674519774
9679,0.0757052010649314,0.11243895766700629,0.0890966571275612,0.04937361576700538
9680,0.07577026370576646,0.11215995349600907,0.08891416389541235,0.049376067826416174
9681,0.0757812000457923,0.11187475120772343,0.08866845005829961,0.049352760914931446
9682,0.07575768057084992,0.11158895187472972,0.08857907922358584,0.04930953540989498
9683,0.07573849183872103,0.11130662544686291,0.08840697670459481,0.04926145912069377
9684,0.0757553129877612,0.11102998829022646,0.08839937190913531,0.04919964129040892
9685,0.07584696903943945,0.11075133777663035,0.08821216906265368,0.04914100908805881
9686,0.07596164534568478,0.11050743664386271,0.08830751079057514,0.049072400883544025
9687,0.0761726163590901,0.11025071831849204,0.08823199430220541,0.04901082152183353
9688,0.07626270959172875,0.1099765430741802,0.0884580386706881,0.048944773601469614
9689,0.07637723387256704,0.10972992921052165,0.0882852207433424,0.048890786524581245
9690,0.07650105547679951,0.1094684494717111,0.08842133781828612,0.0488421325135976
9691,0.07654982245703483,0.10919695412104564,0.08843456632800403,0.04881271484394929
9692,0.07657562514013513,0.108930171848936,0.08834958509710084,0.04879762408656936
9693,0.07663180436295004,0.10865914208131044,0.08853906670142117,0.048802990554004375
9694,0.07671565183093675,0.10840107707828109,0.08838180063889822,0.04883083835583261
9695,0.07683554924879817,0.10813757077275787,0.08867394967528995,0.048866710091403365
9696,0.07693491114010055,0.1078991190828828,0.08854068305191642,0.04891953489211438
9697,0.0769746809091566,0.10767501026148679,0.08892623883927431,0.04895838623975319
9698,0.0770279366640871,0.10742086928132978,0.0887354452046499,0.04898817018276383
9699,0.07712324097215016,0.10716257322319933,0.0889706459604021,0.048989091003715
9700,0.07721513978332244,0.10692343796885158,0.08888086971663733,0.04896711140012255
9701,0.07724242005990528,0.10666807590654159,0.08883655706054605,0.04892758706419252
9702,0.0772439545423596,0.10641447563146067,0.08889345799978665,0.048874156107505555
9703,0.07727767806686435,0.10616803839682182,0.08866707011705059,0.048816350007156915
9704,0.07735116190835435,0.10591458753003921,0.08865682161137858,0.04874590764680742
9705,0.0774083197569882,0.10566782257584706,0.08852459539064667,0.04867116434059334
9706,0.07743085667467346,0.10541380646447177,0.08836348549830694,0.048588954663273023
9707,0.07744454262516179,0.10518244412150717,0.08818610161104426,0.04850743701901669
9708,0.07747776254291887,0.10493587677067719,0.0879625755139859,0.04842400423982393
9709,0.07751281658944492,0.10470851704306176,0.08771449366229779,0.04834381697202383
9710,0.07752982124871742,0.10445794596128302,0.08747691278278709,0.04826130286659087
9711,0.07753287956363318,0.1042210926959502,0.08724041273449899,0.04818608072749037
9712,0.07751781124955281,0.10398126773514742,0.08698455616159495,0.048111589067325024
9713,0.07751357707334253,0.10373537062608701,0.08674733390922838,0.048049684794325934
9714,0.07753407835982032,0.10349183116948589,0.08651654952490713,0.04799310344058664
9715,0.07753088581077003,0.10325598438380167,0.08629784720876132,0.047953268113152675
9716,0.07751672564567844,0.10302267051872128,0.08604230757628031,0.04793418289415976
9717,0.07750333934326446,0.10278400766229462,0.08581785756552347,0.04793858247609909
9718,0.07748778541257856,0.10255305237697017,0.08556447984257538,0.04798126664284781
9719,0.07748135240611569,0.10232151566858907,0.08531585713772818,0.04804857424377199
9720,0.07746466260143778,0.10208825467535597,0.08507795938548945,0.04814978019368055
9721,0.07745155527533773,0.10185691809297798,0.08483164562818031,0.04824803977861052
9722,0.07743046204793454,0.10162762070547036,0.08457153115827207,0.04832753120467837
9723,0.07740047872570062,0.10139372628270327,0.0843368842205828,0.04836110375598318
9724,0.07738010267819852,0.10117109980242496,0.08415503804593441,0.048352405362589855
9725,0.07735678927024282,0.10096383709623674,0.08391498314950559,0.04830555848234384
9726,0.07732945865559814,0.10075346261145858,0.08369222272970178,0.048256255734525334
9727,0.07729596487229963,0.10053828893708962,0.08356857271975411,0.04821461704703112
9728,0.07726155791171202,0.1003615025956406,0.08344883859462768,0.048194912967535655
9729,0.0772307343007707,0.10015095327248959,0.08328583276098052,0.04818245760025137
9730,0.07719703743041954,0.09994249835231436,0.08334731787839834,0.04822247924185738
9731,0.077159519283454,0.09975699798534751,0.0831253480095318,0.04831716366564791
9732,0.07712336452717922,0.09954913075890727,0.08323151595969006,0.04844214783761186
9733,0.07709240915275128,0.09935104782925004,0.08298498090963513,0.04855191345954951
9734,0.07705354062112886,0.09913344263651197,0.0830106350063823,0.0486010599193751
9735,0.07701403510354889,0.09892420518058175,0.08278151159793987,0.04859301803869409
9736,0.07697369942128028,0.09870534498785283,0.08273965740562655,0.04855106220433455
9737,0.07693239694815127,0.09849674662573013,0.08252438951957375,0.04854820668509001
9738,0.076890931020819,0.09828626216210185,0.08253432726444952,0.048571824969712324
9739,0.07684822074166095,0.09808934619281165,0.08245089039005914,0.04867825502371203
9740,0.07681105346687608,0.097896005640325,0.08271633759120595,0.048844332431076304
9741,0.0767711473401443,0.09769939604239918,0.0825935643477205,0.04900351625273301
9742,0.07673066198828456,0.09748806059520017,0.08298355316589502,0.04914875413198497
9743,0.07668605652647843,0.09730502279634047,0.08290846849994794,0.049199484395291704
9744,0.076641200186394,0.09709343153833941,0.08350313199389296,0.049154104109748964
9745,0.07659759855039833,0.09691978790518241,0.08348724796999017,0.04917455655230983
9746,0.07655419403981548,0.09673256197736475,0.08380670093616963,0.049363656767303095
9747,0.07651016913659411,0.09652652453638598,0.08398822905043038,0.04969241196508594
9748,0.0764656434749705,0.0963353865849594,0.08401021197377977,0.050069397554769225
9749,0.0764235141120406,0.09613048113784012,0.08445647157326104,0.050463380707198614
9750,0.07637999406109927,0.09592571510760796,0.08450373626018662,0.05059046823859688
9751,0.07633813679962731,0.09571754670385885,0.0845419660503789,0.05066496848623031
9752,0.07629421911341823,0.09551916350673284,0.08498641009783332,0.050876199749234054
9753,0.07625100405096483,0.0953196573317239,0.0849030128742605,0.05108991948826822
9754,0.0762074383750291,0.09513519577010357,0.08504512195601782,0.05124405799680346
9755,0.07616473094318527,0.09492869853938385,0.08511385954987026,0.0512757819016802
9756,0.07612163280430266,0.094750668210933,0.08519784526820501,0.051300738992360984
9757,0.07607842010207835,0.0945800931504703,0.08513225519722155,0.05135895338180901
9758,0.0760350065979259,0.0943890477202912,0.08509240179309738,0.05146660787193104
9759,0.07599038628764858,0.09419322178092271,0.08524623529882376,0.051598715320641635
9760,0.07594576262590144,0.09399571756335633,0.08542907391268757,0.051628493509181105
9761,0.07590159635584097,0.09380346594242726,0.08536613356892066,0.05165009574216388
9762,0.07585779104251524,0.09361228149891926,0.08580052935924162,0.05169207940055602
9763,0.075813604664769,0.09345136988537736,0.08572135806278991,0.0517491942586343
9764,0.07576946233999957,0.09328150892094117,0.08578535212069979,0.05185786848201169
9765,0.0757250276385411,0.09309602580645347,0.08593040129295786,0.051899041422795694
9766,0.07568092099619975,0.09292661480958533,0.08588065221030551,0.05188051308892517
9767,0.07563722323640669,0.09273470684827363,0.08570436484883431,0.051940316940087446
9768,0.07559348557151313,0.09255555015334278,0.0855534691049587,0.05195983125561444
9769,0.07554954178809566,0.09237715034443782,0.08539646938678064,0.05209661496542392
9770,0.07550569897918982,0.09219427191393924,0.08517946403930368,0.05208530472155099
9771,0.07546228581147417,0.09204484307094381,0.08495113200071269,0.0520010437023243
9772,0.07541883486285875,0.09186202512154823,0.08475828169969175,0.05194227527572142
9773,0.07537547426203409,0.0916818352865924,0.08460940255168221,0.051967559112493796
9774,0.07533189807510336,0.09149898613155989,0.08438359062916577,0.05209766650733121
9775,0.0752886491504074,0.09131105231282913,0.08413385950793043,0.05212418846266056
9776,0.07524606447510791,0.09112998400109623,0.08398274270429044,0.052194249228057286
9777,0.0752046962578663,0.09095037215036876,0.0837952840649306,0.05217950817812476
9778,0.07516495239904221,0.09077476837093446,0.08355847649499344,0.052188487299875894
9779,0.07512626193057849,0.09061286940888105,0.08344158805688714,0.0522084324596857
9780,0.07509133173954657,0.09043509786816399,0.08321778443917167,0.052184894112829595
9781,0.07505701508521347,0.09026274411369861,0.08298685157800496,0.05211490246281655
9782,0.07502934079713136,0.09008301901292855,0.08279481119077153,0.052059148159685265
9783,0.07499915919690149,0.0899125886714428,0.08260159331989905,0.052094750308769165
9784,0.07497177455812533,0.08973602598145004,0.08236913941267722,0.05219206124197278
9785,0.07494132974989076,0.0895695249501191,0.08225142981514184,0.05232214634408632
9786,0.07491509979445106,0.08939315550893603,0.08211422244495169,0.052459372437408856
9787,0.074886191296055,0.08921890441331475,0.08199907796037707,0.052477037315819895
9788,0.07486576444596961,0.0890518928917442,0.081955140237459,0.052430736047007605
9789,0.07484727691339982,0.08889624624020688,0.08192632167636585,0.05240959538239298
9790,0.07483511811416425,0.08874323664865393,0.08179712076475756,0.05244041969840196
9791,0.07483199320613579,0.08856754394514055,0.08195666548643613,0.05261362499445325
9792,0.07482479589148837,0.08841124097997424,0.08174807847844924,0.0528537239324788
9793,0.07483418480615367,0.08826742482015992,0.08186695946351404,0.052959114388329884
9794,0.07482775840082197,0.08810021259593823,0.08167443883514945,0.05299229340660034
9795,0.07483408575835418,0.08793854468754747,0.08181977856767048,0.052965292363841544
9796,0.0748176412545783,0.08777700089462956,0.081783923885391,0.0529320178211548
9797,0.07479005851493442,0.08760563208779314,0.08219437183563678,0.05291542349985878
9798,0.07475834847912065,0.08743889094765003,0.08212242992796893,0.05296477568311475
9799,0.07474572466713211,0.08727167803178867,0.0827289666237816,0.05312557288025486
9800,0.07474625634663519,0.08710787158424643,0.08256512219609004,0.053204104255756675
9801,0.07475450597289394,0.08694290186746828,0.08320755284956965,0.05321318389673067
9802,0.07478584696013754,0.086782686854576,0.08307873631669432,0.053191042120971165
9803,0.07478627830456404,0.08663618621647265,0.0833632679909694,0.053143551731012054
9804,0.07477108598049766,0.08648353341912535,0.0832265531692968,0.05309262644373603
9805,0.07473713092382445,0.08633071577625304,0.08326518371719595,0.053061859366348496
9806,0.07470126186322115,0.08620738420048302,0.08306984873909103,0.0530529358354865
9807,0.07466841588335157,0.08605801283747605,0.08308532838540532,0.0530682980661164
9808,0.07464630427178828,0.08591809800412256,0.08289996795155741,0.053066256033514676
9809,0.07463473597712969,0.08578025421987244,0.08287957523787567,0.05300695150955177
9810,0.07463800481963714,0.08562334150642471,0.082738243993599,0.05291917699813186
9811,0.07464890838404042,0.08547630792637631,0.08266588698988996,0.05281913956290128
9812,0.07465050752627914,0.08531966645991866,0.08246994454706888,0.05273539517549638
9813,0.07463230120163886,0.0851772854535896,0.08238247916509076,0.052676345131427785
9814,0.07460162934579138,0.08502599012765516,0.0822284646707177,0.05260308777779101
9815,0.07456318800895263,0.08490379547554913,0.0821991472828893,0.052526081368759865
9816,0.07452570557687035,0.08476604212759703,0.08206111676472312,0.05244117969589523
9817,0.07449226238104864,0.08464000698543167,0.08196304946213008,0.05235125873208548
9818,0.07447107657003023,0.08457939166248832,0.08191626779964127,0.05225754962720626
9819,0.0744577627036393,0.08450527113406747,0.08197488140020713,0.052155875550782806
9820,0.07444814366520579,0.08438454401239996,0.08181407085815834,0.0520472248098659
9821,0.07442587478584342,0.08432307321974654,0.0818340803798283,0.05194115372931216
9822,0.0743923897820119,0.08419251777421209,0.08165032383545548,0.05182614441518314
9823,0.07435418382255725,0.08405769276807526,0.08160622447333833,0.05171777584689663
9824,0.07431895015923733,0.08392018685327342,0.08143724974947557,0.05160977961142974
9825,0.07428580260234055,0.08377964718243419,0.0813051668758808,0.051508871202108925
9826,0.07426513443624043,0.0836477598770006,0.08124650192322126,0.05141236070091821
9827,0.07426444066628408,0.08351252964932976,0.0810507526923702,0.05131256151979238
9828,0.0742730158226536,0.08336829359919093,0.08095129219931657,0.05120185830013101
9829,0.0742853761617375,0.0832477016977947,0.08076374931285381,0.05109049803088917
9830,0.07427777584440752,0.08310790270517952,0.08066890996672266,0.05097899049709697
9831,0.07425488499626666,0.08296273201170995,0.08045477600215584,0.050873261020352514
9832,0.07422493792463838,0.08285068454063055,0.08033920550395528,0.05076740983446809
9833,0.07418920309191665,0.08271908771490093,0.08013050532446436,0.05067617033537498
9834,0.07415394419107864,0.08257793373614611,0.08004515254545598,0.050592693380447126
9835,0.07411527925910236,0.0824602809604636,0.07983182535491934,0.05053040316983783
9836,0.07408160646973369,0.08233435836025556,0.07978658227943969,0.05048086608825426
9837,0.07405631778123857,0.08220098711828924,0.07961432526515749,0.050481079876933586
9838,0.07403123878844495,0.08205908947976068,0.07948151210597931,0.0505061658011988
9839,0.07399789995229343,0.08192378598424471,0.07928086127570984,0.05055531223087804
9840,0.07396521723159698,0.08178903084690684,0.0791443682576626,0.05061527964829852
9841,0.07393183456760416,0.08165112674136298,0.07893187605215626,0.050643641639850065
9842,0.07390662729971574,0.08151945043367485,0.07880183141495688,0.05062772281247479
9843,0.07389490771375597,0.08138674537942835,0.07860795651623052,0.050572736305599025
9844,0.07391041720555559,0.08126921337187785,0.07855147027073009,0.05051490270515689
9845,0.07397763203319949,0.08113883544128433,0.07841969170385123,0.05047330105301794
9846,0.07404598279988336,0.08105065166777063,0.07848889525230751,0.05047568122324418
9847,0.07413115569777465,0.08092180612995287,0.07831848166798605,0.05049363271721389
9848,0.07415691830356441,0.08080584603992591,0.07842661300634987,0.05055551140354619
9849,0.07414049030844612,0.08067557888495677,0.07825244277164635,0.0506608541426789
9850,0.07410902812094723,0.08054443399241978,0.07841627080891708,0.05074137348951326
9851,0.07409652786272976,0.08041243521564462,0.07822079870858889,0.05075028712701121
9852,0.07413853427156386,0.08027634819636535,0.07830639281732626,0.05068804090278161
9853,0.07423917845580784,0.08014522795913957,0.07813351443517455,0.05061166261459667
9854,0.07446555472316761,0.08001153349641116,0.0781013805931607,0.05061063994356644
9855,0.07461135376293078,0.07988090460923152,0.0779731396241425,0.050733916324170514
9856,0.07466784540038325,0.0797616244077653,0.07780894259819035,0.050908484909045815
9857,0.07473216979329364,0.07963626620025639,0.07768426013295535,0.0510816536621179
9858,0.07482985124803908,0.07951287267522959,0.07754026464470774,0.05126683968698444
9859,0.07490031351780586,0.079384070041675,0.07735476921563954,0.05130588871095066
9860,0.07493860167290192,0.07925330950159246,0.07716912277578465,0.05125786987953352
9861,0.07499045380444697,0.07912611449767373,0.07697991113851843,0.05129732652130625
9862,0.07503194575130331,0.07899881779610292,0.07678487117015764,0.051425278187342355
9863,0.07502591821616042,0.07887486016439278,0.07659565467617394,0.05168776726404342
9864,0.07505308142690875,0.07875354164238715,0.07641868959994227,0.05192514089222864
9865,0.0751289299233381,0.07862972017592652,0.07625947191810303,0.05203057089411949
9866,0.07515963740511901,0.07853511812770497,0.07606986002558692,0.05200376759761489
9867,0.07516655340253749,0.07844127099175464,0.07591388221225823,0.051964821688606805
9868,0.07523733392164626,0.07833941677082991,0.07575590169526332,0.051979896912016564
9869,0.07533679691479511,0.0782456754085925,0.07557364287654075,0.05203255862466286
9870,0.07538554178750372,0.0781381474548647,0.0754386570291048,0.052093913613825364
9871,0.07538230924295092,0.07806632497097045,0.07525182361356132,0.05215582048882939
9872,0.07538507983406117,0.07795045174329543,0.07508222560931793,0.052138484571848796
9873,0.07540378217880023,0.07786292775095223,0.07492669623214608,0.05215314830387842
9874,0.07540544855588797,0.07777000022582824,0.07474693189398224,0.052125246454228814
9875,0.07540147106367484,0.0776622970080808,0.07455341673578743,0.05207809621299814
9876,0.07540197216537693,0.07755692112563085,0.07438586417922499,0.05201334032984557
9877,0.07539285346474214,0.07745257336971602,0.07419612575437128,0.051947019774011
9878,0.07537997665238133,0.07733955502181802,0.0740393259203279,0.051916209351916875
9879,0.07540853362954941,0.07723965420582599,0.07386682720798383,0.051886140106310714
9880,0.07544897151707543,0.07712562668708377,0.07369300737505557,0.05189831741571359
9881,0.07544491841930644,0.0770199043962655,0.07354296931051933,0.051842895131052356
9882,0.07541674126540043,0.07691222246512583,0.07339198023060717,0.05176593991979919
9883,0.07541622420753748,0.07679835572597571,0.0732124413724482,0.05168101750016846
9884,0.07540973851039508,0.07669160484766863,0.07305657194775937,0.051607813468969206
9885,0.07539066608544776,0.07658858898677849,0.07290008783214331,0.051537120312441745
9886,0.07536836498652891,0.07647967832169365,0.07275789759093453,0.05145826336010238
9887,0.07535199292856103,0.07637575790618384,0.07258729363047273,0.05138373076668751
9888,0.07532961598829359,0.0762631727434233,0.0724247888480996,0.051304186613635366
9889,0.07529890541540919,0.07616438344542185,0.07228804783561202,0.051241902619408836
9890,0.07527690658890926,0.07605745485471567,0.07215045508561138,0.05118719397939318
9891,0.07526461653027809,0.07596010216789092,0.07207128385205945,0.05114697124225187
9892,0.07524467318375556,0.07586924968260589,0.0719105660196978,0.05112197537232415
9893,0.07520772707960417,0.0757730331057814,0.0718045761814366,0.05108998076743316
9894,0.07516996425505884,0.07568592666008421,0.07168353771641708,0.05104466253115037
9895,0.07513031859712974,0.07558175218143817,0.07152636383905045,0.05097731428351583
9896,0.07508954940878491,0.07549183436312837,0.07136102215388908,0.05089856848055173
9897,0.07504856554235871,0.07538961934534877,0.07119815395529486,0.05082428030250597
9898,0.07500961870209102,0.0752817687388582,0.07104295311080047,0.05074332604494182
9899,0.07497975878522012,0.07518277654536976,0.07089016744042617,0.05065983088780746
9900,0.0749434875391424,0.075081736345872,0.07073055957752332,0.05056558660222301
9901,0.07490211586764607,0.07497839507687666,0.07057838837330917,0.05046701224423143
9902,0.07486201472222737,0.07488597169237768,0.07045351047689916,0.050364546473190774
9903,0.0748234471005266,0.07478738955017276,0.07032913472386275,0.05026316817391789
9904,0.07478481905399968,0.07467795651169683,0.07026919592632999,0.05016209355155559
9905,0.0747515637190216,0.074576327187265,0.07012841443597924,0.05006860376948249
9906,0.07471710208222777,0.07448627496451916,0.07011520260134829,0.049978671857988946
9907,0.0746887305367905,0.07438053192538349,0.06998905779103018,0.04989918395922058
9908,0.07465712425420089,0.07427643795456108,0.06995302038506984,0.04981844889138138
9909,0.07462725966959977,0.07417203891994942,0.06985283232541387,0.04974486360845641
9910,0.0745980986374637,0.07406952059632814,0.06974815269327485,0.04967618905254391
9911,0.07457422567990268,0.0739696390062267,0.06974999002428063,0.04961613732244269
9912,0.07454284278183848,0.073866289641365,0.06961349131545454,0.04956792161286987
9913,0.07451015639190287,0.07376385608573761,0.06950312240802112,0.04953704865804823
9914,0.07447192389173946,0.07365832559939431,0.06937869685710155,0.049529275090211176
9915,0.07443367739535206,0.07355601160551435,0.06924568786147672,0.04954848832998174
9916,0.07439485403191844,0.07345693602890968,0.06910537581909174,0.049590779724249544
9917,0.07435598457224384,0.07335881927492761,0.06897980660222068,0.049650835416581884
9918,0.07432291733745218,0.07326064953829478,0.0688649354937617,0.049708410837136036
9919,0.07429508668301935,0.07315819105632605,0.0687364529432608,0.049734293661830735
9920,0.07427571581814883,0.07305842061325275,0.06860145137652468,0.049726505461937506
9921,0.07425862366736104,0.0729582031898145,0.06849151936114428,0.04967714098046302
9922,0.07424685763220598,0.07286115783075807,0.06840418424538784,0.0496190215671716
9923,0.07422778885028569,0.0727653327262125,0.06826952554467011,0.04957072925196684
9924,0.07420375875459,0.072672981442868,0.06815657030583828,0.049555983494778105
9925,0.07417005163269473,0.07258256106798847,0.06806196811324974,0.049547480696121186
9926,0.07414234431200781,0.07248883496427411,0.06793701354827913,0.049591232338707575
9927,0.07412583631386688,0.0723955530624872,0.06785405706663696,0.04967745369714014
9928,0.07411115136351297,0.07230396806153447,0.06773114783924737,0.0497642319702735
9929,0.07410650376054542,0.07221331155494379,0.06764169819370791,0.04980781029881163
9930,0.07408931926365446,0.07213336289092451,0.0675195809362369,0.04978293021143742
9931,0.07407154056752521,0.07206110162525103,0.0674305768704594,0.04971676402990431
9932,0.07404327474284321,0.07197981047914706,0.06732767606344398,0.04967803228030243
9933,0.07401360295671874,0.07190298516310603,0.06721480726462711,0.04973917154447725
9934,0.07398523784194129,0.07181036677945221,0.06710513200225705,0.049841771400090135
9935,0.07396289202293466,0.07173172111328564,0.06702472169512251,0.04999780385927408
9936,0.07394855431080131,0.07166033338895482,0.06696573635519586,0.05021646724668512
9937,0.07392934082510619,0.07157144897253898,0.06691809382684007,0.05032224540655546
9938,0.07391419021984362,0.07148649236677815,0.06679443105064775,0.0503019184365472
9939,0.07389306079529745,0.07140699349505837,0.06674654424354359,0.05024786811740476
9940,0.0738701047408646,0.07132311407898685,0.0666377821831283,0.05025774827848297
9941,0.07383769810341294,0.07123488573497978,0.06656807493987167,0.05046924539388885
9942,0.07380693932644734,0.07115809605531509,0.06646380776414998,0.05079621461882453
9943,0.0737880202912953,0.07107247362988742,0.06643640417923509,0.05111181897709757
9944,0.07377119827822837,0.07100726802292232,0.06635245278737435,0.0512315345068876
9945,0.07375826926523328,0.07096025184427251,0.06639800527040818,0.05124638458826179
9946,0.0737420378725816,0.07091271733449277,0.06633501937239115,0.05125234458493039
9947,0.07372958724413187,0.07083030991559569,0.06643528412200017,0.05131722945636621
9948,0.07370268575409494,0.07078929876204647,0.06637102294066632,0.05151476457837006
9949,0.07367370783056143,0.0707425102950805,0.06655994408058515,0.05171297147395379
9950,0.07364526537803602,0.07066319209373148,0.0664624678884526,0.05176337527421172
9951,0.07362135491224424,0.07061443726024003,,0.051784270022448106
9952,0.07360594526027035,0.0705819400970088,,0.051767419339781524
9953,0.07359234003086093,0.07050605268749861,,0.05178190299248466
9954,0.07358579750948632,0.07042662971432906,,0.051806806614152
9955,0.07357650931314924,0.07035677102245214,,0.05177558098858907
9956,0.07356325697789616,0.07028422487914199,,0.05172834919812215
9957,0.07353272945375489,0.07021074997359451,,0.051712219547851115
9958,0.07349999548241361,0.07013180290102031,,0.051774354917645565
9959,0.07346905595702304,0.07005882210797935,,0.051801972691218966
9960,0.07343866209550787,0.06997931121878857,,0.051820002073465196
9961,0.07341275671549996,0.06991987387088508,,0.051760519103441455
9962,0.07339126756598059,0.06983800796741081,,0.05167679718448733
9963,0.07338245914779985,0.06977343821819587,,0.05159872344230557
9964,0.07336810101931372,0.0697059622733492,,0.05156124438893765
9965,0.07334928296010046,0.06965635202795811,,0.05156061984123498
9966,0.07331755360674211,0.0695889951915363,,0.05151046708219102
9967,0.0732874231575422,0.06953256434216255,,0.051449133600596456
9968,0.07325903020669178,0.06945995954967125,,0.0513682342905053
9969,0.07322954749424673,0.0694003744456182,,0.051293836887770124
9970,0.073198379812178,0.06933296840666184,,0.05124466539820061
9971,0.07316407482853722,0.06925294779287831,,0.051187664649876716
9972,0.07313589708074061,0.06918732064599117,,0.051123887473178704
9973,0.07310400402572752,0.06913645462948728,,0.05104887846344574
9974,0.07307237725987978,0.0690697270205851,,0.05095712375372841
9975,0.07303597011021652,0.06899737210096214,,0.050873362640940084
9976,0.07300332848748739,0.06892530463173924,,0.05078770195983441
9977,0.07297230610442293,0.06885510790484412,,0.05072118121704587
9978,0.07294757733115304,0.06879533058749215,,0.050646950106367696
9979,0.07292450383161515,0.06872890137970292,,0.0505771849949956
9980,0.07290037646045586,0.06867268971103573,,0.05049569881517947
9981,0.07287841231055062,0.06860340225861125,,0.05043632526995206
9982,0.0728537871444836,0.06856138926222746,,0.05038626754820304
9983,0.07283448813598409,0.06850404686907878,,0.050370335176261834
9984,0.07281328500523739,0.06846675808113367,,0.05038864887302042
9985,0.072787791138561,0.06844836572825554,,0.050409747214115626
9986,0.07275836973526088,0.06841147404307668,,0.05043841265277761
9987,0.0727208551778866,0.06835135223989758,,0.050453775921325036
9988,0.0726822133270844,0.06833434888049908,,0.05044559758019035
9989,0.07264322960894587,0.0683584646757277,,0.050409367558295795
9990,0.07260497691280882,0.06834259244056573,,0.050349112471926305
9991,0.07256763364854599,0.06828434522701572,,0.05028782964970485
9992,0.07253666460748691,0.06824406052728002,,0.05022051721197552
9993,0.07250738182421233,0.06817864375895766,,0.05015408722184872
9994,0.07249284355022703,0.06810775631205315,,0.05008914670363974
9995,0.07247123335343438,0.068045002807487,,0.050018036086530306
9996,0.07245313286396617,0.06797630148143809,,0.049960822122121815
9997,0.0724256783405297,0.06791818856424277,,0.04990508490947717
9998,0.07240034675399405,0.06785970216001128,,0.049865455723450525
9999,0.07237077377466701,0.06780008408382564,,0.04982024171964597
10000,0.07235664964823808,0.06774297409855082,,0.04978541380734434
